optimizer_call,face_rmse_vs_cg
1,0.0025260527184056726
2,0.0025280096736862096
3,0.0025258381069025717
4,0.0025255974741626944
5,0.0025248157814633547
6,0.0025246594279841484
7,0.002524343903843332
8,0.0025241337353625473
9,0.002523831825063454
10,0.0025234521240012748
11,0.0025226257898949343
12,0.0025230466749297745
13,0.0025222004318810397
14,0.002521688632826034
15,0.0025213205877656626
16,0.0025209495759108682
17,0.002520431026995343
18,0.0025198208555806565
19,0.0025193594050553756
20,0.0025189362843535054
21,0.0025183702558039893
22,0.0025174031139758523
23,0.002519113032790182
24,0.002516989449234916
25,0.0025162705287729297
26,0.002515689102626767
27,0.00251495472591965
28,0.0025139548501319775
29,0.0025141120830608674
30,0.002513373023361719
31,0.002512630180906181
32,0.00251207167734349
33,0.00251115195986337
34,0.002510075470343393
35,0.002509345357950689
36,0.0025085678642452545
37,0.0025079511175246437
38,0.002507296922280075
39,0.0025063852369390125
40,0.0025055801650927614
41,0.0025048754739338073
42,0.0025042709949033826
43,0.0025033953856669665
44,0.002502360730454069
45,0.0025016911771241213
46,0.0025007205531788635
47,0.002500055349588062
48,0.0024992767122368215
49,0.0024986515111077253
50,0.002498267543219269
51,0.0024974011039941763
52,0.0024969078018384065
53,0.0024957718981245694
54,0.002495171358344092
55,0.0024946319725173936
56,0.0024937992924858442
57,0.002492106517533021
58,0.0024987188973903366
59,0.0024916487327199597
60,0.002490582881033881
61,0.0024906962144800398
62,0.0024902221284478472
63,0.0024899062187127706
64,0.0024893680219891245
65,0.002490355169497321
66,0.002489083508199422
67,0.0024884850996298447
68,0.002487858850790962
69,0.002487356517903975
70,0.0024868014813979058
71,0.002486189494564455
72,0.002485825337779445
73,0.0024850643025719214
74,0.0024858068219784655
75,0.0024847690583381485
76,0.002484339044133244
77,0.002483792431061354
78,0.002483253918816051
79,0.0024822015352346997
80,0.002482084050240891
81,0.002481495213214443
82,0.0024807966286732666
83,0.0024804176608054845
84,0.002480102187765032
85,0.002479689726187335
86,0.002479062856160763
87,0.0024786082813768266
88,0.0024776164977289013
89,0.0024771693221482096
90,0.0024767416343227768
91,0.0024761779526202912
92,0.002474957268547113
93,0.002476704975257517
94,0.002474556361195779
95,0.002473808040603933
96,0.002473206067126383
97,0.002472673570324284
98,0.0024719187499161236
99,0.0024714627660816363
100,0.002470920013739313
101,0.0024702238853308678
102,0.0024688571932788114
103,0.0024706977088219916
104,0.0024683220911779656
105,0.0024673824749509693
106,0.002466696403054244
107,0.0024660687816920566
108,0.002465407088492937
109,0.0024646070527390676
110,0.0024639816444330023
111,0.0024633619702202564
112,0.0024627419836835084
113,0.0024620640706407926
114,0.002461422389865781
115,0.002460830556516476
116,0.002459985816055753
117,0.002459513101002975
118,0.0024591509147575256
119,0.002458692465327508
120,0.002458298662922642
121,0.002458056278245189
122,0.002457371655189591
123,0.0024594780605488036
124,0.0024571045993183466
125,0.002456611198740585
126,0.0024560975666356346
127,0.002455667456744459
128,0.0024556953886619255
129,0.002455400088269945
130,0.002454951236433947
131,0.00245452060444842
132,0.002454037096301315
133,0.0024543276303588854
134,0.002453834672445036
135,0.002453493753162266
136,0.002453121987357132
137,0.0024526522383517546
138,0.0024520989433023973
139,0.002452103827027982
140,0.002451751523560693
141,0.0024511559333479415
142,0.002450690435946772
143,0.0024501597082968616
144,0.00244966366153141
145,0.0024490921272422453
146,0.00244853335693728
147,0.0024481062206292933
148,0.002447757423418118
149,0.002447164062334774
150,0.0024468531076611644
151,0.0024459807969927777
152,0.002446072258798829
153,0.0024455881457160237
154,0.0024448591528388537
155,0.0024441480784755647
156,0.0024435963832590384
157,0.0024431011986778685
158,0.00244256149477795
159,0.0024417866965420884
160,0.002441290069760769
161,0.0024407702881265904
162,0.002439845540769542
163,0.0024395000119475587
164,0.002438757343150894
165,0.002438141660084647
166,0.0024373015377511646
167,0.002436627627096804
168,0.00243611411933001
169,0.00243556439627281
170,0.0024348936391001964
171,0.002434246144095
172,0.0024335699087605542
173,0.002433232156838541
174,0.002432542172754105
175,0.002434529191955276
176,0.0024323761404110226
177,0.002431940508338727
178,0.0024315298235236707
179,0.0024309720990993555
180,0.002430335402309725
181,0.0024299187850089572
182,0.002429498619130994
183,0.0024290493544100395
184,0.00242885268026842
185,0.002428665021025463
186,0.0024283131775682666
187,0.0024280794685083247
188,0.0024275834191912946
189,0.002427326957278938
190,0.002427069015853075
191,0.0024274835306515217
192,0.0024269086362445186
193,0.0024266065318540283
194,0.0024262464235366692
195,0.002425840680132001
196,0.002425341684343789
197,0.002426291294305628
198,0.0024251380176156844
199,0.002424655396744851
200,0.002424291025048495
201,0.002423799397073937
202,0.0024233726609278823
203,0.0024233439637290546
204,0.0024230297579313923
205,0.00242264029966455
206,0.002422282409215798
207,0.0024219548775194547
208,0.0024215175731123594
209,0.002420992178528661
210,0.0024202955197182145
211,0.002421964457920963
212,0.0024199930606015915
213,0.0024194312692412756
214,0.0024189463165447053
215,0.002418524994662286
216,0.0024180592673985805
217,0.0024175707477119075
218,0.002417117031907083
219,0.0024167688682292647
220,0.0024161733898263394
221,0.002415843100082328
222,0.0024153668552514803
223,0.0024147544065011525
224,0.002414086864216544
225,0.002413587363559937
226,0.0024129099005539504
227,0.0024123976380451017
228,0.002411649695059027
229,0.0024110849039987183
230,0.002410527159901965
231,0.0024100950653607486
232,0.0024097292644918765
233,0.0024091721865402067
234,0.0024089039644950875
235,0.0024084989490795973
236,0.002407939264790023
237,0.002409247571995169
238,0.002407682630839228
239,0.0024071450306502023
240,0.0024068895345301573
241,0.00240660931381018
242,0.0024062218997396904
243,0.0024052667773261393
244,0.0024056149281176486
245,0.0024047748040901622
246,0.0024040931071629243
247,0.0024038354723936776
248,0.0024033753762922193
249,0.002404861425593641
250,0.00240323128871545
251,0.002402925305068917
252,0.002402533986739279
253,0.0024020341708031415
254,0.002401329797903618
255,0.0024013953291609053
256,0.0024009411330583952
257,0.002400449278931571
258,0.0024001261283977168
259,0.00239959822709953
260,0.0023989507815295754
261,0.0023983731517251555
262,0.0023982220891947586
263,0.002397642786633017
264,0.002397451514731932
265,0.002397011364088517
266,0.0023967051625519084
267,0.0023963245599751704
268,0.0023958195168046785
269,0.0023954372145492835
270,0.002394511591944485
271,0.002395318169143135
272,0.002394113554397897
273,0.00239346738344424
274,0.0023930604200816494
275,0.0023925968983367083
276,0.0023921497803149868
277,0.0023916519773276466
278,0.002391242768745894
279,0.0023908426425933898
280,0.002390159789987188
281,0.0023895831190415095
282,0.002389068550559857
283,0.0023885910934593026
284,0.0023880599985835536
285,0.002387862584388221
286,0.002387169212039585
287,0.0023867225370470062
288,0.0023861689886008723
289,0.0023858887167520454
290,0.002385606709461249
291,0.0023854871138637413
292,0.002385109418732084
293,0.0023847026246676998
294,0.0023849435638196225
295,0.0023844858780573547
296,0.0023840606560357976
297,0.0023837843130791914
298,0.002383486697329867
299,0.0023831981998649544
300,0.0023828276832197665
301,0.002382421257988944
302,0.002382225168013037
303,0.002381704224710433
304,0.002381472957193418
305,0.002381124239166554
306,0.002380872799227186
307,0.002380501188280532
308,0.0023802206097190766
309,0.002379946659835658
310,0.002379494830761116
311,0.0023808261606617846
312,0.002379301977399695
313,0.0023788961307102557
314,0.002378603508184876
315,0.002378197606984161
316,0.0023777867773218326
317,0.002377546989509023
318,0.0023769627138440076
319,0.0023766840988140433
320,0.0023764041318946228
321,0.0023760501565136473
322,0.002375679736933583
323,0.0023752634029925944
324,0.0023748591810602675
325,0.0023744288953264684
326,0.0023737874914749576
327,0.0023734467340643904
328,0.002373136774577035
329,0.002372551409623663
330,0.002372236519896365
331,0.002371906433673875
332,0.0023714933946285214
333,0.0023712112941440804
334,0.002370900444227765
335,0.002370079951307342
336,0.002370146314641707
337,0.0023698051353952185
338,0.002369379744085794
339,0.002368862319803228
340,0.002368379745111183
341,0.002368002001117282
342,0.0023676451383920797
343,0.0023672048343493742
344,0.0023667873183476507
345,0.0023668194365752764
346,0.0023664266217412063
347,0.0023659577733792744
348,0.0023657458277967073
349,0.0023654716745277783
350,0.002365291569718649
351,0.002364929717910503
352,0.002364646903347187
353,0.002364451801647016
354,0.002364107091510805
355,0.002364161010548387
356,0.0023638526933381916
357,0.00236351819223577
358,0.0023633381424642353
359,0.0023630699477941892
360,0.0023628213884332324
361,0.002362504261113225
362,0.0023620714632872717
363,0.0023618875333808794
364,0.0023614368468942793
365,0.0023609440561976726
366,0.0023607347070298463
367,0.002360478818943197
368,0.0023601849535918027
369,0.002359663892998301
370,0.0023591820369478884
371,0.002358855251230773
372,0.002358500030749287
373,0.0023581661535561726
374,0.0023576709564537136
375,0.002357251236413651
376,0.002356980620734334
377,0.0023567589519997534
378,0.002356464914186255
379,0.0023563405318813915
380,0.00235581334757254
381,0.0023556250187567176
382,0.0023553614024269917
383,0.0023549947744902957
384,0.002354537579232768
385,0.0023540138814765487
386,0.0023537465796239156
387,0.0023534283203182067
388,0.0023531077997089533
389,0.002352734373719739
390,0.002352154859835451
391,0.002351932695963121
392,0.002351648424495021
393,0.002351206318015769
394,0.0023509017511996466
395,0.0023506564046184256
396,0.002350170049735014
397,0.0023499187621616397
398,0.0023496290122329245
399,0.0023493570121892507
400,0.00234898869878372
401,0.0023487339029237167
402,0.002348374142857106
403,0.0023482720928478078
404,0.002347920908143536
405,0.002347766571252998
406,0.0023476157966036337
407,0.0023473955104392325
408,0.0023469575917352743
409,0.002346957658496871
410,0.002346663856318278
411,0.0023463435261433466
412,0.0023460324767820995
413,0.0023458086304067064
414,0.0023456607463734043
415,0.002345470778871448
416,0.002345334197679297
417,0.002345000797193589
418,0.002346012320133443
419,0.002344856716583057
420,0.002344597667203597
421,0.0023444179060466254
422,0.0023440929533458162
423,0.0023440025549088936
424,0.0023436057955720305
425,0.002343446389278603
426,0.002343231683317445
427,0.0023430223937961985
428,0.0023427342887852674
429,0.0023423044400978305
430,0.0023420927052253955
431,0.0023415862426046383
432,0.0023415419922086706
433,0.0023413048913701203
434,0.002340801205059148
435,0.0023404551426756516
436,0.0023401271468834277
437,0.0023398362377251495
438,0.002339537713346837
439,0.002339216424077299
440,0.002338961456299353
441,0.002338684982786289
442,0.0023382035063964726
443,0.0023378996009944587
444,0.0023375122902849223
445,0.0023371771834073073
446,0.002336867358760572
447,0.002336506410204401
448,0.0023362816863187175
449,0.0023358599346430895
450,0.002335632701540736
451,0.002335307583907231
452,0.002334812951867345
453,0.0023360305405929504
454,0.0023346261785578896
455,0.002334241944764728
456,0.0023339294421120234
457,0.0023338045163351466
458,0.0023333654297911684
459,0.002333200594437181
460,0.0023329607573580723
461,0.002332999346204351
462,0.0023328660553500243
463,0.002332697896133132
464,0.0023324185824768638
465,0.002332135780179744
466,0.0023317208415372043
467,0.0023311846149883463
468,0.0023313466695855027
469,0.0023309640876220516
470,0.0023307050265249795
471,0.002330526463138614
472,0.0023302582524457904
473,0.002329920906375459
474,0.0023296473242364495
475,0.00233001692673605
476,0.002329563297418502
477,0.002329405286865097
478,0.002329210011080187
479,0.0023288664036830212
480,0.0023285293317977795
481,0.0023286640952108265
482,0.002328326301815766
483,0.0023279642575974994
484,0.002327688879618453
485,0.0023273550137598953
486,0.002327296415127047
487,0.002326973748319906
488,0.0023268486153597543
489,0.0023266328173858373
490,0.0023263547681932396
491,0.0023264657526168215
492,0.002326165320638802
493,0.002325862216079916
494,0.00232567846685395
495,0.0023254471055199066
496,0.0023252441872962087
497,0.0023250068904904723
498,0.002324740974465927
499,0.002324538885889323
500,0.002324109733168698
501,0.0023245514877668107
502,0.0023239126963232838
503,0.0023236424706145745
504,0.0023234500731505554
505,0.002323233730226275
506,0.00232298504952433
507,0.0023227033941207367
508,0.0023223857411197642
509,0.0023221482197600674
510,0.002321730872393672
511,0.002321288869790029
512,0.002321027855396303
513,0.0023206780290214355
514,0.0023204368508648915
515,0.002320220789111979
516,0.002319954372532852
517,0.0023198147284173624
518,0.0023197163610331256
519,0.0023195655339076603
520,0.002319383247388524
521,0.0023191900953628544
522,0.0023191201094750536
523,0.0023188298709133238
524,0.002318689530685142
525,0.0023185328768435664
526,0.002318328433399176
527,0.0023179601438841806
528,0.002317784379320763
529,0.002317492190396618
530,0.002317334124166866
531,0.002317152614612701
532,0.0023168007417908006
533,0.002318764981985906
534,0.0023166901921101
535,0.0023164417825862816
536,0.0023162157497677856
537,0.0023158917243900445
538,0.0023156846002632342
539,0.0023154471108614077
540,0.0023152632125068174
541,0.002315092594076616
542,0.002314795846577349
543,0.002314461528734877
544,0.0023142605596868414
545,0.00231391668180889
546,0.002313611841639682
547,0.002313281513591217
548,0.0023129910664092448
549,0.0023127664416159807
550,0.0023126339116960252
551,0.002312170088745077
552,0.0023121878438441368
553,0.002312030564328106
554,0.0023118665881719717
555,0.0023114912962362705
556,0.002311116385684759
557,0.0023114360224957033
558,0.0023109349590595043
559,0.002310559409562973
560,0.00231027659346414
561,0.0023099531480206326
562,0.002309684203312867
563,0.002309488351807798
564,0.0023091840407917777
565,0.0023088136849972623
566,0.002308385072924469
567,0.0023080244666511904
568,0.0023076976453853155
569,0.0023074212533069397
570,0.002307072189322606
571,0.002306526824850315
572,0.0023067483896856964
573,0.002306292356705262
574,0.0023060198158205156
575,0.002305843654772489
576,0.0023055774653033758
577,0.0023053063640776604
578,0.002305089391602847
579,0.0023049009120808877
580,0.002304751657221287
581,0.0023045847235079616
582,0.0023042879379535
583,0.002304095281588391
584,0.002303628726258556
585,0.0023043868082004214
586,0.0023034742753479456
587,0.002303302781904577
588,0.0023031520539564462
589,0.0023029439025612623
590,0.002302746930799169
591,0.002302492533335592
592,0.0023023560659586628
593,0.0023021746087350903
594,0.002301966832685336
595,0.002301516126208189
596,0.0023019141425061652
597,0.0023013251492544576
598,0.002300930254888816
599,0.002300696398776428
600,0.002300493462684954
601,0.002300331516462912
602,0.0023001441094633555
603,0.0023000053507674163
604,0.0022996434463620186
605,0.002299956378220708
606,0.002299498434352383
607,0.002299196954819999
608,0.002298993005626762
609,0.002298815265750917
610,0.002298661562819603
611,0.002298340182408208
612,0.0022982113825404564
613,0.002297954638438591
614,0.0022977803350166734
615,0.002297579127853319
616,0.002297271528819783
617,0.0022974179089517237
618,0.0022971151139439686
619,0.0022968363311028288
620,0.002296662670237062
621,0.0022964342100578765
622,0.002296188344105282
623,0.0022958634793848573
624,0.0022955518567973907
625,0.002295229309925532
626,0.002294972229079126
627,0.0022946407026123825
628,0.002294405063328184
629,0.002294186419774323
630,0.0022939609067697815
631,0.002293811610228041
632,0.002293666491642963
633,0.0022934112963802628
634,0.0022931531827052286
635,0.0022929242934379623
636,0.002292731793551162
637,0.002292576723805948
638,0.0022923011013818366
639,0.0022919481227019574
640,0.0022919208888527187
641,0.002291636568465807
642,0.002291534551332362
643,0.0022913583891239317
644,0.0022911068024435892
645,0.002291305983980632
646,0.0022909613873466953
647,0.0022907673655299123
648,0.0022906574305211753
649,0.0022904450625859094
650,0.002290059624694284
651,0.0022904876603546762
652,0.0022898710574282746
653,0.002289563460345339
654,0.002289369419792064
655,0.0022891879079271803
656,0.002288956544631293
657,0.0022887393838467098
658,0.0022885598670784367
659,0.0022884244960807844
660,0.0022880319906547603
661,0.002287672003373419
662,0.002287454001212465
663,0.0022872168153033343
664,0.0022870692852208817
665,0.002286899069239172
666,0.002286670157903538
667,0.002286429166849313
668,0.002286172974404125
669,0.0022859622510297876
670,0.0022857405737839124
671,0.0022855223044559447
672,0.0022853237815678275
673,0.0022849498769063606
674,0.0022846490441642345
675,0.00228437258060652
676,0.0022841552631243443
677,0.002283931562197523
678,0.002283744168450706
679,0.0022834258508440917
680,0.0022831854429834616
681,0.002283017892308883
682,0.0022827552127507376
683,0.0022826142289877997
684,0.0022823946695681354
685,0.0022822528564079066
686,0.0022820813685819575
687,0.002281758819495931
688,0.002281455160372464
689,0.002281271172020557
690,0.0022810910017490604
691,0.0022809729836930784
692,0.0022807562944384308
693,0.002280487150548146
694,0.002280305015881736
695,0.0022800228369812183
696,0.0022799129007765287
697,0.002279728900414155
698,0.0022795541178193207
699,0.0022795028482623584
700,0.0022791259718354688
701,0.0022790030620460284
702,0.0022788503342218843
703,0.0022786357350949244
704,0.0022783442018622997
705,0.002278165925556589
706,0.002278016965946461
707,0.0022778110417292136
708,0.0022776607410978406
709,0.0022773745921841706
710,0.0022772248139944166
711,0.0022769907296633445
712,0.002276838385922896
713,0.0022766598106082423
714,0.002276335605473426
715,0.0022769113453183104
716,0.0022762050768220543
717,0.0022758831427802896
718,0.002275606917658742
719,0.0022752246766032285
720,0.002274892422544435
721,0.0022746663020954336
722,0.0022743763406159836
723,0.00227422088206076
724,0.0022740231862047144
725,0.0022737605404801135
726,0.0022734598761962503
727,0.0022732192129556066
728,0.0022730104179204194
729,0.0022727657548732897
730,0.002272507132202271
731,0.0022723260097520914
732,0.0022721268957688625
733,0.0022719772176184832
734,0.0022717702373183683
735,0.002271565208272984
736,0.0022713487229789344
737,0.0022712016587175285
738,0.0022710532702917125
739,0.002270848007287322
740,0.0022704764012817496
741,0.0022704917360642602
742,0.0022703465826077046
743,0.0022701763460052406
744,0.002270010437282144
745,0.0022698809978109018
746,0.002269738884959838
747,0.0022695057247306433
748,0.0022693908292756963
749,0.0022691147951850957
750,0.0022690155767024424
751,0.0022688329199726264
752,0.00226858805912754
753,0.002268141798233917
754,0.002269197699021229
755,0.002268013739392016
756,0.002267776884203631
757,0.0022675523879129157
758,0.0022673474704674153
759,0.002267064732409976
760,0.0022667661405515144
761,0.0022665951749103242
762,0.0022664730535674024
763,0.002266244576374376
764,0.0022659581711496194
765,0.002265866020648699
766,0.0022656535798734278
767,0.0022655641103822236
768,0.002265440081171033
769,0.0022652325899932308
770,0.0022651877413724228
771,0.002264852618990809
772,0.0022647498535851847
773,0.002264528154739906
774,0.0022643078098837795
775,0.002264086256687666
776,0.0022638669815420423
777,0.002263663919503395
778,0.0022634732367080405
779,0.0022632950710342894
780,0.0022631228009147505
781,0.0022629352530502424
782,0.002262709529475013
783,0.002262370922153881
784,0.0022622174725276984
785,0.00226204834736174
786,0.002261862745576016
787,0.002261620093839197
788,0.0022613414053338074
789,0.002261165889625173
790,0.0022609253133574945
791,0.0022610566887665638
792,0.0022607829295791843
793,0.002260549424783142
794,0.0022603841405669225
795,0.002260098675902346
796,0.0022599610433437617
797,0.0022597248137389827
798,0.0022596058425598162
799,0.002259424140303547
800,0.002259155000744825
801,0.0022590358707782355
802,0.0022587531060807363
803,0.0022586202198707117
804,0.0022584882055463394
805,0.002258352425452274
806,0.0022581248528660367
807,0.0022578289022825142
808,0.0022576049767834066
809,0.0022573754127174594
810,0.00225723640044869
811,0.002257151480543014
812,0.0022570326995306903
813,0.0022567699914067016
814,0.002257454853857525
815,0.0022566626267403666
816,0.0022564280414484293
817,0.0022562847337022373
818,0.002256110917233629
819,0.002255938904939056
820,0.002255732452139815
821,0.0022555703864589175
822,0.002255395179274286
823,0.0022552484397902017
824,0.002255069648095009
825,0.002254925937777453
826,0.002254615113922013
827,0.002255203732786232
828,0.002254524648402694
829,0.002254272378596237
830,0.0022540750456450406
831,0.00225388159188585
832,0.002253781498326703
833,0.002253680034017242
834,0.0022535318161996994
835,0.002253383128215259
836,0.002253068439185787
837,0.0022532868775052783
838,0.002252882544643745
839,0.002252637225956708
840,0.002252406171131594
841,0.0022521834063085598
842,0.0022520905752783085
843,0.002251818378600874
844,0.0022516783973453676
845,0.002251533921253141
846,0.002251304045462422
847,0.002251590645980512
848,0.00225117285026572
849,0.0022509019014216106
850,0.002250734692536118
851,0.0022505994076313846
852,0.0022504860652382214
853,0.0022503402194169572
854,0.0022501903579406992
855,0.0022499608434202157
856,0.002249838757413006
857,0.0022495289158213578
858,0.0022493578055683638
859,0.0022491763427280776
860,0.002248933922573267
861,0.0022508911761513315
862,0.002248880734121281
863,0.0022486890955042862
864,0.0022485465173561134
865,0.0022482391776228097
866,0.002248415671013739
867,0.0022481432938564637
868,0.002248011253184898
869,0.002247878764954264
870,0.0022477201474591924
871,0.0022475257377787207
872,0.002247396740142608
873,0.0022472502967505305
874,0.002247152782928457
875,0.002247082478608569
876,0.002246892455722285
877,0.0022466354521969243
878,0.0022463959247686163
879,0.002246225707172875
880,0.0022461013967456423
881,0.0022458894060526633
882,0.0022456072139479598
883,0.002245391677151188
884,0.0022452393053449438
885,0.0022450924523190925
886,0.0022449677418429352
887,0.00224479171216841
888,0.0022445724885263455
889,0.002244604506124578
890,0.0022444067707308077
891,0.0022442030296227914
892,0.002244057005397235
893,0.0022437854472970665
894,0.0022436147761896114
895,0.002243435460641141
896,0.0022432530901087423
897,0.0022430815097023017
898,0.0022427815787741862
899,0.002242534222647959
900,0.0022423714818153406
901,0.0022421849062340773
902,0.002241992457664476
903,0.0022417407196621635
904,0.0022416038465550097
905,0.002241497798020908
906,0.0022413882334386768
907,0.0022412593389803757
908,0.002241095121585622
909,0.0022409557501800034
910,0.0022408065841959734
911,0.0022405957482496495
912,0.0022402730065167555
913,0.0022410240701657043
914,0.0022401566517673078
915,0.002239914683668595
916,0.0022397398876427377
917,0.0022395747902664983
918,0.0022393994424049694
919,0.002239308189386058
920,0.002239131997684817
921,0.002239043374124348
922,0.0022389025790777836
923,0.0022387425831903235
924,0.0022386108365971095
925,0.0022384115778119116
926,0.0022381931676492516
927,0.0022379370318343765
928,0.0022378126285592637
929,0.002237659146265027
930,0.0022375242975605694
931,0.002237378831565428
932,0.0022372356602148678
933,0.002237118162447788
934,0.0022369242533479467
935,0.002236737072604694
936,0.002236608754625087
937,0.0022363779785036387
938,0.002236197599708235
939,0.0022359904033726636
940,0.0022358263243535464
941,0.002235716042770748
942,0.002235517112021507
943,0.0022352978293638842
944,0.0022350859492860707
945,0.0022349490055567434
946,0.0022347169120998734
947,0.0022344712546849563
948,0.0022342473199938226
949,0.0022340477603294473
950,0.0022338802014324507
951,0.002233679480732377
952,0.002233362459495182
953,0.0022330901627060982
954,0.0022329358213041862
955,0.002232758937251437
956,0.0022325973122073748
957,0.0022323663140584636
958,0.0022320868495494268
959,0.002231962662044725
960,0.0022318410047527195
961,0.002231614523921547
962,0.0022315989790559474
963,0.002231438397163237
964,0.002231357460823659
965,0.0022312512369062013
966,0.0022311128222054517
967,0.0022308133357244846
968,0.002230683303549672
969,0.0022304568370303747
970,0.002230386094561167
971,0.00223032739928855
972,0.002230215859700277
973,0.002230069738170665
974,0.0022298334271577407
975,0.0022297598869428273
976,0.002229569285003328
977,0.0022295168493115932
978,0.002229431329491357
979,0.002229257013070987
980,0.002229391970886811
981,0.0022291595356249425
982,0.0022289596881186003
983,0.002228831720744031
984,0.0022286936477561034
985,0.0022286332415480735
986,0.002228478564586927
987,0.0022283711726891623
988,0.0022282852032157858
989,0.0022281658698837747
990,0.002227903821982256
991,0.0022286320689783503
992,0.0022278298162057356
993,0.0022277053201815965
994,0.002227621104377441
995,0.0022274781100386307
996,0.0022273066656728546
997,0.0022271140193817003
998,0.0022269534620623383
999,0.002226838831872529
1000,0.0022267317291758243
1001,0.002226448118340946
1002,0.002226221783963395
1003,0.0022259746051373716
1004,0.00222580235224197
1005,0.002225622409453853
1006,0.002225438416789973
1007,0.002225219855507437
1008,0.0022250877298645977
1009,0.002224942636511566
1010,0.0022247494187634044
1011,0.002224571714474883
1012,0.0022242994051596236
1013,0.0022240761809308755
1014,0.002223930060801497
1015,0.002223798932514684
1016,0.002223696515498875
1017,0.0022235056112440833
1018,0.0022233563532982966
1019,0.0022232785416310833
1020,0.002223200393526056
1021,0.0022230894661644106
1022,0.0022228736818311148
1023,0.002222627949405321
1024,0.002222384661156031
1025,0.0022222261793377156
1026,0.0022220718981316116
1027,0.002221900714893405
1028,0.002221660665005272
1029,0.00222203576196257
1030,0.002221601363901734
1031,0.002221482385689507
1032,0.0022213931296759136
1033,0.002221234815564263
1034,0.0022210232376411953
1035,0.0022207482131758557
1036,0.002220649684915245
1037,0.0022204218230784615
1038,0.0022203427603437144
1039,0.002220206683954478
1040,0.002220121635653772
1041,0.002219895609942249
1042,0.0022197980297665567
1043,0.0022197059117723323
1044,0.002219567913307983
1045,0.002219274916071269
1046,0.002219440956326172
1047,0.002219157671754152
1048,0.0022190298893905295
1049,0.002218957945682687
1050,0.002218861723362058
1051,0.0022187201491967305
1052,0.002218583834690105
1053,0.00221845213081458
1054,0.0022183294330649595
1055,0.002218162887075764
1056,0.002218002357502662
1057,0.002217837234429798
1058,0.0022176744730878347
1059,0.0022174735420545165
1060,0.0022172348127418653
1061,0.0022171407958979546
1062,0.0022169445232747545
1063,0.0022168343885184336
1064,0.002216690035808669
1065,0.0022164734928960044
1066,0.002216305288884553
1067,0.0022159913811639503
1068,0.0022158621268368746
1069,0.0027388296379594213
1070,0.002737753995748655
1071,0.002710734973521618
1072,0.0026837683838559358
1073,0.0026670947099362904
1074,0.0026540459145338725
1075,0.0026411198244607383
1076,0.002630251965949699
1077,0.002617628670323399
1078,0.002602834440376329
1079,0.002586488225058291
1080,0.0025744195346257322
1081,0.002562156733812676
1082,0.002551426796260729
1083,0.002538942492262159
1084,0.0025222392522121556
1085,0.002500063936647649
1086,0.0024908371751366605
1087,0.0024789251353848837
1088,0.0024740238907215383
1089,0.0024670656047357997
1090,0.0024552138504175206
1091,0.0024446242117372695
1092,0.0024383017192691116
1093,0.0024319620591996354
1094,0.0024242192578479995
1095,0.0024155451122437107
1096,0.0024112053309500807
1097,0.0024072859315289255
1098,0.002402084136637106
1099,0.0023967282358357397
1100,0.0023938645316011345
1101,0.002387185206373969
1102,0.0023846289118288513
1103,0.0023808457522817993
1104,0.0023749026563258994
1105,0.0023776983428766487
1106,0.0023715211060786924
1107,0.0023671173632792324
1108,0.0023642565835762493
1109,0.002360869800284759
1110,0.002358019491916067
1111,0.0023546284005205205
1112,0.002351736993822799
1113,0.0023489563378170193
1114,0.0023447749459211105
1115,0.0023416126199927497
1116,0.0023398050545018418
1117,0.0023378030858415373
1118,0.0023357810348194922
1119,0.002332007990480717
1120,0.0023291689810860865
1121,0.002327314717165671
1122,0.0023255807121208517
1123,0.002323865866271398
1124,0.0023212355616424396
1125,0.0023191811443734477
1126,0.00231787365425473
1127,0.0023171130053773266
1128,0.002316572355904593
1129,0.0023158411027810505
1130,0.0023148089874257534
1131,0.0023133320940805406
1132,0.002313841229811255
1133,0.002312813349293112
1134,0.0023121673032677793
1135,0.0023111432930973887
1136,0.002310257716908499
1137,0.0023093312279656953
1138,0.002308572455892649
1139,0.0023073483841269614
1140,0.0023063953216634243
1141,0.0023043302226670556
1142,0.0023035747205647442
1143,0.0023020259548265846
1144,0.0023012752762531638
1145,0.00230038736742586
1146,0.0023001785923613127
1147,0.002298901734135754
1148,0.0022982484003859186
1149,0.002297433555346454
1150,0.002296381914054768
1151,0.002296969403803853
1152,0.0022956209850065173
1153,0.002294169456049832
1154,0.0022933492367975795
1155,0.0022924019585882417
1156,0.0022915729285377926
1157,0.002290631317365833
1158,0.0022898059077717543
1159,0.0022890939053749927
1160,0.00228837966869814
1161,0.0022873331737554474
1162,0.00228662422668784
1163,0.002286066406670831
1164,0.0022853094156837683
1165,0.002284410190698589
1166,0.002283848495702275
1167,0.002282646406646926
1168,0.0022821623887173013
1169,0.00228157858937514
1170,0.002280811233204051
1171,0.0022810033892517426
1172,0.002280279151239213
1173,0.0022794330922587193
1174,0.0022787776599250773
1175,0.002277847336468612
1176,0.0022772214293786414
1177,0.0022762631783738575
1178,0.0022755525593208545
1179,0.0022748370010698717
1180,0.0022747370188578044
1181,0.0022738927749177333
1182,0.002273538847514771
1183,0.0022730926069002956
1184,0.0022733768752397424
1185,0.0022729254242761566
1186,0.0022726001373394476
1187,0.002271897292470216
1188,0.0022713891959930993
1189,0.002271174694493352
1190,0.0022707589061127732
1191,0.002270496417966022
1192,0.0022700942852416474
1193,0.002269525627615487
1194,0.00227061307409983
1195,0.00226928194155629
1196,0.0022689583496217297
1197,0.002268715672641702
1198,0.0022682980782038208
1199,0.0022677607101189686
1200,0.002268173611044465
1201,0.002267430100653337
1202,0.002266895465288367
1203,0.002266569135692461
1204,0.002266209789736073
1205,0.002265617524810836
1206,0.0022660131906679665
1207,0.002265247103941928
1208,0.00226465627568855
1209,0.0022642751788878607
1210,0.002263822852675787
1211,0.0022637590568810777
1212,0.0022630939152451937
1213,0.002262838569770865
1214,0.0022624553974653515
1215,0.002261931807617596
1216,0.0022618218769202
1217,0.0022607494231514555
1218,0.0022604325723292484
1219,0.002259986061308725
1220,0.002259611794603512
1221,0.0022591626180104656
1222,0.002258793183584807
1223,0.002258447076227369
1224,0.002258052636524269
1225,0.0022575679625842795
1226,0.002257135657182306
1227,0.002256586091967912
1228,0.0022561247054427
1229,0.0022555887132560013
1230,0.002255139289474984
1231,0.0022545847847691824
1232,0.002254223281283067
1233,0.0022538735407364847
1234,0.0022533928848503066
1235,0.0022531840197562254
1236,0.00225291671026199
1237,0.0022528963352144264
1238,0.002252614217959443
1239,0.0022523072910235796
1240,0.0022521959807666
1241,0.0022517632807885794
1242,0.0022517299250605165
1243,0.0022515386441868683
1244,0.0022513420811932274
1245,0.002251090550223838
1246,0.002250931842173454
1247,0.00225050252564792
1248,0.0022541010796485435
1249,0.0022504181182189187
1250,0.002250193863991142
1251,0.0022499535156502537
1252,0.0022496799957784923
1253,0.0022495018664368876
1254,0.0022493327196472673
1255,0.002249130043279409
1256,0.0022489596845985745
1257,0.0022485549610093453
1258,0.0022487267777622074
1259,0.002248358265246778
1260,0.002248134410231622
1261,0.002247899534066262
1262,0.002247676227108556
1263,0.002247254983117042
1264,0.0022467423899445735
1265,0.0022469234810000484
1266,0.0022464735181035173
1267,0.0022462129719971633
1268,0.002246002175120707
1269,0.00224582341978775
1270,0.0022455701301006734
1271,0.0022453585677533173
1272,0.0022451447354252174
1273,0.0022448655710336413
1274,0.002244510290579401
1275,0.0022442176929714994
1276,0.0022439677572346846
1277,0.0022436617041729817
1278,0.0022434828258539414
1279,0.0022432313519424167
1280,0.0022428890289686197
1281,0.0022427086049648256
1282,0.0022424968383150273
1283,0.002242162895569046
1284,0.0022419694418382846
1285,0.002241796821494088
1286,0.0022414719753099024
1287,0.0022412778161741017
1288,0.0022407837757256114
1289,0.0022417598119605516
1290,0.0022406564344090558
1291,0.002240395975167341
1292,0.0022401786955285967
1293,0.002239900810698981
1294,0.0022396439724883125
1295,0.0022394056331217654
1296,0.002239368511669244
1297,0.0022391930151870586
1298,0.0022391158914730107
1299,0.002238977002409996
1300,0.002238868369128411
1301,0.0022387187222794465
1302,0.0022386070333397508
1303,0.0022384666962665775
1304,0.0022382931395465333
1305,0.0022385860867466033
1306,0.0022381892540896692
1307,0.0022379698063407422
1308,0.002237821689547878
1309,0.002237635908292414
1310,0.002237558794620582
1311,0.0022373785389526984
1312,0.0022372636289252376
1313,0.0022371627135960295
1314,0.0022369884880450762
1315,0.0022366422375398242
1316,0.002238982863762766
1317,0.002236572919084704
1318,0.0022363468460756615
1319,0.002236146153252705
1320,0.002235819291850562
1321,0.002235760666974689
1322,0.0022355082852441328
1323,0.0022354080685567943
1324,0.002235259608229588
1325,0.0022352525633616335
1326,0.0022351643446455005
1327,0.002235040939849619
1328,0.002234816160442239
1329,0.0022346183189958808
1330,0.002234386762653752
1331,0.002234193050640398
1332,0.002233996770391527
1333,0.002233791675122085
1334,0.0022337551992181025
1335,0.0022334959171382727
1336,0.0022334058622089947
1337,0.0022332734454325845
1338,0.0022331412050822673
1339,0.0022329626721970483
1340,0.0022327805102375065
1341,0.0022326517226678917
1342,0.002232484935173325
1343,0.0022323029651303374
1344,0.002232146858663694
1345,0.002231975865461386
1346,0.0022318262806933476
1347,0.002231588705655955
1348,0.0022312425863294746
1349,0.002231356297548941
1350,0.002231102797365026
1351,0.002230942907077583
1352,0.0022307845542065864
1353,0.002230708973625154
1354,0.002230535443588909
1355,0.002230451449098033
1356,0.002230350813147906
1357,0.0022302192845384534
1358,0.0022300918186199136
1359,0.0022299867283811026
1360,0.0022299015230212017
1361,0.0022298181983525333
1362,0.0022296656445447123
1363,0.0022294897527460468
1364,0.0022294275419672506
1365,0.002229325909184983
1366,0.002229202558507546
1367,0.002228971502518399
1368,0.0022296419608372315
1369,0.0022288800365763673
1370,0.002228749229460414
1371,0.002228664782219511
1372,0.00222859165472998
1373,0.00222845740665596
1374,0.002228317670844217
1375,0.0022282200504916403
1376,0.002228096234569074
1377,0.0022279920877205884
1378,0.0022277735645812734
1379,0.0022280133089637526
1380,0.0022276808758554356
1381,0.0022275505795164765
1382,0.00222745564204872
1383,0.002227369273653848
1384,0.002227253626457756
1385,0.0022271672179149738
1386,0.0022270444940747755
1387,0.0022269828594374003
1388,0.002226899007733823
1389,0.0022267521384324515
1390,0.002226574194497815
1391,0.0022263895184865307
1392,0.0022262897820250786
1393,0.0022261484346354165
1394,0.0022260511793024025
1395,0.0022259203736857006
1396,0.0022257773053210284
1397,0.002225659484822595
1398,0.0022254986388374268
1399,0.002225331622512596
1400,0.0022251959442628065
1401,0.0022250993555734816
1402,0.0022249648382334725
1403,0.0022248254877499847
1404,0.0022246632783140016
1405,0.002224541906141704
1406,0.0022244000361272523
1407,0.0022242663094066547
1408,0.0022241389315567203
1409,0.002224014876849994
1410,0.002223954604549391
1411,0.0022239011642510827
1412,0.002223839030438756
1413,0.0022237431453629767
1414,0.002223694514122598
1415,0.002223606996590806
1416,0.0022234448345299254
1417,0.0022235182902263814
1418,0.0022233583996826897
1419,0.002223278526296808
1420,0.0022232232973764116
1421,0.0022231492511368303
1422,0.0022230093383893636
1423,0.002222983575094809
1424,0.0022227499400677584
1425,0.00222266784401693
1426,0.0022225785149799166
1427,0.002222475097636293
1428,0.002222237258964772
1429,0.002222070522054694
1430,0.0022219445766664056
1431,0.0022218613277773715
1432,0.002221760422599343
1433,0.0022216288845105315
1434,0.0022215533876143497
1435,0.0022214036128247795
1436,0.0022213281342155222
1437,0.002221243263556445
1438,0.0022210679515265183
1439,0.0022213584670660357
1440,0.002220993791107797
1441,0.0022208686078669807
1442,0.0022207655468921284
1443,0.0022206322070953545
1444,0.0022204925989683768
1445,0.002220322579868422
1446,0.0022202121703427252
1447,0.002220112998876136
1448,0.0022199529052970733
1449,0.0022198897262891305
1450,0.0022197627022136866
1451,0.0022196405138078974
1452,0.002219550865554665
1453,0.002219356281403717
1454,0.0022192256969172874
1455,0.0022189196887811356
1456,0.002218806263174465
1457,0.002218701888047006
1458,0.002218591615838179
1459,0.0022184678508295626
1460,0.0022182400232509765
1461,0.002218153674949743
1462,0.002218051378145235
1463,0.0022179216534339284
1464,0.0022178231173225604
1465,0.002217760992627749
1466,0.002217576550784441
1467,0.002217486258404871
1468,0.0022173767791889734
1469,0.0022173976159339543
1470,0.002217335477998127
1471,0.002217265386919664
1472,0.002217184239269127
1473,0.0022171264446317895
1474,0.002217065771197205
1475,0.0022169647348017386
1476,0.002216864393507492
1477,0.00221669572390152
1478,0.0022169563890151534
1479,0.0022166321814993087
1480,0.0022165187679941078
1481,0.002216430175637741
1482,0.0022163035386517636
1483,0.0022161222464590837
1484,0.002216289027844714
1485,0.0022160189008747465
1486,0.002215849911865649
1487,0.0022157694403375726
1488,0.0022156828506163366
1489,0.002215612683946031
1490,0.002215451218786454
1491,0.0022152903549105506
1492,0.0022152514048810468
1493,0.00221502830613834
1494,0.002214955806211669
1495,0.002214856911094014
1496,0.0022147081963574183
1497,0.002214657978489424
1498,0.002214409967837178
1499,0.002214329334015966
1500,0.0022141983767887475
1501,0.0022141124221875404
1502,0.002213955502850755
1503,0.0022138241332973884
1504,0.0022137308076474044
1505,0.002213583367438444
1506,0.002213506581606036
1507,0.002213399668448015
1508,0.002213341526135362
1509,0.0022132345734419434
1510,0.002213068046022808
1511,0.0022130599662969134
1512,0.0022129605183082057
1513,0.0022128372446166902
1514,0.002212720741775052
1515,0.002212608150079342
1516,0.002212439099170316
1517,0.0022122620129506076
1518,0.002212077455528225
1519,0.002211959033527294
1520,0.002211852417430853
1521,0.0022117635881600097
1522,0.002211709324488605
1523,0.0022116577749363943
1524,0.0022115885642924283
1525,0.002211522377321952
1526,0.0022114225376185133
1527,0.0022113901620820493
1528,0.0022112786150353687
1529,0.002211235264014533
1530,0.0022111770919460046
1531,0.0022111702827377617
1532,0.0022111325359314717
1533,0.002211074129122273
1534,0.002210996941265624
1535,0.002210956075739992
1536,0.0022109073820636978
1537,0.0022108553656246316
1538,0.0022107826056059505
1539,0.0022106921714562474
1540,0.0022105153804571048
1541,0.002210814394283448
1542,0.002210435777494163
1543,0.0022103052060442867
1544,0.00221024591845629
1545,0.002210184200760729
1546,0.0022101048207098565
1547,0.00221001703144456
1548,0.0022098793520701336
1549,0.002209815074400624
1550,0.002209724552490538
1551,0.0022096069925989312
1552,0.0022094790217613656
1553,0.0022093341081427273
1554,0.0022092788798458115
1555,0.0022091477769823585
1556,0.0022090882634606887
1557,0.0022089766259220955
1558,0.0022088407600562854
1559,0.002208741320762047
1560,0.0022086428757954572
1561,0.0022085464622956094
1562,0.0022084425384365125
1563,0.0022084995600357344
1564,0.0022083642877520947
1565,0.0022082297238990227
1566,0.0022081431624296276
1567,0.002208007894169031
1568,0.0022078753402402537
1569,0.0022078533398567904
1570,0.00220762362937784
1571,0.0022075634593372324
1572,0.0022074656657454115
1573,0.0022073535499975232
1574,0.0022072285002480907
1575,0.002207116523959628
1576,0.0022069930391006103
1577,0.0022068822259603557
1578,0.0022067754619375605
1579,0.002206668099609757
1580,0.0022066070905630195
1581,0.0022064899352324738
1582,0.0022063496309445894
1583,0.0022063416775497707
1584,0.0022062873512312046
1585,0.002206233950590123
1586,0.002206169355604113
1587,0.002206082914087963
1588,0.0022061516087488564
1589,0.0022060360886075494
1590,0.0022059412133812804
1591,0.0022058759707888572
1592,0.0022058118773266677
1593,0.0022057442541912713
1594,0.0022056932226618463
1595,0.0022056306928363114
1596,0.0022055539309828757
1597,0.002205436556291299
1598,0.0022054139337114925
1599,0.002205291132607465
1600,0.002205248381671954
1601,0.002205194904148535
1602,0.0022051111477310497
1603,0.002204978730558693
1604,0.002204886870526601
1605,0.002204811561802835
1606,0.0022047688418758943
1607,0.0022047171520288467
1608,0.002204682219398459
1609,0.002204528161377906
1610,0.00220453101897904
1611,0.0022044807124100207
1612,0.0022044457593151144
1613,0.002204417236363619
1614,0.0022042691605410527
1615,0.0022041822624831774
1616,0.0022041120324314684
1617,0.0022039860559170403
1618,0.002203939877973345
1619,0.002203909582214323
1620,0.0022038841620882375
1621,0.0022037368170664626
1622,0.0022036171017270345
1623,0.0022035224936887534
1624,0.002203434718732212
1625,0.002203352159679442
1626,0.002203261394887078
1627,0.0022031511834808056
1628,0.0022029913430637164
1629,0.0022029140119264315
1630,0.0022028181646265277
1631,0.00220273906735764
1632,0.00220263663083695
1633,0.002202538742121009
1634,0.002202488879673857
1635,0.002202455753580681
1636,0.002202297399013989
1637,0.002202219249343155
1638,0.0022021211656709353
1639,0.002201989689029147
1640,0.002201889741783571
1641,0.0022017694649543026
1642,0.0022016944520396233
1643,0.0022015983278178726
1644,0.002201548432344099
1645,0.0022014740663759925
1646,0.002201337131933705
1647,0.002201614303880289
1648,0.0022012859963934568
1649,0.0022012110784247053
1650,0.0022011493979624637
1651,0.0022010802268576683
1652,0.0022009609237132522
1653,0.0022011715154231708
1654,0.0022009218650669766
1655,0.0022008175297092655
1656,0.0022007325984868906
1657,0.002200618586528137
1658,0.002200599254454195
1659,0.0022005035956869723
1660,0.0022004635079223536
1661,0.0022004145885954856
1662,0.002200344001983552
1663,0.0022002515366727165
1664,0.002200165491943166
1665,0.002200110470060225
1666,0.002200028021651686
1667,0.002199938409093818
1668,0.0021998275770925132
1669,0.0021997572089679845
1670,0.0021996751483282506
1671,0.0021996173607116863
1672,0.0021995299450079356
1673,0.0021994610634391986
1674,0.0021993575640271014
1675,0.0021993164319558103
1676,0.0021992663018370767
1677,0.0021991959165493465
1678,0.0021991327211994386
1679,0.0021990246831692694
1680,0.0021989557162385666
1681,0.002198866680191977
1682,0.0021987972351430922
1683,0.0021987014958327654
1684,0.0021986116060286292
1685,0.0021985437344115804
1686,0.002198428249872807
1687,0.0021983183219464533
1688,0.002198253810467608
1689,0.002198187664468426
1690,0.0021981382222269657
1691,0.0021980775949335513
1692,0.002198040152850435
1693,0.0021980127080462215
1694,0.0021979904825284472
1695,0.002197876836367766
1696,0.002197770877750896
1697,0.002197706273408583
1698,0.0021974992166617466
1699,0.0021974429203241606
1700,0.002197406358581767
1701,0.002197378033652814
1702,0.0021973528827005247
1703,0.0021973306972833053
1704,0.0021973121836557892
1705,0.002197285784061033
1706,0.002197158329356821
1707,0.0021970646037173017
1708,0.0021969568576238135
1709,0.0021969062055901814
1710,0.0021968399320743764
1711,0.002196848893199904
1712,0.0021967969599060253
1713,0.002196722275705349
1714,0.0021966443507689844
1715,0.0021965539374144234
1716,0.0021964729225740862
1717,0.0021963983049614203
1718,0.002196343390034949
1719,0.0021962743725283678
1720,0.002196207759103661
1721,0.0021960544918343834
1722,0.002196238706560125
1723,0.0021959876944412783
1724,0.0021959261740860463
1725,0.002195868478540337
1726,0.002195808344391562
1727,0.0021956842804529454
1728,0.0021957353759418548
1729,0.0021956127638491714
1730,0.002195536516133
1731,0.0021954563948614154
1732,0.0021953657922976007
1733,0.002195349030641006
1734,0.002195186350996442
1735,0.002195123566994521
1736,0.0021950441064693205
1737,0.002194963982939141
1738,0.002194888998036088
1739,0.002194785912058057
1740,0.0021947232797950044
1741,0.0021946487538232686
1742,0.00219455931890326
1743,0.0021944654342273373
1744,0.0021943225158294432
1745,0.0021944146425053462
1746,0.002194272895853212
1747,0.0021941894834032983
1748,0.0021941202414501
1749,0.0021940418175047612
1750,0.0021939609303278217
1751,0.0021938791942122545
1752,0.0021937761103228547
1753,0.0021936575702782768
1754,0.002193639314335572
1755,0.002193488170558288
1756,0.0021934455473010196
1757,0.0021933647071866597
1758,0.00219332586496197
1759,0.002193242998618804
1760,0.002193190491648322
1761,0.002193127067510034
1762,0.002192989541352844
1763,0.002193596087665466
1764,0.002192945529475971
1765,0.00219283139633432
1766,0.002192758767130886
1767,0.0021926644722788553
1768,0.002192580724236168
1769,0.0021925094369121194
1770,0.0021924449913586145
1771,0.0021923646132414264
1772,0.0021922532584341243
1773,0.002192318425208954
1774,0.0021922120292704184
1775,0.002192142061371679
1776,0.0021920724550733516
1777,0.0021919750053051483
1778,0.0021918663862798052
1779,0.0021917959118374583
1780,0.0021916582721601308
1781,0.00219159451874715
1782,0.002191533758101832
1783,0.0021914582158439654
1784,0.002191371415781364
1785,0.0021912723665375514
1786,0.0021912052651161186
1787,0.002191134560406225
1788,0.0021910392758362324
1789,0.0021908739251879318
1790,0.0021916301039124645
1791,0.002190824803596951
1792,0.0021907205684856927
1793,0.002190657625082175
1794,0.0021905874828869842
1795,0.002190527003977581
1796,0.0021903933719573995
1797,0.002190337597704623
1798,0.0021902693238416366
1799,0.002190223793619923
1800,0.0021901661295009468
1801,0.002190049157899298
1802,0.0021900398871701294
1803,0.0021899650249344095
1804,0.002189860402763735
1805,0.0021897793616473403
1806,0.0021896900053398173
1807,0.0021895878230904857
1808,0.002189510488493132
1809,0.0021893863733927796
1810,0.0021892554078247403
1811,0.002189202649439394
1812,0.0021890158226357784
1813,0.002188956072276801
1814,0.002188866324963347
1815,0.0021887523593958993
1816,0.002188626106530322
1817,0.002188526358411097
1818,0.002188387460297498
1819,0.0021883564149966974
1820,0.0021882557793106707
1821,0.0021882012708855387
1822,0.0021881600417493403
1823,0.0021880797097350805
1824,0.0021880206584813035
1825,0.002187837317317403
1826,0.002187778060887365
1827,0.0021876825096944696
1828,0.002187921784611412
1829,0.002187650082174681
1830,0.002187574717308699
1831,0.0021874753411401156
1832,0.0021873758998897427
1833,0.00218731201996618
1834,0.00218725847102945
1835,0.002187181088042327
1836,0.002187125387225959
1837,0.002187048863260668
1838,0.0021869871639624947
1839,0.0021869446554029933
1840,0.00218688847006343
1841,0.0021868497722519163
1842,0.00218682451513508
1843,0.0021868039302872923
1844,0.002186697006621037
1845,0.0021865890081456175
1846,0.002186519525207876
1847,0.002186410403131456
1848,0.002186359729198118
1849,0.00218625304054117
1850,0.002186278531747257
1851,0.0021862029490653215
1852,0.0021861290716257403
1853,0.0021860371778116916
1854,0.00218595203693219
1855,0.002185869500552684
1856,0.002185797018589912
1857,0.002185708700214502
1858,0.002185607548108872
1859,0.0021855244347439504
1860,0.002185427598363339
1861,0.0021853577540719552
1862,0.002185282974748739
1863,0.0021851595148994303
1864,0.0021850900572196307
1865,0.00218508005440512
1866,0.002185016512923299
1867,0.0021849333007736027
1868,0.0021848760375511103
1869,0.0021847519482815236
1870,0.0021845794032681986
1871,0.0021849745804223635
1872,0.0021845024366227484
1873,0.0021843328899698857
1874,0.002184251705227966
1875,0.0021841699025076733
1876,0.0021840925643929676
1877,0.0021839813817282885
1878,0.0021838739417412018
1879,0.002183778248008475
1880,0.0021836617372716226
1881,0.002183603986964277
1882,0.002183488567081757
1883,0.002183344425664156
1884,0.002184037679093601
1885,0.002183315360416637
1886,0.002183212250026679
1887,0.0021831376699971775
1888,0.002183037996684595
1889,0.002182967251885121
1890,0.002182898347253408
1891,0.0021827909394586797
1892,0.0021827186580161387
1893,0.0021826358075326875
1894,0.0021825582178938213
1895,0.0021824837084426165
1896,0.0021824247829151907
1897,0.0021823127884527775
1898,0.0021822679404540973
1899,0.0021822024107838343
1900,0.002182144997901512
1901,0.0021820920300280274
1902,0.0021820612105150168
1903,0.0021820386511712487
1904,0.0021820205136166473
1905,0.002181931945661968
1906,0.002181841549801679
1907,0.00218168535203062
1908,0.002181619977249673
1909,0.0021815544733578907
1910,0.0021814815816089263
1911,0.002181409574805979
1912,0.002181300330510278
1913,0.0021811778000689615
1914,0.0021811065056479757
1915,0.0021810373686171726
1916,0.0021809522859019873
1917,0.002180906078273988
1918,0.002180874898827114
1919,0.0021808505551620637
1920,0.002180746677786211
1921,0.0021806344843689155
1922,0.0021805024526549985
1923,0.0021804093988283695
1924,0.00218032987139854
1925,0.002180275614534286
1926,0.0021802341357198816
1927,0.0021802001076622066
1928,0.002180024444024834
1929,0.0021798635009468797
1930,0.0021800301325229734
1931,0.0021797713461319647
1932,0.0021796638941028717
1933,0.002179612255850763
1934,0.002179495500567257
1935,0.002179384422084451
1936,0.0021792680834890415
1937,0.002179171235595193
1938,0.0021790593420629957
1939,0.002178948599470604
1940,0.0021788711472040586
1941,0.002178772313455041
1942,0.0021786989434263524
1943,0.0021786312825651964
1944,0.0021785233101055275
1945,0.0021784526734934325
1946,0.0021784010249930844
1947,0.0021783297331841793
1948,0.002178260944897024
1949,0.00217823025184318
1950,0.002178112397146299
1951,0.0021780681541348768
1952,0.0021780038376226552
1953,0.0021779192827345636
1954,0.0021778283518239716
1955,0.0021777509381611057
1956,0.002177704803134949
1957,0.002177650484548513
1958,0.0021775949207778586
1959,0.0021774795226682103
1960,0.0021774263958480467
1961,0.002177371225219679
1962,0.002177300793624406
1963,0.0021772122997799643
1964,0.002177152979628539
1965,0.0021770886396980573
1966,0.0021770248246304534
1967,0.002176962721322935
1968,0.002176844038634032
1969,0.0021767331362703363
1970,0.0021766342781973204
1971,0.0021765843874997533
1972,0.0021765110153284476
1973,0.00217645241250632
1974,0.0021763663832276617
1975,0.0021762694863562
1976,0.002176227617616433
1977,0.002176165553011683
1978,0.00217608750149598
1979,0.002175939559969575
1980,0.0021760516022220084
1981,0.0021758983203581743
1982,0.002175830247480292
1983,0.0021757410900208767
1984,0.0021756181754350764
1985,0.002175619442405973
1986,0.002175550487149503
1987,0.0021754619485966193
1988,0.002175373567586376
1989,0.0021752853804314037
1990,0.002175168180059764
1991,0.0021750732971859334
1992,0.0021749944024305177
1993,0.0021748997251981412
1994,0.002174834549111578
1995,0.002174730792273491
1996,0.0021746306059930304
1997,0.0021745589807202963
1998,0.002174446952539729
1999,0.0021743830118243347
2000,0.0021743095994240665
2001,0.002174249427530082
2002,0.0021741953575326266
2003,0.002174091687338073
2004,0.0021740627362784753
2005,0.002173980743723528
2006,0.0021739486397106948
2007,0.002173900221072644
2008,0.0021738272823704054
2009,0.0021737489221318224
2010,0.0021736767231681085
2011,0.002173606599260992
2012,0.002173500333373936
2013,0.0021734367159520537
2014,0.0021733282914350675
2015,0.002173286934628483
2016,0.0021732605280049464
2017,0.0021732387427490516
2018,0.0021731196917269134
2019,0.0021729515371125903
2020,0.0021729938623936827
2021,0.0021728827360019093
2022,0.0021728101485046776
2023,0.0021727575124332434
2024,0.0021726650411343865
2025,0.002172591589622144
2026,0.002172517095299051
2027,0.002172392668713032
2028,0.0021722980728215604
2029,0.002172343749469965
2030,0.0021722332533090894
2031,0.0021721406372544054
2032,0.0021720523035000327
2033,0.0021719309189045617
2034,0.002171851440414565
2035,0.002171745558190558
2036,0.002171676855072285
2037,0.0021716062888049274
2038,0.0021715117508946
2039,0.0021713608009233942
2040,0.002171202652848893
2041,0.0021712452264766088
2042,0.0021711135708050323
2043,0.0021709901500344833
2044,0.0021709085408992967
2045,0.0021707989240514914
2046,0.0021706884470832463
2047,0.0021706126205942844
2048,0.0021705160760920133
2049,0.0021703870351845937
2050,0.002170225151798711
2051,0.002170053180812171
2052,0.0021699660944939953
2053,0.0021698605160471963
2054,0.002169797491726926
2055,0.002169703205352147
2056,0.0021695831205301675
2057,0.0021695276825920724
2058,0.002169469757089041
2059,0.002169346750233562
2060,0.0021692943137564024
2061,0.002169185068858551
2062,0.002169084224908813
2063,0.002168972974257971
2064,0.0021688770190649125
2065,0.002168801189892029
2066,0.0021687442122055476
2067,0.002168651309421201
2068,0.0021685644917085016
2069,0.002168511206774808
2070,0.0021683986149088692
2071,0.0021687530821499056
2072,0.0021683518413196604
2073,0.002168266134930182
2074,0.0021682190864916358
2075,0.0021681627279576967
2076,0.0021680945691570667
2077,0.0021680161049429042
2078,0.0021679631957948983
2079,0.0021678712439052524
2080,0.00216777338649035
2081,0.002167720789849558
2082,0.0021676264101357233
2083,0.0021675190651551887
2084,0.002167445299073217
2085,0.00216732072760987
2086,0.0021672614822113917
2087,0.0021671619980631884
2088,0.0021669649952518327
2089,0.002167102640654072
2090,0.0021668611512741824
2091,0.002166702747620915
2092,0.0021665967698703986
2093,0.0021665005716425623
2094,0.0021664045491322833
2095,0.0021662996995112298
2096,0.0021662049761228077
2097,0.0021660317566549172
2098,0.002166352754653085
2099,0.002165962433518688
2100,0.002165861016841246
2101,0.002165766196023908
2102,0.0021656720566536306
2103,0.0021655614862218257
2104,0.002165419279801129
2105,0.002165315854067273
2106,0.002165160831866332
2107,0.0021651170263617715
2108,0.0021649269573892323
2109,0.002164858676340436
2110,0.002164762483762954
2111,0.002164764299858519
2112,0.0021647051375638126
2113,0.002164617394270519
2114,0.0021644823411592507
2115,0.0021645065589134
2116,0.0021644360377812088
2117,0.0021643631834208166
2118,0.002164293169535778
2119,0.0021642113853461314
2120,0.0021640982834349918
2121,0.0021641676617143463
2122,0.002164038614587522
2123,0.0021639267167838506
2124,0.0021638529661989056
2125,0.0021637722477992173
2126,0.0021636900215363697
2127,0.002163558243799822
2128,0.0021634062028958343
2129,0.0021635440026663644
2130,0.002163329732412424
2131,0.0021632125974135057
2132,0.002163151378748369
2133,0.0021630141310497956
2134,0.002163111415509923
2135,0.002162969698297792
2136,0.0021628777828825037
2137,0.002162799366764452
2138,0.0021626958133987946
2139,0.0021625632034396984
2140,0.002163118694937091
2141,0.0021625329245160752
2142,0.002162441913537271
2143,0.00216237278226941
2144,0.0025510341182665435
2145,0.002531761447034069
2146,0.0025160732759130964
2147,0.002509407485497568
2148,0.002500926374859704
2149,0.0024943975051321243
2150,0.0024841914288547006
2151,0.002485362846273668
2152,0.0024783732376450454
2153,0.002471682007101108
2154,0.0024645097866600497
2155,0.0024562641224662985
2156,0.0024534420834083975
2157,0.002442616265519609
2158,0.002438275522099109
2159,0.0024318262960082953
2160,0.002422722407095665
2161,0.0024217111310918965
2162,0.0024166991986388072
2163,0.002407261705962308
2164,0.0024026011943406
2165,0.0023969311048500554
2166,0.002391357132465459
2167,0.002382560812411451
2168,0.0023827421499909318
2169,0.0023784794875595277
2170,0.0023733951351847023
2171,0.0023693531173970554
2172,0.0023633133605673617
2173,0.0023583324367268954
2174,0.002352192303976933
2175,0.002348208033333987
2176,0.0023447347019809827
2177,0.002337285233371802
2178,0.002343297974954169
2179,0.002334726436496395
2180,0.0023305665150049467
2181,0.002327632796584639
2182,0.0023235875509793787
2183,0.002320146185941137
2184,0.0023165147462910086
2185,0.0023129476684775963
2186,0.0023108180313587993
2187,0.002307929490045911
2188,0.0023055494756058018
2189,0.0023029941135503866
2190,0.0023005216547634147
2191,0.0022978157295136417
2192,0.00229573922318461
2193,0.0022930863339978495
2194,0.0022904150344700423
2195,0.002286991981994995
2196,0.002283884817525921
2197,0.0022819002972474575
2198,0.0022787053285242133
2199,0.0022760861170794495
2200,0.0022737474843037885
2201,0.002271409791828145
2202,0.0022700094108713104
2203,0.0022686791110609187
2204,0.0022672248804244213
2205,0.002266701173804622
2206,0.002266117978877522
2207,0.0022654911996610105
2208,0.0022643899440491742
2209,0.002263249172440594
2210,0.002262392742431524
2211,0.002261820065867248
2212,0.002260681960506066
2213,0.0022604074629889006
2214,0.0022593891594334006
2215,0.0022587723900996523
2216,0.002258181571597845
2217,0.0022574644080564595
2218,0.0022564855564432456
2219,0.0022551835663612036
2220,0.002254555698983697
2221,0.0022539945941670377
2222,0.0022532846270927136
2223,0.0022515523338116836
2224,0.0022527484169395737
2225,0.0022508695058676424
2226,0.0022498802409433236
2227,0.0022490435310463562
2228,0.002248104553703172
2229,0.0022469714197377744
2230,0.0022458781129194166
2231,0.002245245386823677
2232,0.002244642371479272
2233,0.002243964853371108
2234,0.002243219521250579
2235,0.0022420314878476544
2236,0.0022424288007969672
2237,0.002241394610907772
2238,0.0022402390588943943
2239,0.002239356998233547
2240,0.0022382800071204367
2241,0.0022375111862713683
2242,0.002236405935166026
2243,0.002235521256209832
2244,0.0022345743243555533
2245,0.0022336004448270707
2246,0.002232611183369534
2247,0.0022319562838179277
2248,0.0022311320111350194
2249,0.002230508117368462
2250,0.0022297292465568532
2251,0.0022291123371174617
2252,0.0022285285564570207
2253,0.002228063732996174
2254,0.0022273654947191183
2255,0.002226645428706056
2256,0.002226169031942294
2257,0.0022251687380859704
2258,0.0022351115841260528
2259,0.002224983877294187
2260,0.0022243900026365864
2261,0.0022240335100923007
2262,0.0022235937570352507
2263,0.0022230790086748575
2264,0.002223229700178509
2265,0.0022227108003220037
2266,0.002222165679446494
2267,0.002221868179797643
2268,0.002221197828319202
2269,0.002220610315776679
2270,0.002220282801456951
2271,0.002219948703536196
2272,0.0022196886016821547
2273,0.002219302130362431
2274,0.002218528299662527
2275,0.0022205731767901866
2276,0.0022183527562208787
2277,0.0022178286516657984
2278,0.002217411521768315
2279,0.0022167913203360885
2280,0.0022164070242371055
2281,0.002215976763471017
2282,0.0022155694498360036
2283,0.002215238578042532
2284,0.0022144504398717924
2285,0.0022142371270551325
2286,0.002213488874003109
2287,0.002213258850160949
2288,0.002212904639180848
2289,0.0022123366289305965
2290,0.0022117116923444048
2291,0.0022111848885914454
2292,0.002210529764097917
2293,0.002210092982626907
2294,0.002209685399528258
2295,0.0022090933376039917
2296,0.002208790954202536
2297,0.0022084520297902263
2298,0.0022078223709844453
2299,0.002207555337145831
2300,0.002206805309707659
2301,0.002206422605518939
2302,0.002205981847211641
2303,0.0022057261236657754
2304,0.002205426671394477
2305,0.0022050548728397403
2306,0.002204694260595313
2307,0.0022044301478308854
2308,0.0022040777825697738
2309,0.0022037605792862847
2310,0.0022034259426337087
2311,0.0022031369744408024
2312,0.0022028285109185596
2313,0.0022024080243301376
2314,0.002202120647013308
2315,0.0022018151482057105
2316,0.0022016354294296676
2317,0.0022014663847644937
2318,0.0022012625972293197
2319,0.0022008754111579134
2320,0.0022007409616066715
2321,0.0022005560809299895
2322,0.0022003614762337188
2323,0.0022000965100879176
2324,0.0021998025639597585
2325,0.002199524229128453
2326,0.0021994122376822085
2327,0.002199103872729105
2328,0.002198745562045615
2329,0.0021993016310520187
2330,0.0021985937621031835
2331,0.00219838849074773
2332,0.0021982266959950153
2333,0.0021979983144990284
2334,0.002197597073170602
2335,0.0021978369637291454
2336,0.002197412366908758
2337,0.002197042265373129
2338,0.002196808379852723
2339,0.0021964895541213376
2340,0.0021964226600993133
2341,0.002196152395172028
2342,0.002196009524670385
2343,0.002195832398277947
2344,0.002195550460188302
2345,0.00219556248939598
2346,0.0021953528028314227
2347,0.0021950182395803802
2348,0.002194808654408799
2349,0.0021945630923624745
2350,0.0021944192214224116
2351,0.0021941567989890156
2352,0.0021938963128975727
2353,0.002193687330675122
2354,0.0021933224287134147
2355,0.0021934724491367006
2356,0.0021931266949344473
2357,0.00219277704509481
2358,0.002192558833953716
2359,0.002192308633051571
2360,0.002192099463514982
2361,0.002191913628791635
2362,0.002191608253992291
2363,0.0021914714322460106
2364,0.0021912986817245426
2365,0.0021910162776451565
2366,0.0021908468989394925
2367,0.0021907396197139222
2368,0.002190449394277494
2369,0.002190341222363685
2370,0.002190187566644079
2371,0.002189959719683351
2372,0.0021903881657199704
2373,0.002189835697702139
2374,0.0021896381058503006
2375,0.0021894932769807008
2376,0.0021895106974765283
2377,0.0021893910262743292
2378,0.0021892294007375503
2379,0.0021890567424903045
2380,0.0021888816045240265
2381,0.0021886736269407887
2382,0.002189042390458199
2383,0.0021885922928544643
2384,0.002188417883563873
2385,0.0021883068878318
2386,0.0021881663873079345
2387,0.002188016721366789
2388,0.0021878532945650937
2389,0.0021878115379762
2390,0.0021876231069695674
2391,0.0021875802728176176
2392,0.0021875518472032184
2393,0.0021874121862026454
2394,0.00218724476255325
2395,0.0021868240154516217
2396,0.0021870388445233333
2397,0.002186726235419281
2398,0.0021866321152421908
2399,0.0021864048563869027
2400,0.0021862215979576846
2401,0.0021860101674880533
2402,0.0021858480682433452
2403,0.0021857053016271742
2404,0.0021855490612614973
2405,0.0021853359194989566
2406,0.00218495142798014
2407,0.0021857899661991364
2408,0.002184822582699214
2409,0.0021845930581690315
2410,0.0021844270377012662
2411,0.0021842116463346986
2412,0.0021840318317967763
2413,0.002183808185593326
2414,0.002183650207015908
2415,0.002183509284561584
2416,0.0021833403919973983
2417,0.0021831017663151097
2418,0.0021829731766654574
2419,0.002182799348306526
2420,0.0021826716302393353
2421,0.0021824798583716617
2422,0.002182214917105108
2423,0.002182249894016095
2424,0.0021820687736557195
2425,0.0021818597813911666
2426,0.002181708787281566
2427,0.002181569210739154
2428,0.0021814178873753665
2429,0.0021812951748339336
2430,0.0021810911607489415
2431,0.0021809663856298405
2432,0.0021808381361750908
2433,0.0021806882682289187
2434,0.002180545298467948
2435,0.0021804978892821882
2436,0.0021803562458416687
2437,0.0021802959054048974
2438,0.002180214466115798
2439,0.002180066433125398
2440,0.002179955307068574
2441,0.0021797258117626584
2442,0.002179643983433724
2443,0.0021795327287233786
2444,0.002179352431691963
2445,0.002179256387075992
2446,0.002179020099086121
2447,0.0021789540322483688
2448,0.0021788849771750564
2449,0.002178767022854522
2450,0.0021785589130252046
2451,0.002178316990416674
2452,0.0021784186748731176
2453,0.002178210154422494
2454,0.0021780572287312503
2455,0.002177936662274543
2456,0.0021777715703473395
2457,0.0021776245082002015
2458,0.0021774726208008796
2459,0.002177386185147561
2460,0.002177271278017282
2461,0.002177122379218703
2462,0.002176913156961404
2463,0.0021767348479058216
2464,0.0021766102928091374
2465,0.0021764934879752737
2466,0.0021763666085363453
2467,0.0021761596550629735
2468,0.0021759481950897365
2469,0.002175839126123387
2470,0.0021756748946018785
2471,0.0021755647943548493
2472,0.002175457494556138
2473,0.0021753146196913063
2474,0.0021752228316668323
2475,0.002175019879834754
2476,0.0021748816700935306
2477,0.0021747096554645476
2478,0.002174634855899588
2479,0.002174514726580338
2480,0.002174459678363132
2481,0.002174291664228619
2482,0.0021742095599731393
2483,0.002174112824008149
2484,0.0021739897427845226
2485,0.002173905748859048
2486,0.002173723804135981
2487,0.00217366930836411
2488,0.0021735730560370776
2489,0.002173830934009687
2490,0.0021735205816350417
2491,0.0021734383912674527
2492,0.0021733560672328213
2493,0.002173272574686254
2494,0.002173147153126202
2495,0.0021731352375500743
2496,0.0021730609345265066
2497,0.0021729784554275345
2498,0.002172897035160941
2499,0.0021728169194512176
2500,0.0021726181112263067
2501,0.002172929261687269
2502,0.0021725517235914506
2503,0.002172430213635363
2504,0.0021723504748483754
2505,0.0021722679741708805
2506,0.0021721945396827296
2507,0.002172029654531991
2508,0.0021719264122653653
2509,0.002171890615013439
2510,0.002171724466921915
2511,0.002171673695864651
2512,0.0021715934462084854
2513,0.0021714724523115157
2514,0.002171409613033696
2515,0.0021712059322674675
2516,0.002171144889819477
2517,0.0021710327960351924
2518,0.002170887380703028
2519,0.002170765633603125
2520,0.0021706381697557055
2521,0.002170551448632219
2522,0.0021704224252460103
2523,0.002170301335973431
2524,0.0021701433647013215
2525,0.002170066168857799
2526,0.002169938349723895
2527,0.0021698013871619365
2528,0.0021696386305073093
2529,0.002169520280379952
2530,0.0021694248529973703
2531,0.0021693196060123933
2532,0.0021691778765738075
2533,0.002168990078131402
2534,0.0021689009389858757
2535,0.0021687972770095564
2536,0.0021687836106540114
2537,0.0021686339451833505
2538,0.002168568727779189
2539,0.002168503476745758
2540,0.0021683932501697927
2541,0.002168173254184758
2542,0.002168171701222911
2543,0.002168051620383553
2544,0.0021679731618233955
2545,0.0021679375313390444
2546,0.002167868354354835
2547,0.0021678272406614337
2548,0.002167799948715843
2549,0.002167778220297544
2550,0.0021676818905986698
2551,0.0021675350691049322
2552,0.002167376433544443
2553,0.0021673849257950024
2554,0.002167298252529335
2555,0.002167265640600182
2556,0.0021672435526618804
2557,0.0021671243840371626
2558,0.002166999123753988
2559,0.0021668589488742554
2560,0.0021667274500070054
2561,0.0021666475532664247
2562,0.0021665376081423117
2563,0.0021664911429477504
2564,0.002166387697503535
2565,0.002166237176028419
2566,0.0021665297307982083
2567,0.0021661843794386236
2568,0.0021661036011476663
2569,0.002166050389594972
2570,0.002165950906741957
2571,0.002165974897085203
2572,0.0021658968768167013
2573,0.0021658036717131087
2574,0.0021656912144824474
2575,0.0021655578846553405
2576,0.00216559406433025
2577,0.002165499047426499
2578,0.002165395443947828
2579,0.0021653092103771586
2580,0.002165176051842622
2581,0.0021651248288783224
2582,0.0021649805926843295
2583,0.0021649160879004116
2584,0.002164825206058332
2585,0.002164688036731238
2586,0.002164564109679801
2587,0.002164306725373198
2588,0.0021641908914179866
2589,0.0021640153872288124
2590,0.0021640063129855346
2591,0.0021639449271613704
2592,0.0021638312228228545
2593,0.0021636706466687593
2594,0.002163565262396629
2595,0.002163458416559647
2596,0.0021633683548951976
2597,0.0021632387074822456
2598,0.0021631334975136295
2599,0.002163024471554158
2600,0.0021630292139715327
2601,0.0021629246857600456
2602,0.002162809650457386
2603,0.0021627541556090077
2604,0.0021627159962286147
2605,0.0021626847740793017
2606,0.0021625212684529826
2607,0.002162350134815819
2608,0.002162457312816033
2609,0.0021622052018013126
2610,0.0021620346868509175
2611,0.002161964352393326
2612,0.0021618460156545777
2613,0.002161856464706937
2614,0.0021617920052469214
2615,0.002161764119659661
2616,0.002161747083933254
2617,0.0021617327281009133
2618,0.0021616442224044632
2619,0.0021615860841412405
2620,0.002161481792262949
2621,0.002161432260108143
2622,0.0021613755760858788
2623,0.002161324366767502
2624,0.0021612831193518565
2625,0.0021612581800769565
2626,0.00216123816348558
2627,0.002161129405582733
2628,0.002161019824515489
2629,0.0021609354584039503
2630,0.0021608036697191003
2631,0.0021607616562318716
2632,0.0021606934073672836
2633,0.002160597931570304
2634,0.0021604732182058297
2635,0.002160331912371594
2636,0.002160245053581227
2637,0.002160149926938362
2638,0.0021600941845546723
2639,0.0021600239749872733
2640,0.002159892117566387
2641,0.002160019147558785
2642,0.0021598177848017965
2643,0.0021596973002004478
2644,0.002159601758821442
2645,0.0021595531765378558
2646,0.0021594494111000216
2647,0.0021593529074062402
2648,0.0021592579955246357
2649,0.0021591387172539694
2650,0.0021590157370839596
2651,0.0021588536255434474
2652,0.002158794474112967
2653,0.002158693036656623
2654,0.002158555304996063
2655,0.0021584700123509883
2656,0.0021582678331959534
2657,0.0021581914686356757
2658,0.002158090613551855
2659,0.002157982023599793
2660,0.002157862281417158
2661,0.0021577121530240062
2662,0.002157634132969914
2663,0.002157561189977046
2664,0.0021575121925020615
2665,0.0021574739361274256
2666,0.0021574419607801377
2667,0.002157266572626862
2668,0.0021571852556881072
2669,0.0021570732111829975
2670,0.0021569909511656186
2671,0.002156949605550996
2672,0.002156897729948454
2673,0.002156861973999362
2674,0.0021567025026636016
2675,0.0021566005500799866
2676,0.0021564734168239745
2677,0.0021564340185334725
2678,0.002156375065297084
2679,0.002156308032905124
2680,0.0021562521081187947
2681,0.00215617909130689
2682,0.002156107060494032
2683,0.0021560120171864425
2684,0.002155929936099142
2685,0.002155872604688814
2686,0.002155824414180144
2687,0.002155769552239342
2688,0.002155700104609173
2689,0.0021555887798098148
2690,0.002155826781403284
2691,0.002155545218330261
2692,0.002155467640077153
2693,0.002155399333530051
2694,0.002155292610719134
2695,0.0021551800576237305
2696,0.002155177356669503
2697,0.0021551105267811448
2698,0.0021550418588548825
2699,0.0021549912833955876
2700,0.002154930987768544
2701,0.0021548551232924624
2702,0.0021547620349837396
2703,0.0021546947696545766
2704,0.002154654754972172
2705,0.002154613815398905
2706,0.0021545670356312814
2707,0.002154535411904801
2708,0.0021543910367588567
2709,0.002154694316175515
2710,0.0021543682223840476
2711,0.0021543483621939987
2712,0.0021543325571018743
2713,0.0021542446125120394
2714,0.0021541640503034264
2715,0.0021539926270922123
2716,0.002154092184027661
2717,0.0021539282169751256
2718,0.0021538548216207304
2719,0.002153768785617623
2720,0.002153671198353418
2721,0.0021535540980194695
2722,0.0021534640664867457
2723,0.002153387015458059
2724,0.002153305121048571
2725,0.002153253600491227
2726,0.002153184240795398
2727,0.0021530966651689618
2728,0.0021530421973944783
2729,0.002152912533167856
2730,0.0021528986306507364
2731,0.0021528357288082035
2732,0.002152765239782642
2733,0.0021526855592362156
2734,0.002152617658133328
2735,0.0021525334520717983
2736,0.00215246707330637
2737,0.002152397930477014
2738,0.0021523539175452057
2739,0.0021522848858045334
2740,0.0021522172953405408
2741,0.0021521805746453158
2742,0.002152131992657555
2743,0.002152078031943076
2744,0.002152018197330123
2745,0.0021519510777920367
2746,0.002152042764614818
2747,0.0021519239854948195
2748,0.002151865934088752
2749,0.0021518314203030214
2750,0.0021518106536758887
2751,0.0021517931438394407
2752,0.0021516870449268762
2753,0.0021515831327347007
2754,0.0021516543689082688
2755,0.0021515322148585605
2756,0.0021514737170534744
2757,0.002151442542367547
2758,0.002151424641661582
2759,0.002151409348006095
2760,0.0021513170899020505
2761,0.0021513404799102386
2762,0.0021512709698225407
2763,0.002151236459424909
2764,0.0021511952342563394
2765,0.0021511699527049836
2766,0.0021511487048923856
2767,0.0021510267084160696
2768,0.002151082349895372
2769,0.002150980906067308
2770,0.0021509231879256944
2771,0.0021508700741728593
2772,0.0021508124345721064
2773,0.0021507556312614787
2774,0.0021506965977215083
2775,0.0021506455428906644
2776,0.002150578674150656
2777,0.0021505527734800795
2778,0.0021505361538668197
2779,0.0021505221684625215
2780,0.00215043979198922
2781,0.0021503378596240733
2782,0.0021503088943268297
2783,0.0021502271337655358
2784,0.0021501956779678743
2785,0.0021501568039914406
2786,0.0021501326965935644
2787,0.002150112826808046
2788,0.002150007300277774
2789,0.002149909969579662
2790,0.0021498931011447236
2791,0.0021498340455697444
2792,0.002149805407757908
2793,0.0021497852910463944
2794,0.0021496915652654547
2795,0.0021495880646665933
2796,0.002149505815853864
2797,0.002149413633046965
2798,0.002149323335295058
2799,0.0021492523473294676
2800,0.0021491940239221708
2801,0.002149157077215692
2802,0.0021490915701179824
2803,0.002149033284955864
2804,0.0021489660052605433
2805,0.002148909160854723
2806,0.0021488537984052074
2807,0.0021488325250276245
2808,0.0021487424112049155
2809,0.0021487141512596384
2810,0.0021487000211041275
2811,0.0021486886339507605
2812,0.0021486235278645616
2813,0.0021485611429713307
2814,0.0021484829396811547
2815,0.002148445450697526
2816,0.002148390782796072
2817,0.0021483386737000815
2818,0.002148282955955335
2819,0.002148249732072745
2820,0.002148235571551097
2821,0.0021482247907513054
2822,0.0021481661450451256
2823,0.002148104882908879
2824,0.0021480338705821716
2825,0.002148017533111664
2826,0.002147965467491051
2827,0.002147937627091334
2828,0.0021479209103053435
2829,0.0021479073093380366
2830,0.0021478378174102602
2831,0.0021477589999256107
2832,0.002147868888539116
2833,0.002147721055813952
2834,0.002147677292794903
2835,0.0021476433473336764
2836,0.0021476223797429112
2837,0.0021476053026659226
2838,0.002147519817463584
2839,0.002147477982132197
2840,0.002147429103970207
2841,0.002147410360240267
2842,0.0021473976285730223
2843,0.0021473242200795474
2844,0.002147227536446514
2845,0.002147194548804071
2846,0.0021471152387437936
2847,0.002147094052977467
2848,0.0021470819674751646
2849,0.002147071937754554
2850,0.0021470151919362568
2851,0.0021469437965356483
2852,0.002146878925575857
2853,0.002146854327073829
2854,0.0021468021876978396
2855,0.00214676920162884
2856,0.002146750911581453
2857,0.0021467364397758358
2858,0.002146671159758941
2859,0.002146598154829808
2860,0.0021465332764981186
2861,0.002146477094612113
2862,0.0021464374152412305
2863,0.0021464051428015767
2864,0.0021463748700238784
2865,0.0021463362435623226
2866,0.0021463127076792395
2867,0.002146293388810073
2868,0.0021462768718683743
2869,0.002146262410481191
2870,0.0021462496006956445
2871,0.0021462382720391525
2872,0.002146228464318806
2873,0.0021462174154582036
2874,0.002146159921448315
2875,0.0021461012728181223
2876,0.002146006183581893
2877,0.0021459342018263473
2878,0.0021458646501086387
2879,0.0021457962953019623
2880,0.0021457655668710622
2881,0.002145726179768548
2882,0.0021456835166146835
2883,0.0021456423589336325
2884,0.0021455774144602396
2885,0.002145628959113781
2886,0.002145532578912377
2887,0.002145465543204852
2888,0.0021454067088389176
2889,0.0021453220118829884
2890,0.0021452685849217387
2891,0.0021451796685651773
2892,0.002145123974620479
2893,0.002145082452716005
2894,0.0021450286152649724
2895,0.0021449686136923722
2896,0.0021449738197094415
2897,0.002144941756646364
2898,0.0021449047822934024
2899,0.0021448756951791166
2900,0.002144860001277941
2901,0.0021448468824353155
2902,0.0021447725823903604
2903,0.002144694688549596
2904,0.0021447431334106716
2905,0.0021446358523927117
2906,0.0021446009180805677
2907,0.0021445711966648026
2908,0.002144555978708944
2909,0.0021445456790442465
2910,0.002144487966415354
2911,0.002144423498888178
2912,0.002144505896444062
2913,0.002144400676335983
2914,0.002144373139569985
2915,0.0021443415967821997
2916,0.002144321650993258
2917,0.0021442362796356036
2918,0.002144168126146976
2919,0.0021441137298251877
2920,0.002144071847394496
2921,0.002144044867380784
2922,0.0021440232879629596
2923,0.0021439223412510694
2924,0.002143842013426597
2925,0.00214378820982213
2926,0.0021437336798016357
2927,0.0021436778737080153
2928,0.002143615666879385
2929,0.0021435934173369055
2930,0.002143580493562604
2931,0.0021435697958557434
2932,0.0021435106776048853
2933,0.0021434436448457012
2934,0.0021434786951306083
2935,0.0021434181603944827
2936,0.0021433839707340513
2937,0.0021433477007050416
2938,0.0021433275151239205
2939,0.0021433112064787978
2940,0.0021432270569118578
2941,0.0021432418196673676
2942,0.0021431897851977425
2943,0.0021431407984213425
2944,0.002143078632075249
2945,0.0021430587992642804
2946,0.0021430243217568034
2947,0.0021429891508086395
2948,0.002142948980080958
2949,0.002142896482617098
2950,0.002142797316990535
2951,0.0021428465662344993
2952,0.002142748301131301
2953,0.0021426847845623606
2954,0.0021426382651580796
2955,0.0021425917333787745
2956,0.002142512737640782
2957,0.002142471212821388
2958,0.0021424166201768685
2959,0.002142377874579602
2960,0.002142324129838573
2961,0.002142276099471952
2962,0.00214219255726227
2963,0.0021421488649992597
2964,0.0021420988022924185
2965,0.0021420308478773617
2966,0.0021419870694186893
2967,0.002141886972376239
2968,0.002141843200976455
2969,0.0021418063160757055
2970,0.002141818853588198
2971,0.0021417856022425486
2972,0.002141754162086012
2973,0.0021417374526748936
2974,0.002141724545637383
2975,0.0021417137678457388
2976,0.0021416534991676546
2977,0.002141587008362891
2978,0.00214151547747096
2979,0.00214150009278172
2980,0.0021414505754521083
2981,0.002141431129600523
2982,0.0021414199510245467
2983,0.002141410811556263
2984,0.002141360881626156
2985,0.002141307762175318
2986,0.002141282112964568
2987,0.002141219323308204
2988,0.0021411898376722
2989,0.0021411592159180396
2990,0.002141127456759828
2991,0.0021411117868186465
2992,0.0021410991482256106
2993,0.002141031769115024
2994,0.0021410052128299738
2995,0.002140962914698343
2996,0.002140928307030347
2997,0.002140895942996717
2998,0.0021408785758309573
2999,0.002140864911107369
3000,0.0021408026529893126
3001,0.002140760538295259
3002,0.002140733070494472
3003,0.002140711569150278
3004,0.002140695632538609
3005,0.0021406914424258756
3006,0.0021406743386666823
3007,0.0021406659657473136
3008,0.0021406016537392834
3009,0.0021410097262897164
3010,0.002140559886317801
3011,0.0021404829510533146
3012,0.0021404574957681667
3013,0.0021404383356283174
3014,0.0021404223056506553
3015,0.002140408929120016
3016,0.002140399041418494
3017,0.002140388359973047
3018,0.0021403810106688163
3019,0.002140374777059048
3020,0.002140335287539616
3021,0.002140266003209418
3022,0.0021401943999890226
3023,0.0021401301172041527
3024,0.0021400910999655543
3025,0.002140049180573596
3026,0.002139973874464739
3027,0.0021399254850593954
3028,0.002139859603844026
3029,0.002139837881747176
3030,0.0021398262075929477
3031,0.002139816520079598
3032,0.002139759745016373
3033,0.0021396795340338478
3034,0.002139628567911809
3035,0.002139517166955399
3036,0.002139479515324281
3037,0.002139454885728101
3038,0.002139434198460463
3039,0.0021394160986733745
3040,0.002139399905178562
3041,0.00213938519629092
3042,0.002139371689818478
3043,0.0021393591887791815
3044,0.0021393475517037944
3045,0.002139336675973957
3046,0.002139326486814028
3047,0.002139315590974839
3048,0.0021392610866376458
3049,0.002139193428631248
3050,0.002139073227814747
3051,0.0021390667324191876
3052,0.0021390371811425336
3053,0.0021390004176677535
3054,0.002138977352867672
3055,0.002138958948385592
3056,0.0021388697104225882
3057,0.0021387836562064225
3058,0.0021386753520417465
3059,0.0021386138322760386
3060,0.0021385590899194746
3061,0.0021384887430314493
3062,0.00213843996149871
3063,0.0021383996089824695
3064,0.0021383758487892434
3065,0.0021383571316053343
3066,0.0021382629819115865
3067,0.002138180504426827
3068,0.0021381328442551368
3069,0.0021380648422954836
3070,0.002138035117068099
3071,0.0021379878470866335
3072,0.0021379356211185477
3073,0.0021378885805135345
3074,0.0021378462006837245
3075,0.0021378214260953433
3076,0.0021378028912660855
3077,0.0021377879115340665
3078,0.0021377150505755126
3079,0.002137658301936383
3080,0.002137627199144301
3081,0.0021375800805741177
3082,0.0021375658756060795
3083,0.0021375561004313365
3084,0.002137507912488338
3085,0.002137464060987718
3086,0.002137437463856252
3087,0.0021374170109081793
3088,0.002137401675875706
3089,0.0021373845373260565
3090,0.0021372958520869045
3091,0.0021372235487124797
3092,0.002137207208229861
3093,0.0021371752682356987
3094,0.0021371436763796626
3095,0.00213712731726343
3096,0.00213711420553478
3097,0.0021370511697188835
3098,0.0021369950805770785
3099,0.0021369452765461123
3100,0.0021369245354237463
3101,0.0021369105364238924
3102,0.002136898963192843
3103,0.0021368344914134427
3104,0.0021367682922709456
3105,0.0021367137023998992
3106,0.002136676294524306
3107,0.0021366347828364433
3108,0.002136595820214943
3109,0.002136567914157368
3110,0.002136533873615835
3111,0.002136515651049717
3112,0.0021365017142541613
3113,0.00213643907736155
3114,0.002136397037260058
3115,0.002136344509661304
3116,0.0021362838221751497
3117,0.0021362138780837703
3118,0.002136110104911129
3119,0.002136140972389493
3120,0.0021360660869124185
3121,0.002136007812523735
3122,0.002135971517308459
3123,0.0021359195658164714
3124,0.0021358415375995208
3125,0.002135761489178363
3126,0.0021356663102779006
3127,0.0021356002775970323
3128,0.002135533054803166
3129,0.0021354837501932674
3130,0.002135414851807856
3131,0.002135386360019428
3132,0.00213531139712402
3133,0.002135263578562761
3134,0.0021352109196530783
3135,0.002135126835114788
3136,0.002134986929121639
3137,0.0021349304231608845
3138,0.0021348317253017794
3139,0.002134790073384019
3140,0.002134736867272533
3141,0.0021346623607165923
3142,0.002134601992081588
3143,0.0021345513977759347
3144,0.0021345192467409095
3145,0.0021344966945564996
3146,0.002134477236053333
3147,0.0021344598569256264
3148,0.002134363061243902
3149,0.0021342857571406805
3150,0.002134243408127828
3151,0.0021341879021943982
3152,0.0021341343274718393
3153,0.0021343070725652544
3154,0.002134107203030219
3155,0.0021340490626204295
3156,0.0021339951731016707
3157,0.0021339357661378333
3158,0.0021338783055345964
3159,0.0021338168372773475
3160,0.0021337766651087216
3161,0.0021337228476923827
3162,0.00213367191849992
3163,0.0021336253996637983
3164,0.002133593208106263
3165,0.0021335670559230824
3166,0.0021335496765150885
3167,0.0021335262211914937
3168,0.0021335064354962457
3169,0.002133372900831864
3170,0.0021332519034723105
3171,0.00213337388242654
3172,0.0021332233120317868
3173,0.0021331824142740005
3174,0.00213315623431282
3175,0.0021331354977306154
3176,0.0021330440346814684
3177,0.002132969226935846
3178,0.002132913578208692
3179,0.0021328678407068107
3180,0.002132842235156779
3181,0.002132825705329416
3182,0.0021328124036449248
3183,0.002132746703479104
3184,0.002132679045935994
3185,0.0021326135392409065
3186,0.0021325680274912953
3187,0.0021325348610964296
3188,0.002132514551521933
3189,0.002132497746162718
3190,0.0021324002098034958
3191,0.0021322991101710765
3192,0.0021323290906118584
3193,0.002132254864600628
3194,0.002132204121638118
3195,0.002132165895652524
3196,0.002132103032879801
3197,0.002132013194497809
3198,0.002132023316677974
3199,0.0021319585675145364
3200,0.0021319021523565213
3201,0.002131842046178877
3202,0.0021317839881655675
3203,0.0021317195454014933
3204,0.002131653284242024
3205,0.0021315639594779966
3206,0.0021314979756824094
3207,0.0021314221824685533
3208,0.0021313642137984743
3209,0.0021313027414141135
3210,0.002131258519469179
3211,0.0021312351324439447
3212,0.0021312176724211725
3213,0.0021312031453432734
3214,0.002131121139017764
3215,0.002131037400753214
3216,0.0021309839277658268
3217,0.0021308833405131165
3218,0.002130843304261535
3219,0.0021308195966920434
3220,0.002130800418378744
3221,0.00213070501482214
3222,0.0021306391174340075
3223,0.002130569368106055
3224,0.0021305309643600947
3225,0.002130500431257407
3226,0.0021304620266871634
3227,0.0021304377243904077
3228,0.002130419568231156
3229,0.0021304049769334853
3230,0.002130335234232613
3231,0.0021302597656349715
3232,0.0021301757377367434
3233,0.0021301005903394065
3234,0.0021300541037013662
3235,0.002130024119938954
3236,0.0021300074562145993
3237,0.002129983853597219
3238,0.0021299676866038484
3239,0.002129954522948387
3240,0.00212988760163798
3241,0.0021298198968618762
3242,0.002129710298683418
3243,0.0021296439306746537
3244,0.002129578050949231
3245,0.002129489783855894
3246,0.0021294908064953483
3247,0.002129451830996836
3248,0.002129425050011566
3249,0.0021294077034362522
3250,0.0021293936741707876
3251,0.0021293230107664062
3252,0.002129241394285671
3253,0.0021291897649263285
3254,0.0021291608939233305
3255,0.002129131058322607
3256,0.002129112607506784
3257,0.0021290984979768957
3258,0.002129086956349223
3259,0.0021290282954071755
3260,0.0021289692448223626
3261,0.0023684504558967377
3262,0.0023583714130669077
3263,0.002350548922698258
3264,0.002348542517043733
3265,0.0023447034011565477
3266,0.0023411741277881257
3267,0.0023363451440927526
3268,0.0023321081220431944
3269,0.0023273512244021445
3270,0.0023236595311775118
3271,0.0023196631363937978
3272,0.002314595938190498
3273,0.0023110399011538082
3274,0.0023060070805867037
3275,0.0022975510065024823
3276,0.002293294919478555
3277,0.00228691324734591
3278,0.00228494010648984
3279,0.0022822130911831964
3280,0.002279222702606604
3281,0.0022763203101628113
3282,0.002273065814547032
3283,0.002271353741262767
3284,0.002269614630941482
3285,0.0022662087646718406
3286,0.0022639900934812106
3287,0.002260926022063858
3288,0.0022560791506496315
3289,0.0022565291364942635
3290,0.002253586364685218
3291,0.002250186323630951
3292,0.002247228794456904
3293,0.0022434791228720507
3294,0.0022438891392377288
3295,0.0022415284961561427
3296,0.002239259239434328
3297,0.002237236433693266
3298,0.0022351398734925445
3299,0.002233883298670401
3300,0.0022312005829757376
3301,0.0022296434737904157
3302,0.0022277022299653244
3303,0.0022250124165940884
3304,0.0022241260030649956
3305,0.002220693906892389
3306,0.002219512229364664
3307,0.0022175181589332315
3308,0.002214521387357681
3309,0.0022108653897582914
3310,0.0022130256506003878
3311,0.002209550959223142
3312,0.0022080010189936376
3313,0.0022065096526180006
3314,0.002204954137218996
3315,0.0022032541887348216
3316,0.00220175178304984
3317,0.002200569934313132
3318,0.002203288265583004
3319,0.0022003816658033378
3320,0.0021998348243689164
3321,0.0021987384169796795
3322,0.0021979114856203116
3323,0.0021970330220298386
3324,0.0021967001248089195
3325,0.002196089952108532
3326,0.0021956008932135303
3327,0.0021947357702156306
3328,0.0021939549230308056
3329,0.002193349850868384
3330,0.0021931497605260277
3331,0.0021924635667359724
3332,0.0021919257321266913
3333,0.002191206010744418
3334,0.0021903448286546856
3335,0.00218881470600029
3336,0.0021897293487339086
3337,0.0021882305239073903
3338,0.002187543418657863
3339,0.002187146162885882
3340,0.002186640302151683
3341,0.0021861410619310874
3342,0.002185538476238783
3343,0.0021850930456807516
3344,0.00218466596849339
3345,0.002183934198062851
3346,0.0021842412031912992
3347,0.0021835682494552905
3348,0.002182934894949733
3349,0.002182489338798468
3350,0.002181940803522281
3351,0.00218129887014111
3352,0.0021811727029570284
3353,0.002180013817034509
3354,0.002179624689593376
3355,0.002179103077251231
3356,0.0021784625057472942
3357,0.0021793718955242505
3358,0.002178059570130928
3359,0.0021772879730445616
3360,0.0021768044111208193
3361,0.002176083667219154
3362,0.0021757351814857715
3363,0.002175066390024004
3364,0.0021745812740693836
3365,0.002174161538931644
3366,0.00217340752142629
3367,0.002173708120623675
3368,0.0021729422416595008
3369,0.002172301008022846
3370,0.0021718181001686844
3371,0.0021712268026050064
3372,0.002170730032002613
3373,0.0021700260811925933
3374,0.0021696166974742954
3375,0.0021692848040408097
3376,0.002168926423295073
3377,0.0021686636118295184
3378,0.0021681091589964476
3379,0.00216804524847379
3380,0.0021676576320399958
3381,0.0021674898812439015
3382,0.002167157913428962
3383,0.002166877819460476
3384,0.0021671540889022355
3385,0.0021666517746020985
3386,0.0021661878728160065
3387,0.0021658657603754357
3388,0.002165509358822018
3389,0.002165122469149547
3390,0.002164485274499774
3391,0.002166084894884558
3392,0.002164337019557426
3393,0.0021640206458180583
3394,0.0021637617720139933
3395,0.002163442292559241
3396,0.002163163089930946
3397,0.0021629266481386186
3398,0.0021626380291221285
3399,0.002162415445165289
3400,0.0021619178321021747
3401,0.0021615390129884633
3402,0.002161273512843506
3403,0.0021609763351808334
3404,0.0021607803628459765
3405,0.0021605244528194556
3406,0.0021601659221203075
3407,0.002159994841153313
3408,0.002159691425920832
3409,0.0021593439468139534
3410,0.0021588291268986185
3411,0.0021585032941435806
3412,0.002158192968449848
3413,0.0021579644771898315
3414,0.0021576630073080263
3415,0.0021573155705293767
3416,0.002156821212460788
3417,0.0021565806299110248
3418,0.0021562688403197828
3419,0.002155987718942032
3420,0.0021556145199921714
3421,0.002155266472086568
3422,0.002155012558414208
3423,0.0021547772195864177
3424,0.0021544901297532765
3425,0.0021541769904191237
3426,0.002153916663449099
3427,0.0021536230189405634
3428,0.0021533827085662106
3429,0.0021532578352103987
3430,0.002153043842997966
3431,0.0021529505124298805
3432,0.002152599181184977
3433,0.002152314907438302
3434,0.0021528705659207537
3435,0.0021521783590985597
3436,0.0021519721415267376
3437,0.0021518353378451745
3438,0.002151582213938167
3439,0.002151398225804979
3440,0.00215115427665815
3441,0.00215105248328986
3442,0.002150864784043933
3443,0.0021506303462112126
3444,0.0021502894122479316
3445,0.0021500927770534166
3446,0.002149849204406987
3447,0.002149763207732744
3448,0.002149627972480545
3449,0.0021492608855271226
3450,0.002150464806652893
3451,0.0021491627841154454
3452,0.0021489377729435625
3453,0.0021487559821536466
3454,0.0021485347208975557
3455,0.0021486080034380265
3456,0.00214842234597058
3457,0.0021482450731611933
3458,0.002148068160486635
3459,0.0021479363345393077
3460,0.0021477879050201686
3461,0.002147644707705292
3462,0.0021474813630187714
3463,0.0021473264249747734
3464,0.002147049349291604
3465,0.002146767551972061
3466,0.002146496444124918
3467,0.0021463313226302598
3468,0.002146195870109781
3469,0.002146017646969016
3470,0.0021457325111241083
3471,0.0021455441817725897
3472,0.002145369121483903
3473,0.00214523338154381
3474,0.0021449064972226374
3475,0.002144911545395372
3476,0.002144773833299241
3477,0.0021446354788736146
3478,0.002144397380918845
3479,0.0021442492360977715
3480,0.0021440811088762135
3481,0.0021439196856540806
3482,0.002143810442273262
3483,0.002143623500482938
3484,0.0021434441219540727
3485,0.0021433658173412714
3486,0.002143278417367285
3487,0.0021431954368087607
3488,0.002143061797899762
3489,0.002142890246701519
3490,0.0021436728749787484
3491,0.002142836034602093
3492,0.0021427007082875727
3493,0.002142604774335883
3494,0.0021424366771301668
3495,0.0021422758706593974
3496,0.0021421242851987197
3497,0.002142042095273403
3498,0.0021419497099398723
3499,0.0021418107789344474
3500,0.0021415596890107655
3501,0.002141592960308035
3502,0.0021414502652673203
3503,0.0021413609258597046
3504,0.0021412812017818565
3505,0.0021412045519937748
3506,0.0021410163784954844
3507,0.0021411299837483613
3508,0.002140941152077782
3509,0.002140796022784981
3510,0.0021406797121928294
3511,0.0021405628507825797
3512,0.002140430956303814
3513,0.00214033209893972
3514,0.0021402132372796727
3515,0.0021401488878026553
3516,0.002140045773902388
3517,0.0021399361640452997
3518,0.002139796359744492
3519,0.0021397154532494735
3520,0.002139610317025781
3521,0.002139492917305461
3522,0.0021393494991295953
3523,0.002139222724567727
3524,0.002139098959432152
3525,0.0021390054700969087
3526,0.0021388865867808596
3527,0.002138749262413024
3528,0.0021386473177177445
3529,0.0021385427784944315
3530,0.002138441453823948
3531,0.0021383016416093538
3532,0.0021382096884985406
3533,0.0021381127693396815
3534,0.002137896649269918
3535,0.0021378296663270005
3536,0.0021377221177404275
3537,0.002137637037117197
3538,0.002137527718744386
3539,0.002137424608216099
3540,0.0021374100070264746
3541,0.0021373494274053275
3542,0.002137313586889744
3543,0.0021372918712368044
3544,0.002137274140420182
3545,0.0021371851076264123
3546,0.0021370830797805183
3547,0.0021370021973625463
3548,0.0021368260161089767
3549,0.0021367890690655957
3550,0.00213673211379601
3551,0.0021366249609876893
3552,0.002136827714733073
3553,0.00213659160948621
3554,0.002136531217922458
3555,0.002136461460138447
3556,0.002136393032436875
3557,0.002136300456552022
3558,0.0021361783352043247
3559,0.0021367818072799243
3560,0.0021361516451482493
3561,0.0021360652980173
3562,0.0021360026797354547
3563,0.0021358974108228175
3564,0.0021358251797907336
3565,0.002135743652938252
3566,0.00213566938806045
3567,0.0021356023496563064
3568,0.0021355345437596464
3569,0.002135487641842939
3570,0.0021354579380485875
3571,0.0021354348871736005
3572,0.002135330922087165
3573,0.0021352505753672773
3574,0.0021351273729112792
3575,0.0021350665610149018
3576,0.0021350075014267625
3577,0.0021349686648451257
3578,0.0021349395675191677
3579,0.0021349159850081725
3580,0.0021347992257103638
3581,0.0021347216034700448
3582,0.0021346846939440185
3583,0.0021345832592313224
3584,0.0021345560416846593
3585,0.002134536523895039
3586,0.0021344473990676646
3587,0.002134351230087908
3588,0.0021341947167592434
3589,0.002134147827977052
3590,0.0021340685154953025
3591,0.002134022387924727
3592,0.0021339929210971013
3593,0.002133968606338331
3594,0.0021338383944038983
3595,0.0021337339999859925
3596,0.0021336157350630523
3597,0.0021335684808913872
3598,0.0021335191470649184
3599,0.0021334884157436108
3600,0.0021334637573725
3601,0.0021333444044331434
3602,0.002133303789229597
3603,0.0021332257577361094
3604,0.002133183166931283
3605,0.00213313477194761
3606,0.002133051149130128
3607,0.002133077402674212
3608,0.0021330014747248365
3609,0.002132928273829238
3610,0.002132861302106608
3611,0.002132795548530143
3612,0.0021327124186565818
3613,0.0021326231594747825
3614,0.002132641781946422
3615,0.0021325944376107396
3616,0.0021325387248666856
3617,0.0021324788506084016
3618,0.0021324187361324767
3619,0.002132327722071447
3620,0.0021323381901486214
3621,0.002132287404365082
3622,0.002132222207268304
3623,0.0021321623172821246
3624,0.002132118732511724
3625,0.002132064034878919
3626,0.002132016917764745
3627,0.0021319685729611305
3628,0.002131929017403808
3629,0.002131864154909658
3630,0.0021318257871654426
3631,0.0021317799101919846
3632,0.0021317180795221544
3633,0.0021316705170709225
3634,0.0021316198992717755
3635,0.0021315905775868478
3636,0.002131563765141353
3637,0.0021315451557359782
3638,0.0021314473811700047
3639,0.002131387264607946
3640,0.002131328090608323
3641,0.0021312599037893783
3642,0.0021312076138264215
3643,0.0021311766083928515
3644,0.0021311566283200413
3645,0.0021310638883441143
3646,0.002130972563492443
3647,0.0021309443438159376
3648,0.0021308972329045057
3649,0.002130878219876778
3650,0.002130864350199082
3651,0.0021307792170829226
3652,0.002130675901728258
3653,0.0021306185610350734
3654,0.002130562484139901
3655,0.0021305296703626893
3656,0.0021305123260432785
3657,0.0021304983317916725
3658,0.002130425423791487
3659,0.0021303405038867983
3660,0.002130282529864027
3661,0.00213023146293519
3662,0.002130197006657064
3663,0.0021301768873461494
3664,0.0021301598326835306
3665,0.0021300550452865224
3666,0.002129954367504428
3667,0.002129900325710415
3668,0.0021298441712311583
3669,0.0021297822481319032
3670,0.002129722487001634
3671,0.0021296667091810304
3672,0.002129609152268584
3673,0.002129549850283152
3674,0.0021294996823540495
3675,0.002129448350337581
3676,0.002129362735170783
3677,0.0021293246947615904
3678,0.0021293039854529358
3679,0.002129287173728729
3680,0.0021291946015530496
3681,0.0021290707810856496
3682,0.0021290494928390274
3683,0.0021289690496077715
3684,0.0021289422698142603
3685,0.002128923565709278
3686,0.0021289108565266048
3687,0.002128900905640479
3688,0.002128857019868822
3689,0.0021287570081947394
3690,0.0021286753850368227
3691,0.002128617248578075
3692,0.00212857662899512
3693,0.002128549749726611
3694,0.0021285283429114243
3695,0.002128427401977849
3696,0.0021283310682910245
3697,0.002128325708775376
3698,0.002128277133375997
3699,0.002128229271238722
3700,0.0021282116702088117
3701,0.0021281987607926307
3702,0.0021281435163636986
3703,0.00212808213297568
3704,0.002128010358581217
3705,0.0021280216452425234
3706,0.0021279771043278104
3707,0.0021279323110814322
3708,0.0021278718415476154
3709,0.002127812619876192
3710,0.002127758300781665
3711,0.002127724709709763
3712,0.0021276737856372016
3713,0.0021276340469715584
3714,0.0021276030255629797
3715,0.002127584512238363
3716,0.002127569092185334
3717,0.0021274821591473897
3718,0.002127393517481359
3719,0.002127562863722359
3720,0.0021273537149358065
3721,0.0021272905297366252
3722,0.0021272412125834246
3723,0.0021271570341980734
3724,0.002127086548625415
3725,0.0021270462993238275
3726,0.0021269526986272937
3727,0.002126907234481831
3728,0.0021268701815354983
3729,0.002126813929581539
3730,0.002126781523172374
3731,0.0021267644169988722
3732,0.0021267509256276654
3733,0.002126684587788455
3734,0.002126616382640679
3735,0.002126570730975887
3736,0.002126509082731045
3737,0.002126485231148188
3738,0.0021264688696048676
3739,0.0021263955327403307
3740,0.002126335436020329
3741,0.0021262842428567555
3742,0.0021262590250940372
3743,0.0021262435848428967
3744,0.0021262307822573884
3745,0.002126159975236685
3746,0.0021261434322262813
3747,0.0021260722899742513
3748,0.0021260392772553096
3749,0.002126018833736799
3750,0.0021260018196234804
3751,0.0021259087044793114
3752,0.002125828996211618
3753,0.002125776467365661
3754,0.0021257399295469496
3755,0.0021257183489504245
3756,0.0021257014284982974
3757,0.002125626356882099
3758,0.002125552403087548
3759,0.002125500698218785
3760,0.002125467600796477
3761,0.002125444829574895
3762,0.002125430945641391
3763,0.0021254196032389435
3764,0.0021253605702225035
3765,0.0021253144404861763
3766,0.0021253224457919344
3767,0.0021252973860074434
3768,0.0021252807092432165
3769,0.0021252713473107897
3770,0.0021252637951669454
3771,0.0021252206590277366
3772,0.002125173962965811
3773,0.00212513028079253
3774,0.002125090859562248
3775,0.0021250427542575294
3776,0.0021249971006107996
3777,0.0021249602908194904
3778,0.0021249390183582066
3779,0.0021249220090760333
3780,0.0021249074426607888
3781,0.002124894711214157
3782,0.0021248837067755918
3783,0.002124874819002995
3784,0.002124866901956473
3785,0.002124861957052882
3786,0.0021248266410627313
3787,0.002124820066971954
3788,0.002124816063938285
3789,0.002124794749705609
3790,0.002124757784440521
3791,0.0021247402211376277
3792,0.0021247102684296137
3793,0.0021246873138745874
3794,0.002124555936788272
3795,0.002124510168793107
3796,0.002124450377430525
3797,0.0021244027897540283
3798,0.0021243397030314176
3799,0.002124281312800525
3800,0.002124241152150309
3801,0.002124207765180857
3802,0.0021241817319337065
3803,0.002124163588505807
3804,0.0021240812328019282
3805,0.0021242026263891957
3806,0.0021240699678272052
3807,0.0021242801119127097
3808,0.0021240599736153344
3809,0.002124155095853513
3810,0.0021240508434807828
3811,0.0021242258732173678
3812,0.0021240423883036974
3813,0.002124123699667176
3814,0.002124034457431277
3815,0.00212418826583964
3816,0.002124026966447741
3817,0.002124099360746083
3818,0.002124019841576361
3819,0.0021241588741259428
3820,0.00212401303750426
3821,0.0021240789695993697
3822,0.00212400651214006
3823,0.0021241343176122856
3824,0.0021240002376794543
3825,0.0021240611365663407
3826,0.0021239941870815587
3827,0.002124112985950534
3828,0.0021239883414642196
3829,0.0021240451400709164
3830,0.002123982681838827
3831,0.0021240940040616677
3832,0.002123977194422455
3833,0.002124030555373712
3834,0.0021239718650231465
3835,0.0021240768390407274
3836,0.002123966683073307
3837,0.002124017105276381
3838,0.002123961637508662
3839,0.002124061134959115
3840,0.0021239567199524485
3841,0.0021240045941473876
3842,0.0021239519215268863
3843,0.0021240466371244154
3844,0.0021239472354355094
3845,0.002123992876034757
3846,0.00212394265440804
3847,0.0021240331541797705
3848,0.0021239381728349843
3849,0.0021239818377865255
3850,0.0021239337846706554
3851,0.002124020537381615
3852,0.0021239294852230016
3853,0.002123971389288052
3854,0.0021239252694033144
3855,0.0021240086682732012
3856,0.0021239211332437368
3857,0.00212396145735014
3858,0.0021239170724175285
3859,0.0021239974508000634
3860,0.002123913083537783
3861,0.002123951981627298
3862,0.002123909162893513
3863,0.002123986805959989
3864,0.0021239053075698937
3865,0.0021239429117524576
3866,0.002123901514359509
3867,0.0021239766680128088
3868,0.0021238977807354663
3869,0.0021239342052507947
3870,0.0021238941039063894
3871,0.0021239669817024
3872,0.0021238904816671903
3873,0.0021239258259796055
3874,0.0021238869115733938
3875,0.0021239577001726504
3876,0.0021238833916891408
3877,0.0021239177429368213
3878,0.002123879919861546
3879,0.0021239487833740497
3880,0.0021238764943817905
3881,0.0021239099293367844
3882,0.002123873113343886
3883,0.0021239401968273864
3884,0.00212386977523186
3885,0.0021239023618839824
3886,0.0021238664783502785
3887,0.0021239319106527254
3888,0.0021238632213479076
3889,0.002123895020196197
3890,0.0021238600027100344
3891,0.0021239238987983905
3892,0.0021238568212271726
3893,0.002123887886340659
3894,0.0021238536755405564
3895,0.002123916138423679
3896,0.0021238505645633007
3897,0.002123880944459781
3898,0.002123847487071926
3899,0.0021239086094000047
3900,0.0021238444420862064
3901,0.0021238741804648835
3902,0.0021238414285006577
3903,0.002123901293903747
3904,0.0021238384454282124
3905,0.002123867581784662
3906,0.002123835491866829
3907,0.0021238941760831852
3908,0.0021238325670111706
3909,0.002123861137156702
3910,0.002123829669950229
3911,0.002123887241782285
3912,0.002123826799950721
3913,0.0021238548364536608
3914,0.0021238239561821143
3915,0.0021238804783116727
3916,0.00212382113797486
3917,0.0021238486705374426
3918,0.0021238183445697572
3919,0.0021238738742575224
3920,0.0021238155753539115
3921,0.0021238426311356853
3922,0.0021238128296316196
3923,0.0021238674193179395
3924,0.0021238101068404287
3925,0.002123836710737907
3926,0.002123807406341345
3927,0.0021238611041675924
3928,0.002123804727617028
3929,0.00212383090250537
3930,0.0021238020700793067
3931,0.0021238549203398916
3932,0.002123799433251225
3933,0.0021238252001953067
3934,0.0021237968165902436
3935,0.0021238488601281313
3936,0.0021237942196558023
3937,0.00212381959809401
3938,0.002123791641946418
3939,0.0021238429164989305
3940,0.002123789083054272
3941,0.0021238140909603685
3942,0.0021237865425150246
3943,0.0021238370830173403
3944,0.002123784019950464
3945,0.002123808673975836
3946,0.002123781514929788
3947,0.002123831353784227
3948,0.0021237790271016236
3949,0.002123803342700653
3950,0.002123776556065601
3951,0.0021238257233785673
3952,0.002123774101494694
3953,0.002123798093036244
3954,0.0021237716630162096
3955,0.0021238201868090056
3956,0.002123769240325238
3957,0.0021237929211914233
3958,0.0021237668330743235
3959,0.002123814739470719
3960,0.0021237644409787056
3961,0.0021237878236530236
3962,0.0021237620637139065
3963,0.0021238093771074203
3964,0.0021237597010136063
3965,0.0021237827971595344
3966,0.0021237573525743473
3967,0.0021238040957779684
3968,0.0021237550181466363
3969,0.002123777838678162
3970,0.0021237526974462765
3971,0.0021237988918262176
3972,0.0021237503902392122
3973,0.0021237729453839737
3974,0.0021237480962588815
3975,0.002123793761855793
3976,0.002123745815285412
3977,0.002123768114641291
3978,0.0021237435470684483
3979,0.0021237887027054743
3980,0.0021237412914011343
3981,0.002123763343987721
3982,0.002328562552869337
3983,0.002319714666408629
3984,0.002313215928517132
3985,0.0023107482305828294
3986,0.002305267714789634
3987,0.0023022817463651864
3988,0.002298701490262853
3989,0.002295319894961549
3990,0.0022912307853062614
3991,0.0022873601107316534
3992,0.0022825242104544353
3993,0.0022786146725770574
3994,0.002274659284135306
3995,0.0022702656499025494
3996,0.0022705967898908382
3997,0.002266616528080979
3998,0.002262257677443396
3999,0.0022603436475913605
4000,0.0022583072635825145
4001,0.002255239578084996
4002,0.0022519995710171387
4003,0.002249089313517504
4004,0.002245711111354677
4005,0.002243537736566972
4006,0.0022409520484990035
4007,0.002238824600493223
4008,0.0022367267918797056
4009,0.002233110302404114
4010,0.0022303640774268742
4011,0.002228592799046508
4012,0.0022265234048202747
4013,0.0022246516765173437
4014,0.0022214658543785936
4015,0.0022190103481138823
4016,0.00221757627066159
4017,0.0022160076692548164
4018,0.0022141085917452993
4019,0.002211936639337936
4020,0.0022101970849935657
4021,0.0022089611998488113
4022,0.0022078723801186974
4023,0.002206024411199739
4024,0.002204548689904922
4025,0.002202947698151254
4026,0.0022017115496319115
4027,0.002200024084289201
4028,0.0021998195722314085
4029,0.0021988924215466743
4030,0.002197140192260732
4031,0.0021958783469178482
4032,0.0021946515051548426
4033,0.002193101636216558
4034,0.002193551140044521
4035,0.0021920865187819035
4036,0.0021905198489330026
4037,0.002189244092482636
4038,0.002187891365116853
4039,0.002191681056169734
4040,0.0021875388544640236
4041,0.00218683687895959
4042,0.0021861571664534662
4043,0.002185597239847408
4044,0.002185328944366478
4045,0.0021846470718712
4046,0.0021842186550402446
4047,0.002183799143453801
4048,0.002183124004475772
4049,0.002182589797887856
4050,0.002181412746408462
4051,0.0021810914951113725
4052,0.0021804312336825165
4053,0.0021817297833652788
4054,0.0021801958250557106
4055,0.0021796332996966913
4056,0.0021788745804540545
4057,0.002178297924252337
4058,0.0021778629020526414
4059,0.0021775394880859133
4060,0.002176975960297953
4061,0.0021764898619085105
4062,0.002175451456908063
4063,0.0021770451256244963
4064,0.0021751163971611546
4065,0.002174459208678872
4066,0.002173945440952664
4067,0.0021733335562887073
4068,0.002173081052740501
4069,0.0021726541270395533
4070,0.002172406754465704
4071,0.0021721006911963473
4072,0.002171477916399297
4073,0.002170503088896094
4074,0.0021708003185763694
4075,0.0021699636971303595
4076,0.002169497290349016
4077,0.0021691866620667357
4078,0.002168887012865886
4079,0.002168386671041112
4080,0.00216786235389969
4081,0.002167317430121876
4082,0.002166903803911694
4083,0.002166438017181458
4084,0.002166229749435063
4085,0.0021656936027527524
4086,0.0021654388593038646
4087,0.0021651392102588476
4088,0.0021646600648628864
4089,0.002165236359471166
4090,0.002164385755688212
4091,0.0021638910981988096
4092,0.0021634838647987217
4093,0.0021630211913374804
4094,0.0021627123149468358
4095,0.00216222792252484
4096,0.002161944557739733
4097,0.00216181076282074
4098,0.0021615898961897667
4099,0.002161417967296387
4100,0.0021611569891271504
4101,0.0021608538359924995
4102,0.0021612315028409
4103,0.0021606788471711155
4104,0.002160319154001097
4105,0.002160099347993385
4106,0.0021598325261995735
4107,0.002159550698976317
4108,0.002159316913339945
4109,0.00215905392716695
4110,0.002158912376015549
4111,0.0021587554818375673
4112,0.0021585854620887867
4113,0.0021583590400119698
4114,0.002158142816196358
4115,0.0021579116454740355
4116,0.0021576535104636586
4117,0.0021573579301325586
4118,0.0021571664925029224
4119,0.002156856140680435
4120,0.0021567285016623307
4121,0.002156479587064338
4122,0.0021563360674936214
4123,0.002156191914297165
4124,0.0021559777671620014
4125,0.0021560435010415445
4126,0.0021558138016150143
4127,0.0021555589100650794
4128,0.0021553051280649885
4129,0.0021549906832642853
4130,0.0021546110925217063
4131,0.0021553785867441362
4132,0.002154450769640618
4133,0.002154219608490535
4134,0.002154027356764728
4135,0.0021537140597766794
4136,0.002153432488404964
4137,0.002153132900894055
4138,0.002152891915750653
4139,0.0021527269481942226
4140,0.0021524309156953324
4141,0.0021521320533072763
4142,0.0021518800898963973
4143,0.0021516873136700246
4144,0.002151508594468974
4145,0.0021512709958123374
4146,0.0021509785415877785
4147,0.0021508354246774024
4148,0.002150632930102625
4149,0.0021504511319959054
4150,0.002150300184653794
4151,0.002150034549317102
4152,0.0021499156777347326
4153,0.0021497754323324915
4154,0.0021496565070368246
4155,0.0021494868070203762
4156,0.0021493757167235254
4157,0.002149280544601086
4158,0.002149156682731486
4159,0.0021490559900510684
4160,0.0021489695895680638
4161,0.0021487298005898074
4162,0.002148591000834456
4163,0.002148479032827381
4164,0.0021483745865857645
4165,0.0021482852469058276
4166,0.002148191939484805
4167,0.002148012923598127
4168,0.0021482531223264234
4169,0.0021479380275834345
4170,0.0021478333281197207
4171,0.002147763937649636
4172,0.002147681212315108
4173,0.0021476437105370323
4174,0.0021475135991877187
4175,0.00214744782435612
4176,0.002147361305203897
4177,0.0021472297477762893
4178,0.002147009823471882
4179,0.002146947174763127
4180,0.002146783617999313
4181,0.002146725981159456
4182,0.0021466112298934204
4183,0.002146478706072264
4184,0.002146336132192888
4185,0.002146244315173128
4186,0.00214612664750497
4187,0.0021460212965108863
4188,0.002145867609926608
4189,0.002145736629212132
4190,0.002145647938252365
4191,0.0021455438849718555
4192,0.0021454352386115184
4193,0.002145295252967428
4194,0.002145172100503215
4195,0.002145086280470856
4196,0.00214495824337392
4197,0.0021448364918909358
4198,0.002144650647076462
4199,0.0021445196356662836
4200,0.0021444161657511087
4201,0.0021443076041436893
4202,0.002144189481751435
4203,0.0021440320331162
4204,0.0021438788236846575
4205,0.002143778790816249
4206,0.0021436944838912363
4207,0.0021436284589883073
4208,0.0021435547859981557
4209,0.002143490529722876
4210,0.002143361489116501
4211,0.002143164462814772
4212,0.002143510703455303
4213,0.002143107705427889
4214,0.0021430008009426333
4215,0.0021429260617045593
4216,0.002142847420871241
4217,0.0021427165518914234
4218,0.0021429959938158035
4219,0.002142670531855512
4220,0.0021425652334638415
4221,0.0021424982820669983
4222,0.0021423998134049924
4223,0.002142310812704345
4224,0.00214224124749947
4225,0.00214218701707858
4226,0.0021421549869016323
4227,0.002142134027555344
4228,0.0021421164731118916
4229,0.002142016567534482
4230,0.0021419292969643475
4231,0.002141851978642478
4232,0.0021417382275472304
4233,0.0021416796682046193
4234,0.0021415517143101373
4235,0.0021414480576219938
4236,0.002141344772315463
4237,0.0021412465810172372
4238,0.0021411796230240963
4239,0.0021411104760145835
4240,0.002141022097652045
4241,0.0021408849519961633
4242,0.002140810969489605
4243,0.0021407119729222155
4244,0.0021406353303973025
4245,0.002140558461269897
4246,0.0021404050303346603
4247,0.00214021286546088
4248,0.0021402875243755697
4249,0.0021401180479057712
4250,0.002140021327564172
4251,0.002139971822622311
4252,0.002139902861180086
4253,0.002139846872892815
4254,0.0021396815417929504
4255,0.0021396056688950107
4256,0.002139531243379905
4257,0.002139396402488055
4258,0.0021393066861161375
4259,0.0021391361976520256
4260,0.002139081595965815
4261,0.0021389878562738623
4262,0.0021388787852155765
4263,0.0021387903897181846
4264,0.002138732010239951
4265,0.0021386986952865853
4266,0.0021386488749907204
4267,0.0021385459523802493
4268,0.002138439581606483
4269,0.0021383377097304356
4270,0.0021382744122420074
4271,0.0021382247356892103
4272,0.0021381926048142227
4273,0.0021381702017135937
4274,0.002138152182596683
4275,0.0021380709114738987
4276,0.00213798495163961
4277,0.0021378880527870934
4278,0.0021379086389382495
4279,0.0021378477027818904
4280,0.002137820513211721
4281,0.002137806739785487
4282,0.0021377375586405264
4283,0.0021376602046437676
4284,0.0021375789216926382
4285,0.0021375358413073136
4286,0.002137487026510205
4287,0.002137440943133826
4288,0.0021373988162315173
4289,0.002137348661405949
4290,0.0021372412579229315
4291,0.002137343837040855
4292,0.0021372005055241183
4293,0.0021371459976226624
4294,0.0021370887361254727
4295,0.0021370114984033
4296,0.0021369085714952065
4297,0.002136795971070023
4298,0.002136687397720226
4299,0.0021366175427311378
4300,0.002136563873230567
4301,0.0021365175280416717
4302,0.0021364497006834166
4303,0.0021363767046207243
4304,0.00213632058668883
4305,0.002136281617761663
4306,0.002136257897619475
4307,0.00213623811971546
4308,0.002136119222835984
4309,0.002135991835481252
4310,0.002135954199047422
4311,0.002135846134822505
4312,0.0021358026725155094
4313,0.0021357192259134493
4314,0.002135659359680972
4315,0.0021355593547401986
4316,0.002135505964839484
4317,0.002135450591876602
4318,0.0021353692025437906
4319,0.0021353376569904392
4320,0.0021352307099240233
4321,0.0021351919688651646
4322,0.0021351275321723623
4323,0.0021350445468411782
4324,0.002134952565652624
4325,0.002134891209500647
4326,0.002134823155631958
4327,0.002134767083263534
4328,0.00213472430741478
4329,0.0021346980395701913
4330,0.0021346791945027073
4331,0.002134664789607148
4332,0.002134653143697603
4333,0.002134597227990407
4334,0.0021345148909079304
4335,0.002134365326434314
4336,0.0021342942347761344
4337,0.0021342434767080585
4338,0.0021341966917911475
4339,0.0021341485497629762
4340,0.002134115562368773
4341,0.0021341002341774104
4342,0.0021340879606966904
4343,0.0021340214384022783
4344,0.002133966285202437
4345,0.0021339842022275457
4346,0.002133929777495533
4347,0.002133873334532016
4348,0.0021338323886980564
4349,0.0021338079792919454
4350,0.0021337882050864575
4351,0.002133682688478554
4352,0.0021335856591791357
4353,0.0021335155296492614
4354,0.002133460797946906
4355,0.0021334317500139896
4356,0.002133415749613364
4357,0.0021334028512295083
4358,0.0021333383667404555
4359,0.0021333036726258964
4360,0.002133236182427945
4361,0.002133203745074448
4362,0.0021331767080319136
4363,0.0021331599279692344
4364,0.002133074863092688
4365,0.002133002050050541
4366,0.0021330297720189677
4367,0.0021329496711466763
4368,0.002132898652924951
4369,0.002132866462260076
4370,0.002132843460532256
4371,0.0021327335614133866
4372,0.0021326323025066653
4373,0.0021325373351102355
4374,0.002132474611602827
4375,0.0021324095663656437
4376,0.002132342343800986
4377,0.0021323030346163687
4378,0.002132261895689717
4379,0.002132215095794933
4380,0.0021321680242742287
4381,0.002132079132006555
4382,0.0021320109254694577
4383,0.0021319589189897066
4384,0.0021318823930784304
4385,0.002131782413752392
4386,0.002131781644099526
4387,0.002131726082690951
4388,0.0021316660306041047
4389,0.0021316140178122126
4390,0.002131548677688949
4391,0.002131437654625603
4392,0.0021313462885427332
4393,0.0021312773969008963
4394,0.002131199296509062
4395,0.002131150471546289
4396,0.0021311015918371663
4397,0.002131073841036235
4398,0.002131052507941131
4399,0.002130952532559355
4400,0.0021308949326071715
4401,0.0021308216213309092
4402,0.0021307649012696065
4403,0.0021307170431079468
4404,0.0021306937380643387
4405,0.002130678205342152
4406,0.0021305913729014925
4407,0.002130506426190926
4408,0.002130414209146557
4409,0.0021303235875155284
4410,0.0021302748041246945
4411,0.0021302751564218677
4412,0.0021302404029877246
4413,0.002130199164052556
4414,0.0021301797562695702
4415,0.002130166848263184
4416,0.0021301559128206467
4417,0.002130088860746802
4418,0.0021299947044878293
4419,0.002130024304183598
4420,0.002129953284329261
4421,0.002129903347734058
4422,0.00212987244072795
4423,0.002129853372338561
4424,0.002129838033576227
4425,0.002129761304463042
4426,0.002129679283745111
4427,0.002129617501219327
4428,0.00212959480532521
4429,0.002129572067417765
4430,0.0021295592651589226
4431,0.0021294921045927014
4432,0.002129427344230058
4433,0.0021293937188097446
4434,0.0021293559795052095
4435,0.0021293211190242115
4436,0.0021292850593808803
4437,0.0021292626860762017
4438,0.0021292446841597794
4439,0.0021291643015909417
4440,0.002129212351811126
4441,0.002129147766777033
4442,0.002129130387140905
4443,0.0021291164767979973
4444,0.0021290483390613087
4445,0.002128990223000584
4446,0.0021289051837366313
4447,0.0021288221138953517
4448,0.002128746476371898
4449,0.002128702108437071
4450,0.00212866115322017
4451,0.002128611532155105
4452,0.0021285249064677773
4453,0.0021286602569604344
4454,0.002128491830933863
4455,0.002128448095761461
4456,0.002128391059848612
4457,0.00212834810583971
4458,0.002128272903616829
4459,0.002128228392581394
4460,0.0021281873638070263
4461,0.0021281152685467958
4462,0.002128269932682701
4463,0.002128076883234449
4464,0.0021279981747788046
4465,0.002127941309768404
4466,0.0021278621316066708
4467,0.0021278355985233166
4468,0.002127753052028323
4469,0.002127713896869759
4470,0.0021276671083578402
4471,0.002127609063658063
4472,0.0021275327195683425
4473,0.0021274654719162013
4474,0.0021274165202473275
4475,0.00212738200171409
4476,0.0021273369179105267
4477,0.0021273082030091343
4478,0.002127293686253209
4479,0.002127282739911881
4480,0.0021272736909872716
4481,0.002127224021811427
4482,0.002127125118479072
4483,0.002127062211310799
4484,0.002126974907456505
4485,0.002126946218968241
4486,0.0021269043635297026
4487,0.0021268691144223015
4488,0.002126833263936508
4489,0.0021268088489698744
4490,0.002126704371319761
4491,0.002126651786439481
4492,0.002126575181582225
4493,0.002126512478085765
4494,0.002126478718913888
4495,0.0021264558032412636
4496,0.002126436793197573
4497,0.0021263387731649975
4498,0.002126447828536957
4499,0.0021263165975588215
4500,0.0021262914550594036
4501,0.002126275628107688
4502,0.0021262027455395747
4503,0.002126157528451846
4504,0.002126123988629619
4505,0.0021261022352426695
4506,0.002126084590304782
4507,0.002125994780275538
4508,0.002125928856719662
4509,0.0021259066142661565
4510,0.0021258662173554567
4511,0.002125844237073891
4512,0.0021258311938617174
4513,0.002125820344054044
4514,0.002125759869937174
4515,0.0021256705904203503
4516,0.002125664108544095
4517,0.0021256337718470347
4518,0.002125595584274221
4519,0.0021255476125523805
4520,0.002125497212047583
4521,0.002125401684268655
4522,0.002125408886582291
4523,0.0021253543460873553
4524,0.002125295865347009
4525,0.002125235590378978
4526,0.0021251791823118905
4527,0.002125106307421832
4528,0.002125014755900813
4529,0.0021249875932052996
4530,0.0021248934288817856
4531,0.0021248544905882664
4532,0.002124832788934415
4533,0.002124815451181539
4534,0.002124732749470781
4535,0.0021247025904519456
4536,0.0021246294571953908
4537,0.0021245839464632274
4538,0.002124543409689328
4539,0.0021245188435085566
4540,0.0021244989536757467
4541,0.0021244819440062496
4542,0.0021244668914415826
4543,0.0021244532609910774
4544,0.002124440716959519
4545,0.002124429035820024
4546,0.0021244180617085206
4547,0.0021244076818576325
4548,0.002124397812297634
4549,0.0021243883891306986
4550,0.0021243793630585047
4551,0.0021243706958547367
4552,0.0021243623580590424
4553,0.0021243543275057944
4554,0.002124346588358765
4555,0.002124339130645287
4556,0.0021243319499786003
4557,0.0021243250477633855
4558,0.0021243184313687494
4559,0.0021243121149832735
4560,0.002124306310956264
4561,0.0021243017858414716
4562,0.002124263570893535
4563,0.0021242594545720314
4564,0.002124231534313975
4565,0.0021242230856540656
4566,0.002124218886489421
4567,0.002124215311627359
4568,0.002124188485453187
4569,0.0021241827496080432
4570,0.0021241791465980656
4571,0.0021241631592741656
4572,0.002124140902045671
4573,0.0021240037488868845
4574,0.002123813031718327
4575,0.0021237581857852794
4576,0.002123685872810338
4577,0.0021236628543352077
4578,0.0021236473253935517
4579,0.002123561183717124
4580,0.002123478341310515
4581,0.002123405760605292
4582,0.0021233164357641857
4583,0.002123276528518306
4584,0.0021232342254744923
4585,0.0021231731698748927
4586,0.0021231777072622296
4587,0.0021231383876473735
4588,0.002123101593888061
4589,0.0021230853304590827
4590,0.0021230741351399157
4591,0.002123065164150908
4592,0.002123019876978694
4593,0.0021229634983284257
4594,0.0021229007684011917
4595,0.0021228621374550618
4596,0.002122817645333868
4597,0.0021227875467125772
4598,0.002122772611978354
4599,0.0021227609347952148
4600,0.0021227000826854105
4601,0.0021226407735778904
4602,0.0021225650774263577
4603,0.0021225198123120273
4604,0.0021225444186240873
4605,0.002122497559467716
4606,0.0021224698604054544
4607,0.0021224573613957934
4608,0.0021224475903557655
4609,0.002122398707060445
4610,0.002122350718294392
4611,0.0021222936156581104
4612,0.0021222569169743358
4613,0.0021222297717192477
4614,0.002122206564072038
4615,0.0021221860875902435
4616,0.0021220702395020885
4617,0.0021220343369544536
4618,0.0021219823460527252
4619,0.002121965294707353
4620,0.0021219531187504494
4621,0.0021218852615971845
4622,0.002121816718882022
4623,0.002121772956231297
4624,0.0021217489613417594
4625,0.002121736183539909
4626,0.002121725889489679
4627,0.002121675348607905
4628,0.002121615547518787
4629,0.0021215687274125095
4630,0.0021215211911141175
4631,0.00212150187100172
4632,0.002121489226197921
4633,0.0021214786448546675
4634,0.002121417603792481
4635,0.0021213324101142035
4636,0.002121264445841806
4637,0.0021211936255897215
4638,0.002121124154798315
4639,0.0021210681208620984
4640,0.0021210032323360733
4641,0.002120946092501948
4642,0.0021208896731925
4643,0.002120838456918589
4644,0.0021207787005642657
4645,0.002120715609797405
4646,0.0021206654104319778
4647,0.0021206249693267953
4648,0.002120575745765389
4649,0.002120549048410427
4650,0.0021204548543748594
4651,0.002120425845835752
4652,0.00212040953078076
4653,0.0021203962098558325
4654,0.0021203225004843593
4655,0.0021202633023964675
4656,0.002120182967747868
4657,0.002120135416695214
4658,0.002120077196086463
4659,0.0021199781635090342
4660,0.002119929130785304
4661,0.0021198490025757543
4662,0.002119812796945031
4663,0.0021197630694221046
4664,0.002119786642853771
4665,0.00211973581899913
4666,0.002119682865426927
4667,0.002119650786090497
4668,0.002119634125516291
4669,0.002119620730241873
4670,0.0021195482738558557
4671,0.0021195620696778535
4672,0.002119515984471418
4673,0.0021194774085270367
4674,0.0021194577968451232
4675,0.002119443254673042
4676,0.0021194310251575464
4677,0.002119358600075532
4678,0.002119299472696063
4679,0.002119246937543631
4680,0.0021192259343906163
4681,0.0021192143345123786
4682,0.002119163711559257
4683,0.0021191084034209756
4684,0.002119056758652778
4685,0.002119015167989741
4686,0.0021189817697184338
4687,0.002118944482691789
4688,0.0021189209383806872
4689,0.002118908703841832
4690,0.0021188986759881905
4691,0.0021188432367735387
4692,0.0021187854011991366
4693,0.0021187770465024205
4694,0.0021187292698448983
4695,0.0021187133061881217
4696,0.0021187029649266677
4697,0.0021186943685204294
4698,0.002118648014839645
4699,0.0021185806972024864
4700,0.002118686735829488
4701,0.0021185611300376327
4702,0.002118536013991023
4703,0.002118523535887454
4704,0.002118513724766936
4705,0.002118466858807367
4706,0.002118424110850605
4707,0.0021183764812240376
4708,0.0021183314119690992
4709,0.0021183021261956952
4710,0.0021182612397115472
4711,0.0021182314982642514
4712,0.002118217429583186
4713,0.0021182065552930564
4714,0.002118197504295973
4715,0.0021181479219559165
4716,0.0021180938889929593
4717,0.0021180399966660816
4718,0.002117996863668019
4719,0.0021179562174264595
4720,0.0021179012586486907
4721,0.002117844162904734
4722,0.0021177803684891095
4723,0.002117728627409219
4724,0.0021176673917349723
4725,0.0021176173376564935
4726,0.0021175433577412858
4727,0.00211750544716097
4728,0.00211746569905149
4729,0.0021174426753940156
4730,0.0021174234952589877
4731,0.0021173156719288956
4732,0.0021172205952695593
4733,0.0021171501540278195
4734,0.002117073578361682
4735,0.0021170301370074017
4736,0.0021169897256551697
4737,0.002116941803559381
4738,0.0021168990845932
4739,0.0021168466196197
4740,0.0021168118476334137
4741,0.002116748006059168
4742,0.002116700526725866
4743,0.0021166607112338286
4744,0.0021166068209759743
4745,0.0021165482837911314
4746,0.002116512070603663
4747,0.002116493446712876
4748,0.002116479560684599
4749,0.002116467931607872
4750,0.0021164021828876207
4751,0.0021163210331515245
4752,0.0021163627384618486
4753,0.0021162937976857794
4754,0.002116264808491189
4755,0.0021162494148195005
4756,0.0021162370541334624
4757,0.0021162270562702645
4758,0.0021162201648273976
4759,0.002116219765998692
4760,0.0021162116275803755
4761,0.002116204113312008
4762,0.0021161993837704772
4763,0.0021161921043401097
4764,0.002116186720613466
4765,0.002116148360309779
4766,0.0021161446372652305
4767,0.0021161217239091617
4768,0.002116114094926977
4769,0.0021161104626724425
4770,0.0021161075062937217
4771,0.002116087750718533
4772,0.0021160822714884103
4773,0.0021160791129730245
4774,0.0021160765291082006
4775,0.0021160595048448473
4776,0.0021160545245225053
4777,0.0021160516164389753
4778,0.0021160492685460617
4779,0.002116034337321144
4780,0.002116029541070478
4781,0.002116026782895583
4782,0.002116024598459895
4783,0.0021160113636667743
4784,0.00211600660302321
4785,0.002116003931477316
4786,0.00211600186423696
4787,0.002115990087446664
4788,0.00211598525714658
4789,0.0021159826259121452
4790,0.0021159806434584124
4791,0.0021159701812873883
4792,0.002115965196119074
4793,0.0021159625681001853
4794,0.002115960646025666
4795,0.002115951419951903
4796,0.0021159462014134966
4797,0.002115943544780417
4798,0.0021159416637559353
4799,0.0021159336371041008
4800,0.0021159281127184795
4801,0.0021159253985560907
4802,0.0021159235423076346
4803,0.0021159219541136377
4804,0.0021159108092373537
4805,0.0021159080097752476
4806,0.0021159061640448136
4807,0.002115904616969857
4808,0.002115894197780292
4809,0.0021158912857392985
4810,0.002115889437383948
4811,0.002115887922810943
4812,0.0021158782063394653
4813,0.00211587515311639
4814,0.002115873289512446
4815,0.002115871799840941
4816,0.0021158627770737877
4817,0.0021158595530192106
4818,0.002115857661608129
4819,0.0021158561898455756
4820,0.002115847864965769
4821,0.002115844437422426
4822,0.0021158425053113524
4823,0.002115841044852557
4824,0.002115833432764989
4825,0.0021158297667937744
4826,0.0021158277804340605
4827,0.002115826324778016
4828,0.0021158194521478505
4829,0.002115815508163938
4830,0.0021158134530190648
4831,0.002115811995660385
4832,0.002115810730517747
4833,0.002115801633951212
4834,0.0021157994942457015
4835,0.002115798028435019
4836,0.0021157967794934902
4837,0.0021157881211041215
4838,0.0021157858793013433
4839,0.002115784397942382
4840,0.0021157831615457685
4841,0.0021157749498761243
4842,0.002115772586746931
4843,0.002115771082240599
4844,0.0021157698546971806
4845,0.0021157621042129384
4846,0.002115759597934542
4847,0.002115758062018804
4848,0.002115756839547941
4849,0.0021157495702418495
4850,0.002115746896623095
4851,0.0021157453202231024
4852,0.0021157440988513786
4853,0.0021157373373308845
4854,0.002115734468614119
4855,0.002115732841658173
4856,0.002115731617177803
4857,0.0021157253963505797
4858,0.0021157223015737456
4859,0.0021157206128145636
4860,0.0021157193806635275
4861,0.002115713741394192
4862,0.002115710384765894
4863,0.0021157086215525434
4864,0.002115707376778381
4865,0.002115706303134512
4866,0.0021156987089907577
4867,0.0021156968570668956
4868,0.002115695594183358
4869,0.0021156945260067395
4870,0.0021156872665653
4871,0.0021156853096539027
4872,0.0021156840225692182
4873,0.0021156829572186713
4874,0.0021156760509041484
4875,0.002115673970665567
4876,0.0021156726525620264
4877,0.0021156715871774676
4878,0.00211566505710819
4879,0.00211566283241402
4880,0.0021156614756092087
4881,0.002115660407077069
4882,0.0021156542811843243
4883,0.002115651888132469
4884,0.002115650483936718
4885,0.0021156494088130032
4886,0.0021156437209888038
4887,0.00211564113190998
4888,0.0021156396704451724
4889,0.0021156385849149667
4890,0.002115633375196337
4891,0.002115630558708202
4892,0.0021156290287193983
4893,0.002115627928495213
4894,0.0021156269737070714
4895,0.0021156201643372477
4896,0.002115618552925314
4897,0.0021156174331894723
4898,0.0021156164800482102
4899,0.00211560994536883
4900,0.0021156082378350803
4901,0.002115607093132862
4902,0.0021156061394057386
4903,0.002115599899422729
4904,0.0021155980787859944
4905,0.0021155969029139315
4906,0.0021155959461295645
4907,0.0021155900248092624
4908,0.002115588071674675
4909,0.0021155868575587376
4910,0.002115585894950093
4911,0.0021155803210698024
4912,0.0021155782129539755
4913,0.0021155769524968913
4914,0.002115575980959676
4915,0.002115570788478291
4916,0.0021155684996489042
4917,0.002115567183566633
4918,0.002115566199582838
4919,0.0021155614288102453
4920,0.002115558929358703
4921,0.002115557546976065
4922,0.002115556546560289
4923,0.002115552244658493
4924,0.0021155495003071746
4925,0.002115548039337526
4926,0.0021155470179333494
4927,0.0021155461485804447
4928,0.002115540211372641
4929,0.002115538657622767
4930,0.0021155376100262533
4931,0.002115536737690597
4932,0.0021155310620594604
4933,0.002115529399203914
4934,0.0021155283194450166
4935,0.002115527441813186
4936,0.0021155220527625663
4937,0.002115520261851649
4938,0.0021155191430642707
4939,0.0021155182575183745
4940,0.0021155131845398047
4941,0.002115511243751975
4942,0.0021155100780292195
4943,0.0021155091815852453
4944,0.0021155044595751312
4945,0.0021155023435325162
4946,0.0021155011217486768
4947,0.0021155002110032034
4948,0.0021154958808513244
4949,0.002115493560296459
4950,0.002115492271911032
4951,0.002115491342957592
4952,0.0021154905401657115
4953,0.0021154848936705984
4954,0.0021154835264764857
4955,0.002115482574830979
4956,0.002115481769127284
4957,0.0021154763438007485
4958,0.0021154748836984547
4959,0.0021154739041976964
4960,0.00211547309359649
4961,0.002115467911533725
4962,0.002115466342140292
4963,0.002115465328826655
4964,0.002115464511067274
4965,0.002115459598315249
4966,0.002115457900687632
4967,0.002115456846679706
4968,0.0021154560191746457
4969,0.0021154514064877484
4970,0.002115449558583854
4971,0.0021154484559189456
4972,0.002115447615703205
4973,0.002115443339145705
4974,0.002115441315454778
4975,0.0021154401549133427
4976,0.0021154392985739397
4977,0.002115435400548391
4978,0.0021154331713535797
4979,0.0021154319422464728
4980,0.0021154310658543347
4981,0.002115430314566762
4982,0.002115425126801081
4983,0.0021154238167339938
4984,0.002115422915749079
4985,0.0021154221599036294
4986,0.00211541718287193
4987,0.0021154157774391845
4988,0.0021154148466132204
4989,0.0021154140842269543
4990,0.0021154093411884403
4991,0.002115407823688521
4992,0.0021154068569466163
4993,0.0021154060857432122
4994,0.0021154016041169447
4995,0.0021153999551077637
4996,0.002115398945408272
4997,0.002115398162770599
4998,0.0021153939747189073
4999,0.0021153921716419244
5000,0.0021153911108180946
5001,0.0021153903137274637
5002,0.00211538645702943
5003,0.0021153844736032223
5004,0.002115383352173263
5005,0.0021153825371454937
5006,0.0021153790559926425
5007,0.002115376861705972
5008,0.002115375668657811
5009,0.0021153748316604516
5010,0.0021153741217795085
5011,0.0021153693371341485
5012,0.002115368059662685
5013,0.0021153671960270864
5014,0.002115366480147517
5015,0.0021153619015690495
5016,0.0021153605248007087
5017,0.002115359629114702
5018,0.0021153589052148604
5019,0.0021153545573248615
5020,0.0021153530639402927
5021,0.002115352129922745
5022,0.0021153513956728874
5023,0.002115347307352161
5024,0.002115345677222799
5025,0.0021153446975807335
5026,0.002115343950289513
5027,0.0021153401554368013
5028,0.002115338365109851
5029,0.0021153373313678634
5030,0.002115336567923342
5031,0.0021153331062065497
5032,0.002115331128411818
5033,0.002115330030717687
5034,0.0021153292475145093
5035,0.002115328577035216
5036,0.002115323968352401
5037,0.002115322795242672
5038,0.002115321988101142
5039,0.0021153213121212623
5040,0.0021153168865989495
5041,0.002115315624743758
5042,0.002115314788813845
5043,0.0021153141055268187
5044,0.002115309885369869
5045,0.0021153085192442697
5046,0.0021153076488924847
5047,0.0021153069562128853
5048,0.002115302967463255
5049,0.0021153014790046844
5050,0.0021153005676848714
5051,0.0021152998632008716
5052,0.0021152961364061334
5053,0.002115294504567634
5054,0.002115293544667396
5055,0.002115292825586621
5056,0.002115289396498288
5057,0.0021152875967821137
5058,0.0021152865794468526
5059,0.002115285842531698
5060,0.0021152852063737637
5061,0.0021152807568636262
5062,0.002115279671786405
5063,0.002115278913280043
5064,0.0021152782720890878
5065,0.002115273986425083
5066,0.002115272821612045
5067,0.002115272037152018
5068,0.00211527138930717
5069,0.002115267287564847
5070,0.002115266029045088
5071,0.0021152652135612926
5072,0.002115264557189054
5073,0.0021152606629077763
5074,0.002115259294415321
5075,0.00211525844201294
5076,0.0021152577749447682
5077,0.002115254115722225
5078,0.0021152526183027113
5079,0.0021152517221236927
5080,0.002115251041846441
5081,0.0021152476499820333
5082,0.00211524600155863
5083,0.002115245053622347
5084,0.0021152443572205206
5085,0.002115241270519862
5086,0.002115239445360473
5087,0.0021152384363755847
5088,0.0021152377204640537
5089,0.0021152371099832936
5090,0.002115232951244542
5091,0.002115231870391807
5092,0.002115231131037193
5093,0.002115230514507465
5094,0.0021152265211763694
5095,0.0021152253558528278
5096,0.002115224588482014
5097,0.002115223964216239
5098,0.0021152201575994722
5099,0.002115218893124832
5100,0.002115218092418757
5101,0.002115217458462794
5102,0.0021152138635297385
5103,0.002115212482796936
5104,0.0021152116425653318
5105,0.002115210996652976
5106,0.0021152076426250443
5107,0.0021152061257001284
5108,0.0021152052387372463
5109,0.0021152045782382427
5110,0.0021152014993084
5111,0.0021151998229574955
5112,0.00211519888087215
5113,0.0021151982027309423
5114,0.0021151976196216097
5115,0.002115193576013732
5116,0.002115192569032235
5117,0.002115191869697276
5118,0.0021151912811011456
5119,0.0021151873866981077
5120,0.0021151863034342485
5121,0.0021151855787749137
5122,0.002115184983170286
5123,0.0021151812572723135
5124,0.0021151800844589216
5125,0.0021151793296693786
5126,0.0021151787252928103
5127,0.0021151751905099632
5128,0.0021151739126863394
5129,0.002115173122172341
5130,0.002115172506977591
5131,0.0021151691897676405
5132,0.0021151677889128724
5133,0.002115166956161094
5134,0.002115166327772412
5135,0.002115163259086992
5136,0.0021151617141974464
5137,0.002115160831621566
5138,0.002115160187277934
5139,0.0021151574032993114
5140,0.0021151556898866726
5141,0.002115154748649461
5142,0.0021151540851411252
5143,0.0021151535216502974
5144,0.0021151497176756006
5145,0.002115148707479953
5146,0.0021151480210723963
5147,0.0021151474512430134
5148,0.00211514379964772
5149,0.002115142708493405
5150,0.0021151419948409324
5151,0.0021151414170799796
5152,0.002115137938346772
5153,0.0021151367522492426
5154,0.0021151360062923647
5155,0.0021151354187506116
5156,0.0021151321368453025
5157,0.0021151308395010193
5158,0.0021151300553479695
5159,0.0021151294558778766
5160,0.002115126398831261
5161,0.0021151249712383705
5162,0.0022431978212006085
5163,0.002318958152993203
5164,0.0022353677635474924
5165,0.0022316889147137695
5166,0.002225700409031503
5167,0.002223856121827052
5168,0.0022200729844254457
5169,0.0022182510779214055
5170,0.0022164887729269143
5171,0.002213574768244613
5172,0.0022125383791482675
5173,0.002208820929627596
5174,0.0022076501153460624
5175,0.0022060473866991536
5176,0.002204722892407251
5177,0.0022029280319231246
5178,0.0022008938629759865
5179,0.002199615106050247
5180,0.0021964102462884026
5181,0.0022042965881355395
5182,0.0021953647957542737
5183,0.002193564227943537
5184,0.0021921424583365564
5185,0.002190173608781502
5186,0.0021879710278053096
5187,0.0021855316049360497
5188,0.0021839900663575824
5189,0.0021827824655594507
5190,0.002181751140253061
5191,0.002180246012987194
5192,0.0021788002631390603
5193,0.0021770550238217694
5194,0.002176262709529405
5195,0.0021750480334541498
5196,0.0021729767002660392
5197,0.00217139533323837
5198,0.0021700615566730246
5199,0.002168994607844576
5200,0.002167905128758963
5201,0.002166569999144049
5202,0.002165245987214325
5203,0.0021641960011174336
5204,0.002163097602619471
5205,0.0021619300877400677
5206,0.0021606870551770714
5207,0.0021598759893037356
5208,0.002159239673017897
5209,0.0021578972525423622
5210,0.0021567571036909634
5211,0.002155863806575279
5212,0.0021552831574638094
5213,0.002154616813770936
5214,0.002154124467306473
5215,0.0021528934523993566
5216,0.002152438533862207
5217,0.002151792238135501
5218,0.002151092273142118
5219,0.0021505139546526522
5220,0.002150099450313171
5221,0.002149891668356891
5222,0.002149868843456852
5223,0.002149721952936532
5224,0.002149433973776517
5225,0.0021490841142816804
5226,0.0021487775406638645
5227,0.002148499959536935
5228,0.0021481040784021147
5229,0.0021478795725153833
5230,0.002147572903666483
5231,0.0021479715336600548
5232,0.0021474550318016142
5233,0.002147244906083522
5234,0.0021469407715353807
5235,0.0021465722255726983
5236,0.0021459938067700766
5237,0.00214999991789713
5238,0.0021458701241908874
5239,0.002145421455954594
5240,0.002145133043977811
5241,0.0021446716938637385
5242,0.002144493549598096
5243,0.002144057920750193
5244,0.0021437884206968417
5245,0.0021435387349464006
5246,0.0021431638343806674
5247,0.0021439296021147167
5248,0.002142948623478474
5249,0.0021425373101227156
5250,0.0021422950315702896
5251,0.002141985196647406
5252,0.0021417487316303906
5253,0.002141439427799283
5254,0.0021412217233703693
5255,0.0021409651069108043
5256,0.0021407791377788745
5257,0.0021404065134798507
5258,0.0021401821457856683
5259,0.0021399705623230004
5260,0.0021396485840473956
5261,0.002139820621390949
5262,0.0021394311102992556
5263,0.0021390700592019145
5264,0.0021388671148316303
5265,0.0021386037095297533
5266,0.00213834956240757
5267,0.0021381275458269245
5268,0.0021377910901007923
5269,0.0021375875248622177
5270,0.002137347423777751
5271,0.002136931767037614
5272,0.0021366704439395325
5273,0.0021361458682848163
5274,0.002136358636306025
5275,0.0021359182437429313
5276,0.0021356757030970576
5277,0.0021356070643338775
5278,0.002135398913213738
5279,0.0021353042385418913
5280,0.0021351072583714412
5281,0.002134965565111036
5282,0.002134792906820192
5283,0.002134660685434251
5284,0.002134457895994273
5285,0.002134686959997299
5286,0.002134396211462566
5287,0.002134294264316318
5288,0.0021341095955705715
5289,0.002133925434955549
5290,0.0021340479681099846
5291,0.002133837395777694
5292,0.0021336961712768955
5293,0.002133584700274254
5294,0.0021334781522627387
5295,0.0021333465132991848
5296,0.0021335107468713125
5297,0.0021332853412627546
5298,0.0021331792850865458
5299,0.0021330952614429287
5300,0.0021329910296566485
5301,0.0021328257400373865
5302,0.0021325637264097107
5303,0.0021336842285034955
5304,0.0021324792309899234
5305,0.002132285035754195
5306,0.002132144161825789
5307,0.002131991347804142
5308,0.00213187639513749
5309,0.002131797588833382
5310,0.0021316937347631245
5311,0.002131616308502941
5312,0.0021313892629303086
5313,0.002131107204689871
5314,0.002131060404430151
5315,0.002130797581664598
5316,0.002130741006838641
5317,0.0021306427822946183
5318,0.0021304785971152304
5319,0.002130319172557323
5320,0.0021301668088226696
5321,0.0021300692746388373
5322,0.002129973045785109
5323,0.0021297603387599707
5324,0.0021298797586178073
5325,0.0021296930474668987
5326,0.0021296119730999136
5327,0.0021294971373380695
5328,0.002129366705114182
5329,0.0021292064823321384
5330,0.0021290580699416537
5331,0.00212892128608475
5332,0.002128829085259268
5333,0.0021287234512547644
5334,0.002128579556798341
5335,0.00212850195501629
5336,0.002128423871814012
5337,0.0021283430839090923
5338,0.002128255130426261
5339,0.0021282337929981188
5340,0.002128122832035559
5341,0.0021280806597805224
5342,0.0021280550673851897
5343,0.0021280343388429598
5344,0.002127932142949473
5345,0.0021277951542661012
5346,0.002127702804973625
5347,0.0021276540755250212
5348,0.0021275781674666852
5349,0.002127543457907577
5350,0.0021275168701279015
5351,0.002127370610151722
5352,0.002127245011857026
5353,0.0021273183714842136
5354,0.0021271996362808338
5355,0.0021271574708507223
5356,0.0021271329549474765
5357,0.002127114502705329
5358,0.0021270992692601688
5359,0.002127017334098087
5360,0.0021269159910855856
5361,0.0021269252446128196
5362,0.0021268434773004815
5363,0.0021267571345585604
5364,0.0021267244294769856
5365,0.0021267006328340487
5366,0.0021265965841417173
5367,0.0021265049716910943
5368,0.0021264301330534948
5369,0.0021263459819049484
5370,0.0021263241704831508
5371,0.0021261937601206207
5372,0.0021261558013755985
5373,0.0021261350502537026
5374,0.0021261181048974824
5375,0.0021260240286623253
5376,0.0021259250633868495
5377,0.0021259103581396308
5378,0.0021258344055480687
5379,0.002125802947919813
5380,0.0021257837164952893
5381,0.0021257015883512824
5382,0.002125619069868965
5383,0.002125531919312428
5384,0.0021254666275535767
5385,0.002125404840959011
5386,0.0021253365621117294
5387,0.002125273360523046
5388,0.0021252141117479107
5389,0.00212513623459632
5390,0.002125047170939949
5391,0.00212499317329755
5392,0.002124936927150302
5393,0.0021248556182521575
5394,0.0021247710964927805
5395,0.0021247225823525576
5396,0.002124619983347456
5397,0.0021245769583742966
5398,0.0021245126484577886
5399,0.0021244414636203196
5400,0.002124370541300602
5401,0.0021243092074259345
5402,0.0021242619206069363
5403,0.002124187834237753
5404,0.00212409049267809
5405,0.0021240092178065693
5406,0.0021239381264099525
5407,0.0021238921919458126
5408,0.002123860720651296
5409,0.002123833114517508
5410,0.002123815677201711
5411,0.002123801618431881
5412,0.0021237893540940037
5413,0.002123778292322757
5414,0.002123768130787429
5415,0.0021237586805695867
5416,0.0021237498103776724
5417,0.002123741423829529
5418,0.002123733447836
5419,0.00212372582573496
5420,0.002123718512792329
5421,0.002123711473140668
5422,0.002123704677591146
5423,0.0021236981020697774
5424,0.00212369172645595
5425,0.002123685533731977
5426,0.002123658360735642
5427,0.002123600108135958
5428,0.002123559356329082
5429,0.0021235301194439016
5430,0.0021235085563847465
5431,0.0021234921535447744
5432,0.0021234792565928318
5433,0.0021234687705093394
5434,0.0021234192042602898
5435,0.0021233740201084057
5436,0.002123340696178327
5437,0.002123312784155681
5438,0.002123171496998072
5439,0.002123121947736832
5440,0.002123059049814553
5441,0.0021230141706519356
5442,0.002122980706178587
5443,0.0021229291632976714
5444,0.00212290666493753
5445,0.002122896296343816
5446,0.0021228879441429482
5447,0.0021228378373468245
5448,0.002122780984258695
5449,0.002122904098933651
5450,0.002122754517459305
5451,0.002122724906985531
5452,0.0021227005901330366
5453,0.0021226845604491776
5454,0.002122671180871274
5455,0.0021226611563901158
5456,0.0021226638524013447
5457,0.0021226544219460648
5458,0.0021226489318966362
5459,0.002122639147539807
5460,0.002122631149216139
5461,0.002122574821975824
5462,0.002122459018103573
5463,0.002122407412004269
5464,0.0021223306130219305
5465,0.0021222549148851642
5466,0.002122197269315488
5467,0.0021223385350243374
5468,0.00212217361667808
5469,0.002122126265336003
5470,0.0021220906809914486
5471,0.0021220693833852223
5472,0.0021220518056404357
5473,0.002121956236937786
5474,0.002121858352611756
5475,0.002121809032036897
5476,0.002121749456383797
5477,0.0021217205298435064
5478,0.0021216914777133517
5479,0.0021216758409141937
5480,0.0021216637345873196
5481,0.002121606779420547
5482,0.0021215516415750957
5483,0.0021215015950013668
5484,0.002121466494357322
5485,0.0021214184674949055
5486,0.002121373640206502
5487,0.0021213328752833533
5488,0.0021212930491374946
5489,0.002121253731144153
5490,0.0021212082612701378
5491,0.002121168634761929
5492,0.002121134164709417
5493,0.0021210876476252757
5494,0.002121052153809054
5495,0.002120993050746947
5496,0.0021209622271947766
5497,0.0021209475266623047
5498,0.0021209359853093085
5499,0.0021208790696951173
5500,0.0021208124248868043
5501,0.0021207666416847167
5502,0.002120729826003399
5503,0.002120697312463431
5504,0.00212066752485981
5505,0.002120636294851406
5506,0.002120618659614695
5507,0.002120604691969022
5508,0.00212053854437954
5509,0.0021205273912559865
5510,0.002120489489450627
5511,0.0021204642828930686
5512,0.002120451110243542
5513,0.00212044079969257
5514,0.0021204320970510337
5515,0.0021204244119332263
5516,0.0021204174353988674
5517,0.002120410990981265
5518,0.0021204049694090532
5519,0.0021203992979443712
5520,0.0021203939251050784
5521,0.0021203888126468335
5522,0.002120383931120542
5523,0.002120379257272576
5524,0.0021203747724695835
5525,0.0021203704616593925
5526,0.0021203663127258494
5527,0.002120362315985355
5528,0.002120358463925452
5529,0.002120354750913116
5530,0.002120351173148024
5531,0.0021203477284562865
5532,0.0021203444164124637
5533,0.0021203412381516264
5534,0.0021203381966682085
5535,0.002120334148829992
5536,0.002120332002384358
5537,0.002120313838823434
5538,0.0021203118827518618
5539,0.0021202986668944564
5540,0.002120294409493133
5541,0.002120292549831768
5542,0.0021202831921780805
5543,0.0021202772154714565
5544,0.0021202752267088787
5545,0.0021202735945417203
5546,0.0021202621965699183
5547,0.002120259510938763
5548,0.0021202578068316835
5549,0.002120256315742193
5550,0.0021202454106182644
5551,0.0021202432760116094
5552,0.0021202417215810763
5553,0.002120233762905256
5554,0.0021202300709707474
5555,0.0021202281663114694
5556,0.0021202267122485676
5557,0.002120218916706052
5558,0.002120215772231808
5559,0.0021202139814268895
5560,0.002120212599917089
5561,0.002120205270621371
5562,0.00212020231674887
5563,0.0021202005810039767
5564,0.002120199252849896
5565,0.0021201925153690924
5566,0.0021201895780593133
5567,0.0021201878595645926
5568,0.0021201865696911727
5569,0.002120180492570963
5570,0.002120177465048223
5571,0.002120175734513178
5572,0.0021201744699851496
5573,0.00212017338087783
5574,0.0021201659078891604
5575,0.0021201641393722636
5576,0.002120162888351326
5577,0.002120161830583076
5578,0.0021201548512967596
5579,0.0021201530196419517
5580,0.0021201517707324672
5581,0.002120150737577669
5582,0.002120144250739058
5583,0.002120142330041579
5584,0.0021201410718193993
5585,0.0021201400569308393
5586,0.0021201340701047303
5587,0.002120132032602211
5588,0.0021201307532327275
5589,0.002120129750436326
5590,0.002120124280120475
5591,0.002120122095296259
5592,0.002120120782190441
5593,0.0021201197853064056
5594,0.0021201148573454062
5595,0.002120112491021834
5596,0.0021201111305038257
5597,0.0021201101331864538
5598,0.0021201057833488746
5599,0.0021201031968568237
5600,0.0021201017738228423
5601,0.0021201007694004316
5602,0.002120099917006644
5603,0.0021200941934816763
5604,0.002120092691032312
5605,0.002120091672353081
5606,0.0021200908285231523
5607,0.0021200854647492485
5608,0.0021200838638038505
5609,0.002120082823067997
5610,0.0021200819840459166
5611,0.0021200769974029743
5612,0.0021200752762238744
5613,0.0021200742048060844
5614,0.002120073366650976
5615,0.002120068780792358
5616,0.0021200669145193217
5617,0.0021200658027732758
5618,0.002120064961272286
5619,0.0021200608068127702
5620,0.002120058766827416
5621,0.0021200576038659952
5622,0.002120056754447116
5623,0.0021200530697094875
5624,0.0021200508230420144
5625,0.0021200495964906604
5626,0.0021200487341199274
5627,0.002120048002426946
5628,0.0021200430746778653
5629,0.0021200417703868433
5630,0.002120040889463746
5631,0.002120040160132052
5632,0.002120035514783192
5633,0.002120034116519014
5634,0.002120033210750955
5635,0.002120032481030336
5636,0.002120028137924604
5637,0.0021200266269650143
5638,0.0021200256892283686
5639,0.00212002495611998
5640,0.0021200209401070493
5641,0.0021200192948508355
5642,0.0021200183170325395
5643,0.0021200175772244914
5644,0.0021200139188761696
5645,0.0021200121142858365
5646,0.0021200110870994073
5647,0.0021200103369008296
5648,0.002120007073252
5649,0.002120005080341906
5650,0.002120003993117977
5651,0.002120003228375785
5652,0.0021200025788555544
5653,0.0021199981890248124
5654,0.0021199970294621734
5655,0.0021199962454756475
5656,0.002119995595522316
5657,0.0021199914372732067
5658,0.0021199901911709905
5659,0.0021199893825857175
5660,0.0021199887299917586
5661,0.0021199848230095083
5662,0.002119983473910414
5663,0.0021199826345993
5664,0.00211998197690646
5665,0.002119978345119578
5666,0.0021199768739671556
5667,0.0021199759968934338
5668,0.0021199753313392317
5669,0.0021199720035894125
5670,0.002119970388234029
5671,0.0021199694652904457
5672,0.002119968788752566
5673,0.002119965799482353
5674,0.0021199640142275968
5675,0.0021199630360526018
5676,0.0021199623449775196
5677,0.0021199617563089222
5678,0.0021199577500934726
5679,0.002119956705851425
5680,0.0021199559961804725
5681,0.002119955405751195
5682,0.0021199515946313976
5683,0.0021199504717755602
5684,0.0021199497388523147
5685,0.002119949144811042
5686,0.002119945547362564
5687,0.002119944331318857
5688,0.0021199435697845936
5689,0.00211994297004417
5690,0.002119939608531317
5691,0.0021199382823931844
5692,0.0021199374860661484
5693,0.0021199368782572866
5694,0.002119933779241911
5695,0.00211993232333185
5696,0.002119931485064957
5697,0.002119930866487716
5698,0.0021199280614547333
5699,0.0021199264529188056
5700,0.002119925564436584
5701,0.0021199249319979355
5702,0.0021199243908167974
5703,0.0021199206704057547
5704,0.00211991972210933
5705,0.0021199190722578478
5706,0.0021199185287073337
5707,0.002119914975545046
5708,0.0021199139563008716
5709,0.002119913284944946
5710,0.0021199127374363796
5711,0.0021199093686580643
5712,0.0021199082655171558
5713,0.0021199075679324193
5714,0.002119907014660812
5715,0.00211990385064619
5716,0.002119902648571205
5717,0.0021199019192933185
5718,0.002119901358196771
5719,0.0021198984231176666
5720,0.002119897104593639
5721,0.002119896337291765
5722,0.0021198957660085857
5723,0.0021198930883933337
5724,0.0021198916330640786
5725,0.0021198908203958412
5726,0.0021198902362093252
5727,0.0021198897334226813
5728,0.0021198862338323984
5729,0.00211988536727029
5730,0.0021198847670507353
5731,0.0021198842616664756
5732,0.0021198809071526553
5733,0.00211987997679537
5734,0.0021198793569275694
5735,0.0021198788475644205
5736,0.0021198756537475845
5737,0.0021198746480705615
5738,0.0021198740043713617
5739,0.0021198734894519347
5740,0.0021198704748236897
5741,0.0021198693804345436
5742,0.0021198687080574235
5743,0.002119868185772317
5744,0.0021198653721854486
5745,0.002119864173478308
5746,0.0021198634668007457
5747,0.002119862935070444
5748,0.002119860348246486
5749,0.0021198590270755237
5750,0.002119858279569712
5751,0.0021198577359955798
5752,0.0021198554061999542
5753,0.002119853941402297
5754,0.002119853145481957
5755,0.0021198525872951233
5756,0.0021198521137400163
5757,0.0021198489169789547
5758,0.002119848063826438
5759,0.0021198474878218122
5760,0.0021198470104398705
5761,0.002119843954715474
5762,0.00211984303406408
5763,0.0021198424365283016
5764,0.002119841953932198
5765,0.0021198390559370485
5766,0.00211983805585041
5767,0.0021198374324763736
5768,0.0021198369430702247
5769,0.0021198342224835426
5770,0.002119833129048591
5771,0.0021198324748350514
5772,0.0021198319767803267
5773,0.0021198294567236417
5774,0.0021198282537575525
5775,0.002119827562893743
5776,0.002119827054065844
5777,0.002119824761704858
5778,0.0021198234303314288
5779,0.002119822696060516
5780,0.0021198221740030593
5781,0.0021198217274827407
5782,0.002119818659417752
5783,0.002119817873882367
5784,0.002119817335748516
5785,0.00211981688564335
5786,0.0021198139419990047
5787,0.0021198130960474967
5788,0.0021198125385356622
5789,0.002119812083620507
5790,0.002119809279417364
5791,0.0021198083624060986
5792,0.0021198077816837213
5793,0.0021198073205463165
5794,0.0021198046734626974
5795,0.0021198036729832095
5796,0.0021198030645971783
5797,0.002119802595607797
5798,0.0021198001263884225
5799,0.0021197990280042364
5800,0.0021197983867779985
5801,0.0021197979080508156
5802,0.002119795641043089
5803,0.0021197944279136975
5804,0.0021197937478253663
5805,0.002119793257177564
5806,0.0021197928339554578
5807,0.0021197898734093
5808,0.0021197891474537766
5809,0.0021197886423533667
5810,0.002119788215831132
5811,0.0021197853654799236
5812,0.002365967746803263
5813,0.0026538879582089603
5814,0.0023385198904834494
5815,0.002324279398436359
5816,0.0023038908271538084
5817,0.0022988264285101916
5818,0.0022901233920936343
5819,0.002283510002526404
5820,0.0022772094112612717
5821,0.002266307908450084
5822,0.002275075238261833
5823,0.0022614895826699876
5824,0.002252772636900052
5825,0.002247549415799827
5826,0.0022417801542057906
5827,0.002236314737031847
5828,0.0022308523550377784
5829,0.0022273223304009357
5830,0.0022231420304268607
5831,0.0022205430013863886
5832,0.002216697511327182
5833,0.002212317917318825
5834,0.002206485006915852
5835,0.0022047884933754057
5836,0.0022016331443638934
5837,0.002200522854034673
5838,0.0021986639151531325
5839,0.002196166997468358
5840,0.002193913182795111
5841,0.0021921963344074804
5842,0.002190798778155276
5843,0.0021892317185261984
5844,0.0021856309419280807
5845,0.0021888015999204594
5846,0.0021844264727682223
5847,0.002183187564225158
5848,0.0021817181133789794
5849,0.002179975962152056
5850,0.00217844898760864
5851,0.002177077026735222
5852,0.00217600608792299
5853,0.0021750710014571376
5854,0.00217359564101722
5855,0.0021721183627647998
5856,0.002171279465634623
5857,0.0021699717078438982
5858,0.0021693555325824824
5859,0.0021683597538227424
5860,0.0021675458616737062
5861,0.0021669657322162745
5862,0.002165694183455266
5863,0.002164120042640378
5864,0.002162827726109862
5865,0.0021620926081692524
5866,0.0021612290640596683
5867,0.0021603558311004073
5868,0.0021596443891201125
5869,0.002158831854166248
5870,0.002158418766598649
5871,0.002158176031246371
5872,0.0021575572394858912
5873,0.002157784541698777
5874,0.0021573296503566695
5875,0.0021568454109771465
5876,0.0021563776163869004
5877,0.0021559391941391435
5878,0.002155731821531451
5879,0.002155354774027137
5880,0.0021550795856032285
5881,0.002154828272081659
5882,0.002154365205899684
5883,0.0021539422089717607
5884,0.002153538105210877
5885,0.002153262722348343
5886,0.002153072441074731
5887,0.002152787946822282
5888,0.002152511086436847
5889,0.00215230259508851
5890,0.002151872525656552
5891,0.0021518335536314386
5892,0.0021515250060772906
5893,0.002151186796742039
5894,0.0021509235393563832
5895,0.0021507202587983084
5896,0.0021504428752587915
5897,0.0021499908655489923
5898,0.0021497337338134146
5899,0.0021492145645830786
5900,0.0021489385974989422
5901,0.0021486058288987574
5902,0.002148439386966822
5903,0.002148215998301653
5904,0.002147708094042937
5905,0.002148557729998937
5906,0.0021475216426610918
5907,0.0021471244781881864
5908,0.0021467701905424305
5909,0.0021463350491255475
5910,0.0021461514437278546
5911,0.002145824503930276
5912,0.0021456113751547744
5913,0.0021453951440758468
5914,0.0021450063882415106
5915,0.0021454032624608935
5916,0.0021448144607952506
5917,0.0021444346111289484
5918,0.0021441494288177328
5919,0.0021438781646810796
5920,0.002143624008017191
5921,0.0021433781926748223
5922,0.0021430080183315377
5923,0.0021427895182149935
5924,0.002142558037439613
5925,0.0021423152793180623
5926,0.0021421442799187487
5927,0.0021418496781167515
5928,0.002141639937918017
5929,0.002141488182865778
5930,0.002141391606011311
5931,0.002141297210299527
5932,0.002141194802336532
5933,0.0021410650854582214
5934,0.002140883271399782
5935,0.002140851208209726
5936,0.002140785117832423
5937,0.0021406878742990616
5938,0.002140572100687791
5939,0.002140411516398783
5940,0.002140191580024394
5941,0.0021400217844889827
5942,0.0021399166693148344
5943,0.002139836599028242
5944,0.0021398014370553643
5945,0.002139714650995011
5946,0.00213961617218671
5947,0.0021395426887289917
5948,0.0021394365565680015
5949,0.0021393015750377983
5950,0.002139196702781506
5951,0.0021391024256157245
5952,0.002138984760460609
5953,0.002138894244870499
5954,0.002138669173375544
5955,0.0021386512223993816
5956,0.002138573363622025
5957,0.0021384149760138448
5958,0.002138283749306617
5959,0.0021381479642606856
5960,0.0021380340213235376
5961,0.0021379126716490103
5962,0.002137755702504222
5963,0.002137660840231571
5964,0.0021375157989824973
5965,0.0021373207058986484
5966,0.002137240148355647
5967,0.0021370925104673808
5968,0.0021369118118510512
5969,0.00213672048100688
5970,0.0021365748508918843
5971,0.002136472215939532
5972,0.002136340521617282
5973,0.0021362242799512726
5974,0.002136080040126521
5975,0.002135969165775675
5976,0.002135863159324697
5977,0.0021356879677993388
5978,0.002135549586815134
5979,0.00213545209902286
5980,0.0021353412609236523
5981,0.0021352494556406715
5982,0.002135130534202932
5983,0.0021350240864518337
5984,0.002134915204962507
5985,0.0021348953990680225
5986,0.002134776570207814
5987,0.0021347114761380227
5988,0.0021346564139990342
5989,0.002134581645032895
5990,0.0021345350118797675
5991,0.002134364052607738
5992,0.002134317166459893
5993,0.0021342468612470258
5994,0.0021342279694915754
5995,0.002134099990482114
5996,0.002134035159790468
5997,0.002133950399471658
5998,0.0021338360076201698
5999,0.002133691123179268
6000,0.00213359884681463
6001,0.0021335400639597934
6002,0.002133433180326288
6003,0.002133342219591182
6004,0.002133249260130305
6005,0.0021331892165778626
6006,0.002133087320959366
6007,0.002132940573372856
6008,0.0021327528350621656
6009,0.0021326386969693204
6010,0.0021325390325245552
6011,0.0021324823100053072
6012,0.0021324171318740834
6013,0.0021323232609540984
6014,0.0021322258549452107
6015,0.0021321402415697987
6016,0.0021320448252238958
6017,0.0021319609068849166
6018,0.0021317936494746476
6019,0.002131734238656765
6020,0.0021316658557241673
6021,0.0021315531163917786
6022,0.002131429293955841
6023,0.002131329557321953
6024,0.002131243139938827
6025,0.002131168974868129
6026,0.0021310757703584646
6027,0.002130973343262111
6028,0.002130876370638544
6029,0.0021307363485230236
6030,0.0021306667944215388
6031,0.0021305452504083388
6032,0.002130490096776258
6033,0.002130400405424631
6034,0.002130298310703166
6035,0.002130199048960981
6036,0.002130124341061132
6037,0.002130064788254666
6038,0.002130011728668433
6039,0.0021299896874685323
6040,0.0021298668082712774
6041,0.0021298343028899247
6042,0.0021298179003409416
6043,0.0021298046694348213
6044,0.00212972380138122
6045,0.002129617672867952
6046,0.00212979807368456
6047,0.002129558362921077
6048,0.00212948890538189
6049,0.0021294603287281893
6050,0.002129441303061998
6051,0.0021293236004987217
6052,0.0021291708683693275
6053,0.002129602947757518
6054,0.002129129450813383
6055,0.0021290609579591017
6056,0.0021290020971111317
6057,0.0021289115716187383
6058,0.0021290071028927074
6059,0.0021288806671746776
6060,0.002128820021118831
6061,0.0021287478629358945
6062,0.002128669758893742
6063,0.0021285743268185733
6064,0.0021288149145901178
6065,0.0021285322165653002
6066,0.0021284555268647324
6067,0.0021283878122406816
6068,0.0021282887220753464
6069,0.002128186610280166
6070,0.002128091304523734
6071,0.002128014187711485
6072,0.0021279431122135798
6073,0.002127861243908535
6074,0.0021277664875837734
6075,0.002127682124990231
6076,0.0021276307695293796
6077,0.0021275473430904736
6078,0.0021274408599430217
6079,0.00212736960645658
6080,0.0021272708685991927
6081,0.002127226169439355
6082,0.0021271581472666963
6083,0.0021270674741544677
6084,0.0021269666065687194
6085,0.0021268790240590043
6086,0.0021267951220723036
6087,0.002126715106312637
6088,0.0021266211968976817
6089,0.0021265510483560656
6090,0.002126467851504491
6091,0.0021263373104707622
6092,0.0021263325522770473
6093,0.0021262622996772763
6094,0.0021261819531673684
6095,0.0021261307549612697
6096,0.0021260546984777176
6097,0.0021260446144738755
6098,0.002125912307781556
6099,0.0021258752548712592
6100,0.0021258558149467857
6101,0.002125840866712797
6102,0.002125767383733895
6103,0.0021256779072129505
6104,0.002125582154496483
6105,0.002125629572525529
6106,0.002125551063781716
6107,0.0021255225744600125
6108,0.002125468120134624
6109,0.0021254318171162892
6110,0.002125404261927066
6111,0.002125421924352004
6112,0.002125393732482614
6113,0.002125406183656861
6114,0.0021253836856572413
6115,0.0021253996936565623
6116,0.0021253740690637193
6117,0.0021253854151100735
6118,0.002125364837947886
6119,0.0021253795355130342
6120,0.0021253559555445153
6121,0.0021253664147004004
6122,0.0021253473892563555
6123,0.0021253610193593324
6124,0.0021253391118065427
6125,0.002125348842416547
6126,0.002125331098662161
6127,0.002125343841280177
6128,0.0021253233290235377
6129,0.002125332449741968
6130,0.0021253157839623595
6131,0.002125327776117873
6132,0.002125308447251165
6133,0.002125317049278468
6134,0.002125301303975872
6135,0.0021253126524160126
6136,0.002125294341228023
6137,0.0021253024961862994
6138,0.0021252875470444835
6139,0.0021252983365694054
6140,0.002125280910985326
6141,0.0021252886761587327
6142,0.002125274423306099
6143,0.0021252847224133664
6144,0.0021252680754414535
6145,0.002125275497370814
6146,0.002125261859347613
6147,0.002125271724168628
6148,0.0021252557679085934
6149,0.0021252628849245383
6150,0.00212524979440605
6151,0.0021252592715212877
6152,0.002125243932862103
6153,0.002125250776913735
6154,0.0021252381776064345
6155,0.002125247306103983
6156,0.002125232523567014
6157,0.0021252391215696507
6158,0.0021252269659127673
6159,0.002125235778923152
6160,0.002125221500301314
6161,0.0021252278751483166
6162,0.002125216122581283
6163,0.0021252246484401997
6164,0.0021252108290043524
6165,0.0021252170003383925
6166,0.0021252056159752576
6167,0.0021252138791178973
6168,0.002125200480234089
6169,0.0021252064650432298
6170,0.0021251954186447875
6171,0.002125203440302348
6172,0.002125190428352551
6173,0.002125196241436628
6174,0.0021251855066038014
6175,0.002125193305351815
6176,0.0021251806508826377
6177,0.002125186305221773
6178,0.002125175858756514
6179,0.002125183450951058
6180,0.002125171127995121
6181,0.0021251766350443868
6182,0.0021251664564375023
6183,0.0021251738565653514
6184,0.002125161842095809
6185,0.002125167212021963
6186,0.002125157283040337
6187,0.002125164504002643
6188,0.0021251527774904908
6189,0.002125158019364698
6190,0.002125148323714836
6191,0.0021251553770583994
6192,0.0021251439201110086
6193,0.002125149042066497
6194,0.0021251395651185646
6195,0.0021251464612259984
6196,0.0021251352572893892
6197,0.002125140266651283
6198,0.002125130995211409
6199,0.0021251377434586814
6200,0.002125126777570696
6201,0.002125131680963926
6202,0.0021251226030845945
6203,0.0021251292119724013
6204,0.0021251184705565187
6205,0.002125123273995809
6206,0.002125114378817282
6207,0.0021251208560811178
6208,0.0021251103267735582
6209,0.0021251150357390358
6210,0.0021251063133560307
6211,0.0021251126660592297
6212,0.0021251023375625385
6213,0.002125106957064107
6214,0.0021250983984121797
6215,0.002125104633024646
6216,0.002125094494983643
6217,0.0021250990296153077
6218,0.002125090626374636
6219,0.0021250967488400507
6220,0.0021250867917358457
6221,0.0021250912457225412
6222,0.002125082990235045
6223,0.0021250890060289704
6224,0.0021250792210873266
6225,0.002125083598324751
6226,0.0021250754835232463
6227,0.0021250813977026564
6228,0.002125071776815625
6229,0.0021250760809050067
6230,0.002125068100251448
6231,0.0021250739174980327
6232,0.002125064453155549
6233,0.0021250686874335982
6234,0.0021250608348657584
6235,0.0021250665595235864
6236,0.00212505724475387
6237,0.002125061412319044
6238,0.002125053682203682
6239,0.0021250593183119604
6240,0.0021250501466295387
6241,0.0021250542503648932
6242,0.0021250466374569334
6243,0.0021250521887788308
6244,0.002125043154138875
6245,0.002125047196732354
6246,0.002125039696138747
6247,0.002125045166186888
6248,0.0021250362629447453
6249,0.002125040246906863
6250,0.002125032854054829
6251,0.0021250382461136287
6252,0.002125029468989331
6253,0.0021250333966690046
6254,0.0021250261072777643
6255,0.002125031424423507
6256,0.0021250227684699047
6257,0.0021250266420683667
6258,0.002125019452124161
6259,0.0021250246972426366
6260,0.0021250161578172753
6261,0.002125019979400738
6262,0.002125012885134225
6263,0.0021250180609365065
6264,0.0021250096336765125
6265,0.0021250134051871484
6266,0.002125006403053551
6267,0.002125011512090452
6268,0.0021250031928896243
6269,0.0021250069161555954
6270,0.0021250000028166763
6271,0.002125005047491288
6272,0.0021249968324800624
6273,0.002125000509224466
6274,0.0021249936815324407
6275,0.0021249986641118336
6276,0.0021249905496386625
6277,0.002124994181487661
6278,0.00212498743647058
6279,0.002124992359095896
6280,0.0021249843417110656
6281,0.0021249879302012724
6282,0.002124981265049736
6283,0.002124986129745745
6284,0.002124978206186167
6285,0.002124981752771318
6286,0.002124975164826544
6287,0.002124979973509875
6288,0.0021249721406858832
6289,0.0021249756467427777
6290,0.002124969133485696
6291,0.002124973887973018
6292,0.002124966142955487
6293,0.0021249696097892933
6294,0.002124963168831005
6295,0.002124967870845779
6296,0.0021249602108552004
6297,0.0021249636397046396
6298,0.0021249572687770863
6299,0.0021249619199560526
6300,0.0021249543423521315
6301,0.0021249577343940775
6302,0.002124951431341827
6303,0.0021249560332407187
6304,0.002124948535513311
6305,0.0021249518918668147
6306,0.0021249456546396264
6307,0.0021249502087387607
6308,0.0021249427884988794
6309,0.002124946110229037
6310,0.0021249399368749445
6311,0.0021249444445840737
6312,0.0021249370995561965
6313,0.0021249403876775395
6314,0.0021249342763366382
6315,0.0021249387389995216
6316,0.002124931467014232
6317,0.0021249347224942252
6318,0.0021249286713924866
6319,0.002124933090290791
6320,0.0021249258892784236
6321,0.0021249291130400376
6322,0.0021249231204844483
6323,0.002124927496842084
6324,0.0021249203648260233
6325,0.0021249235577508008
6326,0.0021249176221239756
6327,0.00212492195711005
6328,0.002124914892201705
6329,0.0021249180551321765
6330,0.0021249121748879106
6331,0.002124916469620502
6332,0.002124909470013519
6333,0.002124912603755388
6334,0.0021249067774146246
6335,0.0021249110329635236
6336,0.0021249040969292276
6337,0.002124907202253681
6338,0.0021249014284004174
6339,0.0021249056457899977
6340,0.0021248987716728203
6341,0.0021249018493185927
6342,0.002124896126596156
6343,0.0021249003068078936
6344,0.0021248934930213005
6345,0.002124896543696419
6346,0.0021248908708042234
6347,0.0021248950147792793
6348,0.002124888259801743
6349,0.0021248912841851497
6350,0.0021248856598756753
6351,0.0021248897685171323
6352,0.002124883070888476
6353,0.002124886069631751
6354,0.0021248804927075002
6355,0.002124884566882376
6356,0.0021248779252005376
6357,0.002124880898929403
6358,0.0021248753682402166
6359,0.0021248794087812962
6360,0.002124872821699313
6361,0.0021248757710150157
6362,0.0021248702854554636
6363,0.0021248742931633366
6364,0.002124867759386216
6365,0.002124870684866765
6366,0.002124865243373917
6367,0.002124869219018582
6368,0.0021248627373006293
6369,0.0021248656395021423
6370,0.0021248602410532044
6371,0.0021248641853754487
6372,0.002124857754517982
6373,0.002124860633975636
6374,0.0021248552775860515
6375,0.002124859191299411
6376,0.0021248528101478733
6377,0.0021248556673769963
6378,0.0021248503520985345
6379,0.0021248542358903084
6380,0.002124847903332356
6381,0.002124850738829645
6382,0.0021248454637483104
6383,0.002124849318280805
6384,0.0021248430332443877
6385,0.002124845847488505
6386,0.0021248406117232044
6387,0.002124844437635269
6388,0.0021248381990862605
6389,0.0021248409925390087
6390,0.0021248357952396535
6391,0.002124839593147494
6392,0.0021248334000882095
6393,0.002124836173195158
6394,0.0021248310135413492
6395,0.002124834784039865
6396,0.002124828635507094
6397,0.0021248313886983805
6398,0.002124826265897993
6399,0.002124830009561711
6400,0.0021248239046251245
6401,0.002124826638316192
6402,0.0024898175749459976
6403,0.002715381315356191
6404,0.002452701219163167
6405,0.0024263339586313246
6406,0.0023962334754687926
6407,0.0023857520149076295
6408,0.0023762215798770244
6409,0.00236304102925188
6410,0.0023541671114625613
6411,0.0023420284982509456
6412,0.0023298722671303467
6413,0.0023244132704439255
6414,0.002315327775888452
6415,0.0023071515747981144
6416,0.0023011829583916513
6417,0.002292615835873295
6418,0.0022886694972420623
6419,0.0022817486691268027
6420,0.0022708204432572428
6421,0.0022626022989075045
6422,0.0022527918990401198
6423,0.002248538891517998
6424,0.0022439698412190876
6425,0.0022382405167768863
6426,0.0022361487832333136
6427,0.0022324770005381993
6428,0.002230529784739142
6429,0.002227111849067235
6430,0.002222956470457392
6431,0.0022183410166043247
6432,0.002214659105149817
6433,0.0022121978801563353
6434,0.0022100377921940658
6435,0.0022078641212405666
6436,0.002204573037382384
6437,0.0022027015064811544
6438,0.002200413130532161
6439,0.0021985688488281667
6440,0.0021970344922244765
6441,0.0021946341949827296
6442,0.0021926915379022875
6443,0.002191300095698924
6444,0.0021900714606542244
6445,0.0021889513437683855
6446,0.0021881500197407063
6447,0.002185819060958632
6448,0.0021850809736390538
6449,0.0021837597400242016
6450,0.002182296863152811
6451,0.002180969172011843
6452,0.002180039438221669
6453,0.002178807930773354
6454,0.002177694691882174
6455,0.0021765299669726955
6456,0.0021754884194704624
6457,0.0021751884594867986
6458,0.0021744598626165634
6459,0.0021741123924799567
6460,0.002173650489932181
6461,0.0021730292354362564
6462,0.0021733907515941696
6463,0.002172589227760855
6464,0.00217195528213037
6465,0.002171645363335388
6466,0.0021711896578594397
6467,0.0021709461737828913
6468,0.002170562489335762
6469,0.002170247077766464
6470,0.0021698917133480882
6471,0.0021691795215871296
6472,0.0021686516459315333
6473,0.0021679350182344623
6474,0.0021676314581351433
6475,0.002167150318262133
6476,0.0021667876474779067
6477,0.002166295991069876
6478,0.002165955216238039
6479,0.002165643570733299
6480,0.002165269127961842
6481,0.0021649363022285314
6482,0.0021644005536501977
6483,0.002164136348550511
6484,0.0021638578726550996
6485,0.0021633012558720725
6486,0.002163922696305783
6487,0.0021630340616223868
6488,0.0021625253928452964
6489,0.0021621786656105145
6490,0.0021616363839068267
6491,0.002161314773923748
6492,0.0021607708578070817
6493,0.002160372126662376
6494,0.002160063440822869
6495,0.002159830275535051
6496,0.002159422664491454
6497,0.002159201782338605
6498,0.0021589137601890555
6499,0.002158425295349258
6500,0.0021587395882749936
6501,0.0021581357554732073
6502,0.0021575995357969173
6503,0.0021572475016588682
6504,0.002156769468866824
6505,0.0021566490739996637
6506,0.0021562118350687545
6507,0.0021560061179535786
6508,0.0021557570277144535
6509,0.0021554064965009665
6510,0.0021558010250001987
6511,0.0021551847870031047
6512,0.002154773561799429
6513,0.0021545036101105466
6514,0.002154309956680132
6515,0.002154082419502975
6516,0.0021539606796942036
6517,0.0021536697126088105
6518,0.002153695306460378
6519,0.0021535769280805273
6520,0.0021534038618487494
6521,0.002153130605168337
6522,0.002152861154553235
6523,0.002152716483141922
6524,0.002152446878699054
6525,0.0021523377832900386
6526,0.002152167182746202
6527,0.0021519182235186013
6528,0.0021519378416804302
6529,0.002151711467762292
6530,0.0021514883847742732
6531,0.0021513959450000504
6532,0.0021513155032778903
6533,0.0021511679505301236
6534,0.0021514453480604863
6535,0.0021510849050384233
6536,0.002150941988570413
6537,0.0021508249852216013
6538,0.0021507013012375393
6539,0.002150503045946125
6540,0.002150193449318666
6541,0.0021504144696758163
6542,0.0021500190045203363
6543,0.0021498471824827783
6544,0.002149731917119857
6545,0.0021495946040762113
6546,0.0021493629445025575
6547,0.002149189307809658
6548,0.0021490301698556266
6549,0.002148892353402898
6550,0.0021487526031811477
6551,0.0021483654096660547
6552,0.00214864609778269
6553,0.002148243159705783
6554,0.0021480219107542884
6555,0.0021478896971890496
6556,0.0021477483570818603
6557,0.002147601663400977
6558,0.0021474283247047395
6559,0.002147334578123726
6560,0.002147146543235038
6561,0.0021470408618533784
6562,0.0021468773124987198
6563,0.002146680977335604
6564,0.002146520292400592
6565,0.0021462367585366442
6566,0.0021461309490161244
6567,0.002145958923348397
6568,0.002145808639403133
6569,0.002145610096375139
6570,0.0021454488305452627
6571,0.0021452916487652955
6572,0.0021451766120784725
6573,0.002144973429433449
6574,0.0021448149608189627
6575,0.0021446865709708633
6576,0.0021446727652632913
6577,0.0021444927067700414
6578,0.0021444086353726915
6579,0.002144304617738579
6580,0.002144197381767268
6581,0.0021451276108018706
6582,0.0021441291487313326
6583,0.0021439479954517564
6584,0.0021438243489552114
6585,0.0021436375918910725
6586,0.002143899109055217
6587,0.0021435726434436294
6588,0.0021434391631830747
6589,0.002143308276531405
6590,0.0021431425657011055
6591,0.002143122334976225
6592,0.0021429284280843584
6593,0.0021428591748179457
6594,0.0021427233662472695
6595,0.0021426291969309417
6596,0.0021425115023794732
6597,0.002142357091827335
6598,0.002142207087616361
6599,0.002142174135535767
6600,0.0021419207086830574
6601,0.0021418542417820587
6602,0.00214174111885506
6603,0.002141577254108488
6604,0.002141478114133158
6605,0.0021412237330240137
6606,0.002141140136055737
6607,0.002141002139921657
6608,0.0021408714688062156
6609,0.0021407301550205697
6610,0.0021404410886318313
6611,0.002140307704414553
6612,0.0021402018709729288
6613,0.0021400849395279142
6614,0.002139960117347753
6615,0.0021400070100419076
6616,0.0021398657417289334
6617,0.0021397119484505667
6618,0.002139618119966526
6619,0.0021394807415407208
6620,0.0021393163780024714
6621,0.002139170863872745
6622,0.0021390269365594043
6623,0.0021389168538553612
6624,0.002138772763717995
6625,0.0021387251163980385
6626,0.0021385176304063364
6627,0.0021384433480889503
6628,0.0021383654422192856
6629,0.0021382811906354247
6630,0.0021382164953222664
6631,0.0021380797084627127
6632,0.0021380213728299656
6633,0.002137904836385051
6634,0.002137797297972849
6635,0.0021377153365311164
6636,0.0021375738268614173
6637,0.0021384650195608234
6638,0.002137524846200593
6639,0.0021374290108615948
6640,0.00213737582632048
6641,0.0021373371042840137
6642,0.002137305075119143
6643,0.0021372822871937487
6644,0.0021372462115618546
6645,0.002137218182679005
6646,0.002137081559251202
6647,0.0021370070970076586
6648,0.002136827498941278
6649,0.0021366795421459066
6650,0.0021365446792535408
6651,0.0021364565441756704
6652,0.0021364111129644364
6653,0.002136324626697608
6654,0.0021361885537627724
6655,0.002136111682011547
6656,0.002135978371059769
6657,0.0021359160469421753
6658,0.002135829041587532
6659,0.002135697144384241
6660,0.002135590052719379
6661,0.0021354155284994234
6662,0.002135322457921709
6663,0.0021352274686615865
6664,0.002135108130388858
6665,0.0021349766242417774
6666,0.002134845209191858
6667,0.002134777031699056
6668,0.0021346847056924953
6669,0.0021346027195862658
6670,0.00213451694044095
6671,0.002134407801296214
6672,0.0021343493937453295
6673,0.00213430669976797
6674,0.002134093077373395
6675,0.002133927944839377
6676,0.0021339382327827125
6677,0.002133786081317286
6678,0.0021336247128795646
6679,0.0021335514191907824
6680,0.0021334664761310774
6681,0.002133333411310629
6682,0.0021332285937546657
6683,0.0021331399863681938
6684,0.00213303854165388
6685,0.002132932115907979
6686,0.002132785508752747
6687,0.002132680098203593
6688,0.0021325436602374548
6689,0.0021324453707174196
6690,0.002132386209284336
6691,0.00213230861287292
6692,0.002132235980052628
6693,0.00213217808472361
6694,0.002132152840254354
6695,0.0021320034638412735
6696,0.002131964472476759
6697,0.002131944143219714
6698,0.00213192870718153
6699,0.0021318588271101494
6700,0.0021317534691469883
6701,0.002132059083607775
6702,0.0021316745112809135
6703,0.002131584275844356
6704,0.002131551748681733
6705,0.0021315251997799226
6706,0.0021313867817012925
6707,0.0021315654279634414
6708,0.0021313471591511038
6709,0.002131314909335102
6710,0.0021312937958857204
6711,0.002131276233644049
6712,0.00213117701382713
6713,0.002131059649541949
6714,0.0021308615880731583
6715,0.00213127086051143
6716,0.0021308270974940385
6717,0.0021307778632971446
6718,0.002130727677891523
6719,0.002130649359844055
6720,0.002130524541526993
6721,0.0021306034591954703
6722,0.0021304595753440844
6723,0.0021303488988263564
6724,0.002130288264924384
6725,0.0021301958261494133
6726,0.0021300976361338098
6727,0.0021299956539652556
6728,0.0021300504377891076
6729,0.002129935759926985
6730,0.002129839259001878
6731,0.002129749802115654
6732,0.002129605028269906
6733,0.002129485523230875
6734,0.002129385258155607
6735,0.00212928691063074
6736,0.0021292108933142614
6737,0.0021291280785664265
6738,0.0021290651471246726
6739,0.0021289507746463806
6740,0.0021289141365207925
6741,0.002128893605968335
6742,0.0021288765730407885
6743,0.002128773213799984
6744,0.0021286444412675297
6745,0.0021287713300612372
6746,0.00212857139438789
6747,0.0021284439224387767
6748,0.002128370134645527
6749,0.002128274972799454
6750,0.0021281882322009738
6751,0.002128079703254827
6752,0.0021280017793455326
6753,0.002127941804352436
6754,0.0021278307656950367
6755,0.0021277732815370514
6756,0.00212767318109808
6757,0.0021276043687691753
6758,0.0021275482838376773
6759,0.0021274226573529645
6760,0.0021283464293220394
6761,0.0021273779812146705
6762,0.002127275068469279
6763,0.0021272062245418044
6764,0.0021271322882277124
6765,0.002127199736539418
6766,0.0021270970460590803
6767,0.002127012504918067
6768,0.002126933754106219
6769,0.0021268564737480992
6770,0.0021270195058837806
6771,0.002126832058909742
6772,0.0021267905048763932
6773,0.0021267422947273498
6774,0.0021266713640499305
6775,0.002126730609006087
6776,0.0021266417618432784
6777,0.00212659432153608
6778,0.002126543192054047
6779,0.0021264793895340297
6780,0.0021264073068207544
6781,0.0021263412289565945
6782,0.00212625126804091
6783,0.0021261830626832273
6784,0.0021261233300925346
6785,0.0021260318998437993
6786,0.0021259877218088585
6787,0.002125907371799896
6788,0.002125793769358591
6789,0.0021257625321666135
6790,0.0021256192002491133
6791,0.0021255676510275353
6792,0.0021254804660473894
6793,0.002125412173699228
6794,0.002125299965494151
6795,0.002125231217425233
6796,0.0021251721259856566
6797,0.002125098644005657
6798,0.002125008320835655
6799,0.0021249371333820024
6800,0.0021248569342953334
6801,0.0021247655648844346
6802,0.002124647449703594
6803,0.002124588337942166
6804,0.002124525906397367
6805,0.0021244623427211806
6806,0.0021243879355105147
6807,0.0021243313433503353
6808,0.0021242657029819753
6809,0.002124173950604811
6810,0.002124103956867528
6811,0.0021239819557888396
6812,0.00212400930368307
6813,0.002123921805601433
6814,0.002123859117495073
6815,0.0021237924761358827
6816,0.002123707388579398
6817,0.002123640827963479
6818,0.0021235318506078113
6819,0.0021234873345960703
6820,0.0021234217906342264
6821,0.0021233788232832354
6822,0.0021233135595395097
6823,0.0021232617407096446
6824,0.0021232260748037086
6825,0.0021231941723315524
6826,0.002123140430777153
6827,0.002123069486182285
6828,0.002123004620927674
6829,0.0021230136980493895
6830,0.0021229739293761756
6831,0.00212292153221026
6832,0.002122863710441085
6833,0.002122806440219614
6834,0.002122752700133167
6835,0.0021226836951454262
6836,0.0021226397688321724
6837,0.002122590211573943
6838,0.0021225300464481657
6839,0.002122503526093701
6840,0.0021224098396645584
6841,0.0021223829902205487
6842,0.002122369358304065
6843,0.0021223583096209755
6844,0.0021222950845893895
6845,0.0021222207185872762
6846,0.0021220785894024425
6847,0.0021222558821090776
6848,0.0021220294647470873
6849,0.0021219721576395804
6850,0.002121903026915614
6851,0.0021218232315784154
6852,0.002121740044326347
6853,0.002121644982396299
6854,0.0021215954466850522
6855,0.0021215466925268403
6856,0.002121493352601909
6857,0.0021214193320358977
6858,0.0021213426227383713
6859,0.0021213008438739278
6860,0.0021212186130351923
6861,0.0021212505246564883
6862,0.0021211790264573957
6863,0.0021211203805805096
6864,0.002121069382348449
6865,0.002120995538865632
6866,0.002120915529587712
6867,0.0021208386036069633
6868,0.002120755116546266
6869,0.002120677659701663
6870,0.002120628258541317
6871,0.0021205952112761588
6872,0.0021205693667150053
6873,0.002120456783177613
6874,0.0021203526976915723
6875,0.002120217593826862
6876,0.0021201764656554774
6877,0.0021201064811343156
6878,0.002120046652799354
6879,0.002119984018423218
6880,0.002120001161471642
6881,0.0021199458299117724
6882,0.002119883727155273
6883,0.0021198323805865678
6884,0.002119813075489917
6885,0.002119766281279482
6886,0.0021197485884938663
6887,0.002119738199981964
6888,0.0021197295571264395
6889,0.0021196807441817385
6890,0.00211961300784376
6891,0.0021198293013035855
6892,0.0021195613301004403
6893,0.0021194842278370327
6894,0.0021194534524342323
6895,0.0021194320903632205
6896,0.0021193279732485415
6897,0.002119258495320296
6898,0.0021191988093209393
6899,0.002119166185720899
6900,0.0021191467401913485
6901,0.0021191316041981358
6902,0.0021190611035643916
6903,0.002118984407871207
6904,0.0021189210913464254
6905,0.0021188705938396655
6906,0.002118842554590253
6907,0.0021188254730567482
6908,0.0021188111875493753
6909,0.002118727120734098
6910,0.0021186322038637077
6911,0.002118588088072325
6912,0.0021185275079793936
6913,0.0021184875330058583
6914,0.0021184487392966957
6915,0.002118402346866585
6916,0.002118357158900791
6917,0.002118332063179528
6918,0.0021183124279470166
6919,0.0021182210987369084
6920,0.002118138220916998
6921,0.002118050714498867
6922,0.0021179997286654493
6923,0.002117956278801729
6924,0.0021179296053757167
6925,0.0021179091082644875
6926,0.002117819652446968
6927,0.002117731817680654
6928,0.0021176525469484473
6929,0.002117620613455378
6930,0.002117581196492784
6931,0.0021175576550901683
6932,0.0021175391661248356
6933,0.0021174551811114447
6934,0.002117374783974304
6935,0.002117308223574931
6936,0.0021172759910034118
6937,0.0021172436258938506
6938,0.002117222866447839
6939,0.00211720632489538
6940,0.002117124519015459
6941,0.0021170533281914183
6942,0.002116997165411624
6943,0.002116959598537705
6944,0.0021169157780403657
6945,0.0021168857963998035
6946,0.0021168618035795005
6947,0.0021167519621929577
6948,0.002116667856319286
6949,0.0021165845829544568
6950,0.0021165283710976005
6951,0.0021164822160826017
6952,0.002116449138694422
6953,0.0021164305860603876
6954,0.0021164157470140625
6955,0.0021163388440249013
6956,0.0021162698114907345
6957,0.002116202012812918
6958,0.002116140051277131
6959,0.002116071056281404
6960,0.0021160138793490085
6961,0.0021159710395670926
6962,0.0021159165332750997
6963,0.0021159192372496127
6964,0.002115891635823727
6965,0.002115849538574641
6966,0.0021157870712781896
6967,0.0021157158915318776
6968,0.002115736187034623
6969,0.0021156811248379636
6970,0.002115610225017602
6971,0.0021155589781154086
6972,0.0021154956491321536
6973,0.002115451935888478
6974,0.0021154010491249726
6975,0.0021153672699353405
6976,0.002115348774880202
6977,0.0021153347375849636
6978,0.00211532294313499
6979,0.002115312545400044
6980,0.0021153031320125266
6981,0.002115294473393119
6982,0.0021152864315760727
6983,0.002115278922340253
6984,0.002115271899253037
6985,0.002115265348394917
6986,0.002115259289866772
6987,0.0021152537849353156
6988,0.0021152489499927096
6989,0.00211524341024507
6990,0.00211523935518134
6991,0.002115206143046354
6992,0.002115202775808782
6993,0.0021151803751243963
6994,0.002115174165686052
6995,0.0021151708385679755
6996,0.0021151680729453236
6997,0.0021151488126384572
6998,0.002115144057896194
6999,0.0021151412425000566
7000,0.0021151388583733033
7001,0.0021151218657673135
7002,0.002115117869229308
7003,0.0021151153980160362
7004,0.0021151132830582657
7005,0.0021150979661009916
7006,0.0021150944648047035
7007,0.002115092245493893
7008,0.0021150903316540224
7009,0.00211507629168452
7010,0.0021150731521294426
7011,0.0021150711265767535
7012,0.002115069368802131
7013,0.0021150563314720513
7014,0.002115053472781528
7015,0.002115051600934384
7016,0.002115049967654921
7017,0.002115037740593917
7018,0.002115035106700493
7019,0.0021150333592432073
7020,0.002115031827408547
7021,0.0021150202732661753
7022,0.002115017821528542
7023,0.002115016176068331
7024,0.0021150147283094
7025,0.002115003747234627
7026,0.0021150014433888803
7027,0.0021149998822668895
7028,0.0021149931195590683
7029,0.0021149880234944403
7030,0.0021149858389199316
7031,0.0021149843478494744
7032,0.002114977796091644
7033,0.0021149729935827466
7034,0.00211497090374646
7035,0.0021149694708973155
7036,0.0021149631503312193
7037,0.0021149585713058135
7038,0.0021149565547027758
7039,0.0021149551700828315
7040,0.0021149491059116927
7041,0.0021149446871675183
7042,0.0021149427245527137
7043,0.002114941379534212
7044,0.00211493560121088
7045,0.0021149312843520445
7046,0.0021149293581548306
7047,0.0021149280451441717
7048,0.0021149268960986003
7049,0.0021149183159262226
7050,0.002114916409778513
7051,0.0021149151219410113
7052,0.0021149140021568067
7053,0.0021149057427218916
7054,0.0021149038410497975
7055,0.0021149025721072883
7056,0.002114901477788712
7057,0.002114893531757022
7058,0.002114891619470134
7059,0.0021148903635293845
7060,0.0021148892912764027
7061,0.002114881655091745
7062,0.0021148797172557323
7063,0.0021148784686691817
7064,0.0021148774153819535
7065,0.0021148700888857764
7066,0.0021148681104764047
7067,0.0021148668637205204
7068,0.0021148658265201206
7069,0.0021148588127314068
7070,0.0021148567783598536
7071,0.002114855527930704
7072,0.0021148545040954453
7073,0.002114847809088554
7074,0.0021148457027760064
7075,0.0021148444430916145
7076,0.002114843430001432
7077,0.002114837062877162
7078,0.0021148348678009937
7079,0.0021148335931129927
7080,0.002114832588202691
7081,0.0021148265611368243
7082,0.002114824259400528
7083,0.002114822963705966
7084,0.0021148219644220503
7085,0.0021148162927689816
7086,0.0021148138651464385
7087,0.0021148125421036525
7088,0.002114811545865976
7089,0.002114806248338401
7090,0.0021148036740197816
7091,0.002114802316860043
7092,0.0021148013210243242
7093,0.0021147964199052655
7094,0.002114793676220631
7095,0.002114792277660002
7096,0.0021147912794825248
7097,0.0021147868009227288
7098,0.002114783863046465
7099,0.0021147824151897484
7100,0.002114781411791289
7101,0.002114780541880925
7102,0.0021147742267589626
7103,0.0021147727210033716
7104,0.002114771709333909
7105,0.002114770846136929
7106,0.0021147647605185304
7107,0.0021147631874382324
7108,0.0021147621642375303
7109,0.0021147613063383732
7110,0.0021147554582860947
7111,0.0021147538075207482
7112,0.002114752769280059
7113,0.002114751915222332
7114,0.0021147463147893793
7115,0.0021147445749096767
7116,0.0021147435178283146
7117,0.0021147426660981313
7118,0.0021147373254558795
7119,0.0021147354838280193
7120,0.0021147344037686683
7121,0.0021147335527778055
7122,0.002114728486405231
7123,0.002114726529027566
7124,0.00211472542146551
7125,0.00211472456953355
7126,0.0021147197944005203
7127,0.0021147177057379237
7128,0.002114716565707701
7129,0.002114715711043396
7130,0.0021147112468637725
7131,0.002114709009647
7132,0.0021147078316814285
7133,0.002114706972362524
7134,0.002114702841841245
7135,0.0021147004368623885
7136,0.0021146992149278063
7137,0.0021146983488794205
7138,0.0021146945780398736
7139,0.0021146919839044463
7140,0.002114690711326236
7141,0.002114689836297228
7142,0.0021146890812400237
7143,0.002114683647674972
7144,0.0021146823170601543
7145,0.0021146814305979963
7146,0.002114680678109439
7147,0.0021146754254669697
7148,0.0021146740286078
7149,0.0021146731280288072
7150,0.0021146723770868827
7151,0.00211466731493655
7152,0.0021146658427160206
7153,0.002114664925075279
7154,0.002114664174591829
7155,0.002114659314120052
7156,0.0021146577563953065
7157,0.002114656818451209
7158,0.0021146560672604085
7159,0.00211465142141652
7160,0.0021146497668995657
7161,0.002114648805076325
7162,0.002114648051922399
7163,0.002114643635613349
7164,0.0021146418717265312
7165,0.0021146408820707048
7166,0.0021146401255942296
7167,0.0021146359558744648
7168,0.00211463406860153
7169,0.002114633046735635
7170,0.002114632285458572
7171,0.0021146283817765664
7172,0.0021146263554829453
7173,0.002114625296551695
7174,0.0021146245288608907
7175,0.0021146209133027947
7176,0.002114618730549554
7177,0.002114617629162198
7178,0.002114616853291108
7179,0.002114616175673175
7180,0.002114611192209353
7181,0.0021146100423742624
7182,0.0021146092563830527
7183,0.002114608580161056
7184,0.002114603739094035
7185,0.0021146025341452616
7186,0.002114601735897894
7187,0.002114601060298792
7188,0.0021145963700714213
7189,0.002114595102585226
7190,0.002114594289724274
7191,0.002114593613914814
7192,0.002114589084239269
7193,0.0021145877459466484
7194,0.002114586915866152
7195,0.0021145862389441474
7196,0.0021145818809477418
7197,0.002114580462628875
7198,0.0021145796124427073
7199,0.0021145789334272463
7200,0.0021145747597949775
7201,0.002114573251169819
7202,0.002114572377677832
7203,0.00211457169549869
7204,0.0021145677206562733
7205,0.002114566110253166
7206,0.002114565209901958
7207,0.002114564523387598
7208,0.0021145607636830336
7209,0.002114559038701704
7210,0.0021145581075425156
7211,0.002114557415406901
7212,0.0021145538893396843
7213,0.002114552035487497
7214,0.0021145510691273966
7215,0.002114550369955277
7216,0.002114547098406463
7217,0.0021145450997270493
7218,0.0021145440932762247
7219,0.002114543385506833
7220,0.002114542767845668
7221,0.0021145382306932995
7222,0.0021145371787054416
7223,0.0021145364606145463
7224,0.002114535843216375
7225,0.0021145314278160888
7226,0.0021145303242211997
7227,0.002114529593900378
7228,0.0021145289761088123
7229,0.002114524690696499
7230,0.0021145235287247173
7231,0.00211452278405857
7232,0.0021145221651584006
7233,0.0021145180191061755
7234,0.002114516791207256
7235,0.0021145160298486902
7236,0.002114515409058093
7237,0.002114511413009684
7238,0.0021145101107567657
7239,0.0021145093300981794
7240,0.00211450870656006
7241,0.002114504872565094
7242,0.002114503486553818
7243,0.002114502683696274
7244,0.0021145020564686556
7245,0.0021144983981517896
7246,0.0021144969178802375
7247,0.0021144960895975945
7248,0.002114495457642855
7249,0.0021144919903736633
7250,0.002114490404116243
7251,0.0021144895468165263
7252,0.0021144889089894743
7253,0.002114485650093492
7254,0.0021144839447510048
7255,0.0021144830544318916
7256,0.002114482409466354
7257,0.002114479378439453
7258,0.0021144775393812446
7259,0.002114476611581615
7260,0.002114475958075693
7261,0.0021144753872906832
7262,0.0021144711877231406
7263,0.0021144702174685477
7264,0.002114469553868175
7265,0.002114468982717176
7266,0.002114464889615371
7267,0.00211446387135625
7268,0.002114463195936294
7269,0.0021144626238447446
7270,0.0021144586450328323
7271,0.0021144575725747915
7272,0.002114456883418345
7273,0.002114456309755968
7274,0.0021144524540884758
7275,0.002114451320518301
7276,0.002114450615493828
7277,0.0021144500395676386
7278,0.0021144463170541935
7279,0.002114445114651472
7280,0.0021144443913867174
7281,0.0021144438124331122
7282,0.0021144402343635117
7283,0.0021144389545079832
7284,0.0021144382103614294
7285,0.0021144376275374736
7286,0.002114434206637195
7287,0.002114432839698574
7288,0.002114432071726806
7289,0.0021144314841004277
7290,0.0021144282346883783
7291,0.0021144267699103134
7292,0.0021144259748324136
7293,0.002114425381371471
7294,0.0021144223195538885
7295,0.0021144207449164
7296,0.002114419919073218
7297,0.002114419318633343
7298,0.002114416462502314
7299,0.0021144147645766015
7300,0.002114413903886198
7301,0.00211441329519716
7302,0.0021144106650725155
7303,0.0021144088288491346
7304,0.0021144079287558994
7305,0.002114407310406449
7306,0.0021144067769785263
7307,0.0021144029377911724
7308,0.0021144019932114308
7309,0.0021144013636326515
7310,0.0021144008289753634
7311,0.00211439709157691
7312,0.0021143960968327733
7313,0.0021143954542783175
7314,0.002114394917827978
7315,0.002114391290497113
7316,0.002114390239248958
7317,0.0021143895817744805
7318,0.0021143890429089407
7319,0.002114385534978961
7320,0.002114384420144539
7321,0.0021143837455835823
7322,0.002114383203615073
7323,0.0021143798255899506
7324,0.0021143786392589237
7325,0.0021143779451968394
7326,0.0021143773993639496
7327,0.0021143741630610274
7328,0.002114372896394023
7329,0.0021143721801379824
7330,0.002114371629596667
7331,0.0021143685482927195
7332,0.0021143671914143716
7333,0.0021143664499606073
7334,0.0021143658937742916
7335,0.0021143629823834205
7336,0.0021143615242562946
7337,0.002114360754252747
7338,0.002114360191381031
7339,0.0021143574666382474
7340,0.002114355894928979
7341,0.0021143550926343594
7342,0.0021143545219205855
7343,0.002114352002603773
7344,0.0021143503035254926
7345,0.0021143494647625155
7346,0.0021143488849198824
7347,0.002114348383107892
7348,0.002114344750224044
7349,0.002114343870329369
7350,0.002114343279925603
7351,0.0021143427767454396
7352,0.0021143392353043136
7353,0.0021143383090679504
7354,0.0021143377065072307
7355,0.0021143372014502345
7356,0.0021143337591480503
7357,0.002114332780751076
7358,0.0021143321642550453
7359,0.0021143316567583965
7360,0.0021143283222569867
7361,0.0021143272851973168
7362,0.0021143266527830613
7363,0.002114326142223189
7364,0.0021143229252572338
7365,0.002114321822271044
7366,0.0021143211717270225
7367,0.0021143206574122334
7368,0.0021143175689203077
7369,0.0021143163918892916
7370,0.0021143157207477907
7371,0.0021143152019100966
7372,0.0021143122541695844
7373,0.0021143109940224545
7374,0.0021143102995296024
7375,0.0021143097753155062
7376,0.0021143069821059055
7377,0.002114305628702679
7378,0.0021143049077839565
7379,0.0021143043772442424
7380,0.002114301754016602
7381,0.0021143002960253517
7382,0.002114299545248053
7383,0.0021142990073262907
7384,0.002114296571406948
7385,0.00211429499615908
7386,0.00211429421168936
7387,0.002114293665209097
7388,0.002114293190444091
7389,0.002114289729347481
7390,0.002114288906904205
7391,0.00211428835055499
7392,0.0021142878743729814
7393,0.002114284495923856
7394,0.0021142836307230274
7395,0.002114283063043724
7396,0.002114282584983177
7397,0.0021142792963124123
7398,0.0021142783830098194
7399,0.002114277802371229
7400,0.00211427732192049
7401,0.002114274131044436
7402,0.0021142731636675464
7403,0.0021142725682520933
7404,0.00211427208484343
7405,0.0021142690007629893
7406,0.002114267972638494
7407,0.0021142673604181324
7408,0.002114266873420961
7409,0.0021142639062418315
7410,0.002114262809910515
7411,0.002114262178621495
7412,0.0021142616873348077
7413,0.002114258848392013
7414,0.0021142576755181506
7415,0.0021142570226332716
7416,0.0021142565262772628
7417,0.002114253828285085
7418,0.0021142525695500387
7419,0.0021142518922471166
7420,0.002114251389953735
7421,0.0021142488471619647
7422,0.00211424749215084
7423,0.00211424678727804
7424,0.0027416623735858174
7425,0.003021960798616223
7426,0.0027144108259923023
7427,0.0026899078253369785
7428,0.0026227420631132078
7429,0.002588224647609981
7430,0.002570348502798116
7431,0.002557398936923441
7432,0.0025458121921938734
7433,0.0025310917865633328
7434,0.002509092893627476
7435,0.002542777426550396
7436,0.0024993586980261535
7437,0.0024823651371137126
7438,0.002470160884790341
7439,0.0024530910984010535
7440,0.0024418402074435387
7441,0.002425829339020469
7442,0.0024176323139159955
7443,0.0024095651155407152
7444,0.0023974916632851563
7445,0.002376858103349901
7446,0.002380215481898447
7447,0.002367634227343528
7448,0.002356240708311949
7449,0.002349020480113803
7450,0.0023412568301218123
7451,0.0023340080109786328
7452,0.0023257858322073824
7453,0.0023207960147521734
7454,0.0023152898261415028
7455,0.002306184102594265
7456,0.0022986140804841858
7457,0.002294610762770768
7458,0.0022889821708288686
7459,0.0022813159691244403
7460,0.0022813832996946763
7461,0.0022766605188460068
7462,0.0022711623446756944
7463,0.0022670840314257777
7464,0.0022631337412045397
7465,0.0022598177485739506
7466,0.0022554203587386947
7467,0.0022525934976730818
7468,0.0022495712303427463
7469,0.0022450034783987557
7470,0.00224279416207081
7471,0.0022390372836445004
7472,0.0022371631272401567
7473,0.002234592481325938
7474,0.0022319291626394008
7475,0.002228726078984285
7476,0.0022271152858714866
7477,0.0022252501334755212
7478,0.002222675538496912
7479,0.002217670453406467
7480,0.0022251804545284624
7481,0.002215809183007355
7482,0.00221161651795668
7483,0.002208762167320425
7484,0.0022057759086164803
7485,0.002212361015983299
7486,0.002204896799194397
7487,0.0022037338764293903
7488,0.002202513313459114
7489,0.0022021736811391798
7490,0.002200982561527381
7491,0.002200027465974122
7492,0.0021989002826197125
7493,0.002197872014547944
7494,0.0022017992471427073
7495,0.0021973996381416255
7496,0.002196391704872931
7497,0.00219539687382793
7498,0.0021939814384537666
7499,0.0021929419982642815
7500,0.00219183987796213
7501,0.002191152351753489
7502,0.0021900262596457627
7503,0.00218896097377957
7504,0.002187765125974448
7505,0.0021862509293427202
7506,0.0021852610531967664
7507,0.002184769180403168
7508,0.002183866301284512
7509,0.002182553268747703
7510,0.002181399684632183
7511,0.002180712403918334
7512,0.002180414874188205
7513,0.0021799028534610267
7514,0.0021793282452543046
7515,0.0021785088055764263
7516,0.0021775946362603354
7517,0.0021760475144697164
7518,0.0021755395611941395
7519,0.002174404582057126
7520,0.0021740302916465307
7521,0.0021733704358072423
7522,0.002172464785556977
7523,0.00217262186865424
7524,0.0021718891613437532
7525,0.0021710583711583363
7526,0.002170409422075317
7527,0.002169776267837268
7528,0.002168912242168095
7529,0.0021693315640947597
7530,0.002168375072304899
7531,0.0021675191851117746
7532,0.002166861897426078
7533,0.002166281631983699
7534,0.0021657143302624008
7535,0.0021651015766307007
7536,0.0021645570177267703
7537,0.002163926624517045
7538,0.0021636680995440576
7539,0.002162919374607633
7540,0.002162550568911899
7541,0.002162139363598843
7542,0.002161635285270413
7543,0.002161156188477291
7544,0.002160826773728222
7545,0.0021605419782298415
7546,0.0021602646782015325
7547,0.0021596889363498547
7548,0.0021592004129068463
7549,0.002158922724583266
7550,0.0021587196728648336
7551,0.002158530121917103
7552,0.002158165787239888
7553,0.0021577804403025585
7554,0.0021576354285220514
7555,0.0021572162263458865
7556,0.0021569679994542464
7557,0.0021566034895025
7558,0.002156190485821945
7559,0.002155671198733782
7560,0.0021552619347496157
7561,0.002155053982613911
7562,0.002154700956444308
7563,0.002154393095165804
7564,0.002154034523710227
7565,0.0021536335103575785
7566,0.0021533740922044325
7567,0.0021531347733246106
7568,0.002152692953567326
7569,0.0021524356462600982
7570,0.0021521695713232207
7571,0.0021519207647821776
7572,0.0021515036876374933
7573,0.0021511051229787764
7574,0.002150329303590203
7575,0.0021516264559660776
7576,0.0021500477754658066
7577,0.0021495042564158087
7578,0.0021492115765447822
7579,0.0021489179713902705
7580,0.0021485458454579363
7581,0.0021481522539753763
7582,0.0021476956681946734
7583,0.0021473694362572396
7584,0.0021469788163473533
7585,0.0021466170716080524
7586,0.0021463176554328725
7587,0.002145890160234669
7588,0.002145530526145688
7589,0.0021450157886612775
7590,0.0021446452245604385
7591,0.0021444032930260483
7592,0.0021441486236056543
7593,0.0021438607852670077
7594,0.0021435597798845894
7595,0.0021432186256852338
7596,0.0021433120416719962
7597,0.0021430653531128176
7598,0.0021428065083554655
7599,0.0021426099426205395
7600,0.002142443443348049
7601,0.002142164176784423
7602,0.0021421839782322467
7603,0.0021420092109708023
7604,0.002141842290098696
7605,0.0021416855427629938
7606,0.002141504792142001
7607,0.002141455722167893
7608,0.0021410836528198084
7609,0.00214101557613812
7610,0.0021408815804045624
7611,0.0021406227111758656
7612,0.0021405585351495556
7613,0.0021402701610485258
7614,0.002140188502213378
7615,0.0021400832086006434
7616,0.002139878468057815
7617,0.0021396359649303747
7618,0.002139451741743394
7619,0.00213924681328993
7620,0.0021391217856430783
7621,0.0021388827468773624
7622,0.0021386628951745143
7623,0.0021384634845758093
7624,0.0021383422099605113
7625,0.0021381580509384035
7626,0.00213799200164549
7627,0.0021378357495032956
7628,0.002137682222709828
7629,0.002137554146303914
7630,0.002137315037399886
7631,0.002137116515038243
7632,0.0021370008830017976
7633,0.0021368095182741943
7634,0.0021366148395167805
7635,0.0021363750648735417
7636,0.002136169285969013
7637,0.0021359345808967117
7638,0.002135722057402744
7639,0.002135453209205549
7640,0.0021352900835021893
7641,0.0021351018887098834
7642,0.002134977536945797
7643,0.002134813404864002
7644,0.00213465108850309
7645,0.0021344442191171533
7646,0.0021342725808698145
7647,0.0021340811758246646
7648,0.0021340061609195337
7649,0.0021338117768207594
7650,0.00213369758187091
7651,0.0021336026419161926
7652,0.002133512724156355
7653,0.002133411263231215
7654,0.002133303164797783
7655,0.0021330973684732103
7656,0.002132869786175933
7657,0.002132768118220883
7658,0.002132596518312311
7659,0.002132531348828579
7660,0.0021324322622175247
7661,0.0021322831593592172
7662,0.0021321223286812807
7663,0.0021320362934172834
7664,0.0021319292932447916
7665,0.0021318361280120235
7666,0.0021316931440237517
7667,0.002131553698918847
7668,0.0021313674329934288
7669,0.0021311983357812257
7670,0.0021311775701980786
7671,0.002131078397321037
7672,0.0021308702870735164
7673,0.002130726013711262
7674,0.00213058014657959
7675,0.0021304204044866023
7676,0.0021303808399484882
7677,0.0021301461506130176
7678,0.002130076168918335
7679,0.0021299882929073544
7680,0.002129914994272927
7681,0.002129837822869971
7682,0.0021297579218936976
7683,0.0021297069784211252
7684,0.0021296715328888677
7685,0.0021294902531719387
7686,0.0021293544996786574
7687,0.002129180952177887
7688,0.0021290715859216026
7689,0.00212896456220693
7690,0.0021288767397027483
7691,0.0021287494415977337
7692,0.0021286188410325054
7693,0.002128487612868594
7694,0.0021284098432125327
7695,0.002128278575131554
7696,0.0021281420482833612
7697,0.0021279835096524573
7698,0.002127787914142723
7699,0.002127679390592203
7700,0.0021275420058147563
7701,0.002127384460529228
7702,0.0021272173512893126
7703,0.002127067412638598
7704,0.0021269319863774136
7705,0.002126812179215798
7706,0.0021267531177287754
7707,0.0021266988888525803
7708,0.002126622907158779
7709,0.002126518159497227
7710,0.002126368004222346
7711,0.0021263159082443995
7712,0.002126168980920749
7713,0.0021260967091531087
7714,0.0021260126627932825
7715,0.002125905650851503
7716,0.002125812080188084
7717,0.002125765569728112
7718,0.002125706382505957
7719,0.002125670181564609
7720,0.0021256474861752095
7721,0.002125533117014487
7722,0.0021254168236375256
7723,0.00212561873428016
7724,0.0021253378582830637
7725,0.002125220552474523
7726,0.0021251803157771986
7727,0.002125149094999695
7728,0.0021249981661224104
7729,0.0021248630197564537
7730,0.0021247259224238357
7731,0.002124706569216307
7732,0.0021245937749566944
7733,0.0021245389029164335
7734,0.0021244782401894924
7735,0.002124385145212975
7736,0.002124216168313265
7737,0.0021241551079662652
7738,0.002124026683952613
7739,0.0021239797378721707
7740,0.0021238974961462907
7741,0.002123790043902368
7742,0.0021236509582776425
7743,0.0021235961569793056
7744,0.0021235061457462586
7745,0.002123395810189697
7746,0.0021233529322457847
7747,0.002123196855141196
7748,0.0021231392501970445
7749,0.002123086395535648
7750,0.002123023565167279
7751,0.0021229345810226336
7752,0.002122852840248184
7753,0.002122775472743344
7754,0.0021226575608498215
7755,0.0021226030349572773
7756,0.002122426226562277
7757,0.0021223610274150625
7758,0.002122273391408479
7759,0.0021221752450458525
7760,0.002122072285152865
7761,0.002121988853961427
7762,0.0021219181134114144
7763,0.00212188049060768
7764,0.0021218388197072648
7765,0.002121813737589943
7766,0.002121794856285204
7767,0.0021217793768549156
7768,0.002121697708436725
7769,0.0021216026117017147
7770,0.0021215507114083223
7771,0.0021214016040106577
7772,0.0021213623615328127
7773,0.002121334082617176
7774,0.0021211867411391255
7775,0.0021210746967076817
7776,0.002120990305397027
7777,0.002120944185998622
7778,0.002120902516477216
7779,0.0021208750873680693
7780,0.002120749938112347
7781,0.0021206962516166056
7782,0.0021206379205822934
7783,0.002120595388787203
7784,0.002120544273483651
7785,0.002120461937280551
7786,0.002120378996874941
7787,0.0021207950505965157
7788,0.0021203543300936166
7789,0.002120296640014671
7790,0.0021202543387560564
7791,0.0021202272034400687
7792,0.0021200968312310225
7793,0.0021199450389563497
7794,0.0021198987677542506
7795,0.002119817867566279
7796,0.0021197849173475443
7797,0.002119742239863493
7798,0.002119714690098087
7799,0.0021196919841614294
7800,0.0021195700578632705
7801,0.002119418568542078
7802,0.002119349060049557
7803,0.0021192888108825716
7804,0.0021192041783737385
7805,0.0021191340701032586
7806,0.002119103583595814
7807,0.002119022740052256
7808,0.002118990677310077
7809,0.0021189743461847575
7810,0.00211896103314582
7811,0.00211888618568717
7812,0.0021188075165880513
7813,0.0021187412448344664
7814,0.002118694946903614
7815,0.0021186655515607953
7816,0.0021186412088231607
7817,0.0021185096277423787
7818,0.0021184118410170205
7819,0.0021183322306627
7820,0.0021182687674851093
7821,0.002118159854591276
7822,0.002118095224250329
7823,0.002118033117346675
7824,0.0021179802225131544
7825,0.002117909724035127
7826,0.0021178290914943623
7827,0.0021177477338568305
7828,0.00211766883019076
7829,0.002117603961527844
7830,0.002117532324909611
7831,0.0021174161714070903
7832,0.002117297602333717
7833,0.002117180063293578
7834,0.002117409421529374
7835,0.0021171503754780323
7836,0.002117100039451478
7837,0.002117046191998642
7838,0.002116960690047433
7839,0.002116867961975523
7840,0.0021168089057404986
7841,0.002116725317581038
7842,0.0021166688156137306
7843,0.0021166180709842677
7844,0.0021165462852564473
7845,0.0021164625978494548
7846,0.002116417247834391
7847,0.0021163936927941357
7848,0.002116375752020113
7849,0.002116289905127547
7850,0.0021162917249748104
7851,0.0021162553692590114
7852,0.0021162030542825924
7853,0.00211613992816716
7854,0.002116092145922242
7855,0.0021160592245202986
7856,0.0021159116412984656
7857,0.002115864092797459
7858,0.0021158107803655895
7859,0.002115761819718708
7860,0.0021156858645504893
7861,0.002115621856003239
7862,0.002115673333479234
7863,0.0021155637409398793
7864,0.0021154814258239675
7865,0.0021154279743197057
7866,0.0021153790893907354
7867,0.002115332247145923
7868,0.0021152658831801287
7869,0.002115188727923929
7870,0.0021151086595183138
7871,0.0021150537483112827
7872,0.002114995847205726
7873,0.002114913441519505
7874,0.002114875502431632
7875,0.0021148038721974976
7876,0.0021147815427246075
7877,0.0021147687942309015
7878,0.0021147001215534333
7879,0.0021146300664914106
7880,0.0021145624618123648
7881,0.002114515101697719
7882,0.0021144630200180176
7883,0.0021144100455199465
7884,0.0021143558053621394
7885,0.002114304676222184
7886,0.0021142497790136074
7887,0.002114184412126633
7888,0.002114120202766729
7889,0.002114007582384846
7890,0.002113939786249039
7891,0.002113867926123539
7892,0.0021138145449200647
7893,0.002113730038852688
7894,0.002113674520166005
7895,0.0021135955492725097
7896,0.002113538765824132
7897,0.0021135079979723304
7898,0.0021134842166040976
7899,0.0021134673215712093
7900,0.002113453315679074
7901,0.0021133782101625457
7902,0.0021133174128636616
7903,0.002113198275211718
7904,0.002113114988325352
7905,0.002113051770460834
7906,0.0021130027153965516
7907,0.0021129524783839505
7908,0.0021128792620369857
7909,0.00211289678261048
7910,0.0021128362681309275
7911,0.0021127800318003795
7912,0.002112733542521363
7913,0.0021127040989000604
7914,0.0021126688953412875
7915,0.002112647879689504
7916,0.002112631732544761
7917,0.002112618276739188
7918,0.002112543175446479
7919,0.0021124507240907657
7920,0.002112384120133016
7921,0.0021123419200758374
7922,0.002112320957031051
7923,0.002112306617544025
7924,0.002112240715412253
7925,0.002112166849620961
7926,0.0021120458241269736
7927,0.0021119848242212155
7928,0.0021119243817447554
7929,0.0021118557726984683
7930,0.002111816674818743
7931,0.0021117900684537983
7932,0.002111767955514714
7933,0.0021117487425933263
7934,0.0021117318439288803
7935,0.002111717427550921
7936,0.00211170693237475
7937,0.002111695461861832
7938,0.0021116857663344866
7939,0.0021116111787794615
7940,0.0021114632455726686
7941,0.0021114598564003968
7942,0.002111411137889808
7943,0.002111376511000414
7944,0.0021113503290073345
7945,0.0021113280758342325
7946,0.0021113083423189207
7947,0.002111199856219592
7948,0.002111105914695085
7949,0.002111067224013711
7950,0.00211104000447591
7951,0.0021110177774367684
7952,0.002110998493025623
7953,0.002110981142818385
7954,0.002110892905530642
7955,0.00211079315057595
7956,0.002110741526991651
7957,0.0021107336255779914
7958,0.0021106533930188623
7959,0.0021106331099044165
7960,0.0021106213971893713
7961,0.0021106121017101143
7962,0.0021105666860685426
7963,0.002110503258425508
7964,0.0021104659930913944
7965,0.002110429629827008
7966,0.002110402107532422
7967,0.0021103854670066354
7968,0.0021103714528932513
7969,0.0021102875705596245
7970,0.002110209223305377
7971,0.0021101447916020235
7972,0.0021101093002241474
7973,0.0021100871502398653
7974,0.0021100692738092106
7975,0.0021100538633857784
7976,0.0021099869520936664
7977,0.0021099324468604134
7978,0.0021099067429934033
7979,0.0021098892397601408
7980,0.0021097891907331696
7981,0.0021097594676579724
7982,0.0021096764749860193
7983,0.0021096570537896403
7984,0.0021096434931486816
7985,0.002109566457962334
7986,0.0021094670936747896
7987,0.002109471565744237
7988,0.002109432293725291
7989,0.0021094067453641526
7990,0.002109389758461536
7991,0.0021093073111379435
7992,0.0021092441972522173
7993,0.0021091987877535612
7994,0.0021091613308503493
7995,0.0021091352843162687
7996,0.002109120022519929
7997,0.002109107384409183
7998,0.002109039728301575
7999,0.002108971408562071
8000,0.0021088948183508108
8001,0.0021088262420612468
8002,0.0021087581238754287
8003,0.0021086989630681864
8004,0.0021086425189319052
8005,0.0021085943657049556
8006,0.002108550504174584
8007,0.0021085109729555088
8008,0.002108486730335528
8009,0.0021084715375202633
8010,0.002108459681841913
8011,0.0021084074742030935
8012,0.002108361284219023
8013,0.0021083663848676533
8014,0.0021083500615067265
8015,0.002108460578679304
8016,0.0021083397053601014
8017,0.002108343757078655
8018,0.0021083299605095555
8019,0.0021084276480001075
8020,0.0021083207431540144
8021,0.0021083242302524768
8022,0.0021083119519394026
8023,0.002108400720037125
8024,0.0021083035419119022
8025,0.002108306651681343
8026,0.0021082954550636747
8027,0.002108377471558385
8028,0.002108287663499912
8029,0.002108290497655187
8030,0.0021082801301130164
8031,0.0021083567603555624
8032,0.002108272836086019
8033,0.002108275456588975
8034,0.002108265755867212
8035,0.002108337929933641
8036,0.0021082588759455028
8037,0.002108261323699173
8038,0.002108252177701301
8039,0.0021083205680417767
8040,0.002108245650965326
8041,0.002108247954739386
8042,0.002108239281571138
8043,0.002108304396858089
8044,0.0021082330615878183
8045,0.002108235242636558
8046,0.0021082269798771962
8047,0.0021082892183071304
8048,0.0021082210300832293
8049,0.00210822310471068
8050,0.0021082152032230383
8051,0.002108274884849818
8052,0.0021082094940921845
8053,0.0021082114751743894
8054,0.0021082038952977616
8055,0.0021082612828029253
8056,0.002108198402503493
8057,0.0021082003004464526
8058,0.00210819300952316
8059,0.0021082483222054733
8060,0.0021081877126911935
8061,0.0021081895360640476
8062,0.0021081825067584222
8063,0.0021082359303243843
8064,0.0021081773885880777
8065,0.0021081791445589208
8066,0.0021081723536727328
8067,0.002108224047298329
8068,0.0021081673992997436
8069,0.002108169093945484
8070,0.0021081625215585154
8071,0.002108212623112135
8072,0.0021081577180816677
8073,0.0021081593566138904
8074,0.002108152985445857
8075,0.002108201615431102
8076,0.0021081483215684457
8077,0.0021081499085017492
8078,0.002108143723428849
8079,0.00210819098801363
8080,0.0021081391891820812
8081,0.0021081407284619497
8082,0.0021081347161444036
8083,0.00210818070952363
8084,0.0021081303026711756
8085,0.0021081317977726926
8086,0.002108125946363192
8087,0.0021081707526286668
8088,0.002108121645746367
8089,0.0021081230997513686
8090,0.0021081173986641248
8091,0.0021081610933024494
8092,0.002108113203788718
8093,0.0021081146194469945
8094,0.0021081090591722144
8095,0.002108151710278923
8096,0.0021081049636133683
8097,0.002108106343391858
8098,0.002108100915345068
8099,0.0021081425846190102
8100,0.002108096913276138
8101,0.0021080982593988584
8102,0.002108092955797163
8103,0.002108133699363669
8104,0.0021080890419134853
8105,0.0021080903563940926
8106,0.002108085170153978
8107,0.0021081250392522666
8108,0.002108081339609023
8109,0.002108082624277955
8110,0.0021080775489295427
8111,0.0021081165904914766
8112,0.0021080737972811493
8113,0.0021080750538083268
8114,0.0021080700834230706
8115,0.00210810834056309
8116,0.0021080664065877895
8117,0.0021080676365016547
8118,0.00210806276563104
8119,0.002108100278065986
8120,0.0021080591598450034
8121,0.0021080603645487876
8122,0.00210805558817173
8123,0.0021080923925817095
8124,0.0021080520499569717
8125,0.002108053230742282
8126,0.0021080485442202257
8127,0.002108084674561189
8128,0.002108045070355437
8129,0.002108046228414354
8130,0.0021080416274519773
8131,0.0021080771152264225
8132,0.00210803821494717
8133,0.0021080393513825155
8134,0.0021080348319935842
8135,0.0021080697064880124
8136,0.0021080314780678754
8137,0.0021080325939020587
8138,0.002108028152379842
8139,0.0021080624408736353
8140,0.002108024854441834
8141,0.0021080259506247277
8142,0.002108021583515703
8143,0.0021080553114644113
8144,0.002108018339146305
8145,0.00210801941656209
8146,0.00210801512064292
8147,0.0021080483118411145
8148,0.002108011927580004
8149,0.0021080129870532384
8150,0.0021080087593102464
8151,0.0021080414360358907
8152,0.002108005615435132
8153,0.002108006657736141
8154,0.002108002495347081
8155,0.0021080346784903186
8156,0.0021079993986724134
8157,0.002108000424521937
8158,0.002107996324839942
8159,0.0021080280340186413
8160,0.002107993273498789
8161,0.0021079942835722375
8162,0.002107990244111276
8163,0.0021080214977737413
8164,0.0021079872363474333
8165,0.0021079882312787933
8166,0.002107984249700528
8167,0.0021080150652182284
8168,0.0021079812838598637
8169,0.0021079822642449324
8170,0.0021079783383471853
8171,0.002108008732098736
8172,0.0021079754128696454
8173,0.0021079763792691713
8174,0.0021079725069753173
8175,0.002108002494421998
8176,0.0021079696203878486
8177,0.0021079705733301804
8178,0.002107966752679684
8179,0.0021079963484336244
8180,0.002107963903589744
8181,0.0021079648435734094
8182,0.0021079610727131417
8183,0.0021079902905990775
8184,0.002107958259802912
8185,0.0021079591872988695
8186,0.002107955464475217
8187,0.0021079843175870463
8188,0.002107952686496239
8189,0.0021079536019498546
8190,0.002107949925501709
8191,0.0021079784262541673
8192,0.0021079471812700157
8193,0.0021079480851028884
8194,0.002107944453455146
8195,0.0021079726136303523
8196,0.002107941741846857
8197,0.0021079426344584925
8198,0.0021079390461161552
8199,0.0021079668769064005
8200,0.0021079363660634187
8201,0.00210793724783287
8202,0.0021079337013755637
8203,0.0021079612134225433
8204,0.0021079310518628607
8205,0.002107931923150009
8206,0.002107928417227066
8207,0.0021079556206582482
8208,0.0021079257972877866
8209,0.0021079266584345877
8210,0.0021079231917606467
8211,0.0021079500962216833
8212,0.0021079206004739415
8213,0.00210792145180579
8214,0.0021079180231563786
8215,0.0021079446378416008
8216,0.002107915459644342
8217,0.002107916301471023
8218,0.0021079129096788145
8219,0.002107939243359311
8220,0.0021079103731038184
8221,0.002107911205720466
8222,0.0021079078496718325
8223,0.0021079339107215964
8224,0.0021079053392340165
8225,0.0021079061629220965
8226,0.002107902841553731
8227,0.0021079286379726133
8228,0.002107900356488866
8229,0.002107901171516997
8230,0.0021078978838129305
8231,0.0021079234232497883
8232,0.0021078954233902
8233,0.0021078962300148676
8234,0.0021078929750037614
8235,0.0021079182647764107
8236,0.002107890538523871
8237,0.0021078913369902046
8238,0.0021078881137426898
8239,0.0021079131608564778
8240,0.0021078857005361004
8241,0.0021078864910785903
8242,0.002107883298704828
8243,0.0021079081098705735
8244,0.002107880908130064
8245,0.002107881690973103
8246,0.0021078785286206066
8247,0.0021079031102709577
8248,0.0021078761600626895
8249,0.0021078769354211588
8250,0.0021078738022727674
8251,0.0021078981605772208
8252,0.002107871455141777
8253,0.002107872223221583
8254,0.0021078691184934764
8255,0.0021078932593725673
8256,0.002107866792223275
8257,0.0021078675532218458
8258,0.0021078644761617425
8259,0.002107888405300845
8260,0.0021078621702085823
8261,0.002107862924315277
8262,0.0021078598742008932
8263,0.002107883597061426
8264,0.002107857588042386
8265,0.002107858335439053
8266,0.002107855311576311
8267,0.0021078788334082687
8268,0.0021078530447101967
8269,0.0021078537855714575
8270,0.002107850787293217
8271,0.002107874113145168
8272,0.002107848539236496
8273,0.0021078492737301537
8274,0.0021078463003947625
8275,0.0021078694351247844
8276,0.0021078440706825937
8277,0.0021078447989699603
8278,0.002107841849960046
8279,0.0021078647982444763
8280,0.0035173045065634064
8281,0.00518916098531057
8282,0.003410286196556038
8283,0.003334496895950237
8284,0.0031880228505243046
8285,0.003106174336693612
8286,0.0030347706996200034
8287,0.0029926826328199713
8288,0.002953670031907854
8289,0.0029040446671518717
8290,0.0028656831916170794
8291,0.002834369157677328
8292,0.002803275498919557
8293,0.002773239897336241
8294,0.0027200910995435
8295,0.0026903163524575526
8296,0.0026741109787470916
8297,0.0026552218686642583
8298,0.00263493042482113
8299,0.0025915405109986417
8300,0.0025709872490434554
8301,0.0025325752292504394
8302,0.0025175317253930307
8303,0.0024997765722981897
8304,0.002489617496626186
8305,0.0024725500243707467
8306,0.0024578130855101503
8307,0.002448814153855296
8308,0.0024284857371770353
8309,0.0024221376197507047
8310,0.00240341842837615
8311,0.0023984734553911917
8312,0.0023879426848539428
8313,0.0023708306440011146
8314,0.002388274331826589
8315,0.0023642735980195484
8316,0.0023554733932994367
8317,0.0023482999542739427
8318,0.0023394825781693214
8319,0.002330405819958225
8320,0.002322075682058693
8321,0.0023171059939914944
8322,0.002310116182003442
8323,0.0023049944971505923
8324,0.0022999633760731916
8325,0.0022944613933364726
8326,0.002291469484644768
8327,0.002285336611434992
8328,0.0022805874676123388
8329,0.002277773316920498
8330,0.0022742075358254507
8331,0.002270541138142958
8332,0.0022659713047190684
8333,0.0022615330487890423
8334,0.002258534092895663
8335,0.0022542162651710655
8336,0.002253681312848479
8337,0.0022504917495761983
8338,0.002249364844696338
8339,0.002248342880123393
8340,0.002247340068040105
8341,0.002246460060834061
8342,0.0022437244206315135
8343,0.0022433289716558293
8344,0.0022418485179607813
8345,0.0022402439286994522
8346,0.0022388077145289384
8347,0.0022373284578958647
8348,0.0022355941644611453
8349,0.002233847980627088
8350,0.0022324273690869953
8351,0.0022309875971098145
8352,0.0022294818902850607
8353,0.002228634236436583
8354,0.002225445487691511
8355,0.002223713794984388
8356,0.002222485657987215
8357,0.0022203077037351803
8358,0.0022195362958326165
8359,0.0022180458270607485
8360,0.002217005031528989
8361,0.0022157255717518165
8362,0.0022144658890096546
8363,0.0022134134240492484
8364,0.002210719353107769
8365,0.002215705342287416
8366,0.0022096422830460527
8367,0.002208197295796797
8368,0.0022067999884470804
8369,0.002205220165751534
8370,0.002204749741441126
8371,0.002202491197132584
8372,0.0022017215813709126
8373,0.002200708187656642
8374,0.0021993367939876227
8375,0.0022007918572002944
8376,0.0021984845888696125
8377,0.0021968060739102195
8378,0.002195657660012271
8379,0.0021944005963399223
8380,0.0021933353129421564
8381,0.0021924489413903394
8382,0.002191516673926291
8383,0.0021907389015197627
8384,0.002189815709346978
8385,0.0021886340272488226
8386,0.002187139335147269
8387,0.0021852144027217344
8388,0.0021837226326118318
8389,0.0021827612522537705
8390,0.002181712693346371
8391,0.0021809928551401506
8392,0.002179921724849156
8393,0.002178912634573658
8394,0.002179373347139424
8395,0.002178651652619561
8396,0.0021782057120038113
8397,0.0021776450047587144
8398,0.0021767443556758585
8399,0.002175809387732077
8400,0.002177649196956055
8401,0.002175484440064037
8402,0.00217465657252335
8403,0.002174122905690238
8404,0.002173511517771019
8405,0.00217323311382646
8406,0.0021727175271360377
8407,0.002172097643511051
8408,0.002171593402925663
8409,0.002170904591999945
8410,0.002170420088307416
8411,0.002169761871846287
8412,0.002169305080309458
8413,0.0021689171804275026
8414,0.0021680605105071768
8415,0.002167336729571121
8416,0.0021662067800490817
8417,0.002165700165190465
8418,0.002165126845749965
8419,0.0021647099943555913
8420,0.0021642139004502555
8421,0.0021634914183199442
8422,0.002163115704050565
8423,0.002163523738973894
8424,0.0021625736642169016
8425,0.0021616400020032676
8426,0.002161186077155161
8427,0.0021605237250894396
8428,0.002160211202514985
8429,0.0021597387937771677
8430,0.0021592545686024457
8431,0.0021588689414524798
8432,0.0021579715917139286
8433,0.002159086126736819
8434,0.0021575802427444765
8435,0.0021569938250561587
8436,0.002156574858266876
8437,0.002156036126983789
8438,0.002155540910921577
8439,0.0021550629959662553
8440,0.0021545398948209934
8441,0.002154137183526066
8442,0.002153463071426524
8443,0.0021526685225583667
8444,0.0021523536097424155
8445,0.002151798712609621
8446,0.0021513288972643944
8447,0.0021511066040433933
8448,0.002150678813314944
8449,0.0021505026523309413
8450,0.0021502620734150132
8451,0.002150096125751656
8452,0.0021495284210058833
8453,0.0021492721241209768
8454,0.002149009367118558
8455,0.0021486193355980845
8456,0.002150484977873372
8457,0.0021483776683462537
8458,0.0021478997253180187
8459,0.002147721114585119
8460,0.0021473876167903416
8461,0.002147026193968783
8462,0.0021468376124898787
8463,0.0021464184560173742
8464,0.002146224441645746
8465,0.002146013695453115
8466,0.0021458144176117813
8467,0.0021454493712118952
8468,0.0021452563317248398
8469,0.0021450194779768944
8470,0.002144662557206223
8471,0.0021442542678339923
8472,0.002143675516435406
8473,0.0021434399011719786
8474,0.0021430585565819123
8475,0.002142762823392552
8476,0.002142439947825628
8477,0.002142144377136127
8478,0.002141875561236221
8479,0.0021415783873858394
8480,0.0021410645693308874
8481,0.0021405653330192997
8482,0.0021401725299900107
8483,0.002139880148422736
8484,0.002139537883173895
8485,0.00213923697422767
8486,0.0021387977404515976
8487,0.002138492425387878
8488,0.002138169894261655
8489,0.002137953839867241
8490,0.0021375637720189066
8491,0.002137306852826189
8492,0.0021370585426342165
8493,0.0021367781750065377
8494,0.002136420081655928
8495,0.0021360842156064705
8496,0.002135824520367303
8497,0.00213531592171627
8498,0.0021350904301270777
8499,0.0021345052100079885
8500,0.002134298494199376
8501,0.002134038351928689
8502,0.002133791741178335
8503,0.002133640042090661
8504,0.0021333153236473717
8505,0.002134142897440963
8506,0.0021332387056709557
8507,0.0021331063945364197
8508,0.002132840366414408
8509,0.0021325463735143513
8510,0.0021321124998227503
8511,0.0021343560244174993
8512,0.002132020393373225
8513,0.00213173275501007
8514,0.0021315391502972694
8515,0.0021311889476016066
8516,0.0021315357432095277
8517,0.002131063036708349
8518,0.002130824171897273
8519,0.002130625931450603
8520,0.0021304683606749317
8521,0.0021303208599197983
8522,0.0021301746624352203
8523,0.0021299284423372568
8524,0.0021298403714409466
8525,0.0021295526711617822
8526,0.0021292689278108626
8527,0.0021291151385288017
8528,0.0021288421355704387
8529,0.002128683889767513
8530,0.002128457242678809
8531,0.0021282638092347357
8532,0.0021279367709633257
8533,0.002127775327309995
8534,0.002127581560774011
8535,0.0021273778984783063
8536,0.0021271363233543
8537,0.0021269752264410774
8538,0.0021268308443316906
8539,0.0021266307788448987
8540,0.0021263860682879526
8541,0.0021261504913123045
8542,0.0021259789552300094
8543,0.002125830091636157
8544,0.002125565851953263
8545,0.0021254110633654013
8546,0.0021252634338988796
8547,0.0021251384620531227
8548,0.0021250020513539436
8549,0.0021248677489716784
8550,0.002124697105844652
8551,0.002124588385042097
8552,0.0021244618328373744
8553,0.0021242259791070806
8554,0.0021241556569446315
8555,0.0021239241387370276
8556,0.0021238209262986417
8557,0.0021236647080077873
8558,0.0021236325871392876
8559,0.002123440363089111
8560,0.002123371032723677
8561,0.0021232984971349587
8562,0.002123391988704686
8563,0.002123258720648514
8564,0.0021231779607249327
8565,0.002123037065071322
8566,0.0021229056745022284
8567,0.002122959556441135
8568,0.002122849841117903
8569,0.0021227674434353538
8570,0.0021226887684951475
8571,0.0021225784751354505
8572,0.002122421820743629
8573,0.0021229048014038067
8574,0.0021223601639859145
8575,0.002122209203295122
8576,0.002122099871202904
8577,0.002121956553838766
8578,0.002121936227368088
8579,0.0021217856410627907
8580,0.002121730814787232
8581,0.002121650124633092
8582,0.0021215414787648223
8583,0.002121302503883905
8584,0.00212148742200856
8585,0.0021211985792374656
8586,0.002121085835559195
8587,0.002121008871853955
8588,0.0021209218499770115
8589,0.0021207970105292548
8590,0.002120649846164805
8591,0.002120546908168228
8592,0.0021204505295171
8593,0.00212035849602332
8594,0.0021202450003575644
8595,0.0021200987798572807
8596,0.002119986649835814
8597,0.0021198756867387173
8598,0.002119754048736338
8599,0.0021196345832672843
8600,0.002119510429818431
8601,0.002119370058812542
8602,0.002119260036693559
8603,0.0021191570260460485
8604,0.0021190245799151295
8605,0.0021189103414975237
8606,0.0021188132507481026
8607,0.0021187455129726427
8608,0.0021186632641905178
8609,0.002118478887071665
8610,0.0021184189529658906
8611,0.0021181792397049204
8612,0.0021180760121874025
8613,0.002117951172758877
8614,0.0021179128929144455
8615,0.002117779830716007
8616,0.0021177160519355817
8617,0.0021176227393527865
8618,0.0021177995946125875
8619,0.0021175957217302215
8620,0.002117538146404498
8621,0.0021174302084945693
8622,0.0021173201020581647
8623,0.0021172736931255403
8624,0.0021171628687521996
8625,0.002117109043069477
8626,0.0021170219494243076
8627,0.002116906506079468
8628,0.0021169488699698865
8629,0.0021168176921042368
8630,0.0021167150004246004
8631,0.002116646113638108
8632,0.0021165218145013853
8633,0.0021164063354276357
8634,0.0021163214908015635
8635,0.002116257901859396
8636,0.0021162011357322773
8637,0.002116138371276117
8638,0.002116024501347126
8639,0.0021159419242276923
8640,0.002115882363619005
8641,0.002115815151026697
8642,0.002115747641011803
8643,0.0021156217051629773
8644,0.0021155090221639944
8645,0.0021154376780133932
8646,0.002115356975718547
8647,0.0021152694147571123
8648,0.002115144480940638
8649,0.002115073080393587
8650,0.002114989389174182
8651,0.002114929080340706
8652,0.002114844471541306
8653,0.002114695021897482
8654,0.002114608213554926
8655,0.0021144205601907654
8656,0.002114352261521715
8657,0.002114258889486987
8658,0.002114170510414898
8659,0.0021140509009519768
8660,0.002113929199713492
8661,0.0021138702243475474
8662,0.0021137978480460632
8663,0.0021137005590559786
8664,0.002113603864691646
8665,0.0021134590553781494
8666,0.002113262079217919
8667,0.002113209154234507
8668,0.002113081792628828
8669,0.0021130407685722623
8670,0.0021129811736183995
8671,0.002112881302878947
8672,0.0021130899573428056
8673,0.0021128327762044118
8674,0.002112727877699945
8675,0.0021126729868687125
8676,0.0021125743077389895
8677,0.0021125136456888504
8678,0.00211238825865356
8679,0.0021123384314251977
8680,0.0021122709634732073
8681,0.002112191538927653
8682,0.0021126019441074523
8683,0.0021121444172012985
8684,0.0021120542796512244
8685,0.0021119941124844418
8686,0.002111922731202901
8687,0.0021118484586651175
8688,0.0021117602344343646
8689,0.002111727891415625
8690,0.002111660408588914
8691,0.0021116031161347907
8692,0.002111545189429358
8693,0.0021114652455183768
8694,0.0021114444453222726
8695,0.002111276656585548
8696,0.0021112184262715434
8697,0.0021111543995768122
8698,0.0021110639296433023
8699,0.0021109753697330894
8700,0.0021108265363998678
8701,0.0021107572872758225
8702,0.0021106986420159277
8703,0.0021106309859338437
8704,0.0021105545738016977
8705,0.0021104690924188207
8706,0.0021103894537396147
8707,0.0021102935211351776
8708,0.0021101941745386133
8709,0.002110108100854795
8710,0.0021100168026436526
8711,0.0021099442911421368
8712,0.0021097880888292235
8713,0.002109730357020545
8714,0.002109639904453273
8715,0.0021095751316437157
8716,0.0021094788304504876
8717,0.0021094100736649946
8718,0.0021093632931439643
8719,0.0021093131099625376
8720,0.0021092334273842012
8721,0.002109160983256157
8722,0.002109037174658072
8723,0.002109111321980063
8724,0.0021089720085183026
8725,0.0021088914224832813
8726,0.0021088343163929665
8727,0.0021088159236248233
8728,0.0021087229720118334
8729,0.0021086717214496118
8730,0.0021086159498566286
8731,0.0021085526692528685
8732,0.0021085085744047827
8733,0.002108474436767903
8734,0.002108502436591369
8735,0.0021084606889024363
8736,0.0021084478564429698
8737,0.0021083930308909604
8738,0.0021083328840956414
8739,0.0021082892181527734
8740,0.0021082555247178307
8741,0.0021082284186100956
8742,0.002108105379756227
8743,0.0021080407122633605
8744,0.0021079933355948655
8745,0.002107955437681966
8746,0.0021077873359759435
8747,0.002107826812705694
8748,0.002107753173167289
8749,0.0021077149945601913
8750,0.002107688266741748
8751,0.00210766675658187
8752,0.002107566488443888
8753,0.0021075281104574015
8754,0.0021074541214950214
8755,0.002107413621131539
8756,0.002107372035122355
8757,0.0021073419921025034
8758,0.002107182963759471
8759,0.002107068606852522
8760,0.0021069846425349438
8761,0.0021069313855378623
8762,0.002106890438241214
8763,0.00210685208207446
8764,0.0021068303548877716
8765,0.0021068128946670523
8766,0.0021067251629801474
8767,0.002106623625001876
8768,0.00210652660776423
8769,0.0021064805468686866
8770,0.0021064236933809634
8771,0.002106370557373062
8772,0.002106320601872515
8773,0.0021062199249681102
8774,0.002106321957634074
8775,0.0021061829425099796
8776,0.002106116487400892
8777,0.002106064924617304
8778,0.0021060003390799
8779,0.002105917214521777
8780,0.0021058631979581754
8781,0.0021057722798153745
8782,0.002105728995350061
8783,0.0021056636704056414
8784,0.002105578016568256
8785,0.0021055143536089674
8786,0.0021054484501700508
8787,0.0021054024548285565
8788,0.0021053454616097003
8789,0.0021052949281335116
8790,0.0021051702700436254
8791,0.002105121943996484
8792,0.002105064382065957
8793,0.0021049937237152265
8794,0.002105029554966052
8795,0.002104942284231197
8796,0.002104863845712393
8797,0.002104817701253645
8798,0.002104764587358033
8799,0.0021046827627790015
8800,0.00210469673391038
8801,0.0021046318660893704
8802,0.002104550602461943
8803,0.0021044937454589435
8804,0.0021044281012260893
8805,0.002104341676120228
8806,0.002104295628402384
8807,0.002104226531935061
8808,0.0021041955273915607
8809,0.0021041811084562506
8810,0.0021041694621476764
8811,0.0021041044573623865
8812,0.0021040784226360083
8813,0.0021040137587244887
8814,0.002103971503166802
8815,0.002103943384524739
8816,0.0021038891773234
8817,0.002103856914206121
8818,0.0021038280677758655
8819,0.0021038104930832372
8820,0.0021037134689025137
8821,0.00210365908097984
8822,0.0021036238172359315
8823,0.0021035602462934396
8824,0.0021035264972745406
8825,0.0021035090832820943
8826,0.00210349677968024
8827,0.002103487036109763
8828,0.0021034406647998
8829,0.002103385717397224
8830,0.002103283629176353
8831,0.002103264587371309
8832,0.0021032006934205367
8833,0.002103171643054541
8834,0.0021031576108446783
8835,0.0021031468907173065
8836,0.0021031380416587178
8837,0.002103091067836381
8838,0.0021030275740522154
8839,0.0021029667729476273
8840,0.002102914965035556
8841,0.002102869572984436
8842,0.0021028094697436157
8843,0.00210273934062639
8844,0.0021026622751175884
8845,0.0021026012100066596
8846,0.002102549320534649
8847,0.0021024982127159308
8848,0.002102422722144742
8849,0.002102404879373586
8850,0.0021023566994206673
8851,0.0021023293734929024
8852,0.002102314572222353
8853,0.0021023023860972
8854,0.0021022354526302146
8855,0.0021021398251050492
8856,0.0021021349140336967
8857,0.002102098283055022
8858,0.0021020509509844087
8859,0.0021019909763983964
8860,0.0021019222845580074
8861,0.0021018496980923155
8862,0.0021017755698887006
8863,0.0021017244685719787
8864,0.0021016578663996654
8865,0.002101605115325986
8866,0.002101548647197055
8867,0.0021014927021735363
8868,0.0021014561246301138
8869,0.0021014065903443443
8870,0.0021013754356992913
8871,0.0021013509665361615
8872,0.0021012435198731524
8873,0.0021011793265296058
8874,0.0021011254991846334
8875,0.002101097214527517
8876,0.0021010767015658695
8877,0.0021009682644226603
8878,0.0021008911153845436
8879,0.0021008374288302247
8880,0.0021008010410741244
8881,0.0021007705868551366
8882,0.0021005989475939555
8883,0.0021004765559728034
8884,0.002100378233070443
8885,0.00210032986837277
8886,0.0021003328428125002
8887,0.0021002961726210322
8888,0.002100256540561597
8889,0.0021002232509035996
8890,0.002100205835788947
8891,0.0021001918347102284
8892,0.0021001161676333234
8893,0.0021000314214815108
8894,0.002100031583964393
8895,0.002099984829527033
8896,0.002099931695228875
8897,0.0020999092684240565
8898,0.002099892765641516
8899,0.0020998790691767856
8900,0.0020998047679545995
8901,0.002099726024656471
8902,0.002099691504006962
8903,0.002099649371441591
8904,0.002099621636000318
8905,0.0020996039695808343
8906,0.0020995901959968105
8907,0.0020995788611355036
8908,0.0020995210509869473
8909,0.002099451429526044
8910,0.0020993800698224296
8911,0.0020993253454975195
8912,0.002099279495425033
8913,0.0020993009096120976
8914,0.0020992495483980926
8915,0.002099202062131437
8916,0.002099155620200907
8917,0.002099094367365965
8918,0.0020990792387118136
8919,0.002099026424631628
8920,0.0020990027527194354
8921,0.002098990138398594
8922,0.0020989800421091585
8923,0.002098928720937592
8924,0.002098853200609782
8925,0.002098792493077562
8926,0.0020987382459924306
8927,0.002098686479627683
8928,0.0020986563439688343
8929,0.0020986334845622787
8930,0.0020986146109246524
8931,0.0020985137220600227
8932,0.0020984368908509832
8933,0.0020983656723407296
8934,0.002098330804201685
8935,0.0020983104404695098
8936,0.0020982137468154817
8937,0.0020982126349798477
8938,0.0020981670301551633
8939,0.002098113038461026
8940,0.002098065728463474
8941,0.0020980186830124514
8942,0.002097971375551944
8943,0.002097924078113796
8944,0.0020978764523514144
8945,0.002097824067510592
8946,0.0020977749047473085
8947,0.002097730711918452
8948,0.002097674103870203
8949,0.0020976161996816988
8950,0.002097645861586524
8951,0.0020975705631675083
8952,0.0020974993502481274
8953,0.0020974575090635847
8954,0.0020974062561819004
8955,0.0020973612037122405
8956,0.00209731698277117
8957,0.002097257408401503
8958,0.0020972103453327706
8959,0.0020971221822871865
8960,0.002097069802091289
8961,0.0020970133592504224
8962,0.0020969956945406975
8963,0.0020969693493105967
8964,0.0020969524993699608
8965,0.0020969421578190942
8966,0.0020968913099988387
8967,0.002096828605583378
8968,0.002096735228460281
8969,0.0020967617602448696
8970,0.0020967033970358162
8971,0.0020966843172920174
8972,0.0020966732299024654
8973,0.0020966644605616923
8974,0.0020966206930185163
8975,0.002096561294592001
8976,0.0020965215965637798
8977,0.0020964906599797908
8978,0.002096465027442666
8979,0.0020964428974710966
8980,0.002096423225362265
8981,0.002096405365900288
8982,0.002096388899992261
8983,0.0020963735431111757
8984,0.002096359094295942
8985,0.002096345406456808
8986,0.0020963323684835334
8987,0.0020963198940577217
8988,0.0020963079144925532
8989,0.002096296373967233
8990,0.00209628522632295
8991,0.0020962744327974463
8992,0.0020962639604419336
8993,0.002096253780930322
8994,0.002096243869705825
8995,0.0020962342052955646
8996,0.002096224768815597
8997,0.002096215543543945
8998,0.00209620651461627
8999,0.0020961976687415037
9000,0.0020961889940063314
9001,0.002096180479675029
9002,0.0020961721160600243
9003,0.002096163894374397
9004,0.0020961558066445907
9005,0.0020961478455975777
9006,0.002096140004601722
9007,0.0020961322775775422
9008,0.0020961246589580687
9009,0.002096117143616217
9010,0.0020961097268390907
9011,0.002096102404267457
9012,0.002096095171879978
9013,0.0020960880259418653
9014,0.0020960809629964883
9015,0.002096073979820829
9016,0.002096067073422712
9017,0.0020960602410015705
9018,0.0020960534799497926
9019,0.0020960467878177445
9020,0.0020960401623182742
9021,0.0020960336012951376
9022,0.002096027102729751
9023,0.002096020664712498
9024,0.0020960142854512527
9025,0.0020960079632449066
9026,0.0020960016964932924
9027,0.00209599548367259
9028,0.0020959893233461957
9029,0.0020959832141418102
9030,0.0020959771547630385
9031,0.0020959711439677412
9032,0.0020959651805802617
9033,0.0020959592634708923
9034,0.0020959533915685044
9035,0.002095947563841048
9036,0.0020959417793082924
9037,0.0020959360370234204
9038,0.0020959303360857276
9039,0.0020959246756230465
9040,0.002095919054804625
9041,0.0020959134728241015
9042,0.002095907928912466
9043,0.0020959024223216145
9044,0.0020958969523373196
9045,0.002095891518263326
9046,0.002095886119434182
9047,0.002095880755199988
9048,0.0020958754249389856
9049,0.002095870128042851
9050,0.002095864863929085
9051,0.0020958596320268365
9052,0.002095854431789108
9053,0.0020958492626789154
9054,0.00209584412418141
9055,0.002095839015790402
9056,0.002095833937020281
9057,0.00209582888739293
9058,0.0020958238664494197
9059,0.0020958188737373188
9060,0.0020958139088221688
9061,0.0020958089712750975
9062,0.0020958040606840946
9063,0.0020957991766420185
9064,0.002095794318757532
9065,0.002095789486643559
9066,0.0020957846799279233
9067,0.0020957798982420522
9068,0.0020957751412315193
9069,0.0020957704085449815
9070,0.0020957656998444943
9071,0.0020957610147947538
9072,0.0020957563530731122
9073,0.0020957517143592405
9074,0.0020957470983448355
9075,0.0020957425047234816
9076,0.002095737933200281
9077,0.0020957333834819166
9078,0.002095728855286014
9079,0.002095724348331531
9080,0.002095719862347865
9081,0.0020957153970654965
9082,0.0020957109522248777
9083,0.0020957065275673567
9084,0.002095702122843803
9085,0.002095697737805786
9086,0.002095693372214001
9087,0.002095689025829654
9088,0.0020956846984227515
9089,0.0020956803897635734
9090,0.002095676099630931
9091,0.0020956718278037456
9092,0.002095667574069073
9093,0.0020956633382140546
9094,0.0020956591200336104
9095,0.002095654919322618
9096,0.002095650735883481
9097,0.0020956465695184173
9098,0.0020956424200369085
9099,0.002095638287248198
9100,0.0020956341709684736
9101,0.0020956300710136444
9102,0.0020956259872063013
9103,0.0020956219193686773
9104,0.0020956178673294675
9105,0.002095613830916941
9106,0.0020956098099655963
9107,0.002095605804309461
9108,0.0020956018137885768
9109,0.002095597838242463
9110,0.0020955938775164325
9111,0.0020955899314552447
9112,0.00209558599990929
9113,0.0020955820827283102
9114,0.002095578179767522
9115,0.002095574290881473
9116,0.0020955704159299608
9117,0.0020955665547721363
9118,0.0020955627072722217
9119,0.00209555887329374
9120,0.002095555052705107
9121,0.0020955512453740945
9122,0.002095547451173154
9123,0.002095543669974058
9124,0.0020955399016531844
9125,0.0020955361460861005
9126,0.002095532403152935
9127,0.0020955286727329953
9128,0.0020955249547099284
9129,0.0020955212489666168
9130,0.0020955175553901213
9131,0.0020955138738667366
9132,0.002095510204286813
9133,0.002095506546539959
9134,0.002095502900519646
9135,0.002095499266118634
9136,0.0020954956432334476
9137,0.002095492031759894
9138,0.0020954884315973797
9139,0.002095484842644635
9140,0.002095481264803923
9141,0.0020954776979767173
9142,0.00209547414206802
9143,0.0020954705969820067
9144,0.00209546706262626
9145,0.002095463538907595
9146,0.0020954600257360873
9147,0.002095456523021024
9148,0.0020954530306749476
9149,0.0020954495486095403
9150,0.002095446076739669
9151,0.002095442614979364
9152,0.00209543916324573
9153,0.0020954357214550408
9154,0.002095432289526572
9155,0.0020954288673787685
9156,0.0020954254549329747
9157,0.0020954220521097805
9158,0.002095418658832509
9159,0.002095415275023753
9160,0.002095411900608835
9161,0.002095408535512281
9162,0.0020954051796612913
9163,0.0020954018329822767
9164,0.0020953984954042563
9165,0.002095395166855478
9166,0.0020953918472667
9167,0.0020953885365679534
9168,0.002095385234691683
9169,0.002095381941569617
9170,0.0020953786571358494
9171,0.0020953753813237877
9172,0.0020953721140690865
9173,0.0020953688553067367
9174,0.002095365604973968
9175,0.002095362363007286
9176,0.002095359129345428
9177,0.002095355903926391
9178,0.002095352686690349
9179,0.0020953494775767523
9180,0.002095346276527161
9181,0.002095343083482447
9182,0.002095339898385523
9183,0.002095336721178588
9184,0.002095333551805881
9185,0.0020953303902109806
9186,0.002095327236339309
9187,0.0020953240901357244
9188,0.0020953209515469496
9189,0.002095317820519061
9190,0.0020953146969999214
9191,0.002095311580936854
9192,0.0020953084722788763
9193,0.002095305370974466
9194,0.002095302276973799
9195,0.002095299190226426
9196,0.002095296110683656
9197,0.0020952930382961282
9198,0.002095289973016183
9199,0.0020952869147955818
9200,0.0020952838635876266
9201,0.00209528081934517
9202,0.002095277782022498
9203,0.0020952747515734266
9204,0.00209527172795327
9205,0.0020952687111168034
9206,0.0020952657010202495
9207,0.002095262697619344
9208,0.0020952597008712577
9209,0.002095256710732627
9210,0.0020952537271614912
9211,0.0020952507501154297
9212,0.0020952477795533136
9213,0.002095244815433579
9214,0.00209524185771598
9215,0.002095238906359772
9216,0.002095235961325535
9217,0.002095233022573335
9218,0.002095230090064554
9219,0.0020952271637600687
9220,0.0020952242436220268
9221,0.0020952213296120863
9222,0.0020952184216931464
9223,0.0020952155198276285
9224,0.0020952126239791565
9225,0.002095209734110901
9226,0.002095206850187187
9227,0.002095203972171893
9228,0.0020952011000300672
9229,0.002095198233726294
9230,0.0020951953732262513
9231,0.002095192518495249
9232,0.0020951896694996145
9233,0.0020951868262052815
9234,0.0020951839885792584
9235,0.002095181156588134
9236,0.0020951783301995275
9237,0.002095175509380648
9238,0.0020951726940997275
9239,0.002095169884324586
9240,0.002095167080024071
9241,0.002095164281166591
9242,0.0020951614877215553
9243,0.0020951586996579654
9244,0.0020951559169457993
9245,0.0020951531395546376
9246,0.002095150367454995
9247,0.002095147600616995
9248,0.0020951448390117
9249,0.0020951420826097683
9250,0.0020951393313828107
9251,0.0020951365853019936
9252,0.002095133844339422
9253,0.0020951311084668072
9254,0.002095128377656741
9255,0.0020951256518814253
9256,0.00209512293111395
9257,0.002095120215327027
9258,0.0020951175044941735
9259,0.0020951147985886075
9260,0.0020951120975843144
9261,0.0020951094014549612
9262,0.0020951067101750106
9263,0.002095104023718561
9264,0.0020951013420605212
9265,0.0020950986651754534
9266,0.0020950959930386747
9267,0.0020950933256251914
9268,0.0020950906629107267
9269,0.002095088004870733
9270,0.002095085351481362
9271,0.0020950827027184492
9272,0.0020950800585585287
9273,0.00209507741897789
9274,0.002095074783953439
9275,0.0020950721534618525
9276,0.0020950695274804297
9277,0.002095066905986214
9278,0.0020950642889569185
9279,0.002095061676369954
9280,0.0020950590682033724
9281,0.0020950564644349684
9282,0.0020950538650431573
9283,0.002095051270006101
9284,0.0020950486793025673
9285,0.0020950460929110553
9286,0.002095043510810678
9287,0.002095040932980283
9288,0.002095038359399319
9289,0.002095035790046984
9290,0.002095033224903048
9291,0.0020950306639470084
9292,0.0020950281071589983
9293,0.00209502555451884
9294,0.0020950230060069372
9295,0.0020950204616034533
9296,0.0020950179212891186
9297,0.002095015385044392
9298,0.0020950128528502824
9299,0.0020950020222467373
9300,0.0020949794432723974
9301,0.0020949609347437354
9302,0.0020949595436224374
9303,0.002094947549443542
9304,0.0020949367292352234
9305,0.002094851332091985
9306,0.002094451106714231
9307,0.00209410485932709
9308,0.0020939377624167735
9309,0.002093780221791736
9310,0.002093704896479606
9311,0.0020936069439598036
9312,0.002094000857644762
9313,0.002093568739347664
9314,0.0020935055133324896
9315,0.0020934653181007806
9316,0.0020934337185095635
9317,0.0020934186141100567
9318,0.002093386273641157
9319,0.0020933707945987277
9320,0.0020933628030781206
9321,0.0020933564547313994
9322,0.0020933234726551726
9323,0.0020932829755229442
9324,0.002093245998084511
9325,0.002093201026267911
9326,0.0020931720794418254
9327,0.002093152775336159
9328,0.0020931374691851782
9329,0.0020930693192164613
9330,0.002093006989612734
9331,0.0020928898405627233
9332,0.002093003282021545
9333,0.0020928598874748894
9334,0.0020928259148712855
9335,0.0020928064480010803
9336,0.0020927908242823626
9337,0.0020927086224791754
9338,0.002092613155565951
9339,0.002092558066556905
9340,0.0020924945526957267
9341,0.0020924624830803073
9342,0.0020924446944075867
9343,0.0020924298864889225
9344,0.0020923476075194653
