step,time,method,M,solve_s,flux_s,transport_s,viz_s,p_l2_drift,flux_l2_drift,pinn_rmse,pinn_pre_rmse,pinn_iterations,pinn_wall_s,pinn_pre_eval_s,pinn_linear_s,pinn_sync_s,pinn_error_s,pinn_trainable_params,pinn_stop_reason,R_xi_mean_abs,R_xi_median_abs,R_xi_rmse,R_xi_max_abs,R_xi_sum,CFL,cfl_violated,S_preclip_min,S_preclip_max,S_post_min,S_post_max,mass_balance,stored_water,n_substeps,dt_substep
1,1e-05,NLR,1.0,0.02228725999884773,0.04808038599730935,0.0008373509917873889,2.9289949452504516e-06,0.0,0.0,nan,nan,,0.0,nan,nan,nan,nan,0,,1.839002498104428e-05,3.8163916471489756e-17,0.00033278346200224225,0.014347225884695725,-0.00012223253575503775,0.21846621523791998,0,0.0,0.01024,0.0,0.01024,0.0,1e-05,1,1e-05
2,2e-05,NLR,1.0,0.016952862002654,0.04609601300035138,0.00030387999140657485,2.5659974198788404e-06,0.0022467771002218995,0.001037526265208963,nan,nan,,0.0,nan,nan,nan,nan,0,,1.839133529926198e-05,3.881443777498106e-17,0.00033279174645178594,0.014347498665238323,-0.00012224225166808053,0.21847036510172732,0,0.0,0.020478904042811663,0.0,0.020478904042811663,-3.3881317890172014e-21,1.9999999999999998e-05,1,1e-05
3,3.0000000000000004e-05,NLR,1.0,0.017340439997497015,0.041557353993994184,0.0004696480027632788,2.291999408043921e-06,0.0022599378982156044,0.0010382310231566167,nan,nan,,0.0,nan,nan,nan,nan,0,,1.8392649213132193e-05,3.8163916471489756e-17,0.0003328000556180198,0.014347772189551744,-0.00012225199571303452,0.21847452628152544,0,0.0,0.030714430042600847,0.0,0.030714430042600847,5.082197683525802e-21,3.0000000000000004e-05,1,1e-05
4,4e-05,NLR,1.0,0.016014036009437405,0.05199821000860538,0.00035978699452243745,2.262007910758257e-06,0.002272537091213137,0.0010384051031828482,nan,nan,,0.0,nan,nan,nan,nan,0,,1.839396636886403e-05,3.8163916471489756e-17,0.00033280838738574645,0.014348046388422686,-0.00012226176480068714,0.21847869772413325,0,0.0,0.04094415826701347,0.0,0.04094415826701347,-1.6940658945086007e-21,4e-05,1,1e-05
5,5e-05,NLR,1.0,0.016221311001572758,0.043913205998251215,0.000766437005950138,4.016997991129756e-06,0.002284533360952043,0.001038027075651571,nan,nan,,0.0,nan,nan,nan,nan,0,,1.839528639588765e-05,3.9898639947466563e-17,0.0003328167395383126,0.014348321189437074,-0.00012227155583439725,0.21848287832765093,0,0.0,0.05116552859418804,0.0,0.05116552859418804,-8.470329472543003e-21,4.9999999999999996e-05,1,1e-05
6,6.000000000000001e-05,NLR,1.0,0.01903719200345222,0.04682156800117809,0.00031678599771112204,2.150991349481046e-06,0.0022958850567111333,0.0010370764894680818,nan,nan,,0.0,nan,nan,nan,nan,0,,1.839660890744228e-05,3.729655473350135e-17,0.0003328251097595735,0.01434859651705045,-0.00012228136537578826,0.21848706694255024,0,0.0,0.061375838406578995,0.0,0.061375838406578995,5.082197683525802e-21,6e-05,1,1e-05
7,7.000000000000001e-05,NLR,1.0,0.018638528999872506,0.04981795299681835,0.0003485789929982275,2.4799956008791924e-06,0.0023065504499263124,0.0010355341201598348,nan,nan,,0.0,nan,nan,nan,nan,0,,1.8397933500885584e-05,3.8055496254241206e-17,0.0003328334956368217,0.01434887229268944,-0.00012229118984814454,0.21849126237320618,0,0.0,0.07157224122634255,0.0,0.07157224122634255,-8.470329472543003e-21,7e-05,1,1e-05
8,8e-05,NLR,1.0,0.01846693200059235,0.04871802500565536,0.0006262560054892674,3.579989424906671e-06,0.002316488017619542,0.0010333822340302943,nan,nan,,0.0,nan,nan,nan,nan,0,,1.8399259758358528e-05,3.859759734048396e-17,0.0003328418946645617,0.014349148434881442,-0.00012230102560706856,0.2184954633798673,0,0.0,0.08175174620150871,0.0,0.08175174620150871,-1.6940658945086007e-21,7.999999999999999e-05,1,1e-05
9,9e-05,NLR,1.0,0.01666678799665533,0.04745007900055498,0.0003194430028088391,2.8809881769120693e-06,0.002325656754662919,0.001030604866550384,nan,nan,,0.0,nan,nan,nan,nan,0,,1.8400587247638426e-05,3.8163916471489756e-17,0.00033285030424925127,0.014349424859414261,-0.00012231086888904772,0.21849966868109716,0,0.0,0.09191121855505825,0.0,0.09191121855505825,1.1858461261560205e-20,9e-05,1,1e-05
10,0.0001,NLR,1.0,0.022376335997250862,0.06671022300724871,0.00037311099004000425,3.6860001273453236e-06,0.002334016513719187,0.0010271881123858,nan,nan,,0.0,nan,nan,nan,nan,0,,1.8401915522975802e-05,3.881443777498106e-17,0.0003328587217150623,0.014349701479528854,-0.0001223207157652759,0.21850387695671178,0,0.0,0.10204738110994338,0.0,0.10204738110994338,-1.5246593050577406e-20,9.999999999999999e-05,1,1e-05
11,0.00011,NLR,1.0,0.017121769007644616,0.05092549500113819,0.00035867099359165877,3.183988155797124e-06,0.002341528370616187,0.001023120423815985,nan,nan,,0.0,nan,nan,nan,nan,0,,1.8403244126394924e-05,3.903127820947816e-17,0.0003328671443107722,0.01434997820614936,-0.00012233056216036855,0.2185080868512334,0,0.0,0.11215681700162011,0.0,0.11215681700162011,-1.6940658945086007e-21,0.00010999999999999999,1,1e-05
12,0.00012000000000000002,NLR,1.0,0.017229876000783406,0.051649651999468915,0.0003572269924916327,3.592998837120831e-06,0.002348155012660856,0.0010183929135755695,nan,nan,,0.0,nan,nan,nan,nan,0,,1.8404572588721515e-05,3.9898639947466563e-17,0.0003328755692175663,0.014350254948139796,-0.000122340403946218,0.2185122969778691,0,0.0,0.12223597368538433,0.0,0.12223597368538433,1.1858461261560205e-20,0.00012,1,1e-05
13,0.00013000000000000002,NLR,1.0,0.017045045999111608,0.0548530509986449,0.0003515190037433058,3.3240066841244698e-06,0.002353861145173698,0.0010129996572286477,nan,nan,,0.0,nan,nan,nan,nan,0,,1.8405900431338507e-05,3.9898639947466563e-17,0.00033288399355813124,0.014350531612604467,-0.00012235023690540607,0.21851650592301317,0,0.0,0.13228116833832637,0.0,0.13228116833832637,-1.5246593050577406e-20,0.00013,1,1e-05
14,0.00014000000000000001,NLR,1.0,0.01675795800110791,0.049018570003681816,0.0003511929971864447,3.0669907573610544e-06,0.00235861391223993,0.0010069379897895056,nan,nan,,0.0,nan,nan,nan,nan,0,,1.8407227167756955e-05,3.8163916471489756e-17,0.0003328924144066412,0.014350808105214163,-0.00012236005665940516,0.21852071225126873,0,0.0,0.14228859474469013,0.0,0.14228859474469013,2.541098841762901e-20,0.00014000000000000001,1,1e-05
15,0.00015000000000000001,NLR,1.0,0.01780012399831321,0.0523247539967997,0.0005381070077419281,3.922992618754506e-06,0.0023623833252177863,0.0010002087902245078,nan,nan,,0.0,nan,nan,nan,nan,0,,1.840855230527677e-05,3.9871534893154426e-17,0.000332900828799957,0.014351084330574082,-0.00012236985880365278,0.21852491451097916,0,0.0,0.15225433173855984,0.0,0.15225433173855984,-1.6940658945086007e-21,0.00015000000000000001,1,1e-05
16,0.00016,NLR,1.0,0.015661433004424907,0.052190358997904696,0.0003637119953054935,3.3959950087592006e-06,0.002365142692054816,0.0009928167471284766,nan,nan,,0.0,nan,nan,nan,nan,0,,1.8409875347294154e-05,3.903127820947816e-17,0.00033290923374968535,0.014351360192613738,-0.00012237963898630662,0.21852911124023472,0,0.0,0.16217435325892218,0.0,0.16217435325892218,-1.6940658945086007e-21,0.00016,1,1e-05
17,0.00017,NLR,1.0,0.01960127698839642,0.049222051005926915,0.0003697070060297847,3.3899996196851134e-06,0.0023668690392546683,0.0009847705980421985,nan,nan,,0.0,nan,nan,nan,nan,0,,1.8411195795173078e-05,3.9898639947466563e-17,0.000332917626255218,0.014351635595012402,-0.00012238939264808485,0.21853330097330143,0,0.0,0.17204454004921424,0.0,0.17204454004921424,-1.6940658945086007e-21,0.00017,1,1e-05
18,0.00018,NLR,1.0,0.018438178987707943,0.053155058005359024,0.0003497760044410825,3.2810057746246457e-06,0.0023675435185050815,0.000976083334894242,nan,nan,,0.0,nan,nan,nan,nan,0,,1.8412513150599178e-05,4.0549161250957866e-17,0.0003329260033176065,0.01435191044164763,-0.00012239911534314249,0.218537482247456,0,0.0,0.18186069300658234,0.0,0.18186069300658234,-1.6940658945086007e-21,0.00018,1,1e-05
19,0.00019,NLR,1.0,0.021149124004296027,0.04532489398843609,0.0003409689961699769,2.1590094547718763e-06,0.0023671517873999812,0.0009667723674662799,nan,nan,,0.0,nan,nan,nan,nan,0,,1.8413826918112162e-05,4.0549161250957866e-17,0.00033293436195409247,0.014352184637064891,-0.0001224088026980775,0.21854165361012182,0,0.0,0.19161854815554505,0.0,0.19161854815554505,-1.6940658945086007e-21,0.00019,1,1e-05
20,0.0002,NLR,1.0,0.01707305399759207,0.043831856004544534,0.0003472920070635155,2.2599997464567423e-06,0.002365684354748616,0.000956859637028309,nan,nan,,0.0,nan,nan,nan,nan,0,,1.8415136607406474e-05,3.9898639947466563e-17,0.0003329426992131367,0.01435245808696095,-0.00012241845020670864,0.21854581362624473,0,0.0,0.20131379318708237,0.0,0.20131379318708237,2.541098841762901e-20,0.00020000000000000004,1,1e-05
21,0.00021,NLR,1.0,0.024353290995350108,0.0494661660050042,0.00034563800727482885,2.387998392805457e-06,0.0023631368811641096,0.0009463716726978224,nan,nan,,0.0,nan,nan,nan,nan,0,,1.8416441735951482e-05,3.838075690598686e-17,0.00033295101218983037,0.014352730698679261,-0.00012242805347518438,0.21854996088582737,0,0.0,0.2109420854680921,0.0,0.2109420854680921,-2.879912020664621e-20,0.00021,1,1e-05
22,0.00022,NLR,1.0,0.018030387989711016,0.045071799992001615,0.00036509901110548526,2.0880106603726745e-06,0.00235951042357293,0.0009353395834228791,nan,nan,,0.0,nan,nan,nan,nan,0,,1.8417741831523547e-05,3.9898639947466563e-17,0.0003329592980414892,0.01435300238171,-0.0001224376081818279,0.21855409401150855,0,0.0,0.2204990713886035,0.0,0.2204990713886035,2.541098841762901e-20,0.00022000000000000003,1,1e-05
23,0.00023,NLR,1.0,0.018033594998996705,0.050386133007123135,0.0003664190007839352,1.8199934856966138e-06,0.0023548116155417275,0.0009237989796443634,nan,nan,,0.0,nan,nan,nan,nan,0,,1.841903643485862e-05,4.0766001685454967e-17,0.00033296755400303733,0.014353273048180348,-0.00012244711027780818,0.21855821166608594,0,0.0,0.2299804068762624,0.0,0.2299804068762624,-1.6940658945086007e-21,0.00023000000000000003,1,1e-05
24,0.00024000000000000003,NLR,1.0,0.020583370001986623,0.04708762900554575,0.0003720130043802783,2.401997335255146e-06,0.002349052773780913,0.0009117898197692585,nan,nan,,0.0,nan,nan,nan,nan,0,,1.8420325101971256e-05,3.8163916471489756e-17,0.0003329757774022541,0.014353542613341208,-0.0001224565555044045,0.21856231255984415,0,0.0,0.23938177887070736,0.0,0.23938177887070736,-1.6940658945086007e-21,0.00024000000000000003,1,1e-05
25,0.00025,NLR,1.0,0.020076417000382207,0.045958953007357195,0.0003695639898069203,2.505999873392284e-06,0.002342251925814594,0.0008993561785090787,nan,nan,,0.0,nan,nan,nan,nan,0,,1.842160740677269e-05,3.881443777498106e-17,0.0003329839656742909,0.014353810996026839,-0.00012246594011781052,0.21856639545762158,0,0.0,0.24869892751597084,0.0,0.24869892751597084,-2.879912020664621e-20,0.00025,1,1e-05
26,0.00026000000000000003,NLR,1.0,0.017949625995242968,0.05311169299238827,0.0004205110017210245,2.720000338740647e-06,0.002334432750287899,0.0008865459351849629,nan,nan,,0.0,nan,nan,nan,nan,0,,1.8422882943199264e-05,4.0766001685454967e-17,0.00033299211637550466,0.01435407811909295,-0.00012247526029107313,0.21857045918542034,0,0.0,0.25792766879843604,0.0,0.25792766879843604,2.541098841762901e-20,0.00026000000000000003,1,1e-05
27,0.00027,NLR,1.0,0.019924109990824945,0.04868908900243696,0.00038949800364207476,2.4830078473314643e-06,0.002325624430246116,0.0008734103833339388,nan,nan,,0.0,nan,nan,nan,nan,0,,1.842415132741792e-05,3.8163916471489756e-17,0.00033300022719614223,0.014354343909814826,-0.00012248451252915414,0.21857450263651024,0,0.0,0.26706391733261364,0.0,0.26706391733261364,2.541098841762901e-20,0.00027000000000000006,1,1e-05
28,0.00028000000000000003,NLR,1.0,0.01922804598871153,0.048413577998871915,0.00035764099447987974,2.4470064090564847e-06,0.0023158614153376907,0.0008600037640057638,nan,nan,,0.0,nan,nan,nan,nan,0,,1.842541219975389e-05,3.8163916471489756e-17,0.0003330082959718127,0.014354608300246596,-0.00012249369322821387,0.21857852477686082,0,0.0,0.2761037089784073,0.0,0.2761037089784073,-2.879912020664621e-20,0.00028000000000000003,1,1e-05
29,0.00029,NLR,1.0,0.02409820500179194,0.048778805998153985,0.0008676330035086721,3.995010047219694e-06,0.002305183097768912,0.0008463827286573917,nan,nan,,0.0,nan,nan,nan,nan,0,,1.842666522619911e-05,4.0115480381963664e-17,0.00033301632069344516,0.014354871227529875,-0.0001225027996120149,0.21858252464986258,0,0.0,0.2850432229627558,0.0,0.2850432229627558,7.962109704190423e-20,0.0002900000000000001,1,1e-05
30,0.00030000000000000003,NLR,1.0,0.02242363800178282,0.052353856997797266,0.0003460500010987744,2.454995410516858e-06,0.0022936334021135987,0.0008326057386193672,nan,nan,,0.0,nan,nan,nan,nan,0,,1.8427910099954188e-05,4.0115480381963664e-17,0.00033302429951549505,0.01435513263414534,-0.00012251182859791455,0.21858650138014915,0,0.0,0.2938788031764272,0.0,0.2938788031764272,2.541098841762901e-20,0.00030000000000000014,1,1e-05
31,0.00031,NLR,1.0,0.02038330800132826,0.050990352989174426,0.0013922920043114573,4.081011866219342e-06,0.0022812603013285747,0.0008187324120987502,nan,nan,,0.0,nan,nan,nan,nan,0,,1.8429146542535684e-05,3.9898639947466563e-17,0.00033303223076240645,0.014355392468107464,-0.00012252077746890023,0.218590454176559,0,0.0,0.30260697832380407,0.0,0.30260697832380407,2.541098841762901e-20,0.00031000000000000016,1,1e-05
32,0.00032,NLR,1.0,0.019564734000596218,0.04642377300478984,0.00033701299980748445,2.1859887056052685e-06,0.00226811526393924,0.000804822830072294,nan,nan,,0.0,nan,nan,nan,nan,0,,1.843037430430815e-05,3.9898639947466563e-17,0.00033304011293307917,0.0143556506830953,-0.00012252964404444852,0.2185943823341177,0,0.0,0.31122448061984104,0.0,0.31122448061984104,2.541098841762901e-20,0.0003200000000000002,1,1e-05
33,0.00033000000000000005,NLR,1.0,0.01794450699526351,0.04909953600144945,0.00034208600118290633,2.0279985619708896e-06,0.002254252645453232,0.0007909368154066773,nan,nan,,0.0,nan,nan,nan,nan,0,,1.8431593165314725e-05,3.7730235602495554e-17,0.00033304794470326917,0.014355907238513987,-0.00012253842602089583,0.2185982852349971,0,0.0,0.3197282627536691,0.0,0.3197282627536691,2.541098841762901e-20,0.0003300000000000002,1,1e-05
34,0.00034,NLR,1.0,0.017599120998056605,0.04834166799264494,0.0003300579992355779,2.16200714930892e-06,0.0022397290392250674,0.0007771332008889188,nan,nan,,0.0,nan,nan,nan,nan,0,,1.843280293496737e-05,4.163336342344337e-17,0.0003330557249259695,0.014356162099494307,-0.0001225471216095294,0.21860216234850102,0,0.0,0.32811551287181967,0.0,0.32811551287181967,7.962109704190423e-20,0.0003400000000000003,1,1e-05
35,0.00035000000000000005,NLR,1.0,0.01598176900006365,0.04615961700619664,0.00033329300640616566,2.3169995984062552e-06,0.0022246025982073135,0.0007634691023072855,nan,nan,,0.0,nan,nan,nan,nan,0,,1.8434003452093307e-05,3.9898639947466563e-17,0.0003330634526297887,0.014356415236826736,-0.00012255572911665892,0.2186060132300239,0,0.0,0.3363836673745959,0.0,0.3363836673745959,2.541098841762901e-20,0.0003500000000000003,1,1e-05
36,0.00036,NLR,1.0,0.01682843100570608,0.04398369799309876,0.0007896850001998246,3.769004251807928e-06,0.0022089323463220806,0.0007499992139881278,nan,nan,,0.0,nan,nan,nan,nan,0,,1.8435194584230062e-05,3.9898639947466563e-17,0.0003330711270152164,0.014356666626825332,-0.00012256424734918264,0.21860983751906538,0,0.0,0.3445304213652576,0.0,0.3445304213652576,2.541098841762901e-20,0.00036000000000000035,1,1e-05
37,0.00037000000000000005,NLR,1.0,0.018565866004792042,0.05616358699626289,0.00037562899524345994,2.3269967641681433e-06,0.0021927774922033635,0.000736775143568088,nan,nan,,0.0,nan,nan,nan,nan,0,,1.8436376226782534e-05,4.163336342344337e-17,0.0003330787474491594,0.01435691625114166,-0.00012257267517092572,0.2186136349363127,0,0.0,0.3525537366416799,0.0,0.3525537366416799,-2.879912020664621e-20,0.0003700000000000003,1,1e-05
38,0.00038,NLR,1.0,0.01637076199403964,0.04379813799459953,0.0003252809983678162,2.101995050907135e-06,0.0021761967632090103,0.0007238448025109763,nan,nan,,0.0,nan,nan,nan,nan,0,,1.8437548301959787e-05,3.810970636286548e-17,0.0003330863134576485,0.014357164096515662,-0.0001225810116721491,0.2186174052799013,0,0.0,0.3604518471721271,0.0,0.3604518471721271,-2.879912020664621e-20,0.0003800000000000003,1,1e-05
39,0.00039000000000000005,NLR,1.0,0.018720933003351092,0.04951211500156205,0.0007242420106194913,3.287001163698733e-06,0.002159247771992172,0.0007112518674803428,nan,nan,,0.0,nan,nan,nan,nan,0,,1.8438710757181983e-05,3.9898639947466563e-17,0.0003330938247170178,0.01435741015448122,-0.00012258925630952348,0.21862114842092575,0,0.0,0.3682232620488269,0.0,0.3682232620488269,7.962109704190423e-20,0.00039000000000000037,1,1e-05
40,0.0004,NLR,1.0,0.019733613007701933,0.04890446999343112,0.00037561099452432245,2.4030014174059033e-06,0.0021419864288944744,0.000699035325635214,nan,nan,,0.0,nan,nan,nan,nan,0,,1.843986356362861e-05,3.838075690598686e-17,0.0003331012810437438,0.014357654421028654,-0.00012259740861342872,0.21862486429829225,0,0.0,0.3758667659633008,0.0,0.3758667659633008,2.541098841762901e-20,0.0004000000000000004,1,1e-05
41,0.00041000000000000005,NLR,1.0,0.0191760480083758,0.048206799998297356,0.00034652400063350797,2.054002834483981e-06,0.0021244664118986044,0.0006872291150755459,nan,nan,,0.0,nan,nan,nan,nan,0,,1.8441006714163105e-05,3.968179951296946e-17,0.00033310868238313566,0.014357896896231681,-0.00012260546861327765,0.21862855291305447,0,0.0,0.3833814172942125,0.0,0.3833814172942125,-2.879912020664621e-20,0.00041000000000000037,1,1e-05
42,0.00042,NLR,1.0,0.016546351995202713,0.04514811201079283,0.0003707589930854738,2.0120060071349144e-06,0.0021067387008712607,0.0006758618679809953,nan,nan,,0.0,nan,nan,nan,nan,0,,1.8442140221589403e-05,4.163336342344337e-17,0.0003331160287970953,0.014358137583845298,-0.00012261343615478055,0.21863221432230007,0,0.0,0.39076654394040716,0.0,0.39076654394040716,7.962109704190423e-20,0.00042000000000000045,1,1e-05
43,0.00043000000000000004,NLR,1.0,0.014053738996153697,0.05129390700312797,0.00033695199817884713,1.925000105984509e-06,0.0020888511851601963,0.0006649567618184799,nan,nan,,0.0,nan,nan,nan,nan,0,,1.8443264116460916e-05,3.8163916471489756e-17,0.0003331233204513345,0.014358376490888558,-0.0001226213114800648,0.21863584863277272,0,0.0,0.39802173706770805,0.0,0.39802173706770805,2.541098841762901e-20,0.0004300000000000005,1,1e-05
44,0.00044,NLR,1.0,0.015064666004036553,0.04963449799106456,0.00033645999792497605,2.3550092009827495e-06,0.002070848345585127,0.0006545314793580581,nan,nan,,0.0,nan,nan,nan,nan,0,,1.8444378444899447e-05,4.119968255444917e-17,0.00033313055760203665,0.014358613627208694,-0.00012262909502120498,0.2186394559942931,0,0.0,0.4051468429671219,0.0,0.4051468429671219,2.541098841762901e-20,0.0004400000000000005,1,1e-05
45,0.00045000000000000004,NLR,1.0,0.014139869002974592,0.042719409000710584,0.0003257810021750629,2.0049919839948416e-06,0.0020527710140732535,0.0006445982756558756,nan,nan,,0.0,nan,nan,nan,nan,0,,1.844548326635995e-05,3.8163916471489756e-17,0.00033313774058245577,0.014358849005047913,-0.0001226367870995279,0.2186430365931051,0,0.0,0.4121419532439654,0.0,0.4121419532439654,-2.879912020664621e-20,0.0004500000000000005,1,1e-05
46,0.00046,NLR,1.0,0.02181374999054242,0.04450976601219736,0.0007380400056717917,3.2139942049980164e-06,0.0020346562104629168,0.0006351641463458815,nan,nan,,0.0,nan,nan,nan,nan,0,,1.8446578651441798e-05,4.0766001685454967e-17,0.00033314486978949396,0.014359082638607523,-0.0001226443885179371,0.21864659064529335,0,0.0,0.4190073935719667,0.0,0.4190073935719667,7.962109704190423e-20,0.00046000000000000056,1,1e-05
47,0.00047000000000000004,NLR,1.0,0.015206872005364858,0.048971927011734806,0.0003245130064897239,2.011001924984157e-06,0.002016537051633952,0.0006262310881784055,nan,nan,,0.0,nan,nan,nan,nan,0,,1.844766467984755e-05,3.9898639947466563e-17,0.00033315194567052177,0.014359314543622492,-0.00012265189985115918,0.21865011839029402,0,0.0,0.4257437112538501,0.0,0.4257437112538501,7.962109704190423e-20,0.00047000000000000064,1,1e-05
48,0.00048000000000000007,NLR,1.0,0.020925703007378615,0.04573994901147671,0.0003202599909855053,1.7079873941838741e-06,0.0019984427318505207,0.0006177964405656454,nan,nan,,0.0,nan,nan,nan,nan,0,,1.8448741438107755e-05,3.9654694458657325e-17,0.0003331589687106767,0.014359544736953778,-0.00012265932182354983,0.21865362008466915,0,0.0,0.4323516618307641,0.0,0.4323516618307641,-2.879912020664621e-20,0.0004800000000000006,1,1e-05
49,0.0004900000000000001,NLR,1.0,0.01704206100839656,0.05030107298807707,0.0003332560008857399,1.577995135448873e-06,0.0019803985657384135,0.000609853294302581,nan,nan,,0.0,nan,nan,nan,nan,0,,1.8449809017586947e-05,3.9898639947466563e-17,0.0003331659394206646,0.014359773236195306,-0.00012266665545548091,0.21865709599616973,0,0.0,0.4388321949778565,0.0,0.4388321949778565,2.541098841762901e-20,0.0004900000000000006,1,1e-05
50,0.0005,NLR,1.0,0.018564075988251716,0.04628050200699363,0.0006158030009828508,4.711007932201028e-06,0.0019624260880886945,0.0006023909522163227,nan,nan,,0.0,nan,nan,nan,nan,0,,1.8450867512681212e-05,3.946495907847236e-17,0.0003331728583253211,0.014360000059309375,-0.0001226739015905909,0.21866054639814675,0,0.0,0.44518643991317536,0.0,0.44518643991317536,1.3383120566617945e-19,0.0005000000000000008,1,1e-05
51,0.00051,NLR,1.0,0.017049967995262705,0.04754667000088375,0.00032961199758574367,1.920998329296708e-06,0.0019445432041720178,0.000595395426127646,nan,nan,,0.0,nan,nan,nan,nan,0,,1.845191701897169e-05,3.924811864397526e-17,0.0003331797259529982,0.014360225224287593,-0.00012268106116537688,0.21866397156439843,0,0.0,0.4514156905328058,0.0,0.4514156905328058,-8.300922883092143e-20,0.0005100000000000007,1,1e-05
52,0.0005200000000000001,NLR,1.0,0.020739929997944273,0.04754729100386612,0.00033807099680416286,2.291999408043921e-06,0.0019267643809156387,0.0005888499540494744,nan,nan,,0.0,nan,nan,nan,nan,0,,1.845295763164524e-05,3.9898639947466563e-17,0.00033318654282579285,0.01436044874883935,-0.0001226881350344843,0.21866737176445736,0,0.0,0.45752139046769236,0.0,0.45752139046769236,2.541098841762901e-20,0.0005200000000000007,1,1e-05
53,0.0005300000000000001,NLR,1.0,0.016849214007379487,0.04362595699785743,0.0005056030058767647,2.4670007405802608e-06,0.001909100872612757,0.0005827355226156892,nan,nan,,0.0,nan,nan,nan,nan,0,,1.8453989443913847e-05,3.903127820947816e-17,0.00033319330945080924,0.014360670650116258,-0.00012269512412572386,0.21867074725936891,0,0.0,0.4635051182378776,0.0,0.4635051182378776,2.541098841762901e-20,0.0005300000000000007,1,1e-05
54,0.00054,NLR,1.0,0.017000924999592826,0.049178122004377656,0.0003282670077169314,2.0899897208437324e-06,0.0018915609728193858,0.000577031380826319,nan,nan,,0.0,nan,nan,nan,nan,0,,1.8455012545790614e-05,3.870601755773251e-17,0.0003332000263123793,0.014360890944465687,-0.00012270202959101335,0.21867409829796416,0,0.0,0.4693685726587905,0.0,0.4693685726587905,1.3383120566617945e-19,0.0005400000000000009,1,1e-05
55,0.00055,NLR,1.0,0.01602054499380756,0.04533561000425834,0.0003269260050728917,1.972002792172134e-06,0.0018741502845017277,0.0005717155330099451,nan,nan,,0.0,nan,nan,nan,nan,0,,1.845602702301002e-05,4.0332320816460765e-17,0.00033320669386529466,0.014361109647219594,-0.0001227088521528004,0.21867742511361496,0,0.0,0.4751135586325286,0.0,0.4751135586325286,-8.300922883092143e-20,0.0005500000000000008,1,1e-05
56,0.0005600000000000001,NLR,1.0,0.014811968998401426,0.04909211499034427,0.0005809979920741171,5.125999450683594e-06,0.0018568720042094484,0.0005667652012881174,nan,nan,,0.0,nan,nan,nan,nan,0,,1.8457032955811348e-05,4.163336342344337e-17,0.00033321331252907636,0.014361326772514893,-0.00012271559273664264,0.21868072792152787,0,0.0,0.4807419734354798,0.0,0.4807419734354798,1.3383120566617945e-19,0.0005600000000000009,1,1e-05
57,0.0005700000000000001,NLR,1.0,0.015416057998663746,0.05022612398897763,0.00033020100090652704,2.2329913917928934e-06,0.0018397272107966009,0.0005621572494334252,nan,nan,,0.0,nan,nan,nan,nan,0,,1.8458030418350295e-05,3.867891250342037e-17,0.0003332198826832275,0.014361542333147348,-0.00012272225218357743,0.21868400691650308,0,0.0,0.48625579359269416,0.0,0.48625579359269416,-8.300922883092143e-20,0.0005700000000000008,1,1e-05
58,0.00058,NLR,1.0,0.014917135005816817,0.050471014008508064,0.0008707319939276204,2.9779912438243628e-06,0.0018227151559896482,0.0005578685629119695,nan,nan,,0.0,nan,nan,nan,nan,0,,1.8459019477913877e-05,3.881443777498106e-17,0.00033322640466346235,0.014361756340456333,-0.0001227288313383867,0.218687262271184,0,0.0,0.49165706240958656,0.0,0.49165706240958656,2.541098841762901e-20,0.0005800000000000009,1,1e-05
59,0.00059,NLR,1.0,0.015096321003511548,0.04623373199137859,0.00036225801159162074,2.35099287237972e-06,0.001805833550760904,0.0005538763815815411,nan,nan,,0.0,nan,nan,nan,nan,0,,1.8460000194410077e-05,3.903127820947816e-17,0.0003332328787588549,0.014361968804238234,-0.00012273533088556698,0.21869049413475672,0,0.0,0.4969478782131703,0.0,0.4969478782131703,1.3383120566617945e-19,0.000590000000000001,1,1e-05
60,0.0006000000000000001,NLR,1.0,0.01502884399087634,0.05552377400454134,0.00032465301046613604,3.077002475038171e-06,0.0017890788444489048,0.0005501585839472593,nan,nan,,0.0,nan,nan,nan,nan,0,,1.8460972619992635e-05,3.7730235602495554e-17,0.00033323930520990714,0.01436217973269227,-0.00012274175161445085,0.21869370263209548,0,0.0,0.5021303833383118,0.0,0.5021303833383118,2.541098841762901e-20,0.000600000000000001,1,1e-05
61,0.0006100000000000001,NLR,1.0,0.014116926002316177,0.0478755119984271,0.0012421159917721525,4.38700953964144e-06,0.0017724464922854405,0.0005466939227725042,nan,nan,,0.0,nan,nan,nan,nan,0,,1.846193679894917e-05,3.968179951296946e-17,0.0003332456842074096,0.014362389132388298,-0.00012274809397784102,0.21869688786329594,0,0.0,0.5072067538795982,0.0,0.5072067538795982,2.541098841762901e-20,0.0006100000000000011,1,1e-05
62,0.00062,NLR,1.0,0.014490829998976551,0.04828906399779953,0.00032211899815592915,2.3600005079060793e-06,0.0017559312105273853,0.0005434622142240316,nan,nan,,0.0,nan,nan,nan,nan,0,,1.8462892767404458e-05,4.163336342344337e-17,0.00033325201589214787,0.014362597008264144,-0.00012275435869565574,0.21870004990361822,0,0.0,0.5121791902163779,0.0,0.5121791902163779,2.541098841762901e-20,0.0006200000000000011,1,1e-05
63,0.00063,NLR,1.0,0.014964892994612455,0.04271226399578154,0.0003249540022807196,2.240994945168495e-06,0.001739527214819925,0.0005404444826023218,nan,nan,,0.0,nan,nan,nan,nan,0,,1.846384055340398e-05,4.163336342344337e-17,0.0003332583003552266,0.014362803363641374,-0.00012276054620212975,0.21870318880374487,0,0.0,0.5170499083073554,0.0,0.5170499083073554,-8.300922883092143e-20,0.000630000000000001,1,1e-05
64,0.00064,NLR,1.0,0.021078549994854257,0.05801363900536671,0.00036903000727761537,2.172993845306337e-06,0.0017232284428850616,0.0005376230646771279,nan,nan,,0.0,nan,nan,nan,nan,0,,1.84647801771675e-05,3.8163916471489756e-17,0.00033326453763918393,0.014363008200267036,-0.0001227666570192471,0.21870630459038368,0,0.0,0.5218211317417369,0.0,0.5218211317417369,2.541098841762901e-20,0.000640000000000001,1,1e-05
65,0.0006500000000000001,NLR,1.0,0.01742546699824743,0.0497093930025585,0.0005780959909316152,2.2000021999701858e-06,0.001707028758255326,0.000534981676866547,nan,nan,,0.0,nan,nan,nan,nan,0,,1.8465722428742215e-05,4.0332320816460765e-17,0.00033327072773955193,0.014363211518368058,-0.00012277269142754225,0.218709397267139,0,0.0,0.5264950845262293,0.0,0.5264950845262293,2.541098841762901e-20,0.0006500000000000011,1,1e-05
66,0.0006600000000000001,NLR,1.0,0.015830852993531153,0.0505806409928482,0.0003435279941186309,2.048996975645423e-06,0.0016909221363891483,0.0005325054498952828,nan,nan,,0.0,nan,nan,nan,nan,0,,1.846665706003828e-05,3.903127820947816e-17,0.00033327687060712055,0.0143634133167303,-0.00012277864988263613,0.21871246681566076,0,0.0,0.5310739845810607,0.0,0.5310739845810607,2.541098841762901e-20,0.0006600000000000011,1,1e-05
67,0.00067,NLR,1.0,0.020353900996269658,0.04842787500820123,0.0004261620051693171,2.340995706617832e-06,0.0016749028307073777,0.0005301809345109805,nan,nan,,0.0,nan,nan,nan,nan,0,,1.846758381211068e-05,3.9898639947466563e-17,0.000333282966150484,0.014363613592782931,-0.00012278453250984722,0.21871551319699564,0,0.0,0.5355600379134761,0.0,0.5355600379134761,2.541098841762901e-20,0.0006700000000000011,1,1e-05
68,0.00068,NLR,1.0,0.018219945995952003,0.044098961996496655,0.00041891900764312595,2.692002453841269e-06,0.0016589655209225888,0.0005279960827890035,nan,nan,,0.0,nan,nan,nan,nan,0,,1.8468502671708674e-05,3.8163916471489756e-17,0.00033328901423921534,0.014363812342706561,-0.00012279033956607725,0.21871853635315983,0,0.0,0.5399554334337007,0.0,0.5399554334337007,-8.300922883092143e-20,0.000680000000000001,1,1e-05
69,0.0006900000000000001,NLR,1.0,0.026923255994915962,0.0465946860058466,0.0003333280037622899,2.115004463121295e-06,0.0016431054413217796,0.0005259402083333251,nan,nan,,0.0,nan,nan,nan,nan,0,,1.8469413619655357e-05,3.859759734048396e-17,0.0003332950147072377,0.014364009561544266,-0.000122796071322751,0.21872153620887103,0,0.0,0.544262338376014,0.0,0.544262338376014,1.3383120566617945e-19,0.0006900000000000012,1,1e-05
70,0.0007000000000000001,NLR,1.0,0.017416865011909977,0.04577684799733106,0.0007667649915674701,2.282002242282033e-06,0.0016273184909226374,0.0005240039291854315,nan,nan,,0.0,nan,nan,nan,nan,0,,1.847031663154072e-05,3.940397270627005e-17,0.0003333009673565404,0.014364205243324157,-0.00012280172785521628,0.2187245126734108,0,0.0,0.5484828942861721,0.0,0.5484828942861721,-1.9142944607947188e-19,0.000700000000000001,1,1e-05
71,0.00071,NLR,1.0,0.018049057995085604,0.048763033002614975,0.0003383269940968603,2.191998646594584e-06,0.0016116013254479724,0.0005221790965947992,nan,nan,,0.0,nan,nan,nan,nan,0,,1.8471211678149e-05,3.8163916471489756e-17,0.0003333068719611938,0.014364399381191717,-0.00012280730919737062,0.21872746564262002,0,0.0,0.5526192135358169,0.0,0.5526192135358169,2.422514229147299e-19,0.0007100000000000012,1,1e-05
72,0.00072,NLR,1.0,0.022777830992708914,0.04794708099507261,0.0003304679994471371,2.096989192068577e-06,0.0015959514312952681,0.0005204587124395274,nan,nan,,0.0,nan,nan,nan,nan,0,,1.8472098726262434e-05,4.163336342344337e-17,0.000333312728271475,0.014364591967544138,-0.000122812815325742,0.21873039500097274,0,0.0,0.5566733763245809,0.0,0.5566733763245809,2.541098841762901e-20,0.0007200000000000012,1,1e-05
73,0.0007300000000000001,NLR,1.0,0.01902001100825146,0.0498585430032108,0.00035308000224176794,1.7120037227869034e-06,0.0015803671824496427,0.0005188368379873417,nan,nan,,0.0,nan,nan,nan,nan,0,,1.8472977739171122e-05,4.163336342344337e-17,0.0003333185360182589,0.01436478299417443,-0.00012281824632587272,0.2187333006237233,0,0.0,0.5606474281312097,0.0,0.5606474281312097,-8.300922883092143e-20,0.0007300000000000012,1,1e-05
74,0.0007400000000000001,NLR,1.0,0.019152047010720707,0.04733834600483533,0.0003221020015189424,2.3369939299300313e-06,0.0015648478803447683,0.0005173084961275973,nan,nan,,0.0,nan,nan,nan,nan,0,,1.8473848677588814e-05,3.8163916471489756e-17,0.0003333242949173703,0.014364972452412195,-0.00012282360214589522,0.21873618237908057,0,0.0,0.5645433775760708,0.0,0.5645433775760708,1.3383120566617945e-19,0.0007400000000000013,1,1e-05
75,0.00075,NLR,1.0,0.020437643004697748,0.048197019001236185,0.00044594999053515494,2.52100289799273e-06,0.001549393778270635,0.0005158695693468195,nan,nan,,0.0,nan,nan,nan,nan,0,,1.847471150013112e-05,4.0766001685454967e-17,0.0003333300046740642,0.014365160333267513,-0.00012282888276271943,0.21873904013041132,0,0.0,0.5683631946587973,0.0,0.5683631946587973,2.541098841762901e-20,0.0007500000000000013,1,1e-05
76,0.00076,NLR,1.0,0.017914853990077972,0.042623931003618054,0.0003980210021836683,3.08601011056453e-06,0.0015340060901062635,0.0005145166950032249,nan,nan,,0.0,nan,nan,nan,nan,0,,1.8475566164217005e-05,3.8163916471489756e-17,0.00033333566498751767,0.014365346627578157,-0.00012283408809319831,0.21874187373843418,0,0.0,0.572108809336448,0.0,0.572108809336448,2.541098841762901e-20,0.0007600000000000013,1,1e-05
77,0.0007700000000000001,NLR,1.0,0.01601160400605295,0.04780515200400259,0.0008476739894831553,3.982000635005534e-06,0.0015186869848270975,0.0005132471597626186,nan,nan,,0.0,nan,nan,nan,nan,0,,1.8476412626544655e-05,3.9898639947466563e-17,0.0003333412755552595,0.01436553132615015,-0.00012283921825708384,0.21874468306339584,0,0.0,0.5757821104093679,0.0,0.5757821104093679,-8.300922883092143e-20,0.0007700000000000013,1,1e-05
78,0.0007800000000000001,NLR,1.0,0.019724174999282695,0.04124558200419415,0.0003228190034860745,3.1759991543367505e-06,0.0015034395666006224,0.0005120587943512338,nan,nan,,0.0,nan,nan,nan,nan,0,,1.8477250844038313e-05,3.9898639947466563e-17,0.00033334683607750507,0.014365714419897868,-0.00012284427292768955,0.21874746796718006,0,0.0,0.5793849446838532,0.0,0.5793849446838532,-8.300922883092143e-20,0.0007800000000000012,1,1e-05
79,0.00079,NLR,1.0,0.02311357099097222,0.05021277799096424,0.0003148629912175238,2.464992576278746e-06,0.0014882678434768367,0.0005109498704796859,nan,nan,,0.0,nan,nan,nan,nan,0,,1.8478080774392978e-05,3.9898639947466563e-17,0.00033335234626143747,0.014365895899980607,-0.00012284925212131424,0.21875022831539254,0,0.0,0.5829191163827071,0.0,0.5829191163827071,2.422514229147299e-19,0.0007900000000000014,1,1e-05
80,0.0008,NLR,1.0,0.017217884000274353,0.04543465100869071,0.0003178059996571392,3.583001671358943e-06,0.0014731766826133013,0.000509919000483345,nan,nan,,0.0,nan,nan,nan,nan,0,,1.847890237667885e-05,4.163336342344337e-17,0.0003333578058252281,0.014366075757929808,-0.00012285415578413848,0.21875296397933133,0,0.0,0.5863863867767709,0.0,0.5863863867767709,2.541098841762901e-20,0.0008000000000000014,1,1e-05
81,0.0008100000000000001,NLR,1.0,0.020270571010769345,0.05026981599803548,0.00037168400012888014,2.7240021154284477e-06,0.0014581717555990565,0.0005089650414118301,nan,nan,,0.0,nan,nan,nan,nan,0,,1.847971561203865e-05,3.8163916471489756e-17,0.0003333632145020292,0.014366253985777844,-0.00012285898381440908,0.21875567483787237,0,0.0,0.5897884740125,0.0,0.5897884740125,2.541098841762901e-20,0.0008100000000000015,1,1e-05
82,0.0008200000000000001,NLR,1.0,0.018998140993062407,0.046848386991769075,0.0003656979970401153,2.658998710103333e-06,0.0014432594740589565,0.0005080870042549831,nan,nan,,0.0,nan,nan,nan,nan,0,,1.848052044431148e-05,3.9898639947466563e-17,0.0003333685720436032,0.014366430576171263,-0.00012286373632427607,0.21875836077925292,0,0.0,0.5931270531126002,0.0,0.5931270531126002,2.541098841762901e-20,0.0008200000000000015,1,1e-05
83,0.0008300000000000001,NLR,1.0,0.016521226993063465,0.04798466499778442,0.00033379900560248643,2.906002919189632e-06,0.001428446915958113,0.0005072839692995946,nan,nan,,0.0,nan,nan,nan,nan,0,,1.8481316840542495e-05,4.119968255444917e-17,0.0003333738782237252,0.01436660552247826,-0.00012286841311722155,0.21876102170270295,0,0.0,0.5964037561286184,0.0,0.5964037561286184,2.541098841762901e-20,0.0008300000000000015,1,1e-05
84,0.00084,NLR,1.0,0.014687066999613307,0.0417309290060075,0.0003358899994054809,2.963002771139145e-06,0.0014137417458837676,0.0005065550086182205,nan,nan,,0.0,nan,nan,nan,nan,0,,1.8482104771525213e-05,3.8163916471489756e-17,0.00033337913284146956,0.014366778818893033,-0.00012287301427606033,0.21876365751998006,0,0.0,0.5996201724261864,0.0,0.5996201724261864,2.541098841762901e-20,0.0008400000000000016,1,1e-05
85,0.0008500000000000001,NLR,1.0,0.017862612003227696,0.0453447779873386,0.0003315939975436777,2.7610076358541846e-06,0.0013991521281416348,0.0005058991161632258,nan,nan,,0.0,nan,nan,nan,nan,0,,1.8482884212199346e-05,4.163336342344337e-17,0.00033338433572395075,0.0143669504605195,-0.0001228775398778509,0.21876626815672465,0,0.0,0.602777849085331,0.0,0.602777849085331,2.541098841762901e-20,0.0008500000000000016,1,1e-05
86,0.0008600000000000001,NLR,1.0,0.01773746700200718,0.04563921000226401,0.0007409820100292563,3.28800524584949e-06,0.0013846844579969535,0.0005053140595607209,nan,nan,,0.0,nan,nan,nan,nan,0,,1.8483655139092518e-05,3.8163916471489756e-17,0.0003333894867093936,0.01436712044282773,-0.00012288198991519266,0.21876885354411474,0,0.0,0.6058782913998844,0.0,0.6058782913998844,1.3383120566617945e-19,0.0008600000000000017,1,1e-05
87,0.0008700000000000001,NLR,1.0,0.015215886000078171,0.05346685399126727,0.0004565639974316582,3.3389951568096876e-06,0.0013703470381159412,0.0005047981924699963,nan,nan,,0.0,nan,nan,nan,nan,0,,1.8484417532800975e-05,4.163336342344337e-17,0.00033339458566324304,0.014367288762167085,-0.0001228863644168321,0.2187714136267193,0,0.0,0.6089229634615438,0.0,0.6089229634615438,-8.300922883092143e-20,0.0008700000000000016,1,1e-05
88,0.00088,NLR,1.0,0.015890541995759122,0.0459187129890779,0.00035504599509295076,3.0460068956017494e-06,0.001356151336604979,0.0005043511038325069,nan,nan,,0.0,nan,nan,nan,nan,0,,1.848517138255013e-05,3.9898639947466563e-17,0.0003333996325067451,0.014367455416679276,-0.00012289066378596883,0.2187739483763838,0,0.0,0.6119132888155536,0.0,0.6119132888155536,1.3383120566617945e-19,0.0008800000000000018,1,1e-05
89,0.0008900000000000001,NLR,1.0,0.01491816301131621,0.04418144001101609,0.00033040199195966125,3.0480005079880357e-06,0.0013421065847933791,0.0005039709407210618,nan,nan,,0.0,nan,nan,nan,nan,0,,1.8485916683259414e-05,3.946495907847236e-17,0.0003334046271974294,0.014367620405669967,-0.000122894887844427,0.2187764577826443,0,0.0,0.6148506511762931,0.0,0.6148506511762931,-8.300922883092143e-20,0.0008900000000000017,1,1e-05
90,0.0009000000000000001,NLR,1.0,0.01613680699665565,0.04972617799649015,0.0004422810015967116,3.130000550299883e-06,0.0013282220449332338,0.0005036555553498539,nan,nan,,0.0,nan,nan,nan,nan,0,,1.8486653435610195e-05,4.0549161250957866e-17,0.00033340956973039584,0.014367783729646755,-0.00012289903704992966,0.2187789418533305,0,0.0,0.6177363951922753,0.0,0.6177363951922753,2.541098841762901e-20,0.0009000000000000017,1,1e-05
91,0.0009100000000000001,NLR,1.0,0.016036581990192644,0.04734901900519617,0.00037096699816174805,2.5699991965666413e-06,0.001314506916247572,0.0005034024890042127,nan,nan,,0.0,nan,nan,nan,nan,0,,1.8487381646283167e-05,3.9898639947466563e-17,0.00033341446013920574,0.014367945390344028,-0.00012290311163905786,0.21878140061493995,0,0.0,0.6205718272511808,0.0,0.6205718272511808,2.541098841762901e-20,0.0009100000000000017,1,1e-05
92,0.00092,NLR,1.0,0.01673172600567341,0.04734431000542827,0.00033629000245127827,2.9840011848136783e-06,0.0013009702463563529,0.0005032089650649067,nan,nan,,0.0,nan,nan,nan,nan,0,,1.8488101328046512e-05,3.8163916471489756e-17,0.00033341929849647596,0.01436810539073985,-0.00012290711177331915,0.21878383411288288,0,0.0,0.623358216316579,0.0,0.623358216316579,2.541098841762901e-20,0.0009200000000000018,1,1e-05
93,0.00093,NLR,1.0,0.01976280999951996,0.04390456300461665,0.0018606170051498339,3.1030067475512624e-06,0.0012876208469818078,0.0005030718902413055,nan,nan,,0.0,nan,nan,nan,nan,0,,1.8488812499862678e-05,3.8163916471489756e-17,0.0003334240849141814,0.014368263735061726,-0.00012291103804819913,0.2187862424115883,0,0.0,0.6260967947889315,0.0,0.6260967947889315,2.541098841762901e-20,0.0009300000000000018,1,1e-05
94,0.0009400000000000001,NLR,1.0,0.016215850002481602,0.04647552699316293,0.0003602659999160096,3.335007932037115e-06,0.0012744672144642298,0.0005029878633024305,nan,nan,,0.0,nan,nan,nan,nan,0,,1.84895151868633e-05,3.8163916471489756e-17,0.0003334288195435944,0.014368420428782391,-0.00012291489077003435,0.218788625594421,0,0.0,0.6287887593843274,0.0,0.6287887593843274,2.541098841762901e-20,0.0009400000000000018,1,1e-05
95,0.0009500000000000001,NLR,1.0,0.017000027000904083,0.050051822006935254,0.00032368699612561613,3.1790114007890224e-06,0.0012615174580815865,0.0005029531909008368,nan,nan,,0.0,nan,nan,nan,nan,0,,1.8490209420395753e-05,3.881443777498106e-17,0.0003334335025749664,0.014368575478605816,-0.0001229186703307195,0.21879098376349446,0,0.0,0.6314352720251801,0.0,0.6314352720251801,1.3383120566617945e-19,0.000950000000000002,1,1e-05
96,0.0009600000000000001,NLR,1.0,0.021723066005506553,0.04544883099151775,0.0003156500024488196,2.0750012481585145e-06,0.0012487792348218711,0.000502963909278852,nan,nan,,0.0,nan,nan,nan,nan,0,,1.849089523777677e-05,3.8163916471489756e-17,0.0003334381342369992,0.014368728892448779,-0.0001229223773639442,0.21879331703935118,0,0.0,0.6340374607378227,0.0,0.6340374607378227,-8.300922883092143e-20,0.0009600000000000019,1,1e-05
97,0.00097,NLR,1.0,0.018577644994365983,0.04895273999136407,0.000420153999584727,2.258006134070456e-06,0.0012362596916867471,0.0005030158110329664,nan,nan,,0.0,nan,nan,nan,nan,0,,1.849157268248754e-05,3.946495907847236e-17,0.00033344271479593136,0.014368880679408225,-0.00012292601231654013,0.21879562556050305,0,0.0,0.6365964205525767,0.0,0.6365964205525767,2.541098841762901e-20,0.0009700000000000019,1,1e-05
98,0.0009800000000000002,NLR,1.0,0.01660296400950756,0.04918065099627711,0.00039242400089278817,2.221000613644719e-06,0.0012239654167597316,0.0005031044761139562,nan,nan,,0.0,nan,nan,nan,nan,0,,1.849224180367031e-05,3.9898639947466563e-17,0.00033344724455453136,0.014369030849726183,-0.00012292957583179008,0.21879790948289216,0,0.0,0.639113214402443,0.0,0.639113214402443,2.422514229147299e-19,0.0009800000000000021,1,1e-05
99,0.00099,NLR,1.0,0.01461449199996423,0.048660857006325386,0.0003483220061752945,1.7510028555989265e-06,0.0012119023976757356,0.0005032253058045731,nan,nan,,0.0,nan,nan,nan,nan,0,,1.8492902656263092e-05,4.1362312880321994e-17,0.000333451723850842,0.01436917941474869,-0.00012293306853965253,0.2188001689792369,0,0.0,0.6415888740170855,0.0,0.6415888740170855,2.541098841762901e-20,0.0009900000000000022,1,1e-05
100,0.001,NLR,1.0,0.018188726011430845,0.048120077000930905,0.0020322510099504143,0.4703416389966151,0.0012000759888563244,0.0005033735588916443,nan,nan,,0.0,nan,nan,nan,nan,0,,1.8493555300539513e-05,3.9898639947466563e-17,0.0003334561530567106,0.014369326386875825,-0.00012293649108104817,0.21880240423830308,0,0.0,0.6440244008092398,0.0,0.6440244008092398,2.541098841762901e-20,0.0010000000000000022,1,1e-05
101,0.00101,NLR,1.0,0.017177292000269517,0.0614851179998368,0.0003891380038112402,2.8609938453882933e-06,0.001188490886492055,0.0005035443890361872,nan,nan,,0.0,nan,nan,nan,nan,0,,1.8494199802001607e-05,3.9898639947466563e-17,0.00033346053257623165,0.014369471779510201,-0.00012293984420999447,0.2188046154641051,0,0.0,0.646420766751096,0.0,0.646420766751096,2.541098841762901e-20,0.0010100000000000022,1,1e-05
102,0.00102,NLR,1.0,0.020023542005219497,0.06144638299883809,0.0003130770055577159,1.9099970813840628e-06,0.0011771511114090983,0.0005037328824373041,nan,nan,,0.0,nan,nan,nan,nan,0,,1.8494836231175237e-05,3.8163916471489756e-17,0.000333464862844003,0.014369615606999675,-0.0001229431288186746,0.21880680287504564,0,0.0,0.6487789152385776,0.0,0.6487789152385776,2.541098841762901e-20,0.0010200000000000022,1,1e-05
103,0.00103,NLR,1.0,0.019202000999939628,0.056874571993830614,0.00033103200257755816,2.2519961930811405e-06,0.0011660599988987748,0.0005039340949491986,nan,nan,,0.0,nan,nan,nan,nan,0,,1.8495464663214246e-05,3.9898639947466563e-17,0.00033346914432328946,0.014369757884577172,-0.00012294634545570937,0.21880896670299296,0,0.0,0.6510997619417691,0.0,0.6510997619417691,2.541098841762901e-20,0.0010300000000000023,1,1e-05
104,0.0010400000000000001,NLR,1.0,0.017560549997142516,0.061581044996273704,0.00032279599690809846,1.92900188267231e-06,0.0011552201963682962,0.0005041430882045288,nan,nan,,0.0,nan,nan,nan,nan,0,,1.8496085177598604e-05,3.859759734048396e-17,0.0003334733775041612,0.01436989862830007,-0.0001229494950673797,0.2188111071923555,0,0.0,0.6533841956400409,0.0,0.6533841956400409,2.541098841762901e-20,0.0010400000000000023,1,1e-05
105,0.0010500000000000002,NLR,1.0,0.018051681996439584,0.056166063994169235,0.0003147630050079897,1.972992322407663e-06,0.0011446336660780889,0.000504354963704672,nan,nan,,0.0,nan,nan,nan,nan,0,,1.84966978579229e-05,4.0766001685454967e-17,0.00033347756290148816,0.014370037854985585,-0.00012295257862527114,0.2188132245990977,0,0.0,0.6556330790406774,0.0,0.6556330790406774,2.541098841762901e-20,0.0010500000000000023,1,1e-05
106,0.0010600000000000002,NLR,1.0,0.01712209900142625,0.06044441999983974,0.00034420398878864944,2.119006239809096e-06,0.0011343016940488742,0.0005045648948014699,nan,nan,,0.0,nan,nan,nan,nan,0,,1.84973027916015e-05,3.903127820947816e-17,0.00033348170105290665,0.01437017558214393,-0.0001229555968885552,0.2188153191897408,0,0.0,0.6578472495800511,0.0,0.6578472495800511,2.422514229147299e-19,0.0010600000000000026,1,1e-05
107,0.00107,NLR,1.0,0.01659019899670966,0.0578913079953054,0.00033008000173140317,1.9610015442594886e-06,0.0011242249044760724,0.0005047681560111815,nan,nan,,0.0,nan,nan,nan,nan,0,,1.849790006938286e-05,3.8163916471489756e-17,0.00033348579251682605,0.01437031182791526,-0.00012295855089704058,0.21881739124037755,0,0.0,0.6600275202065866,0.0,0.6600275202065866,-1.9142944607947188e-19,0.0010700000000000024,1,1e-05
108,0.00108,NLR,1.0,0.017503581999335438,0.060779638995882124,0.0003288890002295375,1.99199712369591e-06,0.001114403277433483,0.0005049601493400264,nan,nan,,0.0,nan,nan,nan,nan,0,,1.849848978521954e-05,3.903127820947816e-17,0.00033348983787033086,0.01437044661100173,-0.00012296144142998443,0.21881944103565182,0,0.0,0.6621746801449359,0.0,0.6621746801449359,2.541098841762901e-20,0.0010800000000000024,1,1e-05
109,0.00109,NLR,1.0,0.01929795699834358,0.06456241899286397,0.0003790769987972453,1.954002073034644e-06,0.0011048361713234091,0.000505136427642496,nan,nan,,0.0,nan,nan,nan,nan,0,,1.8499072035855823e-05,4.0657581468206416e-17,0.00033349383770717324,0.014370579950603313,-0.00012296426952665635,0.21882146886777917,0,0.0,0.6642894956409486,0.0,0.6642894956409486,2.541098841762901e-20,0.0010900000000000024,1,1e-05
110,0.0011,NLR,1.0,0.019072167997364886,0.06160531600471586,0.000353473995346576,1.944994437508285e-06,0.0010955223476852127,0.0005052927147192832,nan,nan,,0.0,nan,nan,nan,nan,0,,1.8499646920453517e-05,3.8163916471489756e-17,0.00033349779263569014,0.014370711866350527,-0.000122967036255875,0.21882347503555133,0,0.0,0.6663727106871558,0.0,0.6663727106871558,2.541098841762901e-20,0.0011000000000000025,1,1e-05
111,0.00111,NLR,1.0,0.01767649500106927,0.06439906900050119,0.0003346430021338165,1.9059953046962619e-06,0.0010864599986208292,0.0005054249223223571,nan,nan,,0.0,nan,nan,nan,nan,0,,1.850021454047566e-05,4.163336342344337e-17,0.00033350170327686376,0.01437084237824382,-0.00012296974254119656,0.21882545984336155,0,0.0,0.668425047728604,0.0,0.668425047728604,2.541098841762901e-20,0.0011100000000000025,1,1e-05
112,0.0011200000000000001,NLR,1.0,0.016571558007854037,0.05428435100475326,0.0003040349984075874,1.7059937817975879e-06,0.0010776467765344086,0.0005055291641306368,nan,nan,,0.0,nan,nan,nan,nan,0,,1.8500774999072427e-05,3.9898639947466563e-17,0.0003335055702623346,0.014370971506590058,-0.00012297238939033218,0.2188274236002613,0,0.0,0.6704472083489867,0.0,0.6704472083489867,2.541098841762901e-20,0.0011200000000000025,1,1e-05
113,0.0011300000000000001,NLR,1.0,0.016986935006571002,0.05806460299936589,0.0006081530009396374,2.972999936901033e-06,0.0010690798249875537,0.000505601766791366,nan,nan,,0.0,nan,nan,nan,nan,0,,1.8501328401041442e-05,3.9898639947466563e-17,0.0003335093942324484,0.014371099271939691,-0.0001229749779203862,0.21882936661903513,0,0.0,0.6724398739371025,0.0,0.6724398739371025,2.541098841762901e-20,0.0011300000000000025,1,1e-05
114,0.0011400000000000002,NLR,1.0,0.018938903987873346,0.054769497000961564,0.0002970929926959798,2.0470033632591367e-06,0.0010607558104929352,0.0005056392781701668,nan,nan,,0.0,nan,nan,nan,nan,0,,1.8501874852412994e-05,3.8163916471489756e-17,0.00033351317583446165,0.014371225695031464,-0.00012297750908153823,0.21883128921529463,0,0.0,0.6744037063337533,0.0,0.6744037063337533,2.541098841762901e-20,0.0011400000000000026,1,1e-05
115,0.0011500000000000002,NLR,1.0,0.015061029000207782,0.052226796993636526,0.0003086039941990748,1.9889994291588664e-06,0.0010526709555249265,0.0005056384732555274,nan,nan,,0.0,nan,nan,nan,nan,0,,1.8502414460173138e-05,3.859759734048396e-17,0.00033351691572064743,0.014371350796730464,-0.0001229799840269653,0.21883319170661877,0,0.0,0.6763393484592587,0.0,0.6763393484592587,2.541098841762901e-20,0.0011500000000000026,1,1e-05
116,0.00116,NLR,1.0,0.01763312699040398,0.06341885699657723,0.0004188879975117743,2.2289896151050925e-06,0.0010448210710733681,0.0005055963576411219,nan,nan,,0.0,nan,nan,nan,nan,0,,1.8502947331963488e-05,3.8163916471489756e-17,0.00033352061454661056,0.014371474597977496,-0.00012298240361585414,0.2188350744117032,0,0.0,0.6782474249218184,0.0,0.6782474249218184,2.541098841762901e-20,0.0011600000000000026,1,1e-05
117,0.00117,NLR,1.0,0.016278390001389198,0.05240686400793493,0.00031092899735085666,1.987995347008109e-06,0.0010372015903521027,0.0005055101691978673,nan,nan,,0.0,nan,nan,nan,nan,0,,1.8503473575831235e-05,3.9898639947466563e-17,0.0003335242729696208,0.014371597119735124,-0.00012298476906820503,0.21883693764957435,0,0.0,0.6801285426070053,0.0,0.6801285426070053,2.541098841762901e-20,0.0011700000000000026,1,1e-05
118,0.00118,NLR,1.0,0.013322112994501367,0.060346088008373044,0.0007095589971868321,2.9090006137266755e-06,0.0010298076012962558,0.0005053773778591005,nan,nan,,0.0,nan,nan,nan,nan,0,,1.85039932999575e-05,3.903127820947816e-17,0.00033352789164691355,0.01437171838293394,-0.00012298708144996672,0.21883878173880558,0,0.0,0.6819832912487068,0.0,0.6819832912487068,2.541098841762901e-20,0.0011800000000000027,1,1e-05
119,0.00119,NLR,1.0,0.02049403899582103,0.05701563399634324,0.0003103609924437478,1.5039986465126276e-06,0.0010226338796376646,0.0005051956841033175,nan,nan,,0.0,nan,nan,nan,nan,0,,1.8504506612495445e-05,3.903127820947816e-17,0.00033353147123423607,0.014371838408428372,-0.00012298934170582867,0.21884060699678384,0,0.0,0.6838122439818689,0.0,0.6838122439818689,2.541098841762901e-20,0.0011900000000000027,1,1e-05
120,0.0012000000000000001,NLR,1.0,0.01595587399788201,0.058039572002599016,0.00030114200490061194,1.9610015442594886e-06,0.0010156749214557538,0.0005049630161930349,nan,nan,,0.0,nan,nan,nan,nan,0,,1.8505013621103353e-05,3.8163916471489756e-17,0.0003335350123843722,0.014371957216950282,-0.00012299155103139695,0.21884241373902502,0,0.0,0.6856159578774202,0.0,0.6856159578774202,2.541098841762901e-20,0.0012000000000000027,1,1e-05
121,0.0012100000000000001,NLR,1.0,0.016882969008293003,0.055156603004434146,0.00034333499206695706,1.925000105984509e-06,0.001008924974952759,0.0005046775264503982,nan,nan,,0.0,nan,nan,nan,nan,0,,1.8505514433106377e-05,3.8163916471489756e-17,0.0003335385157456957,0.014372074829062553,-0.0001229937104077627,0.21884420227849985,0,0.0,0.6873949744597778,0.0,0.6873949744597778,2.541098841762901e-20,0.0012100000000000027,1,1e-05
122,0.0012200000000000002,NLR,1.0,0.01570773900311906,0.05597225300152786,0.0004811329999938607,2.510001650080085e-06,0.0010023780722665484,0.000504337586866489,nan,nan,,0.0,nan,nan,nan,nan,0,,1.8506009154700952e-05,3.8163916471489756e-17,0.0003335419819609413,0.014372191265122902,-0.00012299582084630107,0.21884597292502303,0,0.0,0.6891498202073498,0.0,0.6891498202073498,2.541098841762901e-20,0.0012200000000000028,1,1e-05
123,0.0012300000000000002,NLR,1.0,0.02069497900083661,0.05862856398744043,0.0003398420085432008,1.919994247145951e-06,0.000996028060464979,0.0005039417842078546,nan,nan,,0.0,nan,nan,nan,nan,0,,1.8506497891435422e-05,3.9898639947466563e-17,0.0003335454116658936,0.014372306545241242,-0.00012299788343303724,0.218847725984673,0,0.0,0.6908810070364648,0.0,0.6908810070364648,2.541098841762901e-20,0.0012300000000000028,1,1e-05
124,0.00124,NLR,1.0,0.015133705994230695,0.06189835400437005,0.00031701699481345713,1.8800055840983987e-06,0.000989868632047184,0.0005034889147507042,nan,nan,,0.0,nan,nan,nan,nan,0,,1.8506980747477766e-05,4.0766001685454967e-17,0.00033354880548829284,0.014372420689246823,-0.00012299989919180518,0.21884946175924844,0,0.0,0.6925890327691643,0.0,0.6925890327691643,-1.9142944607947188e-19,0.0012400000000000026,1,1e-05
125,0.00125,NLR,1.0,0.019208829995477572,0.062247032998129725,0.00031655500060878694,1.8540013115853071e-06,0.0009838933550806305,0.000502977978913491,nan,nan,,0.0,nan,nan,nan,nan,0,,1.8507457825702253e-05,3.9898639947466563e-17,0.0003335521640467691,0.014372533716655811,-0.00012300186910304395,0.21885118054577157,0,0.0,0.6942743815853026,0.0,0.6942743815853026,2.422514229147299e-19,0.0012500000000000028,1,1e-05
126,0.00126,NLR,1.0,0.01842067501274869,0.06275660899700597,0.0002952960057882592,1.9129947759211063e-06,0.000978095702735714,0.0005024081758686737,nan,nan,,0.0,nan,nan,nan,nan,0,,1.8507929227451374e-05,3.924811864397526e-17,0.0003335554879498509,0.014372645646640203,-0.00012300379421049173,0.21885288263603522,0,0.0,0.6959375244593995,0.0,0.6959375244593995,2.541098841762901e-20,0.0012600000000000029,1,1e-05
127,0.00127,NLR,1.0,0.017143702003522776,0.061546520999399945,0.00034945500374305993,2.253000275231898e-06,0.0009724690823115474,0.0005017788981843227,nan,nan,,0.0,nan,nan,nan,nan,0,,1.8508395052458035e-05,4.163336342344337e-17,0.00033355877779508205,0.014372756498000516,-0.00012300567552665876,0.2188545683161889,0,0.0,0.6975789195826909,0.0,0.6975789195826909,2.541098841762901e-20,0.001270000000000003,1,1e-05
128,0.00128,NLR,1.0,0.01796874700812623,0.05401354499917943,0.0003848550113616511,2.75899947155267e-06,0.0009670068636959838,0.0005010897267360478,nan,nan,,0.0,nan,nan,nan,nan,0,,1.850885539856217e-05,3.9898639947466563e-17,0.0003335620341682459,0.014372866289143582,-0.00012300751397858358,0.2188562378663695,0,0.0,0.6991990127708251,0.0,0.6991990127708251,2.541098841762901e-20,0.001280000000000003,1,1e-05
129,0.0012900000000000001,NLR,1.0,0.015034907002700493,0.052023424999788404,0.0003133930003968999,2.3470056476071477e-06,0.0009617024075990124,0.0005003404258015549,nan,nan,,0.0,nan,nan,nan,nan,0,,1.8509310361771055e-05,3.854338723185968e-17,0.00033356525764262416,0.014372975038058566,-0.00012300931067365367,0.2188578915603896,0,0.0,0.7007982378576428,0.0,0.7007982378576428,2.541098841762901e-20,0.001290000000000003,1,1e-05
130,0.0013000000000000002,NLR,1.0,0.019684861006680876,0.052488526998786256,0.0006923500041011721,3.2090028980746865e-06,0.0009565490926171275,0.0004995309384379105,nan,nan,,0.0,nan,nan,nan,nan,0,,1.8509760036009858e-05,4.228388472693467e-17,0.00033356844877842514,0.014373082762301204,-0.00012301106630795814,0.218859529665444,0,0.0,0.7023770170754814,0.0,0.7023770170754814,-1.9142944607947188e-19,0.0013000000000000028,1,1e-05
131,0.0013100000000000002,NLR,1.0,0.018180501996539533,0.05036544999165926,0.0003026180056622252,1.9160070223733783e-06,0.0009515403427150419,0.000498661382269039,nan,nan,,0.0,nan,nan,nan,nan,0,,1.851020451309936e-05,3.8163916471489756e-17,0.00033357160812227526,0.014373189478978254,-0.00012301278199365267,0.2188611524419102,0,0.0,0.7039357614224312,0.0,0.7039357614224312,2.541098841762901e-20,0.0013100000000000028,1,1e-05
132,0.0013200000000000002,NLR,1.0,0.01780423300806433,0.05046132500865497,0.0003288909938419238,2.144995960406959e-06,0.0009466696529321266,0.0004977320454188199,nan,nan,,0.0,nan,nan,nan,nan,0,,1.8510643882780248e-05,3.903127820947816e-17,0.00033357473620681524,0.014373295204736847,-0.00012301445857974987,0.2188627601431508,0,0.0,0.7054748710169705,0.0,0.7054748710169705,2.422514229147299e-19,0.001320000000000003,1,1e-05
133,0.00133,NLR,1.0,0.014505241997539997,0.05173677300626878,0.0006849139899713919,3.0360097298398614e-06,0.0009419306154056647,0.0004967433829092665,nan,nan,,0.0,nan,nan,nan,nan,0,,1.8511078232404207e-05,3.9898639947466563e-17,0.00033357783355035384,0.014373399955752708,-0.00012301609700806528,0.21886435301539606,0,0.0,0.7069947354403933,0.0,0.7069947354403933,2.541098841762901e-20,0.001330000000000003,1,1e-05
134,0.00134,NLR,1.0,0.017643865998252295,0.05171536700800061,0.00030955499096307904,2.0469888113439083e-06,0.0009373169440310155,0.0004956960132083444,nan,nan,,0.0,nan,nan,nan,nan,0,,1.8511507647095004e-05,4.098284211995207e-17,0.00033358090065674205,0.01437350374773061,-0.00012301769810721676,0.2188659312976625,0,0.0,0.7084957340674394,0.0,0.7084957340674394,2.541098841762901e-20,0.001340000000000003,1,1e-05
135,0.00135,NLR,1.0,0.017731525003910065,0.06855527999869082,0.00037811300717294216,2.4379987735301256e-06,0.0009328224986900692,0.0004945907150742276,nan,nan,,0.0,nan,nan,nan,nan,0,,1.8511932209654297e-05,3.9898639947466563e-17,0.0003335839380152099,0.014373606595897925,-0.0001230192628157665,0.2188674952217336,0,0.0,0.7099782363855242,0.0,0.7099782363855242,-1.9142944607947188e-19,0.0013500000000000029,1,1e-05
136,0.00136,NLR,1.0,0.016909909987589344,0.05437395999615546,0.0003077669971389696,2.3669999791309237e-06,0.0009284413082356444,0.0004934284244995962,nan,nan,,0.0,nan,nan,nan,nan,0,,1.8512352000635794e-05,3.9898639947466563e-17,0.0003335869461004234,0.014373708515009076,-0.00012302079197424223,0.21886904501217982,0,0.0,0.7114426023029573,0.0,0.7114426023029573,2.541098841762901e-20,0.001360000000000003,1,1e-05
137,0.0013700000000000001,NLR,1.0,0.014567283011274412,0.06204084699857049,0.00030254099692683667,2.1320011001080275e-06,0.0009241675927175649,0.0004922102317872488,nan,nan,,0.0,nan,nan,nan,nan,0,,1.8512767098225457e-05,4.163336342344337e-17,0.00033358992537253074,0.01437380951934819,-0.00012302228628713669,0.21887058088643452,0,0.0,0.7128891824465303,0.0,0.7128891824465303,2.541098841762901e-20,0.001370000000000003,1,1e-05
138,0.0013800000000000002,NLR,1.0,0.016200436992221512,0.04711359900829848,0.00034175399923697114,2.244996721856296e-06,0.0009199957843543222,0.0004909373786695083,nan,nan,,0.0,nan,nan,nan,nan,0,,1.851317757833971e-05,3.946495907847236e-17,0.00033359287627747486,0.01437390962274021,-0.00012302374663060176,0.21887210305493193,0,0.0,0.7143183184488416,0.0,0.7143183184488416,2.422514229147299e-19,0.0013800000000000032,1,1e-05
139,0.0013900000000000002,NLR,1.0,0.016135912999743596,0.0483035109937191,0.0011494350037537515,4.4100015657022595e-06,0.0009159205472669769,0.0004896112552704563,nan,nan,,0.0,nan,nan,nan,nan,0,,1.851358351459939e-05,3.9898639947466563e-17,0.0003335957992472427,0.014374008838561103,-0.00012302517379627102,0.2188736117212786,0,0.0,0.715730343225718,0.0,0.715730343225718,2.541098841762901e-20,0.0013900000000000032,1,1e-05
140,0.0014000000000000002,NLR,1.0,0.0211555620044237,0.051151174993719906,0.00032798299798741937,2.0599982235580683e-06,0.0009119367957679988,0.00048823339699597274,nan,nan,,0.0,nan,nan,nan,nan,0,,1.8513984978560937e-05,3.903127820947816e-17,0.0003335986947003405,0.01437410717975407,-0.00012302656855056485,0.21887510708248262,0,0.0,0.7171255812440813,0.0,0.7171255812440813,-1.9142944607947188e-19,0.001400000000000003,1,1e-05
141,0.00141,NLR,1.0,0.017061068007024005,0.05153055900882464,0.0003031070082215592,1.9030121620744467e-06,0.0009080397112503424,0.000486805481141265,nan,nan,,0.0,nan,nan,nan,nan,0,,1.851438203949482e-05,4.163336342344337e-17,0.00033360156304227664,0.01437420465884598,-0.00012302793160793427,0.21887658932923057,0,0.0,0.7185043487805979,0.0,0.7185043487805979,2.422514229147299e-19,0.0014100000000000033,1,1e-05
142,0.00142,NLR,1.0,0.01616696300334297,0.060048925995943137,0.000301986001431942,1.9690050976350904e-06,0.0009042247573643381,0.0004853293231715643,nan,nan,,0.0,nan,nan,nan,nan,0,,1.8514774764859276e-05,3.9898639947466563e-17,0.000333604404666187,0.014374301287969349,-0.00012302926365323532,0.21887805864620977,0,0.0,0.71986695417144,0.0,0.71986695417144,2.541098841762901e-20,0.0014200000000000033,1,1e-05
143,0.00143,NLR,1.0,0.015086713989148848,0.05574308599170763,0.00032398098846897483,2.0849984139204025e-06,0.0009004876934761611,0.00048380687259143773,nan,nan,,0.0,nan,nan,nan,nan,0,,1.8515163219927464e-05,3.968179951296946e-17,0.0003336072199535947,0.01437439707888788,-0.0001230305655384173,0.21887951521248122,0,0.0,0.7212136980534751,0.0,0.7212136980534751,2.541098841762901e-20,0.0014300000000000033,1,1e-05
144,0.00144,NLR,1.0,0.01670519300387241,0.05103448199224658,0.0003289130108896643,2.1040032152086496e-06,0.0008968245859552745,0.0004822402082633794,nan,nan,,0.0,nan,nan,nan,nan,0,,1.8515547468400297e-05,3.903127820947816e-17,0.00033361000927512085,0.014374492043020437,-0.00012303183786540058,0.2188809592018757,0,0.0,0.7225448735971913,0.0,0.7225448735971913,-1.9142944607947188e-19,0.0014400000000000031,1,1e-05
145,0.0014500000000000001,NLR,1.0,0.013997696994920261,0.049134783999761567,0.0003060629969695583,2.2469903342425823e-06,0.0008932318180498545,0.0004806315332208023,nan,nan,,0.0,nan,nan,nan,nan,0,,1.851592757212307e-05,4.217546450968612e-17,0.0003336127729914335,0.01437458619147347,-0.00012303308136295493,0.21888239078345034,0,0.0,0.7238607667316562,0.0,0.7238607667316562,2.422514229147299e-19,0.0014500000000000034,1,1e-05
146,0.0014600000000000001,NLR,1.0,0.013625450010295026,0.0560913320077816,0.00041429599514231086,2.268003299832344e-06,0.0008897060968965068,0.00047898316877154914,nan,nan,,0.0,nan,nan,nan,nan,0,,1.8516303591513904e-05,3.9898639947466563e-17,0.0003336155114541455,0.014374679535069657,-0.0001230342965716941,0.21888381012196068,0,0.0,0.7251616563617956,0.0,0.7251616563617956,2.541098841762901e-20,0.0014600000000000034,1,1e-05
147,0.0014700000000000002,NLR,1.0,0.016428047994850203,0.05010232598579023,0.0007296819967450574,2.4900073185563087e-06,0.0008862444589545865,0.00047729754795698063,nan,nan,,0.0,nan,nan,nan,nan,0,,1.851667558554831e-05,3.7703130548183417e-17,0.0003336182250068723,0.014374772084384757,-0.00012303548423196867,0.2188852173783849,0,0.0,0.7264478145782715,0.0,0.7264478145782715,2.541098841762901e-20,0.0014700000000000034,1,1e-05
148,0.0014800000000000002,NLR,1.0,0.017844705012976192,0.05406498399679549,0.0003324819990666583,2.1519954316318035e-06,0.0008828442727070487,0.0004755772082058655,nan,nan,,0.0,nan,nan,nan,nan,0,,1.8517043611902202e-05,3.9898639947466563e-17,0.00033362091398624494,0.014374863849779818,-0.00012303664492701794,0.21888661271045,0,0.0,0.7277195068602249,0.0,0.7277195068602249,-1.9142944607947188e-19,0.0014800000000000032,1,1e-05
149,0.0014900000000000002,NLR,1.0,0.02151054999558255,0.05504359600308817,0.00030393600172828883,2.168992068618536e-06,0.0008795032392241658,0.0004738247833013424,nan,nan,,0.0,nan,nan,nan,nan,0,,1.8517407727259533e-05,3.903127820947816e-17,0.00033362357872308114,0.01437495484144069,-0.00012303777936778623,0.21888799627320224,0,0.0,0.728976992271145,0.0,0.728976992271145,2.422514229147299e-19,0.0014900000000000035,1,1e-05
150,0.0015,NLR,1.0,0.015022264997242019,0.05516050799633376,0.00031232200853992254,2.0239967852830887e-06,0.000876219390204534,0.0004720429944765305,nan,nan,,0.0,nan,nan,nan,nan,0,,1.851776798743143e-05,3.8163916471489756e-17,0.0003336262195434698,0.01437504506941334,-0.00012303888802551836,0.21888936821957117,0,0.0,0.7302205236481122,0.0,0.7302205236481122,2.541098841762901e-20,0.0015000000000000035,1,1e-05
151,0.00151,NLR,1.0,0.015979158008121885,0.0544674200064037,0.00032753100094851106,2.0930019672960043e-06,0.0008729910838304243,0.0004702346408436973,nan,nan,,0.0,nan,nan,nan,nan,0,,1.851812444738097e-05,3.9898639947466563e-17,0.00033362883677003,0.014375134543646029,-0.0001230399716250881,0.21889072870097387,0,0.0,0.7314503477846565,0.0,0.7314503477846565,-1.9142944607947188e-19,0.0015100000000000033,1,1e-05
152,0.00152,NLR,1.0,0.014614925006753765,0.05358425099984743,0.000317639991408214,2.174987457692623e-06,0.0008698169977296331,0.0004684025889604313,nan,nan,,0.0,nan,nan,nan,nan,0,,1.8518477161634384e-05,3.903127820947816e-17,0.00033363143072301474,0.014375223274024629,-0.00012304103069143516,0.21889207786789552,0,0.0,0.7326667056074639,0.0,0.7326667056074639,2.422514229147299e-19,0.0015200000000000036,1,1e-05
153,0.0015300000000000001,NLR,1.0,0.015427211998030543,0.051429615006782115,0.0003057870053453371,1.9069993868470192e-06,0.0008666961200782907,0.0004665497617850893,nan,nan,,0.0,nan,nan,nan,nan,0,,1.8518826184332595e-05,4.163336342344337e-17,0.0003336340017215492,0.014375311270413249,-0.00012304206586191257,0.21889341587049344,0,0.0,0.7338698323471544,0.0,0.7338698323471544,2.541098841762901e-20,0.0015300000000000036,1,1e-05
154,0.0015400000000000001,NLR,1.0,0.018819576012901962,0.053741044001071714,0.00030773799517191947,1.8729915609583259e-06,0.0008636277379762551,0.00046467912689908213,nan,nan,,0.0,nan,nan,nan,nan,0,,1.8519171569364005e-05,3.9898639947466563e-17,0.0003336365500848247,0.014375398542694429,-0.00012304307771140378,0.21889474285917915,0,0.0,0.7350599577033461,0.0,0.7350599577033461,-1.9142944607947188e-19,0.0015400000000000034,1,1e-05
155,0.0015500000000000002,NLR,1.0,0.0179445130052045,0.05189655900176149,0.00037264300044626,2.091997885145247e-06,0.0008606114236053867,0.0004627936841930599,nan,nan,,0.0,nan,nan,nan,nan,0,,1.8519513370771166e-05,3.859759734048396e-17,0.00033363907613323,0.014375485100804664,-0.00012304406664499315,0.2188960589851942,0,0.0,0.7362373060042149,0.0,0.7362373060042149,2.541098841762901e-20,0.0015500000000000034,1,1e-05
156,0.0015600000000000002,NLR,1.0,0.017355988995404914,0.053305121007724665,0.0005048409948358312,2.3890024749562144e-06,0.0008576470184896785,0.0004608964530745655,nan,nan,,0.0,nan,nan,nan,nan,0,,1.8519851642584833e-05,3.9085488318102435e-17,0.00033364158018949223,0.014375570954772376,-0.00012304503334507484,0.218897364401181,0,0.0,0.7374020963607486,0.0,0.7374020963607486,2.541098841762901e-20,0.0015600000000000034,1,1e-05
157,0.0015700000000000002,NLR,1.0,0.019243535993155092,0.05346078300499357,0.0003035269910469651,1.995009370148182e-06,0.0008547346152170605,0.00045899045920006203,nan,nan,,0.0,nan,nan,nan,nan,0,,1.8520186439244518e-05,3.9898639947466563e-17,0.00033364406257978485,0.014375656114753665,-0.00012304597835762862,0.21889865926170737,0,0.0,0.7385545428158886,0.0,0.7385545428158886,2.541098841762901e-20,0.0015700000000000035,1,1e-05
158,0.00158,NLR,1.0,0.017245971990632825,0.06063309800811112,0.00030578298901673406,1.9809958757832646e-06,0.0008518745376759774,0.00045707872102691355,nan,nan,,0.0,nan,nan,nan,nan,0,,1.85205178156981e-05,4.0332320816460765e-17,0.0003336465236347095,0.014375740591064057,-0.00012304690232084348,0.21889994372377877,0,0.0,0.7396948544887448,0.0,0.7396948544887448,2.541098841762901e-20,0.0015800000000000035,1,1e-05
159,0.00159,NLR,1.0,0.015731061997939833,0.05586711700016167,0.0003236920019844547,2.16200714930892e-06,0.0008490673192993005,0.00045516423611193895,nan,nan,,0.0,nan,nan,nan,nan,0,,1.85208458274992e-05,3.979021973021801e-17,0.0003336489636902798,0.014375824394210479,-0.00012304780557743775,0.21890121794729758,0,0.0,0.740823235714062,0.0,0.740823235714062,2.422514229147299e-19,0.0015900000000000037,1,1e-05
160,0.0016,NLR,1.0,0.016711201998987235,0.05699787600315176,0.0004667120083468035,2.7939968276768923e-06,0.0008463136800604546,0.0004532499674885107,nan,nan,,0.0,nan,nan,nan,nan,0,,1.8521170531023836e-05,4.0332320816460765e-17,0.0003336513830888191,0.014375907534920351,-0.00012304868890061484,0.2189024820955163,0,0.0,0.7419398861771089,0.0,0.7419398861771089,-1.9142944607947188e-19,0.0016000000000000035,1,1e-05
161,0.00161,NLR,1.0,0.01572195699554868,0.054502986997249536,0.0002908079914050177,2.1570012904703617e-06,0.0008436145017168804,0.00045133882997314384,nan,nan,,0.0,nan,nan,nan,nan,0,,1.8521491983481912e-05,4.0549161250957866e-17,0.000333653782179686,0.014375990024163787,-0.00012304955262581332,0.21890373633539575,0,0.0,0.7430450010441585,0.0,0.7430450010441585,2.541098841762901e-20,0.0016100000000000036,1,1e-05
162,0.0016200000000000001,NLR,1.0,0.014586741002858616,0.05762214699643664,0.00032848700357135385,2.1330051822587848e-06,0.0008409708024281411,0.00044943367688765867,nan,nan,,0.0,nan,nan,nan,nan,0,,1.852181024316144e-05,3.903127820947816e-17,0.0003336561613200532,0.01437607187318024,-0.00012305039738985823,0.21890498083796237,0,0.0,0.7441387710887135,0.0,0.7441387710887135,-1.9142944607947188e-19,0.0016200000000000034,1,1e-05
163,0.0016300000000000002,NLR,1.0,0.016239214994129725,0.0486933709908044,0.00028816499980166554,1.795007847249508e-06,0.0008383837101623708,0.00044753728698474193,nan,nan,,0.0,nan,nan,nan,nan,0,,1.852212536939496e-05,3.9898639947466563e-17,0.00033365852087540295,0.014376153093492494,-0.00012305122381612424,0.2189062157785793,0,0.0,0.7452213828136357,0.0,0.7452213828136357,2.422514229147299e-19,0.0016300000000000036,1,1e-05
164,0.0016400000000000002,NLR,1.0,0.017038783989846706,0.05487092900148127,0.00028728399774990976,1.7799902707338333e-06,0.0008358544356997208,0.00044565235190302787,nan,nan,,0.0,nan,nan,nan,nan,0,,1.8522437422750226e-05,3.9898639947466563e-17,0.00033366086122006694,0.01437623369692509,-0.00012305203244962438,0.21890744133716597,0,0.0,0.7462930185693225,0.0,0.7462930185693225,-1.9142944607947188e-19,0.0016400000000000034,1,1e-05
165,0.0016500000000000002,NLR,1.0,0.02292480100004468,0.050891425998997875,0.0006500129966298118,1.934997271746397e-06,0.0008333842452588267,0.00044378146422679776,nan,nan,,0.0,nan,nan,nan,nan,0,,1.852274646496809e-05,3.9898639947466563e-17,0.0003336631827374912,0.014376313695610987,-0.00012305282371826454,0.2189086576983567,0,0.0,0.747353856668075,0.0,0.747353856668075,2.422514229147299e-19,0.0016500000000000037,1,1e-05
166,0.0016600000000000002,NLR,1.0,0.015336662996560335,0.05418541499238927,0.0004293969977879897,2.2129970602691174e-06,0.0008309744331086639,0.00044192710623102896,nan,nan,,0.0,nan,nan,nan,nan,0,,1.8523052559213724e-05,3.9898639947466563e-17,0.0003336654858205103,0.014376393102000451,-0.00012305359832500966,0.2189098650516115,0,0.0,0.7484040714947926,0.0,0.7484040714947926,2.541098841762901e-20,0.0016600000000000037,1,1e-05
167,0.00167,NLR,1.0,0.020737797996844165,0.055071179987862706,0.002100148005411029,2.9429938877001405e-06,0.0008286262942602817,0.0004400916393571203,nan,nan,,0.0,nan,nan,nan,nan,0,,1.8523355769770444e-05,3.9898639947466563e-17,0.0003336677708714438,0.014376471928864376,-0.00012305435675082478,0.21891106359122844,0,0.0,0.7494438336141266,0.0,0.7494438336141266,2.541098841762901e-20,0.0016700000000000037,1,1e-05
168,0.00168,NLR,1.0,0.015286887006368488,0.05327988701174036,0.0003022479941137135,2.043001586571336e-06,0.0008263410977527203,0.0004382772946224941,nan,nan,,0.0,nan,nan,nan,nan,0,,1.852365616235584e-05,4.087442190270352e-17,0.0003336700383019612,0.014376550189287185,-0.00012305509951684795,0.21891225351631607,0,0.0,0.7504733098742175,0.0,0.7504733098742175,-1.9142944607947188e-19,0.0016800000000000035,1,1e-05
169,0.00169,NLR,1.0,0.01589155501278583,0.0578476490045432,0.00030519200663547963,2.1109881345182657e-06,0.0008241200606712614,0.0004364861639020111,nan,nan,,0.0,nan,nan,nan,nan,0,,1.8523953803936337e-05,3.9898639947466563e-17,0.00033367228853297515,0.014376627896664163,-0.00012305582720921354,0.2189134350306887,0,0.0,0.7514926635071394,0.0,0.7514926635071394,4.590918574118308e-19,0.001690000000000004,1,1e-05
170,0.0017000000000000001,NLR,1.0,0.01676892901014071,0.050853394001023844,0.0002991690125782043,1.8610007828101516e-06,0.000821964323058638,0.0004347201921932548,nan,nan,,0.0,nan,nan,nan,nan,0,,1.852424876263326e-05,3.8163916471489756e-17,0.00033367452199428596,0.014376705064688355,-0.00012305654057213184,0.2189146083426968,0,0.0,0.752502054226167,0.0,0.752502054226167,2.541098841762901e-20,0.001700000000000004,1,1e-05
171,0.0017100000000000001,NLR,1.0,0.014273413995397277,0.05376788100693375,0.0002943029976449907,2.072993083857e-06,0.0008198749239800527,0.00043298117083631486,nan,nan,,0.0,nan,nan,nan,nan,0,,1.852454110791124e-05,4.0766001685454967e-17,0.00033367673912412273,0.014376781707335473,-0.0001230572399313368,0.21891577366496795,0,0.0,0.7535016383199782,0.0,0.7535016383199782,-1.9142944607947188e-19,0.0017100000000000038,1,1e-05
172,0.0017200000000000002,NLR,1.0,0.018937596993055195,0.05209728400222957,0.0003399400011403486,2.362998202443123e-06,0.000817852779350252,0.00043127073183784356,nan,nan,,0.0,nan,nan,nan,nan,0,,1.8524830910246137e-05,3.946495907847236e-17,0.00033367894036854894,0.01437685783884235,-0.00012305792593397813,0.21891693121412464,0,0.0,0.7544915687439002,0.0,0.7544915687439002,2.541098841762901e-20,0.0017200000000000039,1,1e-05
173,0.0017300000000000002,NLR,1.0,0.015608977992087603,0.056919830007245764,0.00029720700695179403,1.7849961295723915e-06,0.0008158986609204923,0.00042959034311685875,nan,nan,,0.0,nan,nan,nan,nan,0,,1.852511824105762e-05,4.130810277169772e-17,0.00033368112618075807,0.01437693347368496,-0.000123058599294877,0.2189180812104061,0,0.0,0.7554719952083039,0.0,0.7554719952083039,2.541098841762901e-20,0.0017300000000000039,1,1e-05
174,0.0017400000000000002,NLR,1.0,0.016858201008290052,0.07437930100422818,0.0005807590059703216,2.6919879019260406e-06,0.000814013177371208,0.00042794130473133266,nan,nan,,0.0,nan,nan,nan,nan,0,,1.8525403172789445e-05,3.946495907847236e-17,0.0003336832970201771,0.014377008626546228,-0.00012305926036430297,0.2189192238772254,0,0.0,0.7564430642642455,0.0,0.7564430642642455,2.422514229147299e-19,0.0017400000000000041,1,1e-05
175,0.00175,NLR,1.0,0.016951291996520013,0.05874775198753923,0.00031656899955123663,2.111002686433494e-06,0.0008121967573603444,0.0004263247462295871,nan,nan,,0.0,nan,nan,nan,nan,0,,1.8525685778471543e-05,3.8163916471489756e-17,0.00033368545335161565,0.014377083312289818,-0.0001230599099825979,0.21892035944070917,0,0.0,0.757404919386453,0.0,0.757404919386453,2.541098841762901e-20,0.0017500000000000042,1,1e-05
176,0.00176,NLR,1.0,0.014275544992415234,0.05601585700060241,0.0003137090097879991,2.3949978640303016e-06,0.0008104496343774461,0.0004247416247129226,nan,nan,,0.0,nan,nan,nan,nan,0,,1.852596613188683e-05,3.9898639947466563e-17,0.0003336875956440861,0.014377157545919284,-0.00012306054847451524,0.2189214881291245,0,0.0,0.7583577010537496,0.0,0.7583577010537496,2.541098841762901e-20,0.0017600000000000042,1,1e-05
177,0.00177,NLR,1.0,0.015323507992434315,0.06059976099641062,0.0002988600026583299,2.14899773709476e-06,0.000808771834161428,0.00042319272402452726,nan,nan,,0.0,nan,nan,nan,nan,0,,1.852624430718248e-05,4.163336342344337e-17,0.0003336897243697028,0.014377231342541652,-0.00012306117647843207,0.2189226101723184,0,0.0,0.7593015468270022,0.0,0.7593015468270022,2.541098841762901e-20,0.0017700000000000042,1,1e-05
178,0.0017800000000000001,NLR,1.0,0.015507449992583133,0.05104950499662664,0.0003293790068710223,2.344007953070104e-06,0.000807163164036844,0.0004216786546503639,nan,nan,,0.0,nan,nan,nan,nan,0,,1.8526520378703658e-05,4.163336342344337e-17,0.0003336918400024377,0.014377304717326567,-0.00012306179477615623,0.2189237258010785,0,0.0,0.7602365914246841,0.0,0.7602365914246841,-4.0826988057657276e-19,0.0017800000000000038,1,1e-05
179,0.0017900000000000001,NLR,1.0,0.014810296997893602,0.052440758008742705,0.00030455699015874416,1.7870042938739061e-06,0.000805623204674266,0.00042019985442019427,nan,nan,,0.0,nan,nan,nan,nan,0,,1.852679442093951e-05,3.8163916471489756e-17,0.0003336939430167318,0.01437737768545988,-0.00012306240366769948,0.21892483524644749,0,0.0,0.7611629667961297,0.0,0.7611629667961297,4.590918574118308e-19,0.0017900000000000043,1,1e-05
180,0.0018000000000000002,NLR,1.0,0.01835901899903547,0.056112627004040405,0.00032232100784312934,2.1559972083196044e-06,0.0008041513042135412,0.0004187565901301234,nan,nan,,0.0,nan,nan,nan,nan,0,,1.852706650813464e-05,3.9898639947466563e-17,0.00033369603388617525,0.014377450262100133,-0.00012306300390849595,0.21892593873904811,0,0.0,0.7620808021925651,0.0,0.7620808021925651,-1.9142944607947188e-19,0.001800000000000004,1,1e-05
181,0.0018100000000000002,NLR,1.0,0.01715794298797846,0.051701019998290576,0.00031359901186078787,2.148008206859231e-06,0.0008027465745661622,0.0004173489596529793,nan,nan,,0.0,nan,nan,nan,nan,0,,1.8527336714303684e-05,3.8163916471489756e-17,0.00033369811308203083,0.014377522462330372,-0.00012306359608867473,0.2189270365083412,0,0.0,0.7629902242359887,0.0,0.7629902242359887,2.541098841762901e-20,0.001810000000000004,1,1e-05
182,0.0018200000000000002,NLR,1.0,0.017846749004093,0.05749191000359133,0.0007263300067279488,2.3769971448928118e-06,0.0008014078900614327,0.0004159768948723393,nan,nan,,0.0,nan,nan,nan,nan,0,,1.8527605112786058e-05,4.0549161250957866e-17,0.0003337001810717221,0.014377594301107077,-0.00012306418059254888,0.2189281287818798,0,0.0,0.763891356985976,0.0,0.763891356985976,2.541098841762901e-20,0.0018200000000000041,1,1e-05
183,0.0018300000000000002,NLR,1.0,0.017087890999391675,0.05031997599871829,0.0003283179976278916,1.9379949662834406e-06,0.0008001338883127448,0.0004146401652164935,nan,nan,,0.0,nan,nan,nan,nan,0,,1.85278717761776e-05,3.9898639947466563e-17,0.00033370223831738277,0.014377665793213534,-0.000123064758054475,0.21892921578456537,0,0.0,0.7647843220044793,0.0,0.7647843220044793,2.541098841762901e-20,0.0018300000000000041,1,1e-05
184,0.00184,NLR,1.0,0.016295692010316998,0.05374154300079681,0.00029531998734455556,2.2469903342425823e-06,0.0007989229730780936,0.0004133383817459533,nan,nan,,0.0,nan,nan,nan,nan,0,,1.852813677603593e-05,3.903127820947816e-17,0.0003337042852742656,0.014377736953206322,-0.00012306532902189616,0.2189302977378788,0,0.0,0.7656692384186911,0.0,0.7656692384186911,-1.9142944607947188e-19,0.001840000000000004,1,1e-05
185,0.00185,NLR,1.0,0.019639898993773386,0.05364234000444412,0.00030140799935907125,2.0669976947829127e-06,0.0007977733193831282,0.00041207100180230436,nan,nan,,0.0,nan,nan,nan,nan,0,,1.852840018267003e-05,3.881443777498106e-17,0.00033370632238932045,0.014377807795370678,-0.00012306589401405409,0.21893137485912087,0,0.0,0.7665462229820362,0.0,0.7665462229820362,2.422514229147299e-19,0.0018500000000000042,1,1e-05
186,0.00186,NLR,1.0,0.015033817006042227,0.05449170399515424,0.0003062089963350445,2.296001184731722e-06,0.0007966828803333925,0.00041083733426323845,nan,nan,,0.0,nan,nan,nan,nan,0,,1.8528662064933038e-05,3.7730235602495554e-17,0.00033370835009957124,0.014377878333664329,-0.00012306645370911898,0.21893244736066766,0,0.0,0.7674153901333567,0.0,0.7674153901333567,-1.9142944607947188e-19,0.001860000000000004,1,1e-05
187,0.0018700000000000001,NLR,1.0,0.015751847997307777,0.05269349199079443,0.0003188339906046167,2.053013304248452e-06,0.0007956493957980391,0.00040963654519699135,nan,nan,,0.0,nan,nan,nan,nan,0,,1.852892249000959e-05,3.903127820947816e-17,0.0003337103688307323,0.01437794858167507,-0.0001230670084496288,0.21893351544921913,0,0.0,0.7682768520543488,0.0,0.7682768520543488,2.422514229147299e-19,0.0018700000000000043,1,1e-05
188,0.0018800000000000002,NLR,1.0,0.014365758004714735,0.05561642900283914,0.0003303700068499893,1.9419967429712415e-06,0.0007946704027905173,0.00040846766413611587,nan,nan,,0.0,nan,nan,nan,nan,0,,1.8529181523206966e-05,3.9898639947466563e-17,0.0003337123789957114,0.014378018552569483,-0.00012306755865978665,0.21893457932509647,0,0.0,0.769130718725313,0.0,0.769130718725313,2.541098841762901e-20,0.0018800000000000043,1,1e-05
189,0.0018900000000000002,NLR,1.0,0.015601010993123055,0.06069882100564428,0.00034099200274795294,2.3669999791309237e-06,0.0007937432473022034,0.0004073295907760696,nan,nan,,0.0,nan,nan,nan,nan,0,,1.8529439227614056e-05,4.206704429243757e-17,0.0003337143809932403,0.014378088259049404,-0.00012306810495749047,0.218935639181557,0,0.0,0.7699770979792716,0.0,0.7699770979792716,2.541098841762901e-20,0.0018900000000000043,1,1e-05
190,0.0019000000000000002,NLR,1.0,0.02230518701253459,0.05871235200902447,0.00037490398972295225,2.2049935068935156e-06,0.000792865097342369,0.0004062211021125725,nan,nan,,0.0,nan,nan,nan,nan,0,,1.8529695664146424e-05,3.903127820947816e-17,0.00033371637520660473,0.014378157713310635,-0.00012306864785674584,0.21893669520412973,0,0.0,0.770816095554509,0.0,0.770816095554509,-1.9142944607947188e-19,0.0019000000000000041,1,1e-05
191,0.0019100000000000002,NLR,1.0,0.016268199993646704,0.05228479999641422,0.0003417449916014448,2.511005732230842e-06,0.0007920329574069234,0.00040514086010172147,nan,nan,,0.0,nan,nan,nan,nan,0,,1.8529950891180244e-05,4.163336342344337e-17,0.0003337183620023177,0.014378226926999416,-0.00012306918763103875,0.21893774756999237,0,0.0,0.7716478151455872,0.0,0.7716478151455872,2.422514229147299e-19,0.0019100000000000044,1,1e-05
192,0.0019200000000000003,NLR,1.0,0.017370835004840046,0.0595793130050879,0.0003312560002086684,1.8900027498602867e-06,0.0007912436837307432,0.00040408741979713506,nan,nan,,0.0,nan,nan,nan,nan,0,,1.853020496442126e-05,4.0766001685454967e-17,0.00033372034172899094,0.014378295911174899,-0.00012306972494377055,0.2189387964474153,0,0.0,0.7724723584528872,0.0,0.7724723584528872,2.422514229147299e-19,0.0019200000000000046,1,1e-05
193,0.00193,NLR,1.0,0.020237402990460396,0.055488897996838205,0.0003393560036784038,1.8190039554610848e-06,0.0007904940004621435,0.00040305923780412713,nan,nan,,0.0,nan,nan,nan,nan,0,,1.853045793674737e-05,3.9898639947466563e-17,0.00033372231471624964,0.014378364676275401,-0.00012307026007457253,0.2189398419952086,0,0.0,0.7732898252307238,0.0,0.7732898252307238,-1.9142944607947188e-19,0.0019300000000000044,1,1e-05
194,0.00194,NLR,1.0,0.01434576699102763,0.0542381480045151,0.00032931599707808346,1.9669969333335757e-06,0.0007897805165449162,0.000402054681310685,nan,nan,,0.0,nan,nan,nan,nan,0,,1.853070985812197e-05,3.859759734048396e-17,0.0003337242812737946,0.014378433232087762,-0.00012307079330022244,0.2189408843622543,0,0.0,0.7741003133340818,0.0,0.7741003133340818,-1.9142944607947188e-19,0.0019400000000000042,1,1e-05
195,0.0019500000000000001,NLR,1.0,0.01722902800247539,0.060146999996504746,0.0003101420006714761,2.08600249607116e-06,0.0007890997431412846,0.00040107203743573977,nan,nan,,0.0,nan,nan,nan,nan,0,,1.853096077527032e-05,3.8163916471489756e-17,0.0003337262416904729,0.014378501587716475,-0.00012307132507810426,0.21894192368708554,0,0.0,0.7749039187640191,0.0,0.7749039187640191,2.422514229147299e-19,0.0019500000000000045,1,1e-05
196,0.0019600000000000004,NLR,1.0,0.0165215009910753,0.05803739800467156,0.0005485629953909665,3.2520038075745106e-06,0.0007884481113127378,0.00040010952296582483,nan,nan,,0.0,nan,nan,nan,nan,0,,1.8531210731809945e-05,4.0332320816460765e-17,0.00033372819623357874,0.014378569751562376,-0.00012307185585789659,0.21894296009751146,0,0.0,0.7757007357117782,0.0,0.7757007357117782,-1.9142944607947188e-19,0.0019600000000000043,1,1e-05
197,0.00197,NLR,1.0,0.01867470098659396,0.05695742700481787,0.0004192810010863468,2.097003743983805e-06,0.0007878219900895344,0.0003991652944552734,nan,nan,,0.0,nan,nan,nan,nan,0,,1.853145976796565e-05,3.903127820947816e-17,0.0003337301451481551,0.014378637731299548,-0.0001230723859359327,0.21894399371029993,0,0.0,0.7764908566016505,0.0,0.7764908566016505,4.590918574118308e-19,0.0019700000000000047,1,1e-05
198,0.00198,NLR,1.0,0.0203206419973867,0.05159705999540165,0.000676875002682209,2.5240005925297737e-06,0.0007872177044987263,0.00039823745865780836,nan,nan,,0.0,nan,nan,nan,nan,0,,1.853170792060176e-05,3.903127820947816e-17,0.00033373208865651035,0.014378705533860892,-0.0001230729154692588,0.2189450246309243,0,0.0,0.7772743721326317,0.0,0.7772743721326317,-4.0826988057657276e-19,0.0019800000000000043,1,1e-05
199,0.00199,NLR,1.0,0.01807937299599871,0.05607541800418403,0.00030980800511315465,1.8550053937360644e-06,0.0007866315537026149,0.0003973240832335882,nan,nan,,0.0,nan,nan,nan,nan,0,,1.8531955223042503e-05,4.163336342344337e-17,0.0003337340269577817,0.014378773165423686,-0.0001230734448732163,0.2189460529533824,0,0.0,0.7780513713189093,0.0,0.7780513713189093,4.590918574118308e-19,0.001990000000000005,1,1e-05
200,0.002,NLR,1.0,0.01741402100014966,0.05741782499535475,0.000625460990704596,0.36930932399991434,0.0007860598287998356,0.00039642320765066014,nan,nan,,0.0,nan,nan,nan,nan,0,,1.8532201705141374e-05,3.903127820947816e-17,0.0003337359602276772,0.01437884063140249,-0.00012307397444023298,0.2189470787600524,0,0.0,0.7788219415292181,0.0,0.7788219415292181,-4.0826988057657276e-19,0.0020000000000000044,1,1e-05
201,0.00201,NLR,1.0,0.020381151989568025,0.053541483997832984,0.0003315539943287149,2.1899904822930694e-06,0.0007854988305625292,0.0003955328542649491,nan,nan,,0.0,nan,nan,nan,nan,0,,1.8532447393189974e-05,4.0766001685454967e-17,0.00033373788861826135,0.014378907936442253,-0.00012307450420506513,0.21894810212161575,0,0.0,0.7795861685251004,0.0,0.7795861685251004,2.541098841762901e-20,0.0020100000000000044,1,1e-05
202,0.00202,NLR,1.0,0.015259736988809891,0.05743471199821215,0.00030430499464273453,1.99199712369591e-06,0.0007849448866288392,0.00039465103961270617,nan,nan,,0.0,nan,nan,nan,nan,0,,1.8532692309831426e-05,4.119968255444917e-17,0.0003337398122579517,0.01437897508441921,-0.0001230750346534543,0.21894912309706632,0,0.0,0.7803441364981069,0.0,0.7803441364981069,2.541098841762901e-20,0.0020200000000000044,1,1e-05
203,0.00203,NLR,1.0,0.022227837005630136,0.052910149010131136,0.0003069280064664781,1.7639977158978581e-06,0.0007843943684534391,0.0003937757855554468,nan,nan,,0.0,nan,nan,nan,nan,0,,1.8532936474235318e-05,3.903127820947816e-17,0.00033374173125157505,0.014379042078443538,-0.0001230755657811223,0.21895014173372723,0,0.0,0.7810959281059698,0.0,0.7810959281059698,-4.0826988057657276e-19,0.002030000000000004,1,1e-05
204,0.00204,NLR,1.0,0.01686678700207267,0.05918790100258775,0.00034925699583254755,2.1989981178194284e-06,0.0007838437074893669,0.00039290513064266854,nan,nan,,0.0,nan,nan,nan,nan,0,,1.8533179902017972e-05,3.8163916471489756e-17,0.0003337436456805359,0.01437910892086558,-0.0001230760977085961,0.21895115806737436,0,0.0,0.7818416245077837,0.0,0.7818416245077837,2.541098841762901e-20,0.002040000000000004,1,1e-05
205,0.00205,NLR,1.0,0.014990844007115811,0.052537067007506266,0.0004138869990129024,2.5030021788552403e-06,0.0007832894109752334,0.0003920371412263454,nan,nan,,0.0,nan,nan,nan,nan,0,,1.853342260525003e-05,3.903127820947816e-17,0.00033374555560313727,0.014379175613286943,-0.00012307663068640229,0.21895217212239407,0,0.0,0.7825813053982221,0.0,0.7825813053982221,2.541098841762901e-20,0.002050000000000004,1,1e-05
206,0.00206,NLR,1.0,0.014440693994401954,0.05398726899875328,0.0003333530039526522,1.7790007404983044e-06,0.0007827280769177604,0.0003911699224715313,nan,nan,,0.0,nan,nan,nan,nan,0,,1.853366459249698e-05,4.0332320816460765e-17,0.00033374746105497416,0.014379242156574934,-0.0001230771647993383,0.2189531839119878,0,0.0,0.7833150490408228,0.0,0.7833150490408228,4.590918574118308e-19,0.0020600000000000045,1,1e-05
207,0.0020700000000000002,NLR,1.0,0.01762127901019994,0.05414137699699495,0.00030056299874559045,1.8760038074105978e-06,0.0007821564084130961,0.00039030162914427044,nan,nan,,0.0,nan,nan,nan,nan,0,,1.853390586901464e-05,4.0766001685454967e-17,0.000333749362049418,0.014379308550877878,-0.00012307770012227783,0.2189541934384408,0,0.0,0.7840429323003698,0.0,0.7840429323003698,2.541098841762901e-20,0.0020700000000000046,1,1e-05
208,0.0020800000000000003,NLR,1.0,0.01725359399279114,0.054691003999323584,0.0003055260021938011,2.162996679544449e-06,0.0007815712272269129,0.0003894304760878707,nan,nan,,0.0,nan,nan,nan,nan,0,,1.853414643679919e-05,3.8163916471489756e-17,0.00033375125857826023,0.014379374795648214,-0.00012307823674663878,0.21895520069343566,0,0.0,0.7847650306744001,0.0,0.7847650306744001,2.541098841762901e-20,0.0020800000000000046,1,1e-05
209,0.0020900000000000003,NLR,1.0,0.019669840010465123,0.05668578000040725,0.0003187340043950826,2.0419975044205785e-06,0.0007809694864323043,0.0003885547483318221,nan,nan,,0.0,nan,nan,nan,nan,0,,1.8534386294438104e-05,3.903127820947816e-17,0.00033375315061237235,0.014379440889664696,-0.00012307877459013112,0.21895620565840518,0,0.0,0.7854814183238628,0.0,0.7854814183238628,2.541098841762901e-20,0.0020900000000000046,1,1e-05
210,0.0021000000000000003,NLR,1.0,0.01611147499352228,0.054462054002215154,0.0003490850067464635,2.197994035668671e-06,0.0007803482824375721,0.0003876728107374744,nan,nan,,0.0,nan,nan,nan,nan,0,,1.853462543762987e-05,3.8163916471489756e-17,0.0003337550381025151,0.01437950683105882,-0.0001230793138618973,0.21895720830494983,0,0.0,0.7861921681029571,0.0,0.7861921681029571,2.541098841762901e-20,0.0021000000000000046,1,1e-05
211,0.0021100000000000003,NLR,1.0,0.016095216997200623,0.05860499899426941,0.0003064760094275698,2.115004463121295e-06,0.0007797048658204832,0.0003867831171302857,nan,nan,,0.0,nan,nan,nan,nan,0,,1.8534863858945273e-05,4.163336342344337e-17,0.0003337569209801716,0.014379572617343461,-0.0001230798544456235,0.2189582085952591,0,0.0,0.7868973515881736,0.0,0.7868973515881736,2.541098841762901e-20,0.0021100000000000047,1,1e-05
212,0.0021200000000000004,NLR,1.0,0.017226008989382535,0.060015429990016855,0.00033393299963790923,2.2610038286074996e-06,0.0007790366515560078,0.00038588421886856863,nan,nan,,0.0,nan,nan,nan,nan,0,,1.853510154821463e-05,3.9898639947466563e-17,0.0003337587991585434,0.014379638245447524,-0.00012308039619412289,0.21895920648259998,0,0.0,0.7875970391065641,0.0,0.7875970391065641,2.541098841762901e-20,0.0021200000000000047,1,1e-05
213,0.0021300000000000004,NLR,1.0,0.01612893999845255,0.05861082099727355,0.0003378169931238517,2.058004611171782e-06,0.0007783412281401831,0.0003849747727985022,nan,nan,,0.0,nan,nan,nan,nan,0,,1.8535338492429244e-05,4.0332320816460765e-17,0.0003337606725334874,0.014379703711744352,-0.00012308093935781099,0.21896020191184262,0,0.0,0.7882912997632631,0.0,0.7882912997632631,2.541098841762901e-20,0.0021300000000000047,1,1e-05
214,0.00214,NLR,1.0,0.017110036991653033,0.05438251500891056,0.0003196239995304495,2.217988367192447e-06,0.0007776163658159747,0.00038405354838231366,nan,nan,,0.0,nan,nan,nan,nan,0,,1.853557467621487e-05,3.9898639947466563e-17,0.00033376254098461727,0.014379769012091259,-0.00012308148365596186,0.218961194819975,0,0.0,0.7889802014682848,0.0,0.7889802014682848,2.541098841762901e-20,0.0021400000000000047,1,1e-05
215,0.00215,NLR,1.0,0.0166222379921237,0.05637128899979871,0.0003012550005223602,1.7590064089745283e-06,0.0007768600239059203,0.00038311943428440007,nan,nan,,0.0,nan,nan,nan,nan,0,,1.8535810081563994e-05,4.0766001685454967e-17,0.00033376440437645383,0.014379834141866832,-0.00012308202917741664,0.21896218513669943,0,0.0,0.7896638109626163,0.0,0.7896638109626163,4.590918574118308e-19,0.002150000000000005,1,1e-05
216,0.00216,NLR,1.0,0.019588295996072702,0.047835905992542394,0.0002982909936690703,1.8740101950243115e-06,0.0007760703570327892,0.0003821714439529273,nan,nan,,0.0,nan,nan,nan,nan,0,,1.853604468848358e-05,3.9898639947466563e-17,0.0003337662625595281,0.014379899096007787,-0.00012308257555847203,0.2189631727850011,0,0.0,0.7903421938436282,0.0,0.7903421938436282,2.541098841762901e-20,0.0021600000000000052,1,1e-05
217,0.00217,NLR,1.0,0.017071572990971617,0.055819112007156946,0.0003105770010733977,2.001004759222269e-06,0.0007752457205339305,0.0003812087205670316,nan,nan,,0.0,nan,nan,nan,nan,0,,1.8536278474745877e-05,4.0332320816460765e-17,0.00033376811537165827,0.014379963869050494,-0.00012308312299387505,0.2189641576817921,0,0.0,0.7910154145898257,0.0,0.7910154145898257,-4.0826988057657276e-19,0.002170000000000005,1,1e-05
218,0.00218,NLR,1.0,0.022573586989892647,0.06204698600049596,0.00044609700853470713,2.325992682017386e-06,0.0007743846747661356,0.00038023054090140354,nan,nan,,0.0,nan,nan,nan,nan,0,,1.853651141636408e-05,4.163336342344337e-17,0.0003337699626391823,0.014380028455174054,-0.0001230836711173443,0.21896513973850745,0,0.0,0.791683536584956,0.0,0.791683536584956,4.590918574118308e-19,0.0021800000000000053,1,1e-05
219,0.00219,NLR,1.0,0.01699854999606032,0.053401961995405145,0.00034589199640322477,2.2579915821552277e-06,0.0007734859884674223,0.0003792363185217811,nan,nan,,0.0,nan,nan,nan,nan,0,,1.8536743487540407e-05,4.119968255444917e-17,0.00033377180417820755,0.014380092848239823,-0.00012308421989867542,0.21896611886177622,0,0.0,0.7923466221414954,0.0,0.7923466221414954,-4.0826988057657276e-19,0.002190000000000005,1,1e-05
220,0.0022,NLR,1.0,0.01805042100022547,0.05764415499288589,0.0003101149923168123,1.968001015484333e-06,0.000772548641134114,0.00037822560588687766,nan,nan,,0.0,nan,nan,nan,nan,0,,1.8536974661126662e-05,3.9898639947466563e-17,0.0003337736397959152,0.014380157041834707,-0.00012308476920983534,0.21896709495406216,0,0.0,0.7930047325235309,0.0,0.7930047325235309,4.590918574118308e-19,0.0022000000000000053,1,1e-05
221,0.00221,NLR,1.0,0.01655179999943357,0.0583221140113892,0.00031364799360744655,2.239001332782209e-06,0.0007715718243985727,0.0003771980956093144,nan,nan,,0.0,nan,nan,nan,nan,0,,1.853720490858716e-05,3.903127820947816e-17,0.0003337754692919219,0.014380221029317575,-0.00012308531876688134,0.2189680679143224,0,0.0,0.7936579279690572,0.0,0.7936579279690572,2.541098841762901e-20,0.0022100000000000054,1,1e-05
222,0.00222,NLR,1.0,0.017408031999366358,0.053885014000115916,0.0003113979910267517,2.0060106180608273e-06,0.0007705549424327472,0.0003761536207886797,nan,nan,,0.0,nan,nan,nan,nan,0,,1.85374342002282e-05,3.9898639947466563e-17,0.00033377729245952513,0.014380284803859,-0.00012308586836684573,0.21896903763867964,0,0.0,0.7943062677117048,0.0,0.7943062677117048,-4.0826988057657276e-19,0.002220000000000005,1,1e-05
223,0.00223,NLR,1.0,0.018510312991566025,0.05924621100712102,0.0005050390027463436,3.3809919841587543e-06,0.0007694976113001664,0.0003750921543909025,nan,nan,,0.0,nan,nan,nan,nan,0,,1.8537662505510137e-05,3.924811864397526e-17,0.00033377910908711725,0.014380348358489226,-0.00012308641807855006,0.2189700040210916,0,0.0,0.794949810001916,0.0,0.794949810001916,2.541098841762901e-20,0.002230000000000005,1,1e-05
224,0.0022400000000000002,NLR,1.0,0.018664684001123533,0.05147632599982899,0.000321510000503622,1.9709987100213766e-06,0.000768399657454712,0.00037401380764559116,nan,nan,,0.0,nan,nan,nan,nan,0,,1.8537889793112166e-05,4.163336342344337e-17,0.00033378091895939295,0.014380411686135908,-0.00012308696738826648,0.2189709669539883,0,0.0,0.7955886121275861,0.0,0.7955886121275861,2.541098841762901e-20,0.002240000000000005,1,1e-05
225,0.0022500000000000003,NLR,1.0,0.019137834999128245,0.06353561500145588,0.0008328289986820891,2.4460023269057274e-06,0.000767261115198197,0.0003729188277028772,nan,nan,,0.0,nan,nan,nan,nan,0,,1.8538116031209876e-05,3.946495907847236e-17,0.00033378272185879287,0.014380474779673857,-0.00012308751632278533,0.21897192632896223,0,0.0,0.7962227304341843,0.0,0.7962227304341843,2.541098841762901e-20,0.002250000000000005,1,1e-05
226,0.0022600000000000003,NLR,1.0,0.018773345000226982,0.05677399400155991,0.00032080800156109035,1.8880091374740005e-06,0.0007660822231472514,0.00037180759419306133,nan,nan,,0.0,nan,nan,nan,nan,0,,1.8538341187640434e-05,3.8163916471489756e-17,0.000333784517566692,0.01438053763196323,-0.0001230880645126126,0.21897288203738813,0,0.0,0.7968522203443696,0.0,0.7968522203443696,2.541098841762901e-20,0.002260000000000005,1,1e-05
227,0.0022700000000000003,NLR,1.0,0.018235048002679832,0.05981372299720533,0.00030939100543037057,1.7099955584853888e-06,0.0007648634198346109,0.00037068061511620214,nan,nan,,0.0,nan,nan,nan,nan,0,,1.8538565229960036e-05,4.0766001685454967e-17,0.0003337863058647177,0.014380600235891716,-0.00012308861178509086,0.2189738339710759,0,0.0,0.7974771363771173,0.0,0.7974771363771173,4.590918574118308e-19,0.0022700000000000055,1,1e-05
228,0.0022800000000000003,NLR,1.0,0.01830568200966809,0.057899968000128865,0.0005073299980722368,2.7369969757273793e-06,0.0007636053384492787,0.0003695385217806732,nan,nan,,0.0,nan,nan,nan,nan,0,,1.853878812594305e-05,4.0332320816460765e-17,0.00033378808653600775,0.014380662584417392,-0.0001230891578635764,0.21897478202288498,0,0.0,0.7980975321663687,0.0,0.7980975321663687,-4.0826988057657276e-19,0.002280000000000005,1,1e-05
229,0.0022900000000000004,NLR,1.0,0.018445168010657653,0.0592019989999244,0.0003150979900965467,2.025990397669375e-06,0.0007623088004871404,0.0003683820630757014,nan,nan,,0.0,nan,nan,nan,nan,0,,1.8539009843379878e-05,3.9898639947466563e-17,0.00033378985936641714,0.014380724670607359,-0.00012308970276113642,0.21897572608734026,0,0.0,0.7987134604792201,0.0,0.7987134604792201,4.590918574118308e-19,0.0022900000000000056,1,1e-05
230,0.0023000000000000004,NLR,1.0,0.01899032198707573,0.060194231002242304,0.0003395690000616014,1.8419959815219045e-06,0.000760974808848413,0.0003672120988747115,nan,nan,,0.0,nan,nan,nan,nan,0,,1.8539230350601386e-05,3.8163916471489756e-17,0.00033379162414567476,0.014380786487675934,-0.00012309024590871048,0.21897666606119004,0,0.0,0.7993249732336609,0.0,0.7993249732336609,-4.0826988057657276e-19,0.002300000000000005,1,1e-05
231,0.00231,NLR,1.0,0.01700331599568017,0.06151246999797877,0.00034956299350596964,2.2849999368190765e-06,0.0007596045397552135,0.0003660295930019478,nan,nan,,0.0,nan,nan,nan,nan,0,,1.8539449616389933e-05,3.9898639947466563e-17,0.0003337933806685518,0.014380848029021509,-0.0001230907873047835,0.21897760184400514,0,0.0,0.7999321215158773,0.0,0.7999321215158773,-4.0826988057657276e-19,0.0023100000000000048,1,1e-05
232,0.00232,NLR,1.0,0.017010540002956986,0.05637381901033223,0.0003071220126003027,2.0270090317353606e-06,0.0007581993342689363,0.00036483560531940337,nan,nan,,0.0,nan,nan,nan,nan,0,,1.8539667610273284e-05,4.0766001685454967e-17,0.0003337951287359419,0.014380909288263632,-0.00012309132667253202,0.21897853333869038,0,0.0,0.8005349555971316,0.0,0.8005349555971316,4.590918574118308e-19,0.0023200000000000052,1,1e-05
233,0.00233,NLR,1.0,0.017276889993809164,0.053810710000107065,0.00041604400030337274,2.4439941626042128e-06,0.0007567606887145347,0.0003636312834952133,nan,nan,,0.0,nan,nan,nan,nan,0,,1.8539884302675614e-05,4.163336342344337e-17,0.00033379686815587567,0.014380970259274095,-0.0001230918636731793,0.21897946045200165,0,0.0,0.8011335249502296,0.0,0.8011335249502296,4.590918574118308e-19,0.0023300000000000057,1,1e-05
234,0.00234,NLR,1.0,0.016791795002063736,0.05402122899249662,0.0003230180009268224,2.0410079741850495e-06,0.0007552902447363393,0.0003624178542098839,nan,nan,,0.0,nan,nan,nan,nan,0,,1.8540099664941653e-05,3.8163916471489756e-17,0.00033379859874450315,0.01438103093620935,-0.00012309239820322497,0.21898038309503884,0,0.0,0.8017278782655889,0.0,0.8017278782655889,2.541098841762901e-20,0.0023400000000000057,1,1e-05
235,0.00235,NLR,1.0,0.01498562199412845,0.05381406199012417,0.00035977299557998776,2.454005880281329e-06,0.0007537897784861341,0.0003611966139584564,nan,nan,,0.0,nan,nan,nan,nan,0,,1.854031366972775e-05,3.8163916471489756e-17,0.0003338003203270801,0.01438109131354337,-0.00012309293001043077,0.21898130118368517,0,0.0,0.8023180634669174,0.0,0.8023180634669174,-4.0826988057657276e-19,0.0023500000000000053,1,1e-05
236,0.00236,NLR,1.0,0.015768558994750492,0.05250428299768828,0.00034045799111481756,1.9660074030980468e-06,0.0007522611893129698,0.00035996891961835874,nan,nan,,0.0,nan,nan,nan,nan,0,,1.854052629084522e-05,4.0332320816460765e-17,0.00033380203273872483,0.014381151386089863,-0.0001230934589369545,0.2189822146390314,0,0.0,0.8029041277265148,0.0,0.8029041277265148,2.541098841762901e-20,0.0023600000000000053,1,1e-05
237,0.00237,NLR,1.0,0.015396012997371145,0.055894064003950916,0.00029777899908367544,2.062995918095112e-06,0.0007507064880985239,0.0003587361786861179,nan,nan,,0.0,nan,nan,nan,nan,0,,1.8540737503611473e-05,4.163336342344337e-17,0.00033380373582524945,0.01438121114903046,-0.00012309398449609747,0.2189831233877498,0,0.0,0.8034861174802064,0.0,0.8034861174802064,2.541098841762901e-20,0.0023700000000000053,1,1e-05
238,0.00238,NLR,1.0,0.01727505400776863,0.05229563100147061,0.0004265019961167127,2.219996531493962e-06,0.0007491277848548403,0.0003574998395178728,nan,nan,,0.0,nan,nan,nan,nan,0,,1.8540947284818968e-05,3.8163916471489756e-17,0.00033380542944394395,0.014381270597939588,-0.0001230945067938191,0.21898402736246725,0,0.0,0.8040640784419198,0.0,0.8040640784419198,2.541098841762901e-20,0.0023800000000000054,1,1e-05
239,0.00239,NLR,1.0,0.01614022400463,0.06241255599888973,0.0004382049955893308,2.2500025806948543e-06,0.0007475272763022259,0.0003562613813060062,nan,nan,,0.0,nan,nan,nan,nan,0,,1.854115561290591e-05,3.9898639947466563e-17,0.00033380711346410805,0.01438132972880024,-0.0001230950255421026,0.2189849265020493,0,0.0,0.8046380556179155,0.0,0.8046380556179155,2.541098841762901e-20,0.0023900000000000054,1,1e-05
240,0.0024000000000000002,NLR,1.0,0.01871246199880261,0.05231946999265347,0.00032303298939950764,1.8949940567836165e-06,0.0007459072328565917,0.00035502230427118066,nan,nan,,0.0,nan,nan,nan,nan,0,,1.854136246809193e-05,3.859759734048396e-17,0.0003338087877676812,0.014381388538024176,-0.00012309554040562518,0.21898582075188086,0,0.0,0.805208093320678,0.0,0.805208093320678,2.541098841762901e-20,0.0024000000000000054,1,1e-05
241,0.0024100000000000002,NLR,1.0,0.021011689997976646,0.058025995997013524,0.0003615079913288355,2.3270113160833716e-06,0.0007442699856738295,0.00035378411986625174,nan,nan,,0.0,nan,nan,nan,nan,0,,1.8541567832243805e-05,4.0223900599212215e-17,0.0003338104522497752,0.014381447022469684,-0.00012309605141551182,0.2189867100641154,0,0.0,0.8057742351824806,0.0,0.8057742351824806,2.541098841762901e-20,0.0024100000000000055,1,1e-05
242,0.0024200000000000003,NLR,1.0,0.019423385005211458,0.052556447000824846,0.00031360899447463453,2.0029983716085553e-06,0.0007426179134447332,0.0003525483411275549,nan,nan,,0.0,nan,nan,nan,nan,0,,1.854177168930031e-05,4.163336342344337e-17,0.000333812106819013,0.014381505179450249,-0.00012309655819935542,0.21898759439784396,0,0.0,0.8063365241686298,0.0,0.8063365241686298,2.541098841762901e-20,0.0024200000000000055,1,1e-05
243,0.0024300000000000003,NLR,1.0,0.01590800601115916,0.05945122298726346,0.00030124800105113536,1.8650025594979525e-06,0.0007409534290951443,0.000351316473403479,nan,nan,,0.0,nan,nan,nan,nan,0,,1.854197402494967e-05,4.098284211995207e-17,0.0003338137513979157,0.014381563006746312,-0.00012309706061529248,0.2189884737192691,0,0.0,0.8068950025903997,0.0,0.8068950025903997,4.590918574118308e-19,0.002430000000000006,1,1e-05
244,0.0024400000000000003,NLR,1.0,0.016954342005192302,0.048612703001708724,0.0005331849970389158,2.572007360868156e-06,0.0007392789667054907,0.000350090005313484,nan,nan,,0.0,nan,nan,nan,nan,0,,1.8542174826986268e-05,3.9898639947466563e-17,0.0003338153859231848,0.014381620502615045,-0.00012309755868563006,0.2189893480018173,0,0.0,0.8074497121176644,0.0,0.8074497121176644,2.541098841762901e-20,0.002440000000000006,1,1e-05
245,0.0024500000000000004,NLR,1.0,0.018580404997919686,0.06260425801156089,0.00037378699926193804,2.510001650080085e-06,0.0007375969684730771,0.00034887040010261704,nan,nan,,0.0,nan,nan,nan,nan,0,,1.8542374085237088e-05,3.903127820947816e-17,0.0003338170103457937,0.014381677665790571,-0.0001230980520219258,0.21899021722619547,0,0.0,0.8080006937912361,0.0,0.8080006937912361,2.541098841762901e-20,0.002450000000000006,1,1e-05
246,0.0024600000000000004,NLR,1.0,0.017314940996584482,0.05494520199135877,0.00033180399623233825,1.9799917936325073e-06,0.000735909871858363,0.0003476590875770597,nan,nan,,0.0,nan,nan,nan,nan,0,,1.8542571791449085e-05,3.903127820947816e-17,0.00033381862463119133,0.01438173449549085,-0.00012309854054715175,0.2189910813804471,0,0.0,0.8085479880349178,0.0,0.8085479880349178,2.541098841762901e-20,0.002460000000000006,1,1e-05
247,0.0024700000000000004,NLR,1.0,0.016920515001402237,0.05546309900819324,0.00035257999843452126,2.048996975645423e-06,0.0007342200971555248,0.00034645745639666514,nan,nan,,0.0,nan,nan,nan,nan,0,,1.854276793950336e-05,3.903127820947816e-17,0.0003338202287592544,0.014381790991413679,-0.00012309902420550538,0.21899194045993892,0,0.0,0.8090916346672774,0.0,0.8090916346672774,2.541098841762901e-20,0.002470000000000006,1,1e-05
248,0.00248,NLR,1.0,0.01498637199983932,0.05331561500497628,0.00031660200329497457,2.4659966584295034e-06,0.0007325300353221985,0.00034526684702428003,nan,nan,,0.0,nan,nan,nan,nan,0,,1.8542962525345587e-05,4.0332320816460765e-17,0.0003338218227242779,0.014381847153736915,-0.00012309950278620402,0.21899279446731112,0,0.0,0.8096316729131516,0.0,0.8096316729131516,-4.0826988057657276e-19,0.0024800000000000056,1,1e-05
249,0.00249,NLR,1.0,0.016847925013280474,0.05350223199639004,0.0006257029890548438,3.353998181410134e-06,0.0007308420363780078,0.0003440885452679697,nan,nan,,0.0,nan,nan,nan,nan,0,,1.854315554698115e-05,4.0766001685454967e-17,0.0003338234065348154,0.014381902983110484,-0.00012309997620098433,0.2189936434124072,0,0.0,0.8101681414148856,0.0,0.8101681414148856,2.541098841762901e-20,0.0024900000000000057,1,1e-05
250,0.0025,NLR,1.0,0.019000134998350404,0.05058555299183354,0.00032171400380320847,1.9669969333335757e-06,0.0007291583982460106,0.00034292377642181147,nan,nan,,0.0,nan,nan,nan,nan,0,,1.8543347004423746e-05,4.163336342344337e-17,0.0003338249802135349,0.014381958480652157,-0.00012310044440994893,0.21899448731215387,0,0.0,0.8107010782433168,0.0,0.8107010782433168,2.541098841762901e-20,0.0025000000000000057,1,1e-05
251,0.00251,NLR,1.0,0.019861647000652738,0.04911578800238203,0.0002928769972641021,1.9310100469738245e-06,0.000727481356326523,0.0003417737000651302,nan,nan,,0.0,nan,nan,nan,nan,0,,1.854353689970838e-05,3.9898639947466563e-17,0.000333826543796852,0.014382013647932457,-0.0001231009072148064,0.21899532619040388,0,0.0,0.811230520908509,0.0,0.811230520908509,4.590918574118308e-19,0.002510000000000006,1,1e-05
252,0.00252,NLR,1.0,0.020182875989121385,0.050202251004520804,0.00029712299874518067,2.321990905329585e-06,0.0007258130735185769,0.00034063940559969093,nan,nan,,0.0,nan,nan,nan,nan,0,,1.854372523679667e-05,3.946495907847236e-17,0.0003338280973346837,0.01438206848696666,-0.00012310136460671074,0.21899616007776204,0,0.0,0.8117565063702429,0.0,0.8117565063702429,2.541098841762901e-20,0.002520000000000006,1,1e-05
253,0.00253,NLR,1.0,0.015783683993504383,0.056912465995992534,0.00038556499930564314,3.7949939724057913e-06,0.0007241556312172272,0.00033952190835271647,nan,nan,,0.0,nan,nan,nan,nan,0,,1.854391202165206e-05,4.163336342344337e-17,0.00033382964089004547,0.014382123000200586,-0.00012310181656916165,0.2189969890113654,0,0.0,0.8122790710482704,0.0,0.8122790710482704,-4.0826988057657276e-19,0.0025300000000000058,1,1e-05
254,0.00254,NLR,1.0,0.02239445901068393,0.05157824300113134,0.0002956139942398295,2.1400046534836292e-06,0.000722511020855322,0.00033842214644661716,nan,nan,,0.0,nan,nan,nan,nan,0,,1.8544097262030285e-05,4.163336342344337e-17,0.0003338311745385375,0.014382177190491952,-0.0001231022629481033,0.21899781303463378,0,0.0,0.8127982508323385,0.0,0.8127982508323385,2.541098841762901e-20,0.002540000000000006,1,1e-05
255,0.00255,NLR,1.0,0.016207880005822517,0.051407879989710636,0.00031119400227908045,1.7389975255355239e-06,0.0007208811364109238,0.0003373409783073645,nan,nan,,0.0,nan,nan,nan,nan,0,,1.8544280967517546e-05,3.9898639947466563e-17,0.00033383269836789216,0.014382231061094597,-0.00012310270370881985,0.21899863219700855,0,0.0,0.8133140810919887,0.0,0.8133140810919887,2.541098841762901e-20,0.002550000000000006,1,1e-05
256,0.00256,NLR,1.0,0.01654663799854461,0.04997964599169791,0.0002961069985758513,1.8880091374740005e-06,0.0007192677675494527,0.00033627918083772076,nan,nan,,0.0,nan,nan,nan,nan,0,,1.8544463149481878e-05,3.8163916471489756e-17,0.00033383421247740056,0.014382284615638952,-0.0001231031389077041,0.2189994465536546,0,0.0,0.8138265966861375,0.0,0.8138265966861375,2.541098841762901e-20,0.002560000000000006,1,1e-05
257,0.0025700000000000002,NLR,1.0,0.018306277997908182,0.055527327000163496,0.0003216150071239099,2.1260057110339403e-06,0.0007176725939356669,0.00033523744817995105,nan,nan,,0.0,nan,nan,nan,nan,0,,1.8544643820839788e-05,3.859759734048396e-17,0.00033383571697729464,0.014382337858110494,-0.0001231035683797389,0.21900025616513494,0,0.0,0.8143358319724449,0.0,0.8143358319724449,2.541098841762901e-20,0.002570000000000006,1,1e-05
258,0.0025800000000000003,NLR,1.0,0.015354772011050954,0.05539226900145877,0.00031454100098926574,2.095999661833048e-06,0.0007160971799944384,0.0003342163911862038,nan,nan,,0.0,nan,nan,nan,nan,0,,1.8544822996111077e-05,3.8163916471489756e-17,0.00033383721198810483,0.014382390792827104,-0.00012310399222379784,0.21900106109708858,0,0.0,0.8148418208164739,0.0,0.8148418208164739,2.541098841762901e-20,0.002580000000000006,1,1e-05
259,0.0025900000000000003,NLR,1.0,0.015757319997646846,0.052042884010006674,0.00030585299828089774,1.7610000213608146e-06,0.0007145429709804615,0.00033321653734443664,nan,nan,,0.0,nan,nan,nan,nan,0,,1.8545000691316138e-05,4.0332320816460765e-17,0.0003338386976400168,0.014382443424418412,-0.0001231044104118863,0.21900186141986416,0,0.0,0.8153445966006503,0.0,0.8153445966006503,-4.0826988057657276e-19,0.0025900000000000055,1,1e-05
260,0.0026000000000000003,NLR,1.0,0.017486248005297966,0.057568089992855676,0.0003105209907516837,1.824999344535172e-06,0.0007130112895760564,0.00033223833134569063,nan,nan,,0.0,nan,nan,nan,nan,0,,1.85451769238812e-05,3.9898639947466563e-17,0.00033384017407209134,0.014382495757797376,-0.0001231048228882886,0.21900265720815706,0,0.0,0.8158441922330231,0.0,0.8158441922330231,8.927727264060326e-19,0.0026000000000000064,1,1e-05
261,0.0026100000000000003,NLR,1.0,0.015245660004438832,0.048086270995554514,0.0006264959956752136,3.0090013751760125e-06,0.0007115033335178938,0.00033128213611766577,nan,nan,,0.0,nan,nan,nan,nan,0,,1.8545351712453686e-05,3.903127820947816e-17,0.0003338416414316069,0.014382547798139411,-0.00012310522972331246,0.21900344854063222,0,0.0,0.8163406401558353,0.0,0.8163406401558353,2.541098841762901e-20,0.0026100000000000064,1,1e-05
262,0.0026200000000000004,NLR,1.0,0.014455033000558615,0.05263611000555102,0.0003027659986400977,2.3360043996945024e-06,0.0007100201741262043,0.00033034823430030345,nan,nan,,0.0,nan,nan,nan,nan,0,,1.8545525076896875e-05,3.9302328752599536e-17,0.00033384309987326776,0.014382599550855302,-0.00012310563088393443,0.21900423549953246,0,0.0,0.8168339723539064,0.0,0.8168339723539064,2.541098841762901e-20,0.0026200000000000064,1,1e-05
263,0.0026300000000000004,NLR,1.0,0.01581164800154511,0.049479013003292494,0.0003091510006925091,1.997992512769997e-06,0.000708562755425151,0.00032943683019955673,nan,nan,,0.0,nan,nan,nan,nan,0,,1.8545697038114832e-05,3.924811864397526e-17,0.00033384454955842906,0.014382651021563886,-0.00012310602652690312,0.21900501817029,0,0.0,0.8173242203628336,0.0,0.8173242203628336,-4.0826988057657276e-19,0.002630000000000006,1,1e-05
264,0.0026400000000000004,NLR,1.0,0.014617469001677819,0.0570163470110856,0.0012951700045960024,3.002001903951168e-06,0.0007071318943176959,0.000328548052053926,nan,nan,,0.0,nan,nan,nan,nan,0,,1.8545867618015534e-05,4.0332320816460765e-17,0.00033384599065434674,0.0143827022160683,-0.00012310641647720686,0.21900579664111386,0,0.0,0.8178114152770143,0.0,0.8178114152770143,4.590918574118308e-19,0.0026400000000000065,1,1e-05
265,0.00265,NLR,1.0,0.015857659993343987,0.052922063987352885,0.0003094730054726824,1.838998286984861e-06,0.0007057282813040442,0.0003276819547192398,nan,nan,,0.0,nan,nan,nan,nan,0,,1.854603683933949e-05,4.119968255444917e-17,0.0003338474233333777,0.014382753140327997,-0.00012310680095018174,0.21900657100261328,0,0.0,0.8182955877574972,0.0,0.8182955877574972,2.541098841762901e-20,0.0026500000000000065,1,1e-05
266,0.00266,NLR,1.0,0.014215679999324493,0.05762476100062486,0.00031100300839170814,2.0989973563700914e-06,0.0007043524820708043,0.000326838522549858,nan,nan,,0.0,nan,nan,nan,nan,0,,1.854620472558658e-05,3.9898639947466563e-17,0.0003338488477722151,0.014382803800433885,-0.00012310717991985203,0.21900734134737992,0,0.0,0.8187767680396634,0.0,0.8187767680396634,-4.0826988057657276e-19,0.002660000000000006,1,1e-05
267,0.00267,NLR,1.0,0.015432629006681964,0.052083347996813245,0.0003071190003538504,2.007000148296356e-06,0.0007030049396012185,0.0003260176726257543,nan,nan,,0.0,nan,nan,nan,nan,0,,1.8546371300911575e-05,3.8163916471489756e-17,0.00033385026415109267,0.014382854202580564,-0.0001231075534837701,0.21900810776960486,0,0.0,0.819254985940743,0.0,0.819254985940743,4.590918574118308e-19,0.0026700000000000066,1,1e-05
268,0.00268,NLR,1.0,0.015222126996377483,0.051311757997609675,0.0003154980076942593,2.4239998310804367e-06,0.0007016859770234594,0.00032521925811627235,nan,nan,,0.0,nan,nan,nan,nan,0,,1.854653658992693e-05,3.8163916471489756e-17,0.00033385167265305606,0.014382904353043457,-0.00012310792172526657,0.21900887036468727,0,0.0,0.8197302708671727,0.0,0.8197302708671727,2.541098841762901e-20,0.0026800000000000066,1,1e-05
269,0.00269,NLR,1.0,0.01564483500260394,0.0518187629932072,0.0013090039865346625,3.0039955163374543e-06,0.00070039580096479,0.00032444307186810017,nan,nan,,0.0,nan,nan,nan,nan,0,,1.8546700617834952e-05,3.9519169187096637e-17,0.0003338530734631802,0.014382954258151726,-0.0001231082846549723,0.21900962922885048,0,0.0,0.8202026518217952,0.0,0.8202026518217952,2.541098841762901e-20,0.0026900000000000066,1,1e-05
270,0.0027,NLR,1.0,0.016933797000092454,0.052651727994089015,0.00038187300378922373,2.1479936549440026e-06,0.0006991345054030474,0.0003236888501036706,nan,nan,,0.0,nan,nan,nan,nan,0,,1.8546863410015208e-05,3.9898639947466563e-17,0.0003338544667678286,0.014383003924263393,-0.00012310864231885717,0.2190103844587761,0,0.0,0.8206721574109075,0.0,0.8206721574109075,-4.0826988057657276e-19,0.002700000000000006,1,1e-05
271,0.00271,NLR,1.0,0.01891049899859354,0.05264700199768413,0.0005006309947930276,2.6249908842146397e-06,0.0006979020759539391,0.0003229562762429186,nan,nan,,0.0,nan,nan,nan,nan,0,,1.8547024992026813e-05,3.729655473350135e-17,0.0003338558527539829,0.014383053357744258,-0.0001231089948878398,0.2190111361512475,0,0.0,0.8211388158511597,0.0,0.8211388158511597,4.590918574118308e-19,0.0027100000000000067,1,1e-05
272,0.00272,NLR,1.0,0.015385787992272526,0.05468249799741898,0.0003474640107015148,2.2830063244327903e-06,0.0006966983947719435,0.000322244984743609,nan,nan,,0.0,nan,nan,nan,nan,0,,1.8547185389753984e-05,3.903127820947816e-17,0.0003338572316085307,0.014383102564943462,-0.00012310934228338744,0.2190118844027923,0,0.0,0.8216026549763089,0.0,0.8216026549763089,2.541098841762901e-20,0.0027200000000000067,1,1e-05
273,0.0027300000000000002,NLR,1.0,0.018012230008025654,0.05296545900637284,0.00037749300827272236,2.3839966161176562e-06,0.000695523245290171,0.00032155456509532225,nan,nan,,0.0,nan,nan,nan,nan,0,,1.8547344628946532e-05,4.0549161250957866e-17,0.0003338586035175926,0.014383151552171292,-0.00012310968477251255,0.21901262930936904,0,0.0,0.8220637022438321,0.0,0.8220637022438321,2.541098841762901e-20,0.0027300000000000067,1,1e-05
274,0.0027400000000000002,NLR,1.0,0.01954348900471814,0.05556516999786254,0.0003015360125573352,2.0839943317696452e-06,0.0006943763179956462,0.0003208845656622908,nan,nan,,0.0,nan,nan,nan,nan,0,,1.8547502735231537e-05,3.903127820947816e-17,0.0003338599686659161,0.014383200325679635,-0.00012311002228209973,0.2190133709660323,0,0.0,0.8225219847413999,0.0,0.8225219847413999,2.541098841762901e-20,0.0027400000000000068,1,1e-05
275,0.0027500000000000003,NLR,1.0,0.017815366998547688,0.051313339004991576,0.0003102979972027242,2.077998942695558e-06,0.0006932572156263349,0.0003202344977140474,nan,nan,,0.0,nan,nan,nan,nan,0,,1.8547659734305557e-05,3.9898639947466563e-17,0.0003338613272362808,0.014383248891642442,-0.00012311035502212845,0.21901410946665087,0,0.0,0.8229775291932171,0.0,0.8229775291932171,2.541098841762901e-20,0.0027500000000000068,1,1e-05
276,0.0027600000000000003,NLR,1.0,0.015615683005307801,0.05915888700110372,0.0003676490014186129,2.1369924070313573e-06,0.0006921654592296736,0.0003196038392409287,nan,nan,,0.0,nan,nan,nan,nan,0,,1.854781565142035e-05,3.946495907847236e-17,0.00033386267940891583,0.014383297256136629,-0.00012311068291683013,0.2190148449036113,0,0.0,0.8234303619662303,0.0,0.8234303619662303,-4.0826988057657276e-19,0.0027600000000000064,1,1e-05
277,0.0027700000000000003,NLR,1.0,0.016919123008847237,0.051892413990572095,0.0002920219994848594,1.8739956431090832e-06,0.0006911004939343026,0.0003189920388826627,nan,nan,,0.0,nan,nan,nan,nan,0,,1.8547970511623547e-05,3.9898639947466563e-17,0.0003338640253609338,0.014383345425122096,-0.00012311100620376823,0.21901557736757366,0,0.0,0.8238805090762082,0.0,0.8238805090762082,2.541098841762901e-20,0.0027700000000000064,1,1e-05
278,0.0027800000000000004,NLR,1.0,0.015279829007340595,0.062364289988181554,0.0003514339914545417,2.2249878384172916e-06,0.0006900616950412657,0.0003183985196557194,nan,nan,,0.0,nan,nan,nan,nan,0,,1.8548124339453294e-05,3.9898639947466563e-17,0.0003338653652659535,0.014383393404432843,-0.0001231113249261389,0.2190163069472128,0,0.0,0.8243279961936968,0.0,0.8243279961936968,2.541098841762901e-20,0.0027800000000000064,1,1e-05
279,0.0027900000000000004,NLR,1.0,0.016937364998739213,0.05544399199425243,0.00036601499596145004,2.268003299832344e-06,0.0006890483739777553,0.0003178226827193883,nan,nan,,0.0,nan,nan,nan,nan,0,,1.8548277159174703e-05,3.8163916471489756e-17,0.000333866699293515,0.014383441199754543,-0.00012311163915521708,0.21901703372900122,0,0.0,0.8247728486498518,0.0,0.8247728486498518,4.590918574118308e-19,0.002790000000000007,1,1e-05
280,0.0028000000000000004,NLR,1.0,0.015659165001125075,0.05768288399849553,0.0003291580069344491,2.1469895727932453e-06,0.00068805978445727,0.0003172639109715264,nan,nan,,0.0,nan,nan,nan,nan,0,,1.8548428994342324e-05,3.881443777498106e-17,0.00033386802760876393,0.014383488816616996,-0.00012311194895671054,0.21901775779700403,0,0.0,0.8252150914421525,0.0,0.8252150914421525,2.541098841762901e-20,0.002800000000000007,1,1e-05
281,0.0028100000000000004,NLR,1.0,0.01847486599581316,0.05386405700119212,0.0003904589975718409,2.1900050342082977e-06,0.0006870951284673522,0.000316721572584671,nan,nan,,0.0,nan,nan,nan,nan,0,,1.8548579868051023e-05,4.0332320816460765e-17,0.00033386935037201085,0.014383536260378138,-0.0001231122544408249,0.21901847923269707,0,0.0,0.8256547492399992,0.0,0.8256547492399992,-8.419507495707745e-19,0.002810000000000006,1,1e-05
282,0.00282,NLR,1.0,0.015352043003076687,0.06050451200280804,0.000363341998308897,2.53900361713022e-06,0.0006861535622266067,0.00031619502441921265,nan,nan,,0.0,nan,nan,nan,nan,0,,1.8548729802672467e-05,3.8163916471489756e-17,0.0003338706677383977,0.014383583536214273,-0.00012311255571768209,0.21901919811480047,0,0.0,0.8260918463901963,0.0,0.8260918463901963,4.590918574118308e-19,0.0028200000000000065,1,1e-05
283,0.00283,NLR,1.0,0.01708101799886208,0.058291637993534096,0.00036027299938723445,2.107000909745693e-06,0.0006852342020831966,0.00031568361532754617,nan,nan,,0.0,nan,nan,nan,nan,0,,1.854887882000925e-05,3.935653886122381e-17,0.0003338719798576517,0.014383630649112744,-0.0001231128527674367,0.21901991451913091,0,0.0,0.8265264069223256,0.0,0.8265264069223256,4.590918574118308e-19,0.002830000000000007,1,1e-05
284,0.00284,NLR,1.0,0.017395638991729356,0.05595482799981255,0.000477866007713601,2.629996743053198e-06,0.0006843361302314085,0.0003151866893386681,nan,nan,,0.0,nan,nan,nan,nan,0,,1.854902694097633e-05,3.903127820947816e-17,0.00033387328687374665,0.014383677603860168,-0.00012311314584058367,0.21902062851848758,0,0.0,0.8269584545540106,0.0,0.8269584545540106,-4.0826988057657276e-19,0.0028400000000000066,1,1e-05
285,0.00285,NLR,1.0,0.016890376995434053,0.06362398000783287,0.0003568860120140016,2.239001332782209e-06,0.0006834584004738701,0.0003147035886786413,nan,nan,,0.0,nan,nan,nan,nan,0,,1.8549174185902946e-05,3.903127820947816e-17,0.00033387458892473863,0.014383724405038656,-0.00012311343481811207,0.21902134018252845,0,0.0,0.8273880126960753,0.0,0.8273880126960753,2.541098841762901e-20,0.0028500000000000066,1,1e-05
286,0.00286,NLR,1.0,0.015633536007953808,0.057140075994539075,0.0003759960090974346,2.14899773709476e-06,0.0006826000434111409,0.00031423365675406966,nan,nan,,0.0,nan,nan,nan,nan,0,,1.8549320574210604e-05,3.946495907847236e-17,0.0003338758861425209,0.014383771057017158,-0.00012311371984206426,0.21902204957769997,0,0.0,0.8278151044575998,0.0,0.8278151044575998,2.541098841762901e-20,0.0028600000000000066,1,1e-05
287,0.00287,NLR,1.0,0.01706472299702,0.05873333000636194,0.000340547994710505,2.1410087356343865e-06,0.0006817600719545388,0.0003137762408939532,nan,nan,,0.0,nan,nan,nan,nan,0,,1.8549466124491705e-05,3.903127820947816e-17,0.0003338771786527376,0.01438381756395013,-0.00012311400098998933,0.2190227567671596,0,0.0,0.8282397526508746,0.0,0.8282397526508746,4.590918574118308e-19,0.002870000000000007,1,1e-05
288,0.00288,NLR,1.0,0.0203134630137356,0.054942169997957535,0.0003905019984813407,2.515997039154172e-06,0.0006809374863241162,0.00031333069501106667,nan,nan,,0.0,nan,nan,nan,nan,0,,1.854961085451265e-05,4.0766001685454967e-17,0.00033387846657460747,0.01438386392977109,-0.00012311427848979312,0.21902346181073018,0,0.0,0.8286619797962573,0.0,0.8286619797962573,-4.0826988057657276e-19,0.0028800000000000067,1,1e-05
289,0.00289,NLR,1.0,0.018933172003016807,0.06461513599788304,0.0006590959965251386,2.902001142501831e-06,0.0006801312789754534,0.0003128963821168725,nan,nan,,0.0,nan,nan,nan,nan,0,,1.8549754781225874e-05,3.903127820947816e-17,0.00033387975002085763,0.014383910158192181,-0.00012311455209230117,0.21902416476484557,0,0.0,0.8290818081269327,0.0,0.8290818081269327,4.590918574118308e-19,0.002890000000000007,1,1e-05
290,0.0029000000000000002,NLR,1.0,0.01612574199680239,0.061452983994968235,0.0003301050019217655,1.8629943951964378e-06,0.0006793404390735397,0.00031247267675092266,nan,nan,,0.0,nan,nan,nan,nan,0,,1.8549897920650544e-05,4.163336342344337e-17,0.0003338810290976889,0.014383956252702834,-0.00012311482213308466,0.21902486568256457,0,0.0,0.8294992595935781,0.0,0.8294992595935781,2.541098841762901e-20,0.002900000000000007,1,1e-05
291,0.0029100000000000003,NLR,1.0,0.016952015008428134,0.058835372008616105,0.0003255769988754764,2.1089945221319795e-06,0.0006785639573292862,0.0003120589671257092,nan,nan,,0.0,nan,nan,nan,nan,0,,1.8550040287932326e-05,3.903127820947816e-17,0.0003338823039047201,0.014384002216568659,-0.00012311508857378633,0.21902556461354072,0,0.0,0.8299143558689384,0.0,0.8299143558689384,2.541098841762901e-20,0.002910000000000007,1,1e-05
292,0.0029200000000000003,NLR,1.0,0.018662784990738146,0.059625189009238966,0.00032498400832992047,2.2160093067213893e-06,0.0006778008298065975,0.00031165465731359317,nan,nan,,0.0,nan,nan,nan,nan,0,,1.8550181897366005e-05,3.8163916471489756e-17,0.0003338835745349987,0.014384048052831888,-0.00012311535131894518,0.21902626160403957,0,0.0,0.8303271183523102,0.0,0.8303271183523102,-4.0826988057657276e-19,0.002920000000000007,1,1e-05
293,0.0029300000000000003,NLR,1.0,0.017795460007619113,0.057541083995602094,0.0003668149875011295,2.052009222097695e-06,0.0006770500622016719,0.0003112591691753912,nan,nan,,0.0,nan,nan,nan,nan,0,,1.855032276225853e-05,3.903127820947816e-17,0.00033388484107509705,0.014384093764316486,-0.00012311561066980233,0.21902695669698247,0,0.0,0.8307375681739392,0.0,0.8307375681739392,4.590918574118308e-19,0.0029300000000000073,1,1e-05
294,0.0029400000000000003,NLR,1.0,0.016850952000822872,0.06652947299880907,0.0004850550030823797,2.486995072104037e-06,0.0006763106735608058,0.0003108719441555268,nan,nan,,0.0,nan,nan,nan,nan,0,,1.855046289514247e-05,3.9898639947466563e-17,0.00033388610360505746,0.014384139353625036,-0.0001231158665083641,0.21902764993195817,0,0.0,0.8311457261993309,0.0,0.8311457261993309,2.541098841762901e-20,0.0029400000000000073,1,1e-05
295,0.0029500000000000004,NLR,1.0,0.01642950499081053,0.05837203000555746,0.00036741099029313773,2.1750020096078515e-06,0.0006755816997662322,0.0003104924450093936,nan,nan,,0.0,nan,nan,nan,nan,0,,1.855060230755349e-05,3.8163916471489756e-17,0.00033388736219860775,0.014384184823148072,-0.00012311611893864465,0.2190283413452942,0,0.0,0.8315516130334791,0.0,0.8315516130334791,-4.0826988057657276e-19,0.002950000000000007,1,1e-05
296,0.0029600000000000004,NLR,1.0,0.019169581995811313,0.061634924000827596,0.0004571329918690026,2.615997800603509e-06,0.0006748621969381308,0.0003101201573114058,nan,nan,,0.0,nan,nan,nan,nan,0,,1.8550741010258996e-05,3.9898639947466563e-17,0.0003338886169231596,0.014384230175063184,-0.0001231163680407126,0.2190290309701129,0,0.0,0.8319552490250111,0.0,0.8319552490250111,4.590918574118308e-19,0.0029600000000000073,1,1e-05
297,0.0029700000000000004,NLR,1.0,0.01783904001058545,0.05622266400314402,0.0003314429923193529,2.0940060494467616e-06,0.0006741512445460155,0.00030975459086032635,nan,nan,,0.0,nan,nan,nan,nan,0,,1.8550879013119258e-05,3.9898639947466563e-17,0.0003338898678400064,0.01438427541134324,-0.00012311661367652842,0.2190297188363985,0,0.0,0.8323566542702538,0.0,0.8323566542702538,4.590918574118308e-19,0.002970000000000008,1,1e-05
298,0.0029800000000000004,NLR,1.0,0.020699087996035814,0.057402735998039134,0.0010574180050753057,4.5439956011250615e-06,0.0006734479481879613,0.00030939528097130136,nan,nan,,0.0,nan,nan,nan,nan,0,,1.8551016325127806e-05,4.163336342344337e-17,0.00033389111500445404,0.014384320533760375,-0.00012311685606512877,0.21903040497109783,0,0.0,0.8327558486172222,0.0,0.8327558486172222,-8.419507495707745e-19,0.002980000000000007,1,1e-05
299,0.00299,NLR,1.0,0.02029631099139806,0.05447277499479242,0.0004584279959090054,3.4249969758093357e-06,0.0006727514424771092,0.0003090417895483516,nan,nan,,0.0,nan,nan,nan,nan,0,,1.8551152954555904e-05,4.163336342344337e-17,0.00033389235846598977,0.014384365543892885,-0.00012311709506478992,0.21903108939819335,0,0.0,0.8331528516695299,0.0,0.8331528516695299,4.590918574118308e-19,0.0029900000000000074,1,1e-05
300,0.003,NLR,1.0,0.015246876995661296,0.0549033419956686,0.0005125129973748699,0.37390571399009787,0.0006720608932356745,0.00030869370612937244,nan,nan,,0.0,nan,nan,nan,nan,0,,1.8551288908702235e-05,3.821812658011403e-17,0.00033389359826846557,0.014384410443130768,-0.0001231173309066207,0.21903177213882527,0,0.0,0.8335476827902267,0.0,0.8335476827902267,-4.0826988057657276e-19,0.003000000000000007,1,1e-05
301,0.00301,NLR,1.0,0.020225361004122533,0.05858322500716895,0.00032422599906567484,2.631000825203955e-06,0.000671375500085944,0.00030835064866718175,nan,nan,,0.0,nan,nan,nan,nan,0,,1.8551424194308757e-05,3.8163916471489756e-17,0.00033389483445030383,0.014384455232683946,-0.00012311756337409575,0.2190324532113762,0,0.0,0.8339403611055624,0.0,0.8339403611055624,2.541098841762901e-20,0.003010000000000007,1,1e-05
302,0.00302,NLR,1.0,0.02032987799611874,0.05898739300027955,0.0004702869919128716,2.2370077203959227e-06,0.0006706944981225803,0.00030801226432772917,nan,nan,,0.0,nan,nan,nan,nan,0,,1.8551558817130745e-05,3.9898639947466563e-17,0.0003338960670447211,0.01438449991358981,-0.00012311779268368885,0.21903313263161403,0,0.0,0.8343309055086788,0.0,0.8343309055086788,2.541098841762901e-20,0.003020000000000007,1,1e-05
303,0.00303,NLR,1.0,0.017210197998792864,0.059713113005273044,0.00036068199551664293,2.1379964891821146e-06,0.0006700171601581374,0.0003076782299714003,nan,nan,,0.0,nan,nan,nan,nan,0,,1.8551692782419186e-05,3.9898639947466563e-17,0.0003338972960799489,0.014384544486720552,-0.00012311801871603143,0.21903381041279224,0,0.0,0.8347193346632332,0.0,0.8347193346632332,4.590918574118308e-19,0.0030300000000000075,1,1e-05
304,0.00304,NLR,1.0,0.018797081997036003,0.05895675400097389,0.0003386589960427955,2.310000127181411e-06,0.0006693427981320006,0.0003073482526665952,nan,nan,,0.0,nan,nan,nan,nan,0,,1.8551826094594253e-05,3.9898639947466563e-17,0.0003338985215794738,0.014384588952792488,-0.00012311824152526704,0.21903448656579086,0,0.0,0.8351056670069522,0.0,0.8351056670069522,-4.0826988057657276e-19,0.003040000000000007,1,1e-05
305,0.00305,NLR,1.0,0.015381315999547951,0.05272464599693194,0.0003938529989682138,1.9160070223733783e-06,0.0006686707647312526,0.0003070220699542077,nan,nan,,0.0,nan,nan,nan,nan,0,,1.8551958757452338e-05,3.8163916471489756e-17,0.0003338997435623046,0.014384633312374273,-0.0001231184611129202,0.21903516109924634,0,0.0,0.8354899207551197,0.0,0.8354899207551197,4.590918574118308e-19,0.0030500000000000076,1,1e-05
306,0.0030600000000000002,NLR,1.0,0.02117761899717152,0.05880378400615882,0.00035846100945491344,1.9379949662834406e-06,0.0006680004546628331,0.00030669945003153635,nan,nan,,0.0,nan,nan,nan,nan,0,,1.855209077414863e-05,4.0115480381963664e-17,0.0003339009620431957,0.014384677565895343,-0.00012311867740504576,0.21903583401968538,0,0.0,0.8358721139039998,0.0,0.8358721139039998,-4.0826988057657276e-19,0.003060000000000007,1,1e-05
307,0.0030700000000000002,NLR,1.0,0.017504796996945515,0.057747080994886346,0.00035684299655258656,2.4320033844560385e-06,0.0006673313057351375,0.00030638019180020547,nan,nan,,0.0,nan,nan,nan,nan,0,,1.855222214731737e-05,4.0007060164715114e-17,0.00033390217703298464,0.014384721713657456,-0.00012311889051236282,0.2190365053316751,0,0.0,0.8362522642341951,0.0,0.8362522642341951,2.541098841762901e-20,0.003070000000000007,1,1e-05
308,0.0030800000000000003,NLR,1.0,0.01708110299659893,0.056402918009553105,0.00035600199771579355,1.9410072127357125e-06,0.000666662799960498,0.0003060641247426554,nan,nan,,0.0,nan,nan,nan,nan,0,,1.855235287896418e-05,3.903127820947816e-17,0.0003339033885388001,0.0143847657558418,-0.00012311910040918144,0.2190371750379582,0,0.0,0.8366303893139426,0.0,0.8366303893139426,4.590918574118308e-19,0.0030800000000000076,1,1e-05
309,0.0030900000000000003,NLR,1.0,0.01515201099391561,0.06880555598763749,0.0006104869971750304,2.739994670264423e-06,0.0006659944641848038,0.00030575110872924934,nan,nan,,0.0,nan,nan,nan,nan,0,,1.855248297058744e-05,3.903127820947816e-17,0.0003339045965643524,0.014384809692518319,-0.00012311930690121076,0.21903784313959762,0,0.0,0.8370065065023501,0.0,0.8370065065023501,2.541098841762901e-20,0.0030900000000000077,1,1e-05
310,0.0031000000000000003,NLR,1.0,0.01802100701024756,0.057249019999289885,0.0003594839945435524,1.9920116756111383e-06,0.0006653258707700745,0.00030544103367223415,nan,nan,,0.0,nan,nan,nan,nan,0,,1.8552612423214624e-05,4.163336342344337e-17,0.00033390580111028386,0.014384853523659258,-0.00012311951032701452,0.21903850963614743,0,0.0,0.8373806329525703,0.0,0.8373806329525703,-4.0826988057657276e-19,0.0031000000000000073,1,1e-05
311,0.0031100000000000004,NLR,1.0,0.016354652005247772,0.06391214999894146,0.0003490369999781251,2.001004759222269e-06,0.0006646566382039661,0.00030513381898888834,nan,nan,,0.0,nan,nan,nan,nan,0,,1.8552741237430398e-05,3.9898639947466563e-17,0.0003339070021743742,0.014384897249144712,-0.00012311971042937666,0.21903917452576874,0,0.0,0.8377527856149185,0.0,0.8377527856149185,4.590918574118308e-19,0.0031100000000000077,1,1e-05
312,0.0031200000000000004,NLR,1.0,0.01922115198976826,0.06489761100965552,0.0008115990058286116,2.9799994081258774e-06,0.0006639864311679425,0.00030482941308278104,nan,nan,,0.0,nan,nan,nan,nan,0,,1.8552869413435357e-05,3.935653886122381e-17,0.00033390819975187883,0.014384940868774843,-0.00012311990720928988,0.21903983780540745,0,0.0,0.8381229812399321,0.0,0.8381229812399321,2.541098841762901e-20,0.0031200000000000077,1,1e-05
313,0.0031300000000000004,NLR,1.0,0.017063524996046908,0.06024643700220622,0.0005277440068311989,3.1579984351992607e-06,0.0006633149608501216,0.00030452779256133104,nan,nan,,0.0,nan,nan,nan,nan,0,,1.8552996950987894e-05,3.9898639947466563e-17,0.00033390939383579467,0.01438498438227831,-0.00012312010059539822,0.21904049947093468,0,0.0,0.8384912363813746,0.0,0.8384912363813746,2.541098841762901e-20,0.0031300000000000078,1,1e-05
314,0.0031400000000000004,NLR,1.0,0.020339481998234987,0.060068029997637495,0.001319261995377019,3.6280107451602817e-06,0.0006626419849042967,0.0003042289614295532,nan,nan,,0.0,nan,nan,nan,nan,0,,1.855312384965178e-05,3.8163916471489756e-17,0.0003339105844172057,0.014385027789325378,-0.00012312029067514167,0.21904115951730702,0,0.0,0.8388575673991844,0.0,0.8388575673991844,-4.0826988057657276e-19,0.0031400000000000074,1,1e-05
315,0.0031500000000000005,NLR,1.0,0.01922712400846649,0.06255163799505681,0.00035927200224250555,2.778004272840917e-06,0.0006619673073454382,0.000303932950112904,nan,nan,,0.0,nan,nan,nan,nan,0,,1.8553250108570817e-05,3.859759734048396e-17,0.0003339117714855075,0.014385071089533685,-0.00012312047743355873,0.21904181793870828,0,0.0,0.8392219904623706,0.0,0.8392219904623706,2.541098841762901e-20,0.0031500000000000074,1,1e-05
316,0.00316,NLR,1.0,0.017352298003970645,0.06128702199202962,0.001149150004494004,3.5470002330839634e-06,0.0006612907782989217,0.00030363981438571265,nan,nan,,0.0,nan,nan,nan,nan,0,,1.855337572674277e-05,4.163336342344337e-17,0.00033391295502875834,0.014385114282481792,-0.0001231206605958449,0.21904247472869715,0,0.0,0.8395845215518555,0.0,0.8395845215518555,2.541098841762901e-20,0.0031600000000000074,1,1e-05
317,0.00317,NLR,1.0,0.018998257000930607,0.06813532000523992,0.00042576399573590606,2.291999408043921e-06,0.0006606122933021278,0.0003033496342721112,nan,nan,,0.0,nan,nan,nan,nan,0,,1.855350070284953e-05,3.9898639947466563e-17,0.0003339141350339418,0.01438515736771695,-0.00012312084058012908,0.2190431298803817,0,0.0,0.8399451764632667,0.0,0.8399451764632667,4.590918574118308e-19,0.003170000000000008,1,1e-05
318,0.00318,NLR,1.0,0.020566682011121884,0.07213585800491273,0.0005817890050821006,2.5719928089529276e-06,0.0006599317932720739,0.0003030625126433605,nan,nan,,0.0,nan,nan,nan,nan,0,,1.8553625035571555e-05,4.119968255444917e-17,0.0003339153114872269,0.014385200344763982,-0.00012312101692916926,0.2190437833865233,0,0.0,0.8403039708096781,0.0,0.8403039708096781,2.541098841762901e-20,0.003180000000000008,1,1e-05
319,0.00319,NLR,1.0,0.02363744999456685,0.06382948999817017,0.0003868119965773076,2.5279878173023462e-06,0.0006592492632135065,0.0003027785740011553,nan,nan,,0.0,nan,nan,nan,nan,0,,1.8553748723265465e-05,4.0332320816460765e-17,0.0003339164843743243,0.014385243213138166,-0.00012312118982343894,0.219044435239724,0,0.0,0.8406609200243023,0.0,0.8406609200243023,2.541098841762901e-20,0.003190000000000008,1,1e-05
320,0.0032,NLR,1.0,0.019209139994927682,0.07927687901246827,0.00038816001324448735,2.211003447882831e-06,0.0006585647317589977,0.0003024979629168448,nan,nan,,0.0,nan,nan,nan,nan,0,,1.8553871764353674e-05,3.8163916471489756e-17,0.00033391765368068606,0.014385285972350559,-0.0001231213592501218,0.21904508543254497,0,0.0,0.8410160393631345,0.0,0.8410160393631345,2.541098841762901e-20,0.003200000000000008,1,1e-05
321,0.00321,NLR,1.0,0.020392432998050936,0.07093683700077236,0.0006805089942645282,3.1959934858605266e-06,0.0006578782701794312,0.0003022208425304387,nan,nan,,0.0,nan,nan,nan,nan,0,,1.8553994157150266e-05,3.8163916471489756e-17,0.00033391881939184463,0.0143853286219211,-0.00012312152496350484,0.21904573395764573,0,0.0,0.8413693439075497,0.0,0.8413693439075497,-4.0826988057657276e-19,0.0032100000000000076,1,1e-05
322,0.00322,NLR,1.0,0.019692052999744192,0.06955570599529892,0.00042950300849042833,2.582004526630044e-06,0.0006571899910463042,0.00030194739297209687,nan,nan,,0.0,nan,nan,nan,nan,0,,1.8554115899891608e-05,3.946495907847236e-17,0.0003339199814936261,0.014385371161383498,-0.00012312168719111913,0.21904638080793964,0,0.0,0.8417208485668528,0.0,0.8417208485668528,4.590918574118308e-19,0.003220000000000008,1,1e-05
323,0.0032300000000000002,NLR,1.0,0.01989986200351268,0.07088959599786904,0.00036512300721369684,1.8970022210851312e-06,0.0006565000473608815,0.0003016778096212245,nan,nan,,0.0,nan,nan,nan,nan,0,,1.8554236990946773e-05,3.9898639947466563e-17,0.00033392113997244736,0.014385413590297436,-0.00012312184579830722,0.21904702597670317,0,0.0,0.8420705680807847,0.0,0.8420705680807847,2.541098841762901e-20,0.003230000000000008,1,1e-05
324,0.0032400000000000003,NLR,1.0,0.020731379991048016,0.06609240800025873,0.0003651600127341226,1.997002982534468e-06,0.0006558086309593021,0.00030141230142271224,nan,nan,,0.0,nan,nan,nan,nan,0,,1.8554357428697068e-05,4.0766001685454967e-17,0.00033392229481556227,0.01438545590825524,-0.00012312200071721332,0.2190476694577165,0,0.0,0.8424185170219833,0.0,0.8424185170219833,-4.0826988057657276e-19,0.0032400000000000076,1,1e-05
325,0.0032500000000000003,NLR,1.0,0.01898772400454618,0.07014305700431578,0.00034010900708381087,2.2270105546340346e-06,0.0006551159712701955,0.0003011510890720433,nan,nan,,0.0,nan,nan,nan,nan,0,,1.855447721157647e-05,3.9898639947466563e-17,0.0003339234460112925,0.014385498114890094,-0.00012312215189432807,0.2190483112453866,0,0.0,0.8427647097984012,0.0,0.8427647097984012,4.590918574118308e-19,0.003250000000000008,1,1e-05
326,0.0032600000000000003,NLR,1.0,0.018256231007399037,0.06599396000092383,0.0003732819895958528,2.2570020519196987e-06,0.0006544223334761565,0.0003008944032232976,nan,nan,,0.0,nan,nan,nan,nan,0,,1.8554596338212916e-05,3.9898639947466563e-17,0.00033392459354927915,0.014385540209884473,-0.00012312229928132236,0.21904895133486507,0,0.0,0.8431091606556813,0.0,0.8431091606556813,-4.0826988057657276e-19,0.0032600000000000077,1,1e-05
327,0.0032700000000000003,NLR,1.0,0.025129892004770227,0.06783564400393516,0.0003960799949709326,2.4610053515061736e-06,0.0006537280172086133,0.0003006424825868165,nan,nan,,0.0,nan,nan,nan,nan,0,,1.8554714807337702e-05,4.163336342344337e-17,0.00033392573742071184,0.014385582192977475,-0.00012312244297588346,0.21904958972216992,0,0.0,0.8434518836794908,0.0,0.8434518836794908,4.590918574118308e-19,0.003270000000000008,1,1e-05
328,0.0032800000000000004,NLR,1.0,0.021550563993514515,0.07067402999382466,0.00036547800118569285,2.0659936126321554e-06,0.0006530333545891484,0.0003003955720755922,nan,nan,,0.0,nan,nan,nan,nan,0,,1.855483261786268e-05,3.892285799222961e-17,0.00033392687761854187,0.014385624063972369,-0.00012312258286952118,0.21905022640428137,0,0.0,0.843792892797814,0.0,0.843792892797814,-4.0826988057657276e-19,0.0032800000000000077,1,1e-05
329,0.0032900000000000004,NLR,1.0,0.023000778994173743,0.06145903799915686,0.0008350459975190461,4.182002157904208e-06,0.0006523387084078468,0.000300153920911102,nan,nan,,0.0,nan,nan,nan,nan,0,,1.8554949769015624e-05,3.8163916471489756e-17,0.0003339280141376747,0.014385665822742144,-0.00012312271877137156,0.2190508613792513,0,0.0,0.844132201783206,0.0,0.844132201783206,4.590918574118308e-19,0.003290000000000008,1,1e-05
330,0.0033000000000000004,NLR,1.0,0.023035325997625478,0.06634333801048342,0.0004598870000336319,2.5170011213049293e-06,0.0006516444701089584,0.00029991778075980985,nan,nan,,0.0,nan,nan,nan,nan,0,,1.8555066260160798e-05,4.163336342344337e-17,0.00033392914697519835,0.014385707469237285,-0.00012312285087274867,0.21905149464631585,0,0.0,0.8444698242550065,0.0,0.8444698242550065,2.541098841762901e-20,0.0033000000000000082,1,1e-05
331,0.0033100000000000004,NLR,1.0,0.01795502500317525,0.06343901599757373,0.0003541140031302348,2.310000127181411e-06,0.0006509510580186751,0.000299687403792707,nan,nan,,0.0,nan,nan,nan,nan,0,,1.8555182090993177e-05,3.7513395167998453e-17,0.00033393027613053957,0.014385749003491544,-0.00012312297907432525,0.21905212620596642,0,0.0,0.8448057736815155,0.0,0.8448057736815155,-4.0826988057657276e-19,0.003310000000000008,1,1e-05
332,0.0033200000000000005,NLR,1.0,0.019177727997885086,0.06773430699831806,0.00044286200136411935,2.8990034479647875e-06,0.0006502589149805591,0.00029946304088596695,nan,nan,,0.0,nan,nan,nan,nan,0,,1.8555297261527582e-05,3.8163916471489756e-17,0.000333931401605676,0.014385790425628375,-0.00012312310333296604,0.21905275606004712,0,0.0,0.8451400633821323,0.0,0.8451400633821323,4.590918574118308e-19,0.0033200000000000083,1,1e-05
333,0.00333,NLR,1.0,0.020928733007167466,0.0691463339899201,0.0004062390071339905,2.119006239809096e-06,0.0006495685063988335,0.00029924493975313934,nan,nan,,0.0,nan,nan,nan,nan,0,,1.8555411771996737e-05,3.9898639947466563e-17,0.00033393252340522205,0.01438583173586272,-0.0001231232234946378,0.21905338421182902,0,0.0,0.8454727065294566,0.0,0.8454727065294566,2.541098841762901e-20,0.0033300000000000083,1,1e-05
334,0.00334,NLR,1.0,0.020878325987723656,0.07305410099797882,0.0005332719883881509,2.7380010578781366e-06,0.0006488803177578235,0.00029903334321047277,nan,nan,,0.0,nan,nan,nan,nan,0,,1.855552562313628e-05,4.0332320816460765e-17,0.00033393364153668187,0.014385872934511212,-0.000123123339798638,0.2190540106660983,0,0.0,0.8458037161513542,0.0,0.8458037161513542,2.541098841762901e-20,0.0033400000000000083,1,1e-05
335,0.00335,NLR,1.0,0.018968042990309186,0.07258846200420521,0.00042675000440794975,2.5810004444792867e-06,0.000648194852854359,0.00029882848734623244,nan,nan,,0.0,nan,nan,nan,nan,0,,1.855563881593564e-05,3.903127820947816e-17,0.00033393475601050033,0.014385914021992185,-0.00012312345199125697,0.21905463542919779,0,0.0,0.8461331051329875,0.0,0.8461331051329875,-4.0826988057657276e-19,0.003350000000000008,1,1e-05
336,0.00336,NLR,1.0,0.0247282729978906,0.0709838119946653,0.0007726060139248148,2.9329967219382524e-06,0.0006475126308746243,0.0002986305999634175,nan,nan,,0.0,nan,nan,nan,nan,0,,1.8555751351868303e-05,3.9898639947466563e-17,0.0003339358668402307,0.014385954998831885,-0.00012312356011295376,0.21905525850910834,0,0.0,0.8464608862188111,0.0,0.8464608862188111,2.541098841762901e-20,0.003360000000000008,1,1e-05
337,0.00337,NLR,1.0,0.02323268700274639,0.07826389800175093,0.0005353180022211745,2.9650109354406595e-06,0.0006468341845131899,0.00029843989889207564,nan,nan,,0.0,nan,nan,nan,nan,0,,1.8555863232717778e-05,4.0766001685454967e-17,0.0003339369740426265,0.014385995865666468,-0.00012312366413115604,0.21905587991549183,0,0.0,0.8467870720145338,0.0,0.8467870720145338,4.590918574118308e-19,0.0033700000000000084,1,1e-05
338,0.00338,NLR,1.0,0.022357114998158067,0.07446542898833286,0.0004582519904943183,2.020009560510516e-06,0.0006461600573565007,0.0002982565905083922,nan,nan,,0.0,nan,nan,nan,nan,0,,1.8555974460713308e-05,3.8163916471489756e-17,0.00033393807763775466,0.014386036623246667,-0.00012312376408186193,0.21905649965974044,0,0.0,0.8471116749890473,0.0,0.8471116749890473,-4.0826988057657276e-19,0.003380000000000008,1,1e-05
339,0.0033900000000000002,NLR,1.0,0.021319997002137825,0.06991699400532525,0.00044748200161848217,2.7329951990395784e-06,0.0006454908016703981,0.0002980808682751417,nan,nan,,0.0,nan,nan,nan,nan,0,,1.855608503857453e-05,4.163336342344337e-17,0.00033393917764904993,0.01438607727243868,-0.00012312385982522772,0.2190571177550084,0,0.0,0.8474347074763218,0.0,0.8474347074763218,2.541098841762901e-20,0.003390000000000008,1,1e-05
340,0.0034000000000000002,NLR,1.0,0.02446980400418397,0.08002705599938054,0.0005271770060062408,2.9610091587528586e-06,0.0006448269758403625,0.0002979129114337216,nan,nan,,0.0,nan,nan,nan,nan,0,,1.8556194969396124e-05,3.8163916471489756e-17,0.00033394027410340796,0.014386117814226829,-0.00012312395152348427,0.21905773421625763,0,0.0,0.847756181677271,0.0,0.847756181677271,2.541098841762901e-20,0.003400000000000008,1,1e-05
341,0.0034100000000000003,NLR,1.0,0.022625168989179656,0.07347461400786415,0.0006314610072877258,3.2999960239976645e-06,0.0006441691421715839,0.0002977528837219325,nan,nan,,0.0,nan,nan,nan,nan,0,,1.855630425680867e-05,3.9898639947466563e-17,0.000333941367031239,0.01438615824971623,-0.0001231240388955181,0.2190583490602585,0,0.0,0.8480761096615843,0.0,0.8480761096615843,2.541098841762901e-20,0.003410000000000008,1,1e-05
342,0.0034200000000000003,NLR,1.0,0.025101976993028075,0.07338128300034441,0.0005607460043393075,2.8260110411792994e-06,0.0006435178641865084,0.0002976009323176546,nan,nan,,0.0,nan,nan,nan,nan,0,,1.855641290484473e-05,3.9898639947466563e-17,0.00033394245646650164,0.014386198580132126,-0.00012312412215017933,0.2190589623056364,0,0.0,0.8483945033695296,0.0,0.8483945033695296,2.541098841762901e-20,0.003420000000000008,1,1e-05
343,0.0034300000000000003,NLR,1.0,0.02189201799046714,0.07800436700927094,0.0005277480086078867,3.1249946914613247e-06,0.0006428737047001279,0.0002974571867375513,nan,nan,,0.0,nan,nan,nan,nan,0,,1.8556520918007534e-05,3.859759734048396e-17,0.0003339435424467198,0.014386238806821217,-0.0001231242011946971,0.21905957397285541,0,0.0,0.8487113746137251,0.0,0.8487113746137251,4.590918574118308e-19,0.0034300000000000086,1,1e-05
344,0.0034400000000000003,NLR,1.0,0.027427352004451677,0.07353584600787144,0.00041521999810356647,2.7810019673779607e-06,0.00064223722318208,0.00029732175801014247,nan,nan,,0.0,nan,nan,nan,nan,0,,1.8556628301330807e-05,3.8760227666356784e-17,0.00033394462501301186,0.014386278931252328,-0.00012312427602895816,0.2190601840842357,0,0.0,0.8490267350808823,0.0,0.8490267350808823,-4.0826988057657276e-19,0.003440000000000008,1,1e-05
345,0.0034500000000000004,NLR,1.0,0.02412267599720508,0.07748662200174294,0.0005334140005288646,3.0040100682526827e-06,0.0006416089734473851,0.00029719473787534565,nan,nan,,0.0,nan,nan,nan,nan,0,,1.8556735060277792e-05,4.119968255444917e-17,0.00033394570421010694,0.01438631895501663,-0.00012312434668379447,0.21906079266394338,0,0.0,0.8493405963335198,0.0,0.8493405963335198,-4.0826988057657276e-19,0.0034500000000000077,1,1e-05
346,0.0034600000000000004,NLR,1.0,0.02251511500799097,0.07516492900322191,0.0003958040033467114,2.4460023269057274e-06,0.0006409895016635406,0.00029707619811828313,nan,nan,,0.0,nan,nan,nan,nan,0,,1.8556841200819054e-05,3.946495907847236e-17,0.00033394678008627184,0.01438635887982409,-0.0001231244130983938,0.21906139973797786,0,0.0,0.8496529698116484,0.0,0.8496529698116484,8.927727264060326e-19,0.0034600000000000086,1,1e-05
347,0.0034700000000000004,NLR,1.0,0.022555714996997267,0.08271019399398938,0.0004459990013856441,2.6229972718283534e-06,0.0006403793438729681,0.00029696619007062093,nan,nan,,0.0,nan,nan,nan,nan,0,,1.855694672939521e-05,3.6917083973131426e-17,0.00033394785269332835,0.0143863987075048,-0.00012312447519974932,0.2190620053341552,0,0.0,0.8499638668344297,0.0,0.8499638668344297,-4.0826988057657276e-19,0.0034700000000000082,1,1e-05
348,0.0034800000000000005,NLR,1.0,0.019768726007896475,0.07027727700187825,0.00038076700002420694,2.578002749942243e-06,0.0006397790239125282,0.00029686474420864716,nan,nan,,0.0,nan,nan,nan,nan,0,,1.8557051652932577e-05,4.087442190270352e-17,0.00033394892208661006,0.014386438440006533,-0.00012312453323077397,0.21906260948209033,0,0.0,0.8502732986018057,0.0,0.8502732986018057,4.590918574118308e-19,0.0034800000000000087,1,1e-05
349,0.0034900000000000005,NLR,1.0,0.0219714590057265,0.07424076800816692,0.0003931340033886954,2.3410102585330606e-06,0.0006391890516053235,0.0002967718698249426,nan,nan,,0.0,nan,nan,nan,nan,0,,1.8557155978825513e-05,3.8163916471489756e-17,0.0003339499883249208,0.014386478079394527,-0.00012312458696501623,0.21906321221314512,0,0.0,0.8505812761961028,0.0,0.8505812761961028,2.541098841762901e-20,0.0034900000000000087,1,1e-05
350,0.0035,NLR,1.0,0.021389973000623286,0.0745602399983909,0.00041290798981208354,2.645989297889173e-06,0.0006386099203252877,0.0002966875549544491,nan,nan,,0.0,nan,nan,nan,nan,0,,1.855725971491452e-05,4.050850366948966e-17,0.00033395105147040647,0.014386517627844153,-0.00012312463656123011,0.21906381356041188,0,0.0,0.8508878105836097,0.0,0.8508878105836097,2.541098841762901e-20,0.0035000000000000087,1,1e-05
351,0.00351,NLR,1.0,0.022080858994740993,0.06960752799932379,0.00041060900548473,2.592001692391932e-06,0.0006380421055282747,0.0002966117662553556,nan,nan,,0.0,nan,nan,nan,nan,0,,1.855736286956841e-05,3.9898639947466563e-17,0.00033395211158852964,0.014386557087642249,-0.00012312468188223395,0.21906441355865006,0,0.0,0.8511929126161291,0.0,0.8511929126161291,-4.0826988057657276e-19,0.0035100000000000083,1,1e-05
352,0.00352,NLR,1.0,0.020850631000939757,0.07207519900111947,0.00044144100684206933,2.6239868020638824e-06,0.0006374860625024353,0.00029654444917692025,nan,nan,,0.0,nan,nan,nan,nan,0,,1.8557465451495883e-05,3.9898639947466563e-17,0.00033395316874800505,0.014386596461184231,-0.00012312472308074695,0.2190650122442527,0,0.0,0.8514965930325037,0.0,0.8514965930325037,2.541098841762901e-20,0.0035200000000000084,1,1e-05
353,0.00353,NLR,1.0,0.02055691099667456,0.08152791699103545,0.0004786200006492436,2.392000169493258e-06,0.0006369422251337978,0.00029648552804390795,nan,nan,,0.0,nan,nan,nan,nan,0,,1.8557567469953103e-05,4.119968255444917e-17,0.0003339542230205831,0.014386635750964771,-0.00012312475998558844,0.21906560965517063,0,0.0,0.851798862460119,0.0,0.851798862460119,2.541098841762901e-20,0.0035300000000000084,1,1e-05
354,0.00354,NLR,1.0,0.019921387007343583,0.06064469399279915,0.00036340299993753433,2.0709994714707136e-06,0.0006364110036852077,0.00029643490648219306,nan,nan,,0.0,nan,nan,nan,nan,0,,1.855766893456046e-05,4.0766001685454967e-17,0.0003339552744810778,0.014386674959580681,-0.0001231247928091521,0.2190662058308723,0,0.0,0.8520997314163807,0.0,0.8520997314163807,4.590918574118308e-19,0.003540000000000009,1,1e-05
355,0.00355,NLR,1.0,0.017120128992246464,0.06886684500204865,0.0003652239975053817,2.030996256507933e-06,0.0006358927838592671,0.0002963924676980492,nan,nan,,0.0,nan,nan,nan,nan,0,,1.855776985534663e-05,3.9898639947466563e-17,0.0003339563232071428,0.014386714089722474,-0.00012312482146816317,0.21906680081225405,0,0.0,0.8523992103101681,0.0,0.8523992103101681,2.541098841762901e-20,0.003550000000000009,1,1e-05
356,0.0035600000000000002,NLR,1.0,0.019490855003823526,0.06638866699358914,0.00041022500954568386,2.549000782892108e-06,0.0006353879249283837,0.0002963580750619744,nan,nan,,0.0,nan,nan,nan,nan,0,,1.8557870242714694e-05,4.163336342344337e-17,0.0003339573692791782,0.014386753144169928,-0.00012312484608314138,0.21906739464158492,0,0.0,0.852697309443265,0.0,0.852697309443265,2.541098841762901e-20,0.003560000000000009,1,1e-05
357,0.0035700000000000003,NLR,1.0,0.01997604500502348,0.0723316520015942,0.00038540500099770725,2.902001142501831e-06,0.0006348967586954359,0.00029633157263796747,nan,nan,,0.0,nan,nan,nan,nan,0,,1.8557970107533745e-05,3.859759734048396e-17,0.0003339584127801858,0.014386792125788084,-0.00012312486659671405,0.21906798736241523,0,0.0,0.8529940390117674,0.0,0.8529940390117674,2.541098841762901e-20,0.003570000000000009,1,1e-05
358,0.0035800000000000003,NLR,1.0,0.023372664989437908,0.06671342598565388,0.00040682899998500943,2.2500025806948543e-06,0.0006344195881706246,0.00029631278586911877,nan,nan,,0.0,nan,nan,nan,nan,0,,1.855806946101553e-05,3.9898639947466563e-17,0.000333959453795575,0.014386831037519698,-0.0001231248829995655,0.21906857901950302,0,0.0,0.8532894091074682,0.0,0.8532894091074682,4.590918574118308e-19,0.0035800000000000094,1,1e-05
359,0.0035900000000000003,NLR,1.0,0.023691452006460167,0.08040816799621098,0.0003671480080811307,2.3120082914829254e-06,0.0006339566864956386,0.0002963015223124727,nan,nan,,0.0,nan,nan,nan,nan,0,,1.855816831459814e-05,4.163336342344337e-17,0.00033396049241308726,0.014386869882383468,-0.0001231248953471365,0.21906916965872789,0,0.0,0.8535834297192204,0.0,0.8535834297192204,-8.419507495707745e-19,0.0035900000000000085,1,1e-05
360,0.0036000000000000003,NLR,1.0,0.020808692992432043,0.0753459190018475,0.0005787839909316972,3.102002665400505e-06,0.0006335082959562684,0.0002962975724413591,nan,nan,,0.0,nan,nan,nan,nan,0,,1.8558266680156488e-05,3.903127820947816e-17,0.0003339615287225518,0.014386908663464482,-0.00012312490377466932,0.21906975932700234,0,0.0,0.8538761107342788,0.0,0.8538761107342788,4.590918574118308e-19,0.003600000000000009,1,1e-05
361,0.0036100000000000004,NLR,1.0,0.02266431099269539,0.0718197969981702,0.00037940200127195567,2.5690096663311124e-06,0.0006330746273530478,0.0002963007104663653,nan,nan,,0.0,nan,nan,nan,nan,0,,1.8558364569885e-05,3.903127820947816e-17,0.0003339625628157326,0.014386947383909332,-0.00012312490816415175,0.21907034807216713,0,0.0,0.8541674619396197,0.0,0.8541674619396197,2.541098841762901e-20,0.003610000000000009,1,1e-05
362,0.0036200000000000004,NLR,1.0,0.019722582001122646,0.06926586201007012,0.0003846159961540252,2.5379995349794626e-06,0.0006326558588935173,0.0002963106953031279,nan,nan,,0.0,nan,nan,nan,nan,0,,1.8558461996108e-05,4.163336342344337e-17,0.000333963594786167,0.014386986046920347,-0.00012312490870737685,0.21907093594291388,0,0.0,0.8544574930232405,0.0,0.8544574930232405,-4.0826988057657276e-19,0.0036200000000000086,1,1e-05
363,0.0036300000000000004,NLR,1.0,0.0239168310072273,0.07004569299169816,0.00040826400800142437,2.282002242282033e-06,0.0006322521359614863,0.00029632727145626327,nan,nan,,0.0,nan,nan,nan,nan,0,,1.8558558971551128e-05,3.9898639947466563e-17,0.0003339646247289399,0.014387024655747593,-0.0001231249052745645,0.2190715229886652,0,0.0,0.8547462135754386,0.0,0.8547462135754386,4.590918574118308e-19,0.003630000000000009,1,1e-05
364,0.0036400000000000004,NLR,1.0,0.022075910994317383,0.11378071899525821,0.0004536440101219341,3.0349910957738757e-06,0.0006318635702291541,0.0002963501700578523,nan,nan,,0.0,nan,nan,nan,nan,0,,1.8558655509118432e-05,3.881443777498106e-17,0.0003339656527405629,0.014387063213685547,-0.00012312489811117666,0.21907210925949522,0,0.0,0.85503363309007,0.0,0.85503363309007,-4.0826988057657276e-19,0.0036400000000000087,1,1e-05
365,0.0036500000000000005,NLR,1.0,0.02018286200473085,0.07584517999202944,0.00041035900358110666,2.429005689918995e-06,0.0006314902398076314,0.0002963791097934654,nan,nan,,0.0,nan,nan,nan,nan,0,,1.8558751621979937e-05,3.7730235602495554e-17,0.00033396667891864303,0.014387101724059548,-0.00012312488696695435,0.21907269480599909,0,0.0,0.8553197609657883,0.0,0.8553197609657883,4.590918574118308e-19,0.003650000000000009,1,1e-05
366,0.0036600000000000005,NLR,1.0,0.019224227988161147,0.0736148249998223,0.0005731749988626689,2.8049980755895376e-06,0.0006311321882920745,0.0002964137980271228,nan,nan,,0.0,nan,nan,nan,nan,0,,1.855884732326801e-05,3.9898639947466563e-17,0.0003339677033618705,0.014387140190228243,-0.00012312487218251028,0.21907327967922113,0,0.0,0.855604606507265,0.0,0.855604606507265,2.541098841762901e-20,0.003660000000000009,1,1e-05
367,0.00367,NLR,1.0,0.017200264002894983,0.0742870660033077,0.00037256500218063593,2.282002242282033e-06,0.000630789425305422,0.00029645393172606383,nan,nan,,0.0,nan,nan,nan,nan,0,,1.855894262655788e-05,3.892285799222961e-17,0.0003339687261696528,0.014387178615568041,-0.0001231248536245374,0.21907386393051528,0,0.0,0.8558881789263892,0.0,0.8558881789263892,2.541098841762901e-20,0.003670000000000009,1,1e-05
368,0.00368,NLR,1.0,0.02013041899772361,0.07757812598720193,0.0003803180006798357,2.653003321029246e-06,0.000630461925962155,0.00029649919857644243,nan,nan,,0.0,nan,nan,nan,nan,0,,1.8559037545394636e-05,3.903127820947816e-17,0.0003339697474420017,0.014387217003471786,-0.00012312483146189866,0.21907444761146283,0,0.0,0.8561704873434509,0.0,0.8561704873434509,2.541098841762901e-20,0.0036800000000000092,1,1e-05
369,0.00369,NLR,1.0,0.021016372993472032,0.07166052199318074,0.0007731520017841831,3.0520022846758366e-06,0.0006301496311856506,0.00029654927797123214,nan,nan,,0.0,nan,nan,nan,nan,0,,1.8559132093465296e-05,3.9898639947466563e-17,0.00033397076727927706,0.014387255357337425,-0.0001231248057073783,0.21907503077374701,0,0.0,0.8564515407883038,0.0,0.8564515407883038,2.541098841762901e-20,0.0036900000000000092,1,1e-05
370,0.0037,NLR,1.0,0.01846472999022808,0.06505292699148413,0.00036309100687503815,2.3270113160833716e-06,0.0006298524478302638,0.0002966038420496036,nan,nan,,0.0,nan,nan,nan,nan,0,,1.855922628452578e-05,4.0766001685454967e-17,0.00033397178578202036,0.014387293680564461,-0.00012312477627993813,0.2190756134690503,0,0.0,0.8567313482015113,0.0,0.8567313482015113,8.927727264060326e-19,0.00370000000000001,1,1e-05
371,0.00371,NLR,1.0,0.024738396998145618,0.07969928300008178,0.0003757690137717873,2.3369939299300313e-06,0.000629570248726066,0.00029666255673886806,nan,nan,,0.0,nan,nan,nan,nan,0,,1.8559320132327175e-05,3.8163916471489756e-17,0.00033397280305072654,0.014387331976544848,-0.00012312474351289351,0.21907619574895887,0,0.0,0.8570099184354754,0.0,0.8570099184354754,-8.419507495707745e-19,0.0037100000000000093,1,1e-05
372,0.00372,NLR,1.0,0.019274780002888292,0.07492315499985125,0.00038909500290174037,2.8389913495630026e-06,0.0006293028736260633,0.0002967250826663055,nan,nan,,0.0,nan,nan,nan,nan,0,,1.8559413650758963e-05,3.9898639947466563e-17,0.0003339738191856129,0.014387370248654996,-0.00012312470719676952,0.2190767776648259,0,0.0,0.8572872602555462,0.0,0.8572872602555462,-4.0826988057657276e-19,0.003720000000000009,1,1e-05
373,0.0037300000000000002,NLR,1.0,0.02013505599461496,0.06670047900115605,0.0003658920031739399,2.1790037862956524e-06,0.0006290501288911749,0.0002967910762396546,nan,nan,,0.0,nan,nan,nan,nan,0,,1.855950685363594e-05,3.7621815385247004e-17,0.00033397483428649174,0.014387408500252663,-0.0001231246675864518,0.2190773592676953,0,0.0,0.8575633823411173,0.0,0.8575633823411173,8.927727264060326e-19,0.00373000000000001,1,1e-05
374,0.0037400000000000003,NLR,1.0,0.019593268996686675,0.07173191799665801,0.0003854240057989955,1.972992322407663e-06,0.0006288117887631394,0.0002968601904884337,nan,nan,,0.0,nan,nan,nan,nan,0,,1.8559599754752487e-05,4.163336342344337e-17,0.0003339758484524697,0.014387446734665188,-0.00012312462455078458,0.21907794060816904,0,0.0,0.8578382932867015,0.0,0.8578382932867015,2.541098841762901e-20,0.00374000000000001,1,1e-05
375,0.0037500000000000003,NLR,1.0,0.01827195700025186,0.0663365850050468,0.0003595970047172159,2.3650063667446375e-06,0.0006285875954944446,0.00029693207606516596,nan,nan,,0.0,nan,nan,nan,nan,0,,1.8559692367848424e-05,3.9898639947466563e-17,0.00033397686178179554,0.014387484955184826,-0.00012312457816826918,0.21907852173632064,0,0.0,0.8581120016029923,0.0,0.8581120016029923,-4.0826988057657276e-19,0.0037500000000000094,1,1e-05
376,0.0037600000000000003,NLR,1.0,0.022519554011523724,0.06743458000710234,0.00037589498970191926,1.8790015019476414e-06,0.0006283772602736443,0.000297006382082979,nan,nan,,0.0,nan,nan,nan,nan,0,,1.8559784706556908e-05,3.9898639947466563e-17,0.0003339778743716727,0.01438752316506231,-0.00012312452875367326,0.21907910270159275,0,0.0,0.8583845157179082,0.0,0.8583845157179082,4.590918574118308e-19,0.00376000000000001,1,1e-05
377,0.0037700000000000003,NLR,1.0,0.01936096599092707,0.06344023199926596,0.0007599469972774386,2.4859909899532795e-06,0.0006281804642548686,0.0002970827569447185,nan,nan,,0.0,nan,nan,nan,nan,0,,1.8559876784433302e-05,3.903127820947816e-17,0.00033397888631803564,0.014387561367499746,-0.00012312447604109409,0.2190796835526707,0,0.0,0.8586558439776216,0.0,0.8586558439776216,-4.0826988057657276e-19,0.0037700000000000095,1,1e-05
378,0.0037800000000000004,NLR,1.0,0.02190635800070595,0.06547594199946616,0.0003714609920280054,2.2339954739436507e-06,0.0006279968588266011,0.0002971608492464499,nan,nan,,0.0,nan,nan,nan,nan,0,,1.8559968614936986e-05,4.163336342344337e-17,0.00033397989771538053,0.014387599565644171,-0.00012312442024826984,0.21908026433741445,0,0.0,0.8589259946475721,0.0,0.8589259946475721,4.590918574118308e-19,0.00378000000000001,1,1e-05
379,0.0037900000000000004,NLR,1.0,0.017982115998165682,0.06886674799898174,0.0003632689913501963,2.5710032787173986e-06,0.0006278260671888925,0.00029724030846493626,nan,nan,,0.0,nan,nan,nan,nan,0,,1.856006021126491e-05,3.9898639947466563e-17,0.0003339809086565571,0.014387637762580674,-0.00012312436150852416,0.2190808451027462,0,0.0,0.8591949759134642,0.0,0.8591949759134642,-4.0826988057657276e-19,0.0037900000000000095,1,1e-05
380,0.0038000000000000004,NLR,1.0,0.025351356991450302,0.06496994799817912,0.0007756910054013133,3.402994479984045e-06,0.0006276676850757694,0.000297320785738108,nan,nan,,0.0,nan,nan,nan,nan,0,,1.856015158653341e-05,4.0766001685454967e-17,0.0003339819192325926,0.014387675961326396,-0.00012312429964669288,0.2190814258945489,0,0.0,0.85946279588225,0.0,0.85946279588225,4.590918574118308e-19,0.00380000000000001,1,1e-05
381,0.0038100000000000005,NLR,1.0,0.021916229001362808,0.06596809299662709,0.0003447279887041077,1.925000105984509e-06,0.0006275212816541265,0.00029740193460335324,nan,nan,,0.0,nan,nan,nan,nan,0,,1.8560242753612986e-05,3.8163916471489756e-17,0.00033398292953252455,0.014387714164824983,-0.00012312423494598021,0.2190820067575975,0,0.0,0.8597294625830986,0.0,0.8597294625830986,2.541098841762901e-20,0.00381000000000001,1,1e-05
382,0.0038200000000000005,NLR,1.0,0.025294670995208435,0.06409797199012246,0.0003732670011231676,2.182991011068225e-06,0.0006273864010473091,0.00029748341160531263,nan,nan,,0.0,nan,nan,nan,nan,0,,1.8560333725112898e-05,3.924811864397526e-17,0.00033398393964323387,0.01438775237594081,-0.00012312416744135728,0.21908258773545045,0,0.0,0.8599949839683482,0.0,0.8599949839683482,2.541098841762901e-20,0.00382000000000001,1,1e-05
383,0.0038300000000000005,NLR,1.0,0.018128591997083277,0.07313779499963857,0.0003473090037005022,2.191998646594584e-06,0.0006272625632062992,0.00029756487697777913,nan,nan,,0.0,nan,nan,nan,nan,0,,1.8560424513448576e-05,3.903127820947816e-17,0.0003339849496492398,0.0143877905974521,-0.00012312409705142975,0.21908316887036727,0,0.0,0.8602593679144469,0.0,0.8602593679144469,2.541098841762901e-20,0.00383000000000001,1,1e-05
384,0.0038400000000000005,NLR,1.0,0.02152697800192982,0.06587985898659099,0.00042089099588338286,3.4010008675977588e-06,0.0006271492651820418,0.0002976459952341791,nan,nan,,0.0,nan,nan,nan,nan,0,,1.8560515130713136e-05,3.8163916471489756e-17,0.0003339859596326222,0.014387828832048699,-0.00012312402406843503,0.21908375020324503,0,0.0,0.8605226222228779,0.0,0.8605226222228779,2.541098841762901e-20,0.00384000000000001,1,1e-05
385,0.00385,NLR,1.0,0.018866790996980853,0.06424089400388766,0.00034693699853960425,2.578992280177772e-06,0.000627045982632048,0.0002977264356993268,nan,nan,,0.0,nan,nan,nan,nan,0,,1.8560605588740906e-05,3.9898639947466563e-17,0.00033398696967275717,0.014387867082322092,-0.00012312394828391197,0.21908433177351103,0,0.0,0.860784754621071,0.0,0.860784754621071,4.590918574118308e-19,0.0038500000000000105,1,1e-05
386,0.00386,NLR,1.0,0.016169934009667486,0.06646303000161424,0.0004692980000982061,2.46299896389246e-06,0.000626952170686572,0.00029780587311415254,nan,nan,,0.0,nan,nan,nan,nan,0,,1.8560695899079574e-05,4.163336342344337e-17,0.0003339879798462694,0.01438790535076473,-0.00012312386991881382,0.21908491361907992,0,0.0,0.8610457727633011,0.0,0.8610457727633011,-4.0826988057657276e-19,0.00386000000000001,1,1e-05
387,0.00387,NLR,1.0,0.021619984006974846,0.07054917800996918,0.0004411890113260597,2.430999302305281e-06,0.0006268672656967036,0.0002978839880623043,nan,nan,,0.0,nan,nan,nan,nan,0,,1.8560786072842454e-05,3.859759734048396e-17,0.0003339889902268758,0.014387943639764922,-0.00012312378907331582,0.21908549577626568,0,0.0,0.8613056842315736,0.0,0.8613056842315736,2.541098841762901e-20,0.00387000000000001,1,1e-05
388,0.00388,NLR,1.0,0.020250592002412304,0.06329113700485323,0.0003428619966143742,2.4420005502179265e-06,0.0006267906865167057,0.0002979604674790089,nan,nan,,0.0,nan,nan,nan,nan,0,,1.8560876120903712e-05,3.8163916471489756e-17,0.00033399000088521025,0.014387981951600182,-0.00012312370576667377,0.21908607827971852,0,0.0,0.8615644965364964,0.0,0.8615644965364964,2.541098841762901e-20,0.00388000000000001,1,1e-05
389,0.0038900000000000002,NLR,1.0,0.018192114002886228,0.07001561400829814,0.00036887200258206576,2.3659958969801664e-06,0.0006267218357923712,0.00029803500509333107,nan,nan,,0.0,nan,nan,nan,nan,0,,1.856096605371625e-05,3.8163916471489756e-17,0.0003339910118887372,0.014388020288435,-0.0001231236199494204,0.2190866611623631,0,0.0,0.8618222171181386,0.0,0.8618222171181386,-4.0826988057657276e-19,0.0038900000000000098,1,1e-05
390,0.0039000000000000003,NLR,1.0,0.021161067998036742,0.0676704039942706,0.0003946790093323216,2.3339962353929877e-06,0.0006266601013931435,0.00029810730186494264,nan,nan,,0.0,nan,nan,nan,nan,0,,1.856105588138948e-05,4.0332320816460765e-17,0.00033399202330167187,0.014388058652317959,-0.0001231235317863046,0.21908724445535074,0,0.0,0.8620788533468777,0.0,0.8620788533468777,-4.0826988057657276e-19,0.0039000000000000094,1,1e-05
391,0.00391,NLR,1.0,0.017401203003828414,0.06334225099999458,0.0004018339968752116,2.4280016077682376e-06,0.0006266048581003406,0.0002981770663323558,nan,nan,,0.0,nan,nan,nan,nan,0,,1.8561145613583566e-05,4.119968255444917e-17,0.0003339930351847968,0.014388097045175519,-0.0001231234412870463,0.21908782818799716,0,0.0,0.8623344125242342,0.0,0.8623344125242342,1.3264535954002343e-18,0.003910000000000011,1,1e-05
392,0.003920000000000001,NLR,1.0,0.01917746900289785,0.06490441499045119,0.00038458699418697506,2.387008862569928e-06,0.0006265554687655461,0.0002982440150359383,nan,nan,,0.0,nan,nan,nan,nan,0,,1.8561235259573186e-05,3.9898639947466563e-17,0.0003339940475954358,0.01438813546881157,-0.00012312334856365073,0.21908841238773896,0,0.0,0.862588901883693,0.0,0.862588901883693,-4.0826988057657276e-19,0.00392000000000001,1,1e-05
393,0.00393,NLR,1.0,0.018903324991697446,0.06308219498896506,0.00038798400782980025,2.358996425755322e-06,0.0006265113540031067,0.0002983077994821343,nan,nan,,0.0,nan,nan,nan,nan,0,,1.8561324827375065e-05,3.664603343001005e-17,0.00033399506058280853,0.014388173924768655,-0.00012312325367115263,0.21908899707804574,0,0.0,0.8628423285915142,0.0,0.8628423285915142,-4.0826988057657276e-19,0.00393000000000001,1,1e-05
394,0.00394,NLR,1.0,0.019984321988886222,0.09317821598961018,0.00041483099630568177,2.802000381052494e-06,0.0006264717988873292,0.00029836822007158127,nan,nan,,0.0,nan,nan,nan,nan,0,,1.8561414325375818e-05,4.163336342344337e-17,0.00033399607419653306,0.014388212414580437,-0.00012312315661157835,0.21908958228225,0,0.0,0.8630946997475318,0.0,0.8630946997475318,4.590918574118308e-19,0.00394000000000001,1,1e-05
395,0.00395,NLR,1.0,0.019808298005955294,0.06614598199666943,0.0004945250111632049,2.364991814829409e-06,0.0006264361338813623,0.0002984250260695231,nan,nan,,0.0,nan,nan,nan,nan,0,,1.8561503761454078e-05,3.903127820947816e-17,0.0003339970884829354,0.01438825093966245,-0.00012312305744818143,0.2190901680218774,0,0.0,0.86334602238594,0.0,0.86334602238594,-4.0826988057657276e-19,0.00395000000000001,1,1e-05
396,0.00396,NLR,1.0,0.019790142003330402,0.06583105100435205,0.0004275959945516661,2.519998815841973e-06,0.0006264036897654531,0.0002984779692804421,nan,nan,,0.0,nan,nan,nan,nan,0,,1.8561593143177096e-05,3.8163916471489756e-17,0.0003339981034845267,0.014388289501295004,-0.00012312295626551816,0.21909075431642888,0,0.0,0.8635963034760694,0.0,0.8635963034760694,4.590918574118308e-19,0.00396000000000001,1,1e-05
397,0.0039700000000000004,NLR,1.0,0.018038223002804443,0.06517103999794926,0.00035709999792743474,2.1260057110339403e-06,0.0006263737931686607,0.0002985268110725304,nan,nan,,0.0,nan,nan,nan,nan,0,,1.85616824775853e-05,3.8163916471489756e-17,0.0003339991192400398,0.01438832810062629,-0.00012312285304035166,0.21909134118335466,0,0.0,0.8638455499231512,0.0,0.8638455499231512,-4.0826988057657276e-19,0.00397000000000001,1,1e-05
398,0.00398,NLR,1.0,0.023046317000989802,0.06611042500298936,0.0005917859962210059,2.9810034902766347e-06,0.0006263457678722054,0.0002985713226513693,nan,nan,,0.0,nan,nan,nan,nan,0,,1.8561771771258437e-05,3.8163916471489756e-17,0.00033400013578429205,0.01438836673866617,-0.0001231227479264938,0.2190919286380423,0,0.0,0.8640937685690708,0.0,0.8640937685690708,4.590918574118308e-19,0.0039800000000000104,1,1e-05
399,0.0039900000000000005,NLR,1.0,0.024721138004679233,0.061480663003749214,0.0003882080054609105,2.4460023269057274e-06,0.0006263189365836846,0.00029861128531354265,nan,nan,,0.0,nan,nan,nan,nan,0,,1.8561861030275305e-05,4.0332320816460765e-17,0.00033400115314822186,0.014388405416288608,-0.00012312264092057256,0.219092516693792,0,0.0,0.8643409661931108,0.0,0.8643409661931108,-4.0826988057657276e-19,0.00399000000000001,1,1e-05
400,0.004,NLR,1.0,0.020787437999388203,0.07026760900043882,0.0004457019967958331,0.42427841600147076,0.0006262926221538389,0.00029864649070816785,nan,nan,,0.0,nan,nan,nan,nan,0,,1.8561950260294403e-05,3.8163916471489756e-17,0.00033400217135887145,0.014388444134231682,-0.0001231225321259631,0.21909310536181476,0,0.0,0.8645871495126827,0.0,0.8645871495126827,4.590918574118308e-19,0.0040000000000000105,1,1e-05
401,0.0040100000000000005,NLR,1.0,0.02069274999666959,0.06455562400515191,0.00035238100099377334,2.7039932319894433e-06,0.0006262661494023324,0.000298676741041386,nan,nan,,0.0,nan,nan,nan,nan,0,,1.856203946646859e-05,4.163336342344337e-17,0.00033400319043926937,0.014388482893091359,-0.00012312242145028044,0.2190936946512188,0,0.0,0.8648323251840488,0.0,0.8648323251840488,4.590918574118308e-19,0.004010000000000011,1,1e-05
402,0.00402,NLR,1.0,0.017192344996146858,0.06283148599322885,0.0005892290064366534,2.5460030883550644e-06,0.0006262388462247421,0.00029870184934034145,nan,nan,,0.0,nan,nan,nan,nan,0,,1.8562128653390946e-05,3.729655473350135e-17,0.0003340042104085577,0.014388521693329048,-0.00012312230907719223,0.21909428456902252,0,0.0,0.8650764998030342,0.0,0.8650764998030342,-4.0826988057657276e-19,0.0040200000000000105,1,1e-05
403,0.004030000000000001,NLR,1.0,0.021449539010063745,0.0568953930051066,0.00032870500581339,2.201995812356472e-06,0.0006262100453704603,0.00029872163962776693,nan,nan,,0.0,nan,nan,nan,nan,0,,1.856221782533183e-05,3.8163916471489756e-17,0.00033400523128192385,0.014388560535267825,-0.00012312219496432325,0.2190948751201428,0,0.0,0.8653196799057276,0.0,0.8653196799057276,-4.0826988057657276e-19,0.00403000000000001,1,1e-05
404,0.00404,NLR,1.0,0.022629829996731132,0.05662212199240457,0.0003349979961058125,1.895008608698845e-06,0.0006261790857444218,0.00029873594714899737,nan,nan,,0.0,nan,nan,nan,nan,0,,1.856230698591583e-05,3.9898639947466563e-17,0.0003340062530706251,0.014388599419093318,-0.00012312207922491233,0.21909546630741758,0,0.0,0.8655618719691728,0.0,0.8655618719691728,4.590918574118308e-19,0.004040000000000011,1,1e-05
405,0.004050000000000001,NLR,1.0,0.024674457003129646,0.057858604995999485,0.0003221969964215532,1.6270059859380126e-06,0.0006261453139271277,0.0002987446185337049,nan,nan,,0.0,nan,nan,nan,nan,0,,1.8562396138389364e-05,3.8163916471489756e-17,0.00033400727578198963,0.014388638344853932,-0.00012312196181434476,0.2190960581316081,0,0.0,0.8658030824120512,0.0,0.8658030824120512,-4.0826988057657276e-19,0.00405000000000001,1,1e-05
406,0.00406,NLR,1.0,0.030422805997659452,0.06694095200509764,0.00035604600270744413,2.2759923012927175e-06,0.0006261080854354546,0.00029874751200488703,nan,nan,,0.0,nan,nan,nan,nan,0,,1.8562485285447904e-05,3.9898639947466563e-17,0.00033400829941949945,0.014388677312465292,-0.0001231218427877436,0.21909665059142486,0,0.0,0.8660433175953531,0.0,0.8660433175953531,-4.0826988057657276e-19,0.00406000000000001,1,1e-05
407,0.004070000000000001,NLR,1.0,0.017353086994262412,0.05918039899552241,0.0003989749966422096,2.3169995984062552e-06,0.0006260667661288539,0.00029874449753535237,nan,nan,,0.0,nan,nan,nan,nan,0,,1.8562574429292777e-05,3.8163916471489756e-17,0.00033400932398275904,0.014388716321706685,-0.00012312172229081515,0.21909724368354852,0,0.0,0.8662825838230415,0.0,0.8662825838230415,4.590918574118308e-19,0.00407000000000001,1,1e-05
408,0.00408,NLR,1.0,0.020372954997583292,0.0613161680084886,0.0003391780046513304,1.8969876691699028e-06,0.0006260207337398356,0.0002987354569693669,nan,nan,,0.0,nan,nan,nan,nan,0,,1.8562663571738217e-05,3.9898639947466563e-17,0.0003340103494676169,0.01438875537222839,-0.00012312160034879462,0.21909783740265149,0,0.0,0.8665208873427045,0.0,0.8665208873427045,4.590918574118308e-19,0.004080000000000011,1,1e-05
409,0.004090000000000001,NLR,1.0,0.01732112799072638,0.07171294500585645,0.0004233239887980744,2.5240005925297737e-06,0.0006259693790715713,0.00029872028418286863,nan,nan,,0.0,nan,nan,nan,nan,0,,1.85627527141269e-05,3.8163916471489756e-17,0.0003340113758661162,0.01438879446354746,-0.00012312147678637507,0.21909843174142418,0,0.0,0.8667582343462007,0.0,0.8667582343462007,4.590918574118308e-19,0.004090000000000011,1,1e-05
410,0.0041,NLR,1.0,0.018789466004818678,0.06653968099271879,0.00041628799226600677,2.064989530481398e-06,0.0006259121069474387,0.00029869888524102265,nan,nan,,0.0,nan,nan,nan,nan,0,,1.856284185719383e-05,3.8163916471489756e-17,0.0003340124031666915,0.014388833595056605,-0.00012312135187577945,0.21909902669063144,0,0.0,0.8669946309702942,0.0,0.8669946309702942,-4.0826988057657276e-19,0.004100000000000011,1,1e-05
411,0.00411,NLR,1.0,0.02118281500588637,0.06419467700470705,0.0004191409971099347,2.44499824475497e-06,0.0006258483381138674,0.0002986711784197032,nan,nan,,0.0,nan,nan,nan,nan,0,,1.856293100142779e-05,3.935653886122381e-17,0.00033401343135411364,0.014388872766021521,-0.00012312122552174425,0.21909962223912446,0,0.0,0.8672300832972811,0.0,0.8672300832972811,-4.0826988057657276e-19,0.00411000000000001,1,1e-05
412,0.00412,NLR,1.0,0.020335602006525733,0.060143419992527924,0.0004468280094442889,2.6030029403045774e-06,0.0006257775098250065,0.00029863709436934506,nan,nan,,0.0,nan,nan,nan,nan,0,,1.8563020146657273e-05,3.859759734048396e-17,0.00033401446040963315,0.014388911975586005,-0.00012312109774737586,0.21910021837389732,0,0.0,0.8674645973556079,0.0,0.8674645973556079,4.590918574118308e-19,0.004120000000000011,1,1e-05
413,0.00413,NLR,1.0,0.017832377008744515,0.0642002499953378,0.0003399050037842244,2.152009983547032e-06,0.0006256990772880948,0.00029859657614477386,nan,nan,,0.0,nan,nan,nan,nan,0,,1.856310929242067e-05,3.8163916471489756e-17,0.00033401549031104026,0.014388951222774393,-0.0001231209686498314,0.21910081508013357,0,0.0,0.8676981791204805,0.0,0.8676981791204805,-4.0826988057657276e-19,0.00413000000000001,1,1e-05
414,0.0041400000000000005,NLR,1.0,0.019310610005049966,0.07003361701208632,0.00039587600622326136,2.3650063667446375e-06,0.0006256125147125665,0.00029854957926188884,nan,nan,,0.0,nan,nan,nan,nan,0,,1.856319843778141e-05,4.0766001685454967e-17,0.00033401652103278454,0.014388990506496224,-0.0001231208382515242,0.2191014123412496,0,0.0,0.8679308345144657,0.0,0.8679308345144657,-4.0826988057657276e-19,0.00414000000000001,1,1e-05
415,0.00415,NLR,1.0,0.041934845998184755,0.11659035799675621,0.0003602399956434965,2.154003595933318e-06,0.000625517316397784,0.0002984960717119681,nan,nan,,0.0,nan,nan,nan,nan,0,,1.8563287581394914e-05,4.0657581468206416e-17,0.00033401755254600964,0.01438902982554624,-0.00012312070647702543,0.21910201013894695,0,0.0,0.8681625694080838,0.0,0.8681625694080838,1.3264535954002343e-18,0.004150000000000011,1,1e-05
416,0.0041600000000000005,NLR,1.0,0.016936796993832104,0.06327499799954239,0.0003683909890241921,2.7269998099654913e-06,0.0006254129975812404,0.00029843603399491665,nan,nan,,0.0,nan,nan,nan,nan,0,,1.8563376721478538e-05,3.903127820947816e-17,0.0003340185848187289,0.01438906917861238,-0.00012312057336983604,0.21910260845327478,0,0.0,0.8683933896203929,0.0,0.8683933896203929,-4.0826988057657276e-19,0.004160000000000011,1,1e-05
417,0.00417,NLR,1.0,0.020912128005875275,0.06900140500511043,0.0005587089981418103,2.820001100189984e-06,0.0006252990954596962,0.0002983694590680237,nan,nan,,0.0,nan,nan,nan,nan,0,,1.856346585587322e-05,3.859759734048396e-17,0.000334019617815884,0.014389108564276665,-0.00012312043911648373,0.2191032072626897,0,0.0,0.8686233009195662,0.0,0.8686233009195662,4.590918574118308e-19,0.004170000000000011,1,1e-05
418,0.0041800000000000006,NLR,1.0,0.022609419000218622,0.06560273800278082,0.0006174370064400136,5.1209935918450356e-06,0.0006251751702554537,0.0002982963522943455,nan,nan,,0.0,nan,nan,nan,nan,0,,1.8563554982081096e-05,3.8163916471489756e-17,0.0003340206514994774,0.014389147981020312,-0.00012312030362135492,0.21910380654410447,0,0.0,0.8688523090234603,0.0,0.8688523090234603,-4.0826988057657276e-19,0.004180000000000011,1,1e-05
419,0.00419,NLR,1.0,0.023714841998298652,0.06844120899040718,0.0004091729933861643,1.958003849722445e-06,0.0006250408057612774,0.00029821673138069523,nan,nan,,0.0,nan,nan,nan,nan,0,,1.856364409717254e-05,3.9898639947466563e-17,0.0003340216858286636,0.014389187427226613,-0.00012312016682272805,0.21910440627296213,0,0.0,0.8690804196001768,0.0,0.8690804196001768,4.590918574118308e-19,0.004190000000000011,1,1e-05
420,0.004200000000000001,NLR,1.0,0.020243156992364675,0.06781135199707933,0.00035930499143432826,2.4570035748183727e-06,0.0006248956101144482,0.0002981306262925071,nan,nan,,0.0,nan,nan,nan,nan,0,,1.8563733197860872e-05,3.946495907847236e-17,0.00033402272075993937,0.014389226901188934,-0.00012312002891683708,0.21910500642330988,0,0.0,0.8693076382686152,0.0,0.8693076382686152,-4.0826988057657276e-19,0.004200000000000011,1,1e-05
421,0.00421,NLR,1.0,0.01795419199333992,0.07075568700383883,0.00034185500408057123,2.6109919417649508e-06,0.0006247392168428242,0.0002980380790502499,nan,nan,,0.0,nan,nan,nan,nan,0,,1.8563822280606708e-05,3.9898639947466563e-17,0.00033402375624719363,0.014389266401110712,-0.00012311988974099853,0.21910560696784911,0,0.0,0.8695339705990194,0.0,0.8695339705990194,-4.0826988057657276e-19,0.004210000000000011,1,1e-05
422,0.004220000000000001,NLR,1.0,0.020101432004594244,0.06437400600407273,0.0003566419909475371,2.1569867385551333e-06,0.0006245712849701954,0.0002979391436479998,nan,nan,,0.0,nan,nan,nan,nan,0,,1.8563911341478372e-05,3.9898639947466563e-17,0.0003340247922419041,0.014389305925114115,-0.00012311974936297986,0.21910620787802504,0,0.0,0.8697594221135158,0.0,0.8697594221135158,-4.0826988057657276e-19,0.00422000000000001,1,1e-05
423,0.00423,NLR,1.0,0.02172175599844195,0.06967308199091349,0.0003414689999772236,2.2630119929090142e-06,0.0006243914999383982,0.00029783388580190286,nan,nan,,0.0,nan,nan,nan,nan,0,,1.8564000376243755e-05,4.141652298894627e-17,0.0003340258286932207,0.014389345471241377,-0.0001231196079397326,0.21910680912409583,0,0.0,0.8699839982866449,0.0,0.8699839982866449,1.3264535954002343e-18,0.0042300000000000115,1,1e-05
424,0.004240000000000001,NLR,1.0,0.023298817002796568,0.06725009399815463,0.00044229900231584907,2.144995960406959e-06,0.0006241995741559456,0.0002977223827095573,nan,nan,,0.0,nan,nan,nan,nan,0,,1.856408938041444e-05,3.642919299551295e-17,0.0003340268655481285,0.0143893850374619,-0.00012311946521362143,0.21910741067519215,0,0.0,0.8702077045458857,0.0,0.8702077045458857,-4.0826988057657276e-19,0.004240000000000011,1,1e-05
425,0.00425,NLR,1.0,0.022389616002328694,0.0674493730039103,0.0003831770009128377,2.0890001906082034e-06,0.000623995246986147,0.00029760472283985344,nan,nan,,0.0,nan,nan,nan,nan,0,,1.8564178349186497e-05,3.9898639947466563e-17,0.0003340279027516155,0.014389424621677582,-0.00012311932136922915,0.2191080124994193,0,0.0,0.8704305462721726,0.0,0.8704305462721726,-4.0826988057657276e-19,0.004250000000000011,1,1e-05
426,0.004260000000000001,NLR,1.0,0.017388931999448687,0.06716213500476442,0.00033926000469364226,1.8730061128735542e-06,0.0006237782854994318,0.00029748100559066594,nan,nan,,0.0,nan,nan,nan,nan,0,,1.8564267277545403e-05,3.8163916471489756e-17,0.00033402894024678673,0.014389464221727044,-0.0001231191764663121,0.21910861456391825,0,0.0,0.8706525288004059,0.0,0.8706525288004059,1.3264535954002343e-18,0.004260000000000012,1,1e-05
427,0.00427,NLR,1.0,0.02186163200531155,0.06265415200323332,0.00037504501233343035,2.0709994714707136e-06,0.0006235484846794317,0.000297351340951447,nan,nan,,0.0,nan,nan,nan,nan,0,,1.8564356160175e-05,4.0332320816460765e-17,0.00033402997797500275,0.014389503835390283,-0.00012311903043383968,0.21910921683494425,0,0.0,0.8708736574199547,0.0,0.8708736574199547,-1.2756316185649763e-18,0.004270000000000011,1,1e-05
428,0.00428,NLR,1.0,0.01791897098883055,0.07006674101285171,0.00037393500679172575,1.9559956854209304e-06,0.0006233056674448816,0.00029721584917184166,nan,nan,,0.0,nan,nan,nan,nan,0,,1.8564444991640257e-05,4.163336342344337e-17,0.0003340310158760484,0.01438954346039445,-0.00012311888323717133,0.21910981927795198,0,0.0,0.8710939373751544,0.0,0.8710939373751544,4.590918574118308e-19,0.004280000000000011,1,1e-05
429,0.00429,NLR,1.0,0.02100881100341212,0.05943931799265556,0.002325460998690687,5.845999112352729e-06,0.0006230496848627007,0.00029707466034362617,nan,nan,,0.0,nan,nan,nan,nan,0,,1.856453376620077e-05,3.9898639947466563e-17,0.0003340320538882818,0.014389583094419622,-0.00012311873496263087,0.21911042185767804,0,0.0,0.8713133738657964,0.0,0.8713133738657964,-4.0826988057657276e-19,0.004290000000000011,1,1e-05
430,0.0043,NLR,1.0,0.02139810798689723,0.06357751399627887,0.00033314300526399165,2.5220069801434875e-06,0.000622780416270482,0.00029692791394985845,nan,nan,,0.0,nan,nan,nan,nan,0,,1.8564622478030103e-05,3.946495907847236e-17,0.00033403309194877956,0.014389622735103691,-0.00012311858552477276,0.2191110245382131,0,0.0,0.871531972047612,0.0,0.871531972047612,4.590918574118308e-19,0.004300000000000011,1,1e-05
431,0.0043100000000000005,NLR,1.0,0.020129847005591728,0.06611754400364589,0.0004619130049832165,2.5659974198788404e-06,0.0006224977690749494,0.00029677575844092323,nan,nan,,0.0,nan,nan,nan,nan,0,,1.8564711121030673e-05,4.0766001685454967e-17,0.00033403412999351935,0.014389662380048795,-0.00012311843505514287,0.2191116272830951,0,0.0,0.8717497370327495,0.0,0.8717497370327495,-4.0826988057657276e-19,0.004310000000000011,1,1e-05
432,0.00432,NLR,1.0,0.01843278000887949,0.06130477099213749,0.00036545199691317976,2.3980101104825735e-06,0.0006222016788717651,0.0002966183506801209,nan,nan,,0.0,nan,nan,nan,nan,0,,1.856479968905414e-05,4.0766001685454967e-17,0.00033403516795745973,0.01438970202682377,-0.00012311828351796735,0.21911223005537936,0,0.0,0.8719666738902452,0.0,0.8719666738902452,4.590918574118308e-19,0.004320000000000011,1,1e-05
433,0.0043300000000000005,NLR,1.0,0.01923046400770545,0.06514736398821697,0.00038171399501152337,2.172993845306337e-06,0.0006218921091158869,0.000296455855460787,nan,nan,,0.0,nan,nan,nan,nan,0,,1.8564888175784798e-05,4.163336342344337e-17,0.000334036205774753,0.014389741672971912,-0.00012311813071153328,0.21911283281771876,0,0.0,0.8721827876464883,0.0,0.8721827876464883,4.590918574118308e-19,0.004330000000000012,1,1e-05
434,0.00434,NLR,1.0,0.017313029995420948,0.0628858179989038,0.00033586399513296783,2.1559972083196044e-06,0.0006215690506700185,0.00029628844495156287,nan,nan,,0.0,nan,nan,nan,nan,0,,1.8564976574761413e-05,3.881443777498106e-17,0.00033403724337891346,0.014389781316017203,-0.0001231179769702217,0.2191134355324665,0,0.0,0.8723980832856794,0.0,0.8723980832856794,-4.0826988057657276e-19,0.004340000000000011,1,1e-05
435,0.004350000000000001,NLR,1.0,0.01889324099465739,0.06656436299090274,0.00034694699570536613,2.107990439981222e-06,0.0006212325220265166,0.0002961162980487316,nan,nan,,0.0,nan,nan,nan,nan,0,,1.856506487951329e-05,3.946495907847236e-17,0.000334038280702905,0.014389820953466748,-0.00012311782210398014,0.2191140381617238,0,0.0,0.8726125657502835,0.0,0.8726125657502835,4.590918574118308e-19,0.004350000000000012,1,1e-05
436,0.00436,NLR,1.0,0.018570853004348464,0.0666826550004771,0.0007940280047478154,2.8950016712769866e-06,0.000620882568335726,0.000295939599834845,nan,nan,,0.0,nan,nan,nan,nan,0,,1.8565153083437378e-05,4.163336342344337e-17,0.0003340393176793154,0.014389860582816993,-0.00012311766611220924,0.219114640667441,0,0.0,0.8728262399414765,0.0,0.8728262399414765,-4.0826988057657276e-19,0.0043600000000000114,1,1e-05
437,0.004370000000000001,NLR,1.0,0.018186778004746884,0.05845083898748271,0.0003182420041412115,2.201006282120943e-06,0.0006205192611809445,0.0002957585409164955,nan,nan,,0.0,nan,nan,nan,nan,0,,1.8565241179884274e-05,4.119968255444917e-17,0.0003340403542405291,0.014389900201560168,-0.00012311750909960165,0.21911524301149327,0,0.0,0.8730391107195863,0.0,0.8730391107195863,-4.0826988057657276e-19,0.004370000000000011,1,1e-05
438,0.00438,NLR,1.0,0.019398661010200158,0.06253438199928496,0.0021446989994728938,3.3279939088970423e-06,0.0006201426981641195,0.0002955733167333264,nan,nan,,0.0,nan,nan,nan,nan,0,,1.8565329162178077e-05,3.9898639947466563e-17,0.00033404139031885193,0.014389939807188501,-0.00012311735091480815,0.21911584515574706,0,0.0,0.873251182904528,0.0,0.873251182904528,-4.0826988057657276e-19,0.004380000000000011,1,1e-05
439,0.004390000000000001,NLR,1.0,0.01775559199450072,0.06607102199632209,0.00036755300243385136,2.577013219706714e-06,0.0006197530019616176,0.00029538412694480877,nan,nan,,0.0,nan,nan,nan,nan,0,,1.8565417023628923e-05,4.163336342344337e-17,0.0003340424258466578,0.014389979397199104,-0.00012311719169857559,0.219116447062154,0,0.0,0.8734624612762333,0.0,0.8734624612762333,4.590918574118308e-19,0.004390000000000011,1,1e-05
440,0.0044,NLR,1.0,0.022697774998960085,0.054518226999789476,0.0003340660041430965,2.119006239809096e-06,0.0006193502178562483,0.0002951908202715972,nan,nan,,0.0,nan,nan,nan,nan,0,,1.8565504757543626e-05,3.9898639947466563e-17,0.00033404346075578277,0.014390018969064444,-0.00012311703134891016,0.21911704869230608,0,0.0,0.8736729505750749,0.0,0.8736729505750749,4.590918574118308e-19,0.0044000000000000115,1,1e-05
441,0.004410000000000001,NLR,1.0,0.0209660789987538,0.062479712010826916,0.0003351030027261004,2.3369939299300313e-06,0.0006189345585096232,0.0002949936990793742,nan,nan,,0.0,nan,nan,nan,nan,0,,1.856559235723556e-05,4.163336342344337e-17,0.0003340444949787353,0.014390058520285853,-0.0001231168699980367,0.21911765000820016,0,0.0,0.8738826555022847,0.0,0.8738826555022847,-4.0826988057657276e-19,0.004410000000000011,1,1e-05
442,0.00442,NLR,1.0,0.01878131099510938,0.06568721900111996,0.00032619100238662213,2.0020088413730264e-06,0.0006185062902515159,0.0002947931990365039,nan,nan,,0.0,nan,nan,nan,nan,0,,1.8565679816050576e-05,3.8163916471489756e-17,0.00033404552844894215,0.014390098048403743,-0.00012311670747849174,0.21911825097245696,0,0.0,0.874091580720367,0.0,0.874091580720367,4.590918574118308e-19,0.004420000000000012,1,1e-05
443,0.004430000000000001,NLR,1.0,0.01849575601227116,0.06485760099894833,0.0003268250002292916,2.30599835049361e-06,0.0006180656316853445,0.00029458952829592377,nan,nan,,0.0,nan,nan,nan,nan,0,,1.8565767127454244e-05,3.903127820947816e-17,0.00033404656110045,0.014390137550982951,-0.00012311654382262215,0.21911885154804958,0,0.0,0.8742997308535065,0.0,0.8742997308535065,4.590918574118308e-19,0.004430000000000012,1,1e-05
444,0.00444,NLR,1.0,0.01847851599450223,0.057179367999196984,0.0003506780049065128,1.9849976524710655e-06,0.0006176128263284148,0.00029438288867634935,nan,nan,,0.0,nan,nan,nan,nan,0,,1.8565854284834624e-05,3.903127820947816e-17,0.0003340475928676533,0.014390177025604522,-0.00012311637912694017,0.2191194516981964,0,0.0,0.874507110487971,0.0,0.874507110487971,-4.0826988057657276e-19,0.004440000000000012,1,1e-05
445,0.00445,NLR,1.0,0.022360994000337087,0.0630891699984204,0.0016541779914405197,4.370987880975008e-06,0.0006171481304057343,0.00029417349823324313,nan,nan,,0.0,nan,nan,nan,nan,0,,1.8565941281723653e-05,3.8163916471489756e-17,0.00033404862368621247,0.014390216469894135,-0.0001231162133204318,0.21912005138681448,0,0.0,0.8747137241725085,0.0,0.8747137241725085,4.590918574118308e-19,0.004450000000000012,1,1e-05
446,0.00446,NLR,1.0,0.023159500997280702,0.062374657005420886,0.0003415510000195354,1.9610015442594886e-06,0.0006166718234001597,0.0002939615656594785,nan,nan,,0.0,nan,nan,nan,nan,0,,1.8566028111837963e-05,3.9898639947466563e-17,0.0003340496534927808,0.01439025588151499,-0.0001231160464153672,0.21912065057838473,0,0.0,0.8749195764187399,0.0,0.8749195764187399,-4.0826988057657276e-19,0.004460000000000012,1,1e-05
447,0.00447,NLR,1.0,0.020362675000797026,0.06960831499600317,0.00040119700133800507,2.4949986254796386e-06,0.000616184203098929,0.00029374729808593253,nan,nan,,0.0,nan,nan,nan,nan,0,,1.856611476888042e-05,3.903127820947816e-17,0.0003340506822251398,0.014390295258172703,-0.00012311587852251085,0.2191212492380105,0,0.0,0.8751246717015463,0.0,0.8751246717015463,4.590918574118308e-19,0.004470000000000012,1,1e-05
448,0.0044800000000000005,NLR,1.0,0.016599044000031427,0.06772367500525434,0.00033742000232450664,2.0690058590844274e-06,0.0006156855847394363,0.00029353090031996904,nan,nan,,0.0,nan,nan,nan,nan,0,,1.8566201246818683e-05,4.119968255444917e-17,0.00033405170982224095,0.014390334597615517,-0.0001231157094326395,0.21912184733146287,0,0.0,0.8753290144594517,0.0,0.8753290144594517,-4.0826988057657276e-19,0.004480000000000012,1,1e-05
449,0.00449,NLR,1.0,0.019766644996707328,0.058256952004740015,0.000509908000822179,3.887995262630284e-06,0.0006151762994247921,0.00029331257418910024,nan,nan,,0.0,nan,nan,nan,nan,0,,1.8566287539606357e-05,3.8163916471489756e-17,0.0003340527362243595,0.014390373897640307,-0.00012311553930969304,0.21912244482525547,0,0.0,0.8755326090950001,0.0,0.8755326090950001,-4.0826988057657276e-19,0.004490000000000011,1,1e-05
450,0.0045000000000000005,NLR,1.0,0.02027432300383225,0.06782084499718621,0.00035280401061754674,2.0260049495846033e-06,0.000614656693556161,0.0002930925177520885,nan,nan,,0.0,nan,nan,nan,nan,0,,1.8566373641486842e-05,4.0766001685454967e-17,0.0003340537613731835,0.014390413156095905,-0.0001231153679698637,0.2191230416866737,0,0.0,0.875735459975129,0.0,0.875735459975129,-4.0826988057657276e-19,0.004500000000000011,1,1e-05
451,0.00451,NLR,1.0,0.019192285006283782,0.06460157300170977,0.00036416700459085405,2.297005266882479e-06,0.0006141271268981978,0.00029287092471773276,nan,nan,,0.0,nan,nan,nan,nan,0,,1.8566459546756817e-05,3.903127820947816e-17,0.0003340547852118772,0.014390452370884432,-0.00012311519566913132,0.2191236378838451,0,0.0,0.8759375714315374,0.0,0.8759375714315374,4.590918574118308e-19,0.004510000000000011,1,1e-05
452,0.004520000000000001,NLR,1.0,0.02182246299344115,0.06913321500178427,0.0007205500005511567,2.5140034267678857e-06,0.0006135879722950979,0.0002926479836455879,nan,nan,,0.0,nan,nan,nan,nan,0,,1.8566545249943447e-05,3.9898639947466563e-17,0.0003340558076852287,0.014390491539967964,-0.0001231150222135235,0.21912423338576129,0,0.0,0.8761389477610487,0.0,0.8761389477610487,4.590918574118308e-19,0.004520000000000012,1,1e-05
453,0.00453,NLR,1.0,0.019780829999945126,0.06813940200663637,0.00035121799737680703,2.177999704144895e-06,0.000613039613521183,0.0002924238774181813,nan,nan,,0.0,nan,nan,nan,nan,0,,1.8566630745756004e-05,4.0332320816460765e-17,0.00033405682873963004,0.01439053066136542,-0.00012311484759800804,0.21912482816233358,0,0.0,0.8763395932259707,0.0,0.8763395932259707,4.590918574118308e-19,0.004530000000000012,1,1e-05
454,0.004540000000000001,NLR,1.0,0.020692931007943116,0.06455605699738953,0.00040930799150373787,2.829008735716343e-06,0.0006124824445132777,0.00029219878255932276,nan,nan,,0.0,nan,nan,nan,nan,0,,1.8566716029008673e-05,3.859759734048396e-17,0.0003340578483232916,0.014390569733162772,-0.00012311467200132754,0.21912542218443593,0,0.0,0.8765395120544491,0.0,0.8765395120544491,-1.2756316185649763e-18,0.004540000000000011,1,1e-05
455,0.00455,NLR,1.0,0.019661286001792178,0.06506837499910034,0.0004192140040686354,2.417989890091121e-06,0.0006119168681509522,0.000291972868620364,nan,nan,,0.0,nan,nan,nan,nan,0,,1.8566801094831657e-05,3.9898639947466563e-17,0.0003340588663861531,0.014390608753507506,-0.00012311449530671845,0.2191260154239231,0,0.0,0.8767387084408184,0.0,0.8767387084408184,4.590918574118308e-19,0.0045500000000000115,1,1e-05
456,0.004560000000000001,NLR,1.0,0.021752387008746155,0.06555121799465269,0.00039322399243246764,2.1590094547718763e-06,0.0006113432947180952,0.00029174629765505805,nan,nan,,0.0,nan,nan,nan,nan,0,,1.856688593853057e-05,3.859759734048396e-17,0.00033405988288004343,0.014390647720615268,-0.00012311431742100069,0.2191266078536726,0,0.0,0.8769371865459467,0.0,0.8769371865459467,-4.0826988057657276e-19,0.004560000000000011,1,1e-05
457,0.00457,NLR,1.0,0.01947607399779372,0.06862404198909644,0.0003510739916237071,2.111002686433494e-06,0.0006107621406335574,0.00029151922368213744,nan,nan,,0.0,nan,nan,nan,nan,0,,1.8566970555575725e-05,4.0766001685454967e-17,0.00033406089775874555,0.014390686632772542,-0.0001231141385151024,0.2191271994476202,0,0.0,0.8771349504975776,0.0,0.8771349504975776,4.590918574118308e-19,0.0045700000000000116,1,1e-05
458,0.004580000000000001,NLR,1.0,0.018844575999537483,0.06971688399789855,0.0006925420020706952,4.7579960664734244e-06,0.0006101738274708213,0.00029129179213809183,nan,nan,,0.0,nan,nan,nan,nan,0,,1.8567054941698354e-05,3.935653886122381e-17,0.00033406191097796984,0.014390725488334422,-0.0001231139585246642,0.21912779018076983,0,0.0,0.8773320043906675,0.0,0.8773320043906675,4.590918574118308e-19,0.004580000000000012,1,1e-05
459,0.00459,NLR,1.0,0.024659252987476066,0.07879058500111569,0.0004627699963748455,2.5939953047782183e-06,0.0006095787803171826,0.0002910641394577906,nan,nan,,0.0,nan,nan,nan,nan,0,,1.856713909287919e-05,3.903127820947816e-17,0.00033406292249544753,0.014390764285728608,-0.0001231137774339114,0.21912838002922372,0,0.0,0.8775283522877179,0.0,0.8775283522877179,-4.0826988057657276e-19,0.004590000000000012,1,1e-05
460,0.004600000000000001,NLR,1.0,0.01745368000410963,0.0614653139928123,0.0004180270043434575,2.3759930627420545e-06,0.0006089774266484026,0.00029083639263205815,nan,nan,,0.0,nan,nan,nan,nan,0,,1.8567223005241257e-05,4.098284211995207e-17,0.0003340639322709731,0.014390803023456966,-0.00012311359536618598,0.21912896897020256,0,0.0,0.8777239982191047,0.0,0.8777239982191047,4.590918574118308e-19,0.004600000000000012,1,1e-05
461,0.00461,NLR,1.0,0.020266580002498813,0.07083793199853972,0.0003553360002115369,2.2880121832713485e-06,0.0006083701952048486,0.00029060866878575435,nan,nan,,0.0,nan,nan,nan,nan,0,,1.8567306675265335e-05,4.0332320816460765e-17,0.0003340649402664135,0.014390841700095747,-0.00012311341211946477,0.21912955698204672,0,0.0,0.877918946183403,0.0,0.877918946183403,-4.0826988057657276e-19,0.004610000000000012,1,1e-05
462,0.00462,NLR,1.0,0.022223894004127942,0.06838184800290037,0.0004660319973481819,2.2750027710571885e-06,0.0006077575142758373,0.0002903810749037606,nan,nan,,0.0,nan,nan,nan,nan,0,,1.8567390099591136e-05,3.8163916471489756e-17,0.00033406594644570206,0.01439088031429403,-0.00012311322784709674,0.2191301440442466,0,0.0,0.8781132001477077,0.0,0.8781132001477077,4.590918574118308e-19,0.004620000000000012,1,1e-05
463,0.0046300000000000004,NLR,1.0,0.020510568996542133,0.06797886699496303,0.0003546090010786429,2.0940060494467616e-06,0.0006071398110162762,0.0002901537074380132,nan,nan,,0.0,nan,nan,nan,nan,0,,1.8567473275110983e-05,3.8163916471489756e-17,0.000334066950774921,0.014390918864778612,-0.0001231130425682408,0.219130730137437,0,0.0,0.87830676404795,0.0,0.87830676404795,4.590918574118308e-19,0.004630000000000013,1,1e-05
464,0.00464,NLR,1.0,0.01949879201129079,0.0648473820037907,0.00041811699338722974,2.439002855680883e-06,0.0006065175099227643,0.00028992665207561527,nan,nan,,0.0,nan,nan,nan,nan,0,,1.856755619895728e-05,3.8163916471489756e-17,0.0003340679532222598,0.014390957350351119,-0.00012311285614296895,0.2191313152433988,0,0.0,0.8784996417892115,0.0,0.8784996417892115,-4.0826988057657276e-19,0.004640000000000012,1,1e-05
465,0.0046500000000000005,NLR,1.0,0.021735054993769154,0.06595568300690502,0.0003811859933193773,2.5240005925297737e-06,0.0006058910315477515,0.00028969998354307417,nan,nan,,0.0,nan,nan,nan,nan,0,,1.8567638868563365e-05,4.119968255444917e-17,0.0003340689537580495,0.01439099576988978,-0.00012311266877263475,0.21913189934507663,0,0.0,0.8786918372460318,0.0,0.8786918372460318,-4.0826988057657276e-19,0.004650000000000012,1,1e-05
466,0.00466,NLR,1.0,0.019836057006614283,0.06704588599677663,0.00038627399771939963,2.164000761695206e-06,0.0006052607916246646,0.0002894737653703652,nan,nan,,0.0,nan,nan,nan,nan,0,,1.8567721281522844e-05,3.9898639947466563e-17,0.00033406995235470393,0.014391034122346547,-0.00012311248035358095,0.21913248242655475,0,0.0,0.8788833542627154,0.0,0.8788833542627154,4.590918574118308e-19,0.004660000000000012,1,1e-05
467,0.0046700000000000005,NLR,1.0,0.017689961998257786,0.06263961699733045,0.0011859710066346452,4.483998054638505e-06,0.0006046271997362356,0.00028924804977350555,nan,nan,,0.0,nan,nan,nan,nan,0,,1.8567803435742957e-05,3.9898639947466563e-17,0.00033407094898679567,0.014391072406750638,-0.00012311229081768434,0.21913306447306322,0,0.0,0.8790741966536317,0.0,0.8790741966536317,4.590918574118308e-19,0.004670000000000013,1,1e-05
468,0.00468,NLR,1.0,0.017642841004999354,0.06537742899672594,0.00036312598967924714,2.092987415380776e-06,0.0006039906580283985,0.0002890228776026968,nan,nan,,0.0,nan,nan,nan,nan,0,,1.856788532930662e-05,3.881443777498106e-17,0.00033407194363097156,0.014391110622204994,-0.00012311210036990242,0.21913364547097483,0,0.0,0.8792643682035147,0.0,0.8792643682035147,-1.2756316185649763e-18,0.004680000000000011,1,1e-05
469,0.004690000000000001,NLR,1.0,0.02403242299624253,0.06384648800303694,0.00037914299173280597,1.944004907272756e-06,0.0006033515607104969,0.00028879827819085484,nan,nan,,0.0,nan,nan,nan,nan,0,,1.856796696058204e-05,4.0766001685454967e-17,0.0003340729362659738,0.014391148767887385,-0.00012311190885510277,0.2191342254077744,0,0.0,0.8794538726677561,0.0,0.8794538726677561,4.590918574118308e-19,0.004690000000000012,1,1e-05
470,0.0047,NLR,1.0,0.018466800000169314,0.07048926100833341,0.0003993900027126074,2.5600020308047533e-06,0.0006027102922863009,0.0002885742694531594,nan,nan,,0.0,nan,nan,nan,nan,0,,1.8568048328213738e-05,3.870601755773251e-17,0.00033407392687256036,0.01439118684304641,-0.0001231117164136912,0.21913480427206294,0,0.0,0.8796427137726966,0.0,0.8796427137726966,-4.0826988057657276e-19,0.0047000000000000115,1,1e-05
471,0.004710000000000001,NLR,1.0,0.01934625700232573,0.06876622801064514,0.00038928100548218936,2.1900050342082977e-06,0.0006020672272213059,0.0002883508578229611,nan,nan,,0.0,nan,nan,nan,nan,0,,1.856812943098842e-05,4.0766001685454967e-17,0.00033407491543352284,0.014391224847003503,-0.00012311152297841897,0.21913538205352417,0,0.0,0.8798308952159131,0.0,0.8798308952159131,1.3264535954002343e-18,0.004710000000000013,1,1e-05
472,0.00472,NLR,1.0,0.022251594011322595,0.0652950990042882,0.0003445910115260631,2.1029991330578923e-06,0.0006014227284375579,0.00028812803840213473,nan,nan,,0.0,nan,nan,nan,nan,0,,1.856821026798033e-05,3.913969842672671e-17,0.0003340759019336364,0.01439126277915026,-0.00012311132855641525,0.21913595874291136,0,0.0,0.8800184206665025,0.0,0.8800184206665025,-4.0826988057657276e-19,0.004720000000000012,1,1e-05
473,0.004730000000000001,NLR,1.0,0.019000093001523055,0.06297919199278113,0.0003911320090992376,1.9239960238337517e-06,0.0006007771468338098,0.0002879057950046001,nan,nan,,0.0,nan,nan,nan,nan,0,,1.8568290838495864e-05,3.903127820947816e-17,0.0003340768863596211,0.014391300638948001,-0.00012311113322631238,0.2191365343320242,0,0.0,0.8802052937653625,0.0,0.8802052937653625,-4.0826988057657276e-19,0.004730000000000012,1,1e-05
474,0.00474,NLR,1.0,0.024514673990779556,0.06149516999721527,0.0004352749965619296,2.4570035748183727e-06,0.000600130820217771,0.00028768410034851386,nan,nan,,0.0,nan,nan,nan,nan,0,,1.8568371142045844e-05,3.9898639947466563e-17,0.00033407786870004924,0.014391338425922662,-0.00012311093684812832,0.21913710881367196,0,0.0,0.8803915181254681,0.0,0.8803915181254681,1.3264535954002343e-18,0.004740000000000013,1,1e-05
475,0.004750000000000001,NLR,1.0,0.018761688013910316,0.06970079799066298,0.00038174599467311054,2.2230087779462337e-06,0.0005994840724090238,0.00028746291623933564,nan,nan,,0.0,nan,nan,nan,nan,0,,1.8568451178313818e-05,3.903127820947816e-17,0.0003340788489453379,0.014391376139666123,-0.00012311073964274186,0.2191376821816624,0,0.0,0.8805770973321457,0.0,0.8805770973321457,-1.2756316185649763e-18,0.004750000000000012,1,1e-05
476,0.00476,NLR,1.0,0.018140668005798943,0.07241519700619392,0.00042417300574015826,4.797999281436205e-06,0.0005988372127769115,0.0002872421937633186,nan,nan,,0.0,nan,nan,nan,nan,0,,1.8568530947274803e-05,3.8163916471489756e-17,0.0003340798270877034,0.01439141377983466,-0.00012311054153164565,0.21913825443075047,0,0.0,0.8807620349433437,0.0,0.8807620349433437,4.590918574118308e-19,0.0047600000000000125,1,1e-05
477,0.004770000000000001,NLR,1.0,0.02005303298938088,0.05982213201059494,0.0007653289940208197,2.986998879350722e-06,0.0005981905352218507,0.00028702187357851155,nan,nan,,0.0,nan,nan,nan,nan,0,,1.8568610449041518e-05,3.946495907847236e-17,0.0003340808031210318,0.014391451346142725,-0.00012311034248919895,0.21913882555661274,0,0.0,0.8809463344898992,0.0,0.8809463344898992,-4.0826988057657276e-19,0.004770000000000012,1,1e-05
478,0.00478,NLR,1.0,0.019119829987175763,0.06674741700408049,0.0003446890041232109,2.492000930942595e-06,0.0005975443176165799,0.0002868018862038703,nan,nan,,0.0,nan,nan,nan,nan,0,,1.8568689683905993e-05,3.9898639947466563e-17,0.00033408177704088234,0.014391488838364275,-0.0001231101427379682,0.21913939555581943,0,0.0,0.8811299994758028,0.0,0.8811299994758028,4.590918574118308e-19,0.0047800000000000125,1,1e-05
479,0.00479,NLR,1.0,0.02098098798887804,0.05934354699274991,0.0003388580080354586,2.319997292943299e-06,0.0005968988215687408,0.0002865821522832427,nan,nan,,0.0,nan,nan,nan,nan,0,,1.8568768652455185e-05,4.163336342344337e-17,0.00033408274884435114,0.014391526256328113,-0.0001231099419038609,0.21913996442576822,0,0.0,0.8813130333784591,0.0,0.8813130333784591,4.590918574118308e-19,0.004790000000000013,1,1e-05
480,0.0048000000000000004,NLR,1.0,0.02267414500238374,0.05424276400299277,0.0003433660021983087,2.1769956219941378e-06,0.0005962542909613692,0.00028636258305544124,nan,nan,,0.0,nan,nan,nan,nan,0,,1.856884735531966e-05,3.729655473350135e-17,0.00033408371853006877,0.014391563599917223,-0.0001231097403213174,0.21914053216468443,0,0.0,0.8814954396489446,0.0,0.8814954396489446,-1.2756316185649763e-18,0.004800000000000012,1,1e-05
481,0.00481,NLR,1.0,0.015731457009678707,0.062038004005444236,0.00034674000926315784,2.1029991330578923e-06,0.0005956109525973031,0.000286143080588188,nan,nan,,0.0,nan,nan,nan,nan,0,,1.8568925793357282e-05,3.9898639947466563e-17,0.0003340846860980649,0.01439160086906388,-0.00012310953790857114,0.21914109877154364,0,0.0,0.8816772217122627,0.0,0.8816772217122627,4.590918574118308e-19,0.004810000000000012,1,1e-05
482,0.0048200000000000005,NLR,1.0,0.022006455998052843,0.0587893189949682,0.0003865280013997108,2.3980101104825735e-06,0.0005949690149258623,0.0002859235382895832,nan,nan,,0.0,nan,nan,nan,nan,0,,1.8569003967560843e-05,3.903127820947816e-17,0.0003340856515497107,0.014391638063748102,-0.0001231093347114835,0.21914166424604542,0,0.0,0.8818583829675954,0.0,0.8818583829675954,4.590918574118308e-19,0.004820000000000013,1,1e-05
483,0.00483,NLR,1.0,0.018373826998868026,0.06675284898665268,0.000350094007444568,2.401997335255146e-06,0.0005943286680539002,0.0002857038412823336,nan,nan,,0.0,nan,nan,nan,nan,0,,1.85690818791312e-05,3.8163916471489756e-17,0.00033408661488762735,0.01439167518399409,-0.0001231091308349676,0.21914222858856397,0,0.0,0.8820389267885523,0.0,0.8820389267885523,-4.0826988057657276e-19,0.004830000000000012,1,1e-05
484,0.0048400000000000006,NLR,1.0,0.021263242000713944,0.09830302800401114,0.00040512499981559813,2.2260064724832773e-06,0.0005936900834974563,0.00028548386685287475,nan,nan,,0.0,nan,nan,nan,nan,0,,1.8569159529313734e-05,4.0657581468206416e-17,0.00033408757611559913,0.014391712229867348,-0.00012310892604837134,0.2191427918000903,0,0.0,0.8822188565234163,0.0,0.8822188565234163,4.590918574118308e-19,0.004840000000000013,1,1e-05
485,0.00485,NLR,1.0,0.018734385987045243,0.11929024400888011,0.0003976849984610453,2.0510051399469376e-06,0.0005930534135033851,0.00028526348496400283,nan,nan,,0.0,nan,nan,nan,nan,0,,1.8569236919578975e-05,4.163336342344337e-17,0.00033408853523846327,0.014391749201470017,-0.00012310872057700087,0.21914335388220826,0,0.0,0.8823981754953866,0.0,0.8823981754953866,-4.0826988057657276e-19,0.004850000000000012,1,1e-05
486,0.004860000000000001,NLR,1.0,0.018337615998461843,0.06678195399581455,0.00035328298690728843,2.244007191620767e-06,0.0005924187913738171,0.000285042558682179,nan,nan,,0.0,nan,nan,nan,nan,0,,1.856931405141257e-05,3.903127820947816e-17,0.0003340894922620931,0.014391786098941983,-0.00012310851441708434,0.21914391483702372,0,0.0,0.8825768870028194,0.0,0.8825768870028194,4.590918574118308e-19,0.004860000000000013,1,1e-05
487,0.00487,NLR,1.0,0.022535479001817293,0.06748469099693466,0.0006414639938157052,3.455003025010228e-06,0.0005917863311272311,0.00028482094470198567,nan,nan,,0.0,nan,nan,nan,nan,0,,1.8569390926472838e-05,3.903127820947816e-17,0.0003340904471932155,0.014391822922452668,-0.00012310830744152477,0.21914447466711745,0,0.0,0.882754994319465,0.0,0.882754994319465,-1.2756316185649763e-18,0.0048700000000000115,1,1e-05
488,0.004880000000000001,NLR,1.0,0.018613244988955557,0.06953497299400624,0.00041202499414794147,2.3030006559565663e-06,0.0005911561271678494,0.00028459849389743353,nan,nan,,0.0,nan,nan,nan,nan,0,,1.8569467546499866e-05,4.0766001685454967e-17,0.0003340914000393509,0.01439185967219947,-0.0001231080999300818,0.219145033375512,0,0.0,0.8829325006947023,0.0,0.8829325006947023,4.590918574118308e-19,0.004880000000000012,1,1e-05
489,0.00489,NLR,1.0,0.01737024298927281,0.07549609900161158,0.00038630299968644977,2.315995516255498e-06,0.0005905282548987759,0.0002843750517616669,nan,nan,,0.0,nan,nan,nan,nan,0,,1.8569543913297067e-05,4.0766001685454967e-17,0.00033409235080872075,0.014391896348405098,-0.00012310789169946965,0.21914559096559127,0,0.0,0.883109409353771,0.0,0.883109409353771,4.590918574118308e-19,0.004890000000000012,1,1e-05
490,0.004900000000000001,NLR,1.0,0.0191605400032131,0.07226528499450069,0.00041033000161405653,2.5560002541169524e-06,0.0005899027701295568,0.0002841504590379685,nan,nan,,0.0,nan,nan,nan,nan,0,,1.856962002878175e-05,4.163336342344337e-17,0.00033409329951016064,0.014391932951313802,-0.00012310768278550295,0.21914614744107103,0,0.0,0.8832857234980006,0.0,0.8832857234980006,-4.0826988057657276e-19,0.004900000000000012,1,1e-05
491,0.00491,NLR,1.0,0.020580575001076795,0.06750067599932663,0.0003856819967040792,2.1029991330578923e-06,0.0005892797094931931,0.00028392455220993356,nan,nan,,0.0,nan,nan,nan,nan,0,,1.856969589485302e-05,4.0332320816460765e-17,0.000334094246153018,0.014391969481188482,-0.0001231074733361654,0.21914670280594403,0,0.0,0.8834614463050372,0.0,0.8834614463050372,4.590918574118308e-19,0.0049100000000000124,1,1e-05
492,0.004920000000000001,NLR,1.0,0.020518748002359644,0.07643873800407164,0.0004981270030839369,2.472996129654348e-06,0.0005886590907123011,0.0002836971640543041,nan,nan,,0.0,nan,nan,nan,nan,0,,1.8569771513530957e-05,3.7730235602495554e-17,0.00033409519074700534,0.014392005938304031,-0.0001231072633049702,0.21914725706441554,0,0.0,0.8836365809290674,0.0,0.8836365809290674,4.590918574118308e-19,0.004920000000000013,1,1e-05
493,0.00493,NLR,1.0,0.023243235002155416,0.06762345798779279,0.00045126400073058903,2.4500041035935283e-06,0.0005880409126664401,0.00028346812420697304,nan,nan,,0.0,nan,nan,nan,nan,0,,1.8569846886858955e-05,3.9898639947466563e-17,0.00033409613330218925,0.014392042322949106,-0.00012310705263635126,0.2191478102208606,0,0.0,0.8838111305010397,0.0,0.8838111305010397,-4.0826988057657276e-19,0.0049300000000000125,1,1e-05
494,0.004940000000000001,NLR,1.0,0.026138424000237137,0.0812659259972861,0.0006113139970693737,2.8280046535655856e-06,0.0005874251555439069,0.00028323725974190673,nan,nan,,0.0,nan,nan,nan,nan,0,,1.856992201682065e-05,4.163336342344337e-17,0.00033409707382882277,0.01439207863541836,-0.00012310684147642917,0.21914836227977555,0,0.0,0.8839850981288833,0.0,0.8839850981288833,-4.0826988057657276e-19,0.004940000000000012,1,1e-05
495,0.00495,NLR,1.0,0.019882456996128894,0.060589811007957906,0.000741493990062736,3.1609961297363043e-06,0.0005868117816270052,0.00028300439567499104,nan,nan,,0.0,nan,nan,nan,nan,0,,1.856999690558183e-05,3.903127820947816e-17,0.0003340980123372813,0.014392114876011108,-0.00012310662976362574,0.21914891324571584,0,0.0,0.8841584868977246,0.0,0.8841584868977246,4.590918574118308e-19,0.0049500000000000125,1,1e-05
496,0.00496,NLR,1.0,0.02594350400613621,0.0684342909953557,0.0003544040082488209,2.343003870919347e-06,0.000586200735184142,0.0002827693555792931,nan,nan,,0.0,nan,nan,nan,nan,0,,1.8570071555120668e-05,4.0440741033709315e-17,0.00033409894883798465,0.014392151045029111,-0.00012310641755684855,0.21914946312325365,0,0.0,0.8843312998701008,0.0,0.8843312998701008,4.590918574118308e-19,0.004960000000000013,1,1e-05
497,0.0049700000000000005,NLR,1.0,0.021776800000225194,0.07021834599436261,0.000556878003408201,2.61999957729131e-06,0.0005855919432983553,0.00028253196211051716,nan,nan,,0.0,nan,nan,nan,nan,0,,1.8570145967560013e-05,3.8163916471489756e-17,0.0003340998833412261,0.014392187142768575,-0.00012310620486411653,0.21915001191692357,0,0.0,0.8845035400861717,0.0,0.8845035400861717,-4.0826988057657276e-19,0.004970000000000013,1,1e-05
498,0.00498,NLR,1.0,0.01838251799927093,0.07034153600397985,0.0003818830009549856,2.1400046534836292e-06,0.000584985316177587,0.0002822920375647719,nan,nan,,0.0,nan,nan,nan,nan,0,,1.8570220144922454e-05,3.903127820947816e-17,0.0003341008158571747,0.0143922231695226,-0.00012310599165267565,0.21915055963117333,0,0.0,0.8846752105639282,0.0,0.8846752105639282,4.590918574118308e-19,0.004980000000000013,1,1e-05
499,0.0049900000000000005,NLR,1.0,0.01965597999515012,0.07033429999137297,0.0003397920081624761,1.97399640455842e-06,0.0005843807476584759,0.00028204940444830924,nan,nan,,0.0,nan,nan,nan,nan,0,,1.8570294089154064e-05,3.9898639947466563e-17,0.0003341017463957395,0.01439225912557518,-0.0001231057780865468,0.2191511062703216,0,0.0,0.8848463142993993,0.0,0.8848463142993993,-1.2756316185649763e-18,0.004990000000000012,1,1e-05
500,0.005,NLR,1.0,0.022161328000947833,0.06378391200269107,0.000373018003301695,0.41491589600627776,0.0005837781161582703,0.000281803885979236,nan,nan,,0.0,nan,nan,nan,nan,0,,1.8570367802289608e-05,3.9898639947466563e-17,0.0003341026749664583,0.014392295011196987,-0.0001231055640429922,0.21915165183849886,0,0.0,0.8850168542668566,0.0,0.8850168542668566,4.590918574118308e-19,0.005000000000000012,1,1e-05
501,0.0050100000000000006,NLR,1.0,0.020381384005304426,0.05655744898831472,0.008799751012702473,3.97900294046849e-06,0.0005831772847886265,0.00028155530667551984,nan,nan,,0.0,nan,nan,nan,nan,0,,1.8570441286166347e-05,3.946495907847236e-17,0.00033410360157845706,0.014392330826644928,-0.00012310534959318836,0.2191521963396128,0,0.0,0.8851868334190156,0.0,0.8851868334190156,4.590918574118308e-19,0.005010000000000013,1,1e-05
502,0.00502,NLR,1.0,0.01691994399880059,0.08394295400648843,0.0005668029916705564,3.020992153324187e-06,0.0005825781025110227,0.00028130349284600327,nan,nan,,0.0,nan,nan,nan,nan,0,,1.8570514542701635e-05,3.903127820947816e-17,0.0003341045262403581,0.014392366572158588,-0.00012310513477754764,0.2191527397773,0,0.0,0.885356254687236,0.0,0.885356254687236,-4.0826988057657276e-19,0.005020000000000012,1,1e-05
503,0.005030000000000001,NLR,1.0,0.02978767000604421,0.06277935799153056,0.00038370299444068223,2.396001946181059e-06,0.000581980404641777,0.00028104827312685826,nan,nan,,0.0,nan,nan,nan,nan,0,,1.8570587573615224e-05,4.163336342344337e-17,0.00033410544896017244,0.014392402247956015,-0.00012310491960004191,0.21915328215488158,0,0.0,0.885525120981719,0.0,0.885525120981719,4.590918574118308e-19,0.005030000000000013,1,1e-05
504,0.00504,NLR,1.0,0.017630450005526654,0.06635263800853863,0.0003993819991592318,2.2460008040070534e-06,0.0005813840136676655,0.0002807894789847535,nan,nan,,0.0,nan,nan,nan,nan,0,,1.8570660380594826e-05,3.9898639947466563e-17,0.00033410636974522064,0.014392437854231055,-0.00012310470411410417,0.2191538234753251,0,0.0,0.8856934351917022,0.0,0.8856934351917022,-4.0826988057657276e-19,0.005040000000000012,1,1e-05
505,0.005050000000000001,NLR,1.0,0.016258753996226005,0.05803927200031467,0.00035924199619330466,1.99199712369591e-06,0.000580788740137762,0.00028052694522215615,nan,nan,,0.0,nan,nan,nan,nan,0,,1.857073296524309e-05,4.0440741033709315e-17,0.0003341072886021246,0.014392473391154015,-0.0001231044883520578,0.2191543637412041,0,0.0,0.8858612001856531,0.0,0.8858612001856531,4.590918574118308e-19,0.005050000000000013,1,1e-05
506,0.00506,NLR,1.0,0.02152813300199341,0.06287279599928297,0.0008577849948778749,3.312990884296596e-06,0.0005801943834085506,0.000280260510454155,nan,nan,,0.0,nan,nan,nan,nan,0,,1.857080532909237e-05,3.9898639947466563e-17,0.0003341082055366438,0.014392508858864783,-0.00012310427226234818,0.21915490295465775,0,0.0,0.8860284188114597,0.0,0.8860284188114597,-4.0826988057657276e-19,0.005060000000000012,1,1e-05
507,0.005070000000000001,NLR,1.0,0.019786253993515857,0.05732424098823685,0.0003412929945625365,1.6729900380596519e-06,0.000579600732637822,0.00027999001759561337,nan,nan,,0.0,nan,nan,nan,nan,0,,1.8570877473492894e-05,3.8163916471489756e-17,0.0003341091205536807,0.014392544257473272,-0.00012310405584099482,0.21915544111736202,0,0.0,0.8861950938966191,0.0,0.8861950938966191,-4.0826988057657276e-19,0.005070000000000012,1,1e-05
508,0.00508,NLR,1.0,0.021715637005399913,0.06198042500182055,0.00032662300509400666,2.1400046534836292e-06,0.0005790075675374974,0.0002797153143205504,nan,nan,,0.0,nan,nan,nan,nan,0,,1.8570949399685696e-05,4.0766001685454967e-17,0.00033411003365720125,0.014392579587057419,-0.00012310383920427118,0.21915597823049693,0,0.0,0.8863612282484246,0.0,0.8863612282484246,4.590918574118308e-19,0.0050800000000000125,1,1e-05
509,0.005090000000000001,NLR,1.0,0.019270957011030987,0.06544492499961052,0.0005159940046723932,2.786997356452048e-06,0.0005784146595090117,0.0002794362534949915,nan,nan,,0.0,nan,nan,nan,nan,0,,1.857102110890597e-05,4.016969049058794e-17,0.00033411094485014673,0.014392614847658969,-0.00012310362229359134,0.21915651429470864,0,0.0,0.8865268246541494,0.0,0.8865268246541494,4.590918574118308e-19,0.005090000000000013,1,1e-05
510,0.0051,NLR,1.0,0.018409481010166928,0.06831791999866255,0.00040662300307303667,2.3220054572448134e-06,0.0005778217725493905,0.0002791526936219606,nan,nan,,0.0,nan,nan,nan,nan,0,,1.8571092602126053e-05,3.8163916471489756e-17,0.00033411185413442703,0.01439265003928436,-0.0001231034051209841,0.21915704931008834,0,0.0,0.8866918858812303,0.0,0.8866918858812303,-4.0826988057657276e-19,0.0051000000000000125,1,1e-05
511,0.005110000000000001,NLR,1.0,0.01930087800428737,0.0684405229985714,0.0003484430053504184,2.0180013962090015e-06,0.0005772286640787039,0.00027886449926711976,nan,nan,,0.0,nan,nan,nan,nan,0,,1.8571163880213462e-05,3.8163916471489756e-17,0.0003341127615108348,0.014392685161900731,-0.00012310318783991634,0.21915758327614912,0,0.0,0.8868564146774467,0.0,0.8868564146774467,1.3264535954002343e-18,0.005110000000000014,1,1e-05
512,0.00512,NLR,1.0,0.01640040999336634,0.05455528499442153,0.00093055100296624,2.396991476416588e-06,0.0005766350863485879,0.00027857154142155903,nan,nan,,0.0,nan,nan,nan,nan,0,,1.8571234943942047e-05,3.924811864397526e-17,0.00033411366697901366,0.01439272021543525,-0.0001231029703071753,0.21915811619179,0,0.0,0.8870204137711004,0.0,0.8870204137711004,-1.2756316185649763e-18,0.0051200000000000126,1,1e-05
513,0.00513,NLR,1.0,0.019214803003706038,0.05823303299257532,0.0003571150009520352,1.820997567847371e-06,0.0005760407869924893,0.0002782736979338731,nan,nan,,0.0,nan,nan,nan,nan,0,,1.8571305793888616e-05,3.9898639947466563e-17,0.0003341145705374493,0.014392755199775786,-0.00012310275259887785,0.21915864805529084,0,0.0,0.8871838858711912,0.0,0.8871838858711912,4.590918574118308e-19,0.005130000000000013,1,1e-05
514,0.0051400000000000005,NLR,1.0,0.018593632004922256,0.061124474988901056,0.00032072699104901403,2.0940060494467616e-06,0.0005754455104031671,0.0002779708538520553,nan,nan,,0.0,nan,nan,nan,nan,0,,1.8571376430516937e-05,3.881443777498106e-17,0.00033411547218337645,0.014392790114765575,-0.0001231025346569341,0.2191591788642848,0,0.0,0.8873468336675919,0.0,0.8873468336675919,-4.0826988057657276e-19,0.005140000000000013,1,1e-05
515,0.00515,NLR,1.0,0.020260225996025838,0.0650279870023951,0.00038563800626434386,2.2310123313218355e-06,0.000574848998627861,0.00027766290177307735,nan,nan,,0.0,nan,nan,nan,nan,0,,1.8571446854143723e-05,3.8163916471489756e-17,0.0003341163719128015,0.014392824960205886,-0.00012310231654517903,0.21915970861575043,0,0.0,0.8875092598312208,0.0,0.8875092598312208,4.590918574118308e-19,0.005150000000000013,1,1e-05
516,0.0051600000000000005,NLR,1.0,0.018163182990974747,0.06328161500277929,0.0003384890005690977,1.7860002117231488e-06,0.0005742509924874596,0.0002773497421789854,nan,nan,,0.0,nan,nan,nan,nan,0,,1.8571517064841754e-05,4.0332320816460765e-17,0.000334117269720467,0.014392859735854246,-0.000123102098401085,0.21916023730599973,0,0.0,0.887671167014212,0.0,0.887671167014212,-4.0826988057657276e-19,0.005160000000000013,1,1e-05
517,0.00517,NLR,1.0,0.017890383009216748,0.0628082730108872,0.0004446639941306785,2.5149929570034146e-06,0.0005736512327185385,0.00027703128373608,nan,nan,,0.0,nan,nan,nan,nan,0,,1.857158706261078e-05,4.163336342344337e-17,0.0003341181655998244,0.014392894441422888,-0.0001231018801210025,0.2191607649306577,0,0.0,0.8878325578500852,0.0,0.8878325578500852,4.590918574118308e-19,0.005170000000000013,1,1e-05
518,0.005180000000000001,NLR,1.0,0.01800906400603708,0.05753557100251783,0.00033842099946923554,2.3419997887685895e-06,0.0005730494608886509,0.00027670744360636584,nan,nan,,0.0,nan,nan,nan,nan,0,,1.8571656847306112e-05,4.087442190270352e-17,0.00033411905954300954,0.014392929076578964,-0.0001231016617636917,0.21916129148467028,0,0.0,0.8879934349539118,0.0,0.8879934349539118,-4.0826988057657276e-19,0.005180000000000013,1,1e-05
519,0.00519,NLR,1.0,0.015989952997188084,0.05672373599372804,0.0003358979884069413,2.31900776270777e-06,0.0005724454205503509,0.0002763781477105229,nan,nan,,0.0,nan,nan,nan,nan,0,,1.857172641855968e-05,4.0223900599212215e-17,0.00033411995154087096,0.014392963640944778,-0.00012310144315217492,0.21916181696228684,0,0.0,0.8881538009224805,0.0,0.8881538009224805,4.590918574118308e-19,0.005190000000000013,1,1e-05
520,0.005200000000000001,NLR,1.0,0.019419099990045652,0.06033976101025473,0.00033070798963308334,2.1730083972215652e-06,0.0005718388581680203,0.00027604333099055805,nan,nan,,0.0,nan,nan,nan,nan,0,,1.857179577585068e-05,3.9898639947466563e-17,0.0003341208415829384,0.014392998134096668,-0.00012310122456420675,0.2191623413570837,0,0.0,0.8883136583344605,0.0,0.8883136583344605,4.590918574118308e-19,0.005200000000000014,1,1e-05
521,0.00521,NLR,1.0,0.017000092993839644,0.06089501499081962,0.00040647698915563524,2.474000211805105e-06,0.0005712295244657494,0.0002757029376132037,nan,nan,,0.0,nan,nan,nan,nan,0,,1.8571864918535975e-05,3.8760227666356784e-17,0.00033412172965744747,0.014393032555566787,-0.00012310100586749808,0.21916286466193693,0,0.0,0.8884730097505633,0.0,0.8884730097505633,-4.0826988057657276e-19,0.005210000000000013,1,1e-05
522,0.005220000000000001,NLR,1.0,0.019861600012518466,0.06497106800088659,0.00034012099786195904,2.152999513782561e-06,0.0005706171751843153,0.00027535692121298457,nan,nan,,0.0,nan,nan,nan,nan,0,,1.8571933845756195e-05,3.9898639947466563e-17,0.00033412261575133654,0.014393066904842211,-0.00012310078710977445,0.21916338686904835,0,0.0,0.8886318577137023,0.0,0.8886318577137023,4.590918574118308e-19,0.005220000000000014,1,1e-05
523,0.00523,NLR,1.0,0.017608041991479695,0.0568236760009313,0.000871715004905127,3.540000761859119e-06,0.0005700015722674116,0.0002750052450538548,nan,nan,,0.0,nan,nan,nan,nan,0,,1.857200255656459e-05,4.0332320816460765e-17,0.00033412349985025263,0.014393101181365164,-0.00012310056822354163,0.21916390796994442,0,0.0,0.8887902047491512,0.0,0.8887902047491512,4.590918574118308e-19,0.005230000000000014,1,1e-05
524,0.005240000000000001,NLR,1.0,0.018942302995128557,0.06047570600640029,0.0003613720036810264,1.968001015484333e-06,0.0005693824846882933,0.00027464788222748225,nan,nan,,0.0,nan,nan,nan,nan,0,,1.857207104975307e-05,3.9898639947466563e-17,0.0003341243819386099,0.014393135384535904,-0.00012310034930946542,0.21916442795549534,0,0.0,0.8889480533647,0.0,0.8889480533647,-1.2756316185649763e-18,0.005240000000000013,1,1e-05
525,0.00525,NLR,1.0,0.01658583100652322,0.06442403500841465,0.00032480100344400853,1.7699931049719453e-06,0.0005687596896301293,0.000274284815759062,nan,nan,,0.0,nan,nan,nan,nan,0,,1.8572139324042298e-05,3.9898639947466563e-17,0.00033412526199956517,0.014393169513710502,-0.00012310013041657498,0.21916494681592233,0,0.0,0.88910540605081,0.0,0.88910540605081,1.3264535954002343e-18,0.005250000000000014,1,1e-05
526,0.005260000000000001,NLR,1.0,0.02028354500362184,0.06138594099320471,0.0003464979963609949,1.9429862732067704e-06,0.0005681329735996234,0.0002739160387287753,nan,nan,,0.0,nan,nan,nan,nan,0,,1.8572207377998594e-05,3.903127820947816e-17,0.00033412614001507296,0.014393203568204394,-0.0001230999114174671,0.21916546454081143,0,0.0,0.889262265280767,0.0,0.889262265280767,-4.0826988057657276e-19,0.005260000000000014,1,1e-05
527,0.00527,NLR,1.0,0.017678991993307136,0.053853984994930215,0.0003505950007820502,1.929991412907839e-06,0.0005675021327734155,0.0002735415544175244,nan,nan,,0.0,nan,nan,nan,nan,0,,1.8572275209996114e-05,4.0766001685454967e-17,0.00033412701596592333,0.01439323754729216,-0.00012309969228395056,0.21916598111914057,0,0.0,0.8894186335108323,0.0,0.8894186335108323,4.590918574118308e-19,0.005270000000000014,1,1e-05
528,0.005280000000000001,NLR,1.0,0.02124662499409169,0.06119531799049582,0.0003606629907153547,1.9830040400847793e-06,0.000566866974472886,0.00027316137632546527,nan,nan,,0.0,nan,nan,nan,nan,0,,1.8572342818276196e-05,3.7838655819744105e-17,0.0003341278898317991,0.014393271450211298,-0.0001230994732146993,0.21916649653930692,0,0.0,0.8895745131803925,0.0,0.8895745131803925,-4.0826988057657276e-19,0.005280000000000014,1,1e-05
529,0.00529,NLR,1.0,0.02034852799260989,0.05792658499558456,0.00032697799906600267,1.8579885363578796e-06,0.0005662273179301401,0.0002727755282181859,nan,nan,,0.0,nan,nan,nan,nan,0,,1.8572410201002754e-05,3.9898639947466563e-17,0.0003341287615912802,0.014393305276160673,-0.00012309925414571475,0.2191670107891356,0,0.0,0.8897299067121082,0.0,0.8897299067121082,4.590918574118308e-19,0.005290000000000014,1,1e-05
530,0.0053,NLR,1.0,0.021732398992753588,0.05738217999169137,0.00036703200021293014,2.3169995984062552e-06,0.0005655829950261443,0.00027238404418146505,nan,nan,,0.0,nan,nan,nan,nan,0,,1.8572477356114053e-05,4.0766001685454967e-17,0.0003341296312219194,0.014393339024304286,-0.00012309903500345036,0.21916752385591487,0,0.0,0.8898848165120598,0.0,0.8898848165120598,-4.0826988057657276e-19,0.005300000000000014,1,1e-05
531,0.0053100000000000005,NLR,1.0,0.017293933997279964,0.05431514199881349,0.0003167179966112599,1.8849968910217285e-06,0.0005649338509960643,0.0002719869686004202,nan,nan,,0.0,nan,nan,nan,nan,0,,1.857254428145879e-05,3.9898639947466563e-17,0.0003341304987003153,0.014393372693773943,-0.0001230988159504276,0.21916803572643412,0,0.0,0.8900392449698932,0.0,0.8900392449698932,4.590918574118308e-19,0.005310000000000014,1,1e-05
532,0.00532,NLR,1.0,0.01793706399621442,0.055530375000671484,0.00032025300606619567,2.4170003598555923e-06,0.0005642797456376806,0.0002715843561034486,nan,nan,,0.0,nan,nan,nan,nan,0,,1.8572610974805207e-05,3.903127820947816e-17,0.0003341313640021016,0.014393406283667698,-0.00012309859670300163,0.21916854638699512,0,0.0,0.8901931944589628,0.0,0.8901931944589628,-4.0826988057657276e-19,0.005320000000000014,1,1e-05
533,0.0053300000000000005,NLR,1.0,0.01928240800043568,0.06081152900878806,0.00033646399970166385,2.0310108084231615e-06,0.0005636205533345824,0.0002711762715683318,nan,nan,,0.0,nan,nan,nan,nan,0,,1.8572677433766046e-05,3.924811864397526e-17,0.00033413222710213533,0.014393439793058294,-0.00012309837758249699,0.21916905582347798,0,0.0,0.8903466673364737,0.0,0.8903466673364737,-4.0826988057657276e-19,0.0053300000000000135,1,1e-05
534,0.00534,NLR,1.0,0.016816008996102028,0.06341808200522792,0.0003281310055172071,2.0169973140582442e-06,0.0005629561645113238,0.00027076278996426975,nan,nan,,0.0,nan,nan,nan,nan,0,,1.8572743655885716e-05,3.9898639947466563e-17,0.0003341330879744043,0.014393473220987607,-0.00012309815838444226,0.21916956402134355,0,0.0,0.8904996659436222,0.0,0.8904996659436222,4.590918574118308e-19,0.005340000000000014,1,1e-05
535,0.005350000000000001,NLR,1.0,0.014904016003129072,0.05753877499955706,0.00040109299879986793,3.006003680638969e-06,0.0005622864856988682,0.0002703439962866672,nan,nan,,0.0,nan,nan,nan,nan,0,,1.857280963856092e-05,4.141652298894627e-17,0.00033413394659225556,0.014393506566477532,-0.00012309793917866647,0.21917007096569624,0,0.0,0.8906521926057345,0.0,0.8906521926057345,4.590918574118308e-19,0.0053500000000000145,1,1e-05
536,0.00536,NLR,1.0,0.01593214199237991,0.05473954800982028,0.00031847199716139585,1.9479921320453286e-06,0.0005616114404016384,0.0002699199854120391,nan,nan,,0.0,nan,nan,nan,nan,0,,1.8572875379188588e-05,3.9898639947466563e-17,0.00033413480292837134,0.014393539828526869,-0.00012309771990050416,0.21917057664131295,0,0.0,0.8908042496324041,0.0,0.8908042496324041,-4.0826988057657276e-19,0.005360000000000014,1,1e-05
537,0.005370000000000001,NLR,1.0,0.021385650004958734,0.05962856800761074,0.0003317609953228384,2.1320011001080275e-06,0.0005609309693949393,0.00026949086193993224,nan,nan,,0.0,nan,nan,nan,nan,0,,1.857294087490424e-05,3.9898639947466563e-17,0.0003341356569548745,0.014393573006115767,-0.00012309750075417043,0.21917108103269625,0,0.0,0.8909558393176287,0.0,0.8909558393176287,4.590918574118308e-19,0.0053700000000000145,1,1e-05
538,0.00538,NLR,1.0,0.014347940988955088,0.06497299599868711,0.0003518020093906671,2.935004886239767e-06,0.0005602450317576679,0.00026905673994906496,nan,nan,,0.0,nan,nan,nan,nan,0,,1.857300612304591e-05,4.0766001685454967e-17,0.00033413650864339966,0.014393606098208389,-0.0001230972814436716,0.21917158412409737,0,0.0,0.8911069639399433,0.0,0.8911069639399433,-4.0826988057657276e-19,0.005380000000000014,1,1e-05
539,0.005390000000000001,NLR,1.0,0.017911638991790824,0.06071052199695259,0.00043909199303016067,2.3669999791309237e-06,0.000559553604376506,0.00026861774287847387,nan,nan,,0.0,nan,nan,nan,nan,0,,1.8573071120707593e-05,3.913969842672671e-17,0.00033413735796523886,0.014393639103758238,-0.00012309706219681073,0.2191720858995894,0,0.0,0.8912576257625549,0.0,0.8912576257625549,-1.2756316185649763e-18,0.005390000000000013,1,1e-05
540,0.0054,NLR,1.0,0.0191930729924934,0.06308711599558592,0.0004392600094433874,2.5369954528287053e-06,0.0005588566832971118,0.00026817400317579853,nan,nan,,0.0,nan,nan,nan,nan,0,,1.8573135864941347e-05,3.8163916471489756e-17,0.00033413820489133317,0.014393672021707493,-0.00012309684297381066,0.21917258634309472,0,0.0,0.8914078270334733,0.0,0.8914078270334733,1.3264535954002343e-18,0.005400000000000014,1,1e-05
541,0.005410000000000001,NLR,1.0,0.01873069300199859,0.06141794800350908,0.0003444250032771379,2.2439926397055387e-06,0.0005581542833646416,0.0002677256620915672,nan,nan,,0.0,nan,nan,nan,nan,0,,1.8573200352859117e-05,3.946495907847236e-17,0.0003341390493924227,0.014393704850992117,-0.0001230966236961777,0.21917308543843503,0,0.0,0.8915575699856421,0.0,0.8915575699856421,-4.0826988057657276e-19,0.005410000000000014,1,1e-05
542,0.00542,NLR,1.0,0.016450160008389503,0.05934926000190899,0.0003702510002767667,2.291999408043921e-06,0.0005574464388773658,0.00026727286934653653,nan,nan,,0.0,nan,nan,nan,nan,0,,1.8573264581417403e-05,3.903127820947816e-17,0.00033413989143914495,0.014393737590545852,-0.0001230964043817779,0.21917358316939028,0,0.0,0.8917068568370671,0.0,0.8917068568370671,-4.0826988057657276e-19,0.005420000000000013,1,1e-05
543,0.005430000000000001,NLR,1.0,0.016779204001068138,0.059411743000964634,0.00039713899604976177,2.410000888630748e-06,0.0005567332034205624,0.00026681578283374845,nan,nan,,0.0,nan,nan,nan,nan,0,,1.857332854772371e-05,4.163336342344337e-17,0.0003341407310020809,0.014393770239301551,-0.00012309618497216787,0.21917407951973933,0,0.0,0.8918556897909449,0.0,0.8918556897909449,-4.0826988057657276e-19,0.005430000000000013,1,1e-05
544,0.00544,NLR,1.0,0.018028714999672957,0.058288176005589776,0.00040882299072109163,2.721993951126933e-06,0.0005560146502472139,0.00026635456825406,nan,nan,,0.0,nan,nan,nan,nan,0,,1.85733922487015e-05,3.9898639947466563e-17,0.00033414156805190357,0.014393802796196065,-0.00012309596574322612,0.21917457447332594,0,0.0,0.8920040710357883,0.0,0.8920040710357883,1.3264535954002343e-18,0.005440000000000014,1,1e-05
545,0.005450000000000001,NLR,1.0,0.018570186002762057,0.056335756002226844,0.0003327129961689934,1.940992660820484e-06,0.0005552908725876113,0.0002658893986974611,nan,nan,,0.0,nan,nan,nan,nan,0,,1.857345568136525e-05,3.9898639947466563e-17,0.0003341424025594559,0.014393835260174459,-0.00012309574639811743,0.21917506801408213,0,0.0,0.892152002745552,0.0,0.892152002745552,-4.0826988057657276e-19,0.005450000000000014,1,1e-05
546,0.0054600000000000004,NLR,1.0,0.0196614779997617,0.06370195400086232,0.00033553800312802196,1.995998900383711e-06,0.0005545619829996932,0.0002654204543313948,nan,nan,,0.0,nan,nan,nan,nan,0,,1.8573518842825843e-05,4.0657581468206416e-17,0.0003341432344958199,0.014393867630190238,-0.0001230955270125199,0.21917556012610906,0,0.0,0.8922994870797561,0.0,0.8922994870797561,4.590918574118308e-19,0.005460000000000014,1,1e-05
547,0.00547,NLR,1.0,0.021668209999916144,0.06285968200245406,0.00035757799923885614,2.044995198957622e-06,0.0005538281139365529,0.0002649479219023473,nan,nan,,0.0,nan,nan,nan,nan,0,,1.8573581730080045e-05,4.0549161250957866e-17,0.0003341440638324459,0.014393899905211116,-0.0001230953076176999,0.21917605079371794,0,0.0,0.892446526183609,0.0,0.892446526183609,-4.0826988057657276e-19,0.005470000000000014,1,1e-05
548,0.0054800000000000005,NLR,1.0,0.019064806998358108,0.062160360001144,0.00037031699321232736,2.334010787308216e-06,0.0005530894172964133,0.00026447199431826933,nan,nan,,0.0,nan,nan,nan,nan,0,,1.8573644340334838e-05,3.9898639947466563e-17,0.0003341448905412714,0.014393932084223904,-0.00012309508824114344,0.21917654000148218,0,0.0,0.8925931221881277,0.0,0.8925931221881277,4.590918574118308e-19,0.005480000000000014,1,1e-05
549,0.00549,NLR,1.0,0.019496929991873913,0.05443374501192011,0.0005739170010201633,2.6030029403045774e-06,0.000552346064521219,0.00026399287016984856,nan,nan,,0.0,nan,nan,nan,nan,0,,1.857370667062188e-05,4.163336342344337e-17,0.00033414571459474784,0.01439396416623362,-0.0001230948687865418,0.2191770277342891,0,0.0,0.8927392772102588,0.0,0.8927392772102588,4.590918574118308e-19,0.005490000000000015,1,1e-05
550,0.0055000000000000005,NLR,1.0,0.016400854990934022,0.060296819006907754,0.0004578050138661638,2.5579938665032387e-06,0.000551598245920513,0.00026351075327276817,nan,nan,,0.0,nan,nan,nan,nan,0,,1.857376871828768e-05,3.968179951296946e-17,0.0003341465359660088,0.014393996150271038,-0.00012309464925150106,0.21917751397739538,0,0.0,0.8928849933529966,0.0,0.8928849933529966,-1.2756316185649763e-18,0.0055000000000000136,1,1e-05
551,0.00551,NLR,1.0,0.02004562600632198,0.062201895998441614,0.00034336298995185643,2.1619925973936915e-06,0.000550846170836773,0.0002630258521193244,nan,nan,,0.0,nan,nan,nan,nan,0,,1.857383048054639e-05,3.946495907847236e-17,0.00033414735462896283,0.014394028035395356,-0.00012309442983199503,0.21917799871648627,0,0.0,0.8930302727055008,0.0,0.8930302727055008,4.590918574118308e-19,0.005510000000000014,1,1e-05
552,0.005520000000000001,NLR,1.0,0.020110393001232296,0.0680371469934471,0.00037863999023102224,2.3140019038692117e-06,0.0005500900671780306,0.00026253837936843726,nan,nan,,0.0,nan,nan,nan,nan,0,,1.8573891954859585e-05,3.9898639947466563e-17,0.0003341481705583367,0.014394059820695304,-0.0001230942103277862,0.2191784819377074,0,0.0,0.8931751173432129,0.0,0.8931751173432129,-1.2756316185649763e-18,0.005520000000000013,1,1e-05
553,0.00553,NLR,1.0,0.01745571799983736,0.06334776899893768,0.00033753798925317824,1.7590064089745283e-06,0.0005493301806804849,0.00026204855132664826,nan,nan,,0.0,nan,nan,nan,nan,0,,1.8573953138753328e-05,3.903127820947816e-17,0.00033414898372978913,0.01439409150529336,-0.0001230939906652905,0.21917896362773032,0,0.0,0.8933195293279708,0.0,0.8933195293279708,2.193815333388638e-18,0.005530000000000015,1,1e-05
554,0.005540000000000001,NLR,1.0,0.017161235999083146,0.06094569800188765,0.0005790680006612092,2.643006155267358e-06,0.0005485667746898432,0.0002615565873919105,nan,nan,,0.0,nan,nan,nan,nan,0,,1.8574014029717033e-05,4.163336342344337e-17,0.00033414979412010746,0.014394123088353972,-0.0001230937710951508,0.21917944377381218,0,0.0,0.8934635107081235,0.0,0.8934635107081235,-1.2756316185649763e-18,0.005540000000000014,1,1e-05
555,0.00555,NLR,1.0,0.018398105006781407,0.06101078700157814,0.00043295200157444924,2.8289941838011146e-06,0.0005478001298476639,0.000261062709433271,nan,nan,,0.0,nan,nan,nan,nan,0,,1.8574074625590682e-05,4.0766001685454967e-17,0.00033415060170710235,0.014394154569076889,-0.00012309355145498734,0.21917992236381922,0,0.0,0.8936070635186433,0.0,0.8936070635186433,-4.0826988057657276e-19,0.005550000000000013,1,1e-05
556,0.005560000000000001,NLR,1.0,0.022891358006745577,0.05607166299887467,0.00034302499261684716,2.3830070858821273e-06,0.000547030542887893,0.00026056714130064405,nan,nan,,0.0,nan,nan,nan,nan,0,,1.8574134924211525e-05,4.098284211995207e-17,0.00033415140646987575,0.014394185946709603,-0.00012309333177447157,0.2191803993862947,0,0.0,0.8937501897812377,0.0,0.8937501897812377,1.3264535954002343e-18,0.005560000000000015,1,1e-05
557,0.00557,NLR,1.0,0.022424056005547754,0.06602817800012417,0.00040307900053448975,2.3450120352208614e-06,0.0005462583265280929,0.00026007010817955374,nan,nan,,0.0,nan,nan,nan,nan,0,,1.85741949236046e-05,3.8163916471489756e-17,0.00033415220838882865,0.014394217220546013,-0.00012309311204255417,0.21918087483049897,0,0.0,0.8938928915044598,0.0,0.8938928915044598,-1.2756316185649763e-18,0.005570000000000013,1,1e-05
558,0.005580000000000001,NLR,1.0,0.02892980100295972,0.07243077499151696,0.0006308860029093921,3.473993274383247e-06,0.0005454838084395518,0.0002595718360227967,nan,nan,,0.0,nan,nan,nan,nan,0,,1.857425462194155e-05,3.903127820947816e-17,0.00033415300744575474,0.014394248389929754,-0.00012309289238374548,0.2191813486864584,0,0.0,0.8940351706838179,0.0,0.8940351706838179,4.590918574118308e-19,0.005580000000000014,1,1e-05
559,0.00559,NLR,1.0,0.01911368200671859,0.06793003198981751,0.00038745198980905116,2.5140034267678857e-06,0.0005447073308135572,0.00025907255093860735,nan,nan,,0.0,nan,nan,nan,nan,0,,1.8574314017490764e-05,3.859759734048396e-17,0.00033415380362392376,0.014394279454257974,-0.00012309267255059727,0.21918182094499492,0,0.0,0.8941770293018831,0.0,0.8941770293018831,4.590918574118308e-19,0.005590000000000014,1,1e-05
560,0.005600000000000001,NLR,1.0,0.01948098500724882,0.06078619199979585,0.00044834299478679895,1.9809958757832646e-06,0.0005439292489912163,0.00025857247863601097,nan,nan,,0.0,nan,nan,nan,nan,0,,1.8574373108845176e-05,3.8191021525801894e-17,0.00033415459690818073,0.01439431041298378,-0.00012309245277411529,0.21918229159779368,0,0.0,0.8943184693283974,0.0,0.8943184693283974,4.590918574118308e-19,0.005600000000000015,1,1e-05
561,0.00561,NLR,1.0,0.018167923000873998,0.06891326900222339,0.00039457500679418445,2.384986146353185e-06,0.0005431499312674371,0.0002580718437772388,nan,nan,,0.0,nan,nan,nan,nan,0,,1.8574431894672826e-05,3.9898639947466563e-17,0.00033415538728499323,0.014394341265618671,-0.00012309223295923368,0.21918276063741812,0,0.0,0.8944594927203791,0.0,0.8944594927203791,-4.0826988057657276e-19,0.005610000000000014,1,1e-05
562,0.005620000000000001,NLR,1.0,0.01761404299759306,0.08271683899511117,0.0003784970031119883,2.5279878173023462e-06,0.0005423697575016098,0.00025757086941318775,nan,nan,,0.0,nan,nan,nan,nan,0,,1.8574490373795032e-05,4.119968255444917e-17,0.0003341561747425103,0.014394372011733436,-0.00012309201310428076,0.2191832280573604,0,0.0,0.8946001014222278,0.0,0.8946001014222278,-4.0826988057657276e-19,0.005620000000000014,1,1e-05
563,0.0056300000000000005,NLR,1.0,0.0224183520040242,0.062005141997360624,0.0004049340059282258,2.472996129654348e-06,0.0005415891183482373,0.00025706977640021415,nan,nan,,0.0,nan,nan,nan,nan,0,,1.8574548545379694e-05,4.163336342344337e-17,0.0003341569592706984,0.01439440265096481,-0.00012309179325325624,0.21918369385207598,0,0.0,0.8947402973658289,0.0,0.8947402973658289,-4.0826988057657276e-19,0.0056300000000000135,1,1e-05
564,0.00564,NLR,1.0,0.017661894002230838,0.06497553299413994,0.0003497869911370799,1.9930012058466673e-06,0.000540808414344224,0.0002565687827927635,nan,nan,,0.0,nan,nan,nan,nan,0,,1.8574606408699966e-05,4.0766001685454967e-17,0.00033415774086132364,0.014394433183013033,-0.00012309157327584767,0.21918415801701102,0,0.0,0.8948800824706563,0.0,0.8948800824706563,1.3264535954002343e-18,0.005640000000000015,1,1e-05
565,0.0056500000000000005,NLR,1.0,0.018942619994049892,0.06620853199274279,0.0006157379975775257,3.3609976526349783e-06,0.000540028054554457,0.00025606810331704657,nan,nan,,0.0,nan,nan,nan,nan,0,,1.8574663963191592e-05,3.8163916471489756e-17,0.0003341585195080643,0.01439446360764629,-0.00012309135344942975,0.2191846205486503,0,0.0,0.8950194586438738,0.0,0.8950194586438738,-4.0826988057657276e-19,0.005650000000000014,1,1e-05
566,0.00566,NLR,1.0,0.01932911400217563,0.06508603099791799,0.0006006600015098229,3.155990270897746e-06,0.0005392484561507779,0.000255567948735177,nan,nan,,0.0,nan,nan,nan,nan,0,,1.857472120865098e-05,4.0332320816460765e-17,0.0003341592952065356,0.01439449392470249,-0.00012309113346161202,0.21918508144451396,0,0.0,0.8951584277804365,0.0,0.8951584277804365,4.590918574118308e-19,0.005660000000000015,1,1e-05
567,0.0056700000000000006,NLR,1.0,0.01858913101023063,0.07932004000758752,0.0005018090014345944,2.5790068320930004e-06,0.000538470042459297,0.00025506852540786316,nan,nan,,0.0,nan,nan,nan,nan,0,,1.8574778145048175e-05,3.9898639947466563e-17,0.0003341600679543747,0.014394524134091036,-0.0001230909135491123,0.21918554070322166,0,0.0,0.8952969917631908,0.0,0.8952969917631908,-1.2756316185649763e-18,0.005670000000000014,1,1e-05
568,0.00568,NLR,1.0,0.01825449601165019,0.05837804499606136,0.00036487000761553645,2.3699976736679673e-06,0.0005376932426584202,0.00025457003465943263,nan,nan,,0.0,nan,nan,nan,nan,0,,1.857483477252989e-05,3.7730235602495554e-17,0.0003341608377512089,0.014394554235791723,-0.00012309069363675276,0.21918599832448576,0,0.0,0.8954351524629727,0.0,0.8954351524629727,1.3264535954002343e-18,0.005680000000000015,1,1e-05
569,0.005690000000000001,NLR,1.0,0.021331205003662035,0.06447976300842129,0.00042895000660791993,2.4519977159798145e-06,0.0005369184901503911,0.0002540726723372718,nan,nan,,0.0,nan,nan,nan,nan,0,,1.857489109153089e-05,4.163336342344337e-17,0.0003341616045988157,0.014394584229861618,-0.00012309047371055246,0.21918645430914588,0,0.0,0.8955729117387061,0.0,0.8955729117387061,-4.0826988057657276e-19,0.0056900000000000145,1,1e-05
570,0.0057,NLR,1.0,0.020293088993639685,0.06540626699279528,0.0003710340097313747,2.2800086298957467e-06,0.0005361462214945736,0.00025357662830173316,nan,nan,,0.0,nan,nan,nan,nan,0,,1.857494710271044e-05,3.903127820947816e-17,0.0003341623685010249,0.014394614116429949,-0.00012309025384301956,0.2191869086591849,0,0.0,0.8957102714374997,0.0,0.8957102714374997,4.590918574118308e-19,0.005700000000000015,1,1e-05
571,0.005710000000000001,NLR,1.0,0.018674940001801588,0.05852114100707695,0.0003927990037482232,2.3140019038692117e-06,0.0005353768753580956,0.0002530820859511458,nan,nan,,0.0,nan,nan,nan,nan,0,,1.857500280704196e-05,3.9898639947466563e-17,0.0003341631294638385,0.014394643895703219,-0.00012309003391458627,0.2191873613777356,0,0.0,0.8958472333947427,0.0,0.8958472333947427,-4.0826988057657276e-19,0.0057100000000000145,1,1e-05
572,0.00572,NLR,1.0,0.02122882299590856,0.060757346989703365,0.0003356600063852966,2.043001586571336e-06,0.0005346108911162121,0.0002525892218053678,nan,nan,,0.0,nan,nan,nan,nan,0,,1.8575058205651688e-05,3.9898639947466563e-17,0.000334163887495442,0.014394673567965866,-0.00012308981413412543,0.2191878124691082,0,0.0,0.8959837994342,0.0,0.8959837994342,-4.0826988057657276e-19,0.005720000000000014,1,1e-05
573,0.005730000000000001,NLR,1.0,0.019616506004240364,0.05634436599211767,0.0003395449894014746,2.125001628883183e-06,0.0005338487081137782,0.00025209820503646835,nan,nan,,0.0,nan,nan,nan,nan,0,,1.8575113299977592e-05,3.903127820947816e-17,0.00033416464260612393,0.014394703133575826,-0.00012308959425714696,0.21918826193877658,0,0.0,0.8961199713681063,0.0,0.8961199713681063,4.590918574118308e-19,0.005730000000000015,1,1e-05
574,0.00574,NLR,1.0,0.020052680993103422,0.06571909700869583,0.00033303799864370376,2.073997166007757e-06,0.0005330907635385382,0.00025160919718968805,nan,nan,,0.0,nan,nan,nan,nan,0,,1.857516809164468e-05,3.9898639947466563e-17,0.00033416539480847035,0.014394732592973858,-0.0001230893745928939,0.21918870979340915,0,0.0,0.8962557509972591,0.0,0.8962557509972591,-4.0826988057657276e-19,0.005740000000000014,1,1e-05
575,0.005750000000000001,NLR,1.0,0.0358626350061968,0.07234501199855004,0.0003586450038710609,2.22999369725585e-06,0.0005323374924911193,0.0002511223516770619,nan,nan,,0.0,nan,nan,nan,nan,0,,1.8575222582649605e-05,3.9898639947466563e-17,0.00033416614411718384,0.014394761946674661,-0.00012308915491854338,0.2191891560408439,0,0.0,0.8963911401111109,0.0,0.8963911401111109,-4.0826988057657276e-19,0.005750000000000014,1,1e-05
576,0.00576,NLR,1.0,0.018465615008608438,0.056553823000285774,0.0009908339998219162,3.4049880923703313e-06,0.0005315893255889383,0.000250637813590561,nan,nan,,0.0,nan,nan,nan,nan,0,,1.8575276775100815e-05,3.903127820947816e-17,0.00033416689054919954,0.014394791195272427,-0.00012308893536972374,0.21918960069011006,0,0.0,0.8965261404878608,0.0,0.8965261404878608,4.590918574118308e-19,0.005760000000000014,1,1e-05
577,0.005770000000000001,NLR,1.0,0.01972104200103786,0.06157060000987258,0.00034731399500742555,2.307991962879896e-06,0.0005308466886621087,0.00025015571931610983,nan,nan,,0.0,nan,nan,nan,nan,0,,1.857533067153199e-05,3.9898639947466563e-17,0.0003341676341236112,0.014394820339437286,-0.00012308871581800777,0.21919004375140744,0,0.0,0.8966607538945447,0.0,0.8966607538945447,4.590918574118308e-19,0.005770000000000015,1,1e-05
578,0.00578,NLR,1.0,0.01736345600511413,0.06204905000049621,0.00041450498974882066,2.749002305790782e-06,0.0005301100009500003,0.0002496761963247727,nan,nan,,0.0,nan,nan,nan,nan,0,,1.857538427455937e-05,4.163336342344337e-17,0.00033416837486171727,0.014394849379917973,-0.00012308849641775118,0.21919048523611412,0,0.0,0.8967949820871247,0.0,0.8967949820871247,4.590918574118308e-19,0.005780000000000015,1,1e-05
579,0.005790000000000001,NLR,1.0,0.021722842997405678,0.06183856799907517,0.0003403330047149211,1.9900035113096237e-06,0.0005293796743363869,0.0002491993629199906,nan,nan,,0.0,nan,nan,nan,nan,0,,1.8575437587110482e-05,3.7513395167998453e-17,0.0003341691127869676,0.014394878317539161,-0.00012308827712986694,0.2191909251567614,0,0.0,0.8969288268105783,0.0,0.8969288268105783,-4.0826988057657276e-19,0.005790000000000015,1,1e-05
580,0.0058000000000000005,NLR,1.0,0.019459510993328877,0.0635641920089256,0.00038724699697922915,2.1279993234202266e-06,0.0005286561120933669,0.0002487253280447343,nan,nan,,0.0,nan,nan,nan,nan,0,,1.8575490612396945e-05,4.0766001685454967e-17,0.0003341698479249216,0.014394907153199687,-0.00012308805803904122,0.21919136352703072,0,0.0,0.8970622897989853,0.0,0.8970622897989853,-4.0826988057657276e-19,0.005800000000000014,1,1e-05
581,0.00581,NLR,1.0,0.02033726499939803,0.06048996599565726,0.00036629200621973723,2.510001650080085e-06,0.0005279397078000338,0.0002482541911312903,nan,nan,,0.0,nan,nan,nan,nan,0,,1.857554335384344e-05,3.946495907847236e-17,0.0003341705803032686,0.014394935887874105,-0.0001230878390705976,0.21919180036172775,0,0.0,0.8971953727756157,0.0,0.8971953727756157,1.3264535954002343e-18,0.005810000000000016,1,1e-05
582,0.0058200000000000005,NLR,1.0,0.019411116998526268,0.06348578399047256,0.00039316499896813184,2.368004061281681e-06,0.0005272308440236648,0.0002477860419942901,nan,nan,,0.0,nan,nan,nan,nan,0,,1.8575595815147126e-05,3.903127820947816e-17,0.0003341713099517539,0.014394964522609577,-0.00012308762026570617,0.2191922356767698,0,0.0,0.8973280774530152,0.0,0.8973280774530152,-1.2756316185649763e-18,0.005820000000000014,1,1e-05
583,0.00583,NLR,1.0,0.018179474005592056,0.06268849200569093,0.0004035119927721098,2.4460023269057274e-06,0.0005265298916539894,0.0002473209607052871,nan,nan,,0.0,nan,nan,nan,nan,0,,1.857564800020225e-05,3.903127820947816e-17,0.0003341720369021252,0.014394993058523431,-0.00012308740167629452,0.21919266948916147,0,0.0,0.8974604055330908,0.0,0.8974604055330908,1.3264535954002343e-18,0.005830000000000016,1,1e-05
584,0.005840000000000001,NLR,1.0,0.02165547400363721,0.06684538700210396,0.0007676450040889904,3.0369992600753903e-06,0.0005258372085604422,0.0002468590175784973,nan,nan,,0.0,nan,nan,nan,nan,0,,1.8575699913152908e-05,4.0766001685454967e-17,0.00033417276118812895,0.014395021496804272,-0.0001230871832762121,0.21919310181696358,0,0.0,0.8975923587071948,0.0,0.8975923587071948,-4.0826988057657276e-19,0.005840000000000015,1,1e-05
585,0.00585,NLR,1.0,0.022946519995457493,0.07073878200026229,0.00045313801092561334,2.244996721856296e-06,0.0005251531387281048,0.0002464002731353418,nan,nan,,0.0,nan,nan,nan,nan,0,,1.8575751558339293e-05,3.859759734048396e-17,0.00033417348284541437,0.014395049838707097,-0.00012308696506445024,0.21919353267926922,0,0.0,0.8977239386562088,0.0,0.8977239386562088,-4.0826988057657276e-19,0.005850000000000015,1,1e-05
586,0.005860000000000001,NLR,1.0,0.026260974002070725,0.06900019699241966,0.0006412310031009838,3.021006705239415e-06,0.0005244780113373374,0.000245944778124191,nan,nan,,0.0,nan,nan,nan,nan,0,,1.8575802940367394e-05,4.0766001685454967e-17,0.00033417420191151335,0.014395078085553958,-0.0001230867471770735,0.2191939620961757,0,0.0,0.8978551470506266,0.0,0.8978551470506266,4.590918574118308e-19,0.005860000000000015,1,1e-05
587,0.00587,NLR,1.0,0.021886938004172407,0.07574670000758488,0.0004117740027140826,2.4809996830299497e-06,0.0005238121399095715,0.0002454925735636165,nan,nan,,0.0,nan,nan,nan,nan,0,,1.8575854064050497e-05,3.9898639947466563e-17,0.0003341749184257543,0.014395106238729971,-0.00012308652948226842,0.21919439008873648,0,0.0,0.8979859855506359,0.0,0.8979859855506359,-4.0826988057657276e-19,0.005870000000000015,1,1e-05
588,0.005880000000000001,NLR,1.0,0.01988525700289756,0.11387794799520634,0.00048515100206714123,2.47600837610662e-06,0.0005231558212186334,0.0002450436908549185,nan,nan,,0.0,nan,nan,nan,nan,0,,1.857590493437697e-05,4.0766001685454967e-17,0.000334175632429193,0.01439513429968109,-0.00012308631215318823,0.21919481667894264,0,0.0,0.8981164558061996,0.0,0.8981164558061996,4.590918574118308e-19,0.005880000000000015,1,1e-05
589,0.00589,NLR,1.0,0.030025052998098545,0.06372656399616972,0.0004026469978271052,2.1180021576583385e-06,0.0005225093348593085,0.00024459815185252687,nan,nan,,0.0,nan,nan,nan,nan,0,,1.8575955556519095e-05,3.9898639947466563e-17,0.0003341763439645396,0.014395162269911443,-0.00012308609507427845,0.21919524188966433,0,0.0,0.8982465594571363,0.0,0.8982465594571363,-4.0826988057657276e-19,0.005890000000000015,1,1e-05
590,0.005900000000000001,NLR,1.0,0.021394088995293714,0.06589207000797614,0.0004234289954183623,2.5280023692175746e-06,0.0005218729421495646,0.00024415596905255285,nan,nan,,0.0,nan,nan,nan,nan,0,,1.8576005935877864e-05,3.9898639947466563e-17,0.00033417705307609306,0.01439519015098134,-0.0001230858783651916,0.2191956657446259,0,0.0,0.8983762981332002,0.0,0.8983762981332002,4.590918574118308e-19,0.0059000000000000155,1,1e-05
591,0.00591,NLR,1.0,0.02240770700154826,0.0687551529990742,0.00041323799814563245,2.0419975044205785e-06,0.000521246885721692,0.00024371714573733386,nan,nan,,0.0,nan,nan,nan,nan,0,,1.857605607800159e-05,3.9898639947466563e-17,0.0003341777598096471,0.014395217944503269,-0.00012308566199797813,0.21919608826835002,0,0.0,0.8985056734541595,0.0,0.8985056734541595,-4.0826988057657276e-19,0.005910000000000015,1,1e-05
592,0.005920000000000001,NLR,1.0,0.023221921001095325,0.06498988800740335,0.00042933599615935236,2.36400228459388e-06,0.0005206313887007066,0.00024328167620055988,nan,nan,,0.0,nan,nan,nan,nan,0,,1.8576105988619922e-05,3.881443777498106e-17,0.0003341784642124087,0.014395245652139677,-0.00012308544601969705,0.2191965094861168,0,0.0,0.8986346870298753,0.0,0.8986346870298753,4.590918574118308e-19,0.0059200000000000155,1,1e-05
593,0.00593,NLR,1.0,0.02210886999091599,0.06716015600250103,0.0004009260010207072,1.995998900383711e-06,0.0005200266542266646,0.00024284954595651123,nan,nan,,0.0,nan,nan,nan,nan,0,,1.857615567364514e-05,3.946495907847236e-17,0.0003341791663329368,0.014395273275600973,-0.00012308523043091826,0.21919692942391372,0,0.0,0.898763340460378,0.0,0.898763340460378,-4.0826988057657276e-19,0.005930000000000015,1,1e-05
594,0.005940000000000001,NLR,1.0,0.02095204999204725,0.07017302900203504,0.0004331759992055595,2.505999873392284e-06,0.0005194328648578226,0.00024242073201819001,nan,nan,,0.0,nan,nan,nan,nan,0,,1.8576205139034187e-05,3.903127820947816e-17,0.0003341798662209628,0.014395300816637535,-0.0001230850153122079,0.2191973481083873,0,0.0,0.8988916353359451,0.0,0.8988916353359451,4.590918574118308e-19,0.005940000000000016,1,1e-05
595,0.00595,NLR,1.0,0.020710495009552687,0.06588880400522612,0.0004194599896436557,2.378001227043569e-06,0.0005188501823256392,0.00024199520313924623,nan,nan,,0.0,nan,nan,nan,nan,0,,1.8576254391032917e-05,3.903127820947816e-17,0.0003341805639274234,0.014395328277043706,-0.00012308480066164018,0.21919776556678897,0,0.0,0.8990195732371763,0.0,0.8990195732371763,-1.2756316185649763e-18,0.005950000000000014,1,1e-05
596,0.005960000000000001,NLR,1.0,0.018926231990917586,0.06414805899839848,0.00040028498915489763,2.1659943740814924e-06,0.0005182787468992465,0.00024157292014449988,nan,nan,,0.0,nan,nan,nan,nan,0,,1.8576303435863617e-05,3.8163916471489756e-17,0.0003341812595042237,0.014395355658646025,-0.00012308458644239936,0.21919818182692027,0,0.0,0.8991471557350692,0.0,0.8991471557350692,1.3264535954002343e-18,0.005960000000000016,1,1e-05
597,0.0059700000000000005,NLR,1.0,0.02207621200068388,0.06902532899403013,0.0003859569987980649,2.1980085875838995e-06,0.0005177186770819664,0.00024115383625196646,nan,nan,,0.0,nan,nan,nan,nan,0,,1.8576352279959452e-05,3.903127820947816e-17,0.0003341819530042732,0.014395382963307668,-0.00012308437278007556,0.21919859691708576,0,0.0,0.8992743843910936,0.0,0.8992743843910936,-1.2756316185649763e-18,0.005970000000000014,1,1e-05
598,0.00598,NLR,1.0,0.018250879002152942,0.06375989200023469,0.00045087700709700584,2.392000169493258e-06,0.0005171700697127319,0.00024073789734985418,nan,nan,,0.0,nan,nan,nan,nan,0,,1.857640092982229e-05,3.859759734048396e-17,0.000334182644481245,0.014395410192917568,-0.00012308415963371033,0.21919901086602864,0,0.0,0.8994012607572653,0.0,0.8994012607572653,1.3264535954002343e-18,0.005980000000000016,1,1e-05
599,0.0059900000000000005,NLR,1.0,0.023241722999955527,0.06719213399628643,0.00038762501208111644,2.087996108457446e-06,0.0005166329991418234,0.00024032504243422738,nan,nan,,0.0,nan,nan,nan,nan,0,,1.8576449391999883e-05,3.9898639947466563e-17,0.00033418333398959666,0.014395437349392637,-0.00012308394716817103,0.21919942370288079,0,0.0,0.8995277863762196,0.0,0.8995277863762196,-4.0826988057657276e-19,0.005990000000000015,1,1e-05
600,0.006,NLR,1.0,0.02518859299016185,0.07097515500208829,0.0006065560010029003,0.49826764900353737,0.0005161075179998548,0.00023991520386985985,nan,nan,,0.0,nan,nan,nan,nan,0,,1.8576497673197937e-05,4.163336342344337e-17,0.0003341840215843403,0.014395464434668659,-0.00012308373505182565,0.2191998354570883,0,0.0,0.8996539627812831,0.0,0.8996539627812831,-4.0826988057657276e-19,0.006000000000000015,1,1e-05
601,0.006010000000000001,NLR,1.0,0.02349406100984197,0.0788396760035539,0.0005108910117996857,3.2410025596618652e-06,0.0005155936558418968,0.00023950830789531472,nan,nan,,0.0,nan,nan,nan,nan,0,,1.8576545780136715e-05,3.924811864397526e-17,0.0003341847073210519,0.014395491450701403,-0.0001230835236759581,0.21920024615838696,0,0.0,0.899779791496546,0.0,0.899779791496546,1.3264535954002343e-18,0.006010000000000016,1,1e-05
602,0.00602,NLR,1.0,0.018499999001505785,0.059620418993290514,0.0007255100063048303,3.3050018828362226e-06,0.0005150914206167849,0.00023910427487416495,nan,nan,,0.0,nan,nan,nan,nan,0,,1.857659371954484e-05,3.9898639947466563e-17,0.00033418539125568776,0.014395518399459739,-0.00012308331298631654,0.21920065583670936,0,0.0,0.8999052740369328,0.0,0.8999052740369328,-1.2756316185649763e-18,0.006020000000000015,1,1e-05
603,0.006030000000000001,NLR,1.0,0.02386627699888777,0.07036766801320482,0.0003993179998360574,2.22500239033252e-06,0.0005146007977252331,0.00023870301976253213,nan,nan,,0.0,nan,nan,nan,nan,0,,1.8576641498249913e-05,3.9898639947466563e-17,0.00033418607344448464,0.014395545282922084,-0.00012308310292527598,0.2192010645221389,0,0.0,0.9000304119082729,0.0,0.9000304119082729,4.590918574118308e-19,0.006030000000000015,1,1e-05
604,0.00604,NLR,1.0,0.02297421300318092,0.06711009799619205,0.00042095100798178464,2.2099993657320738e-06,0.0005141217503928151,0.00023830445251848801,nan,nan,,0.0,nan,nan,nan,nan,0,,1.8576689123119323e-05,3.8163916471489756e-17,0.0003341867539438635,0.014395572103073073,-0.00012308289358360495,0.2192014722448532,0,0.0,0.9001552066073704,0.0,0.9001552066073704,4.590918574118308e-19,0.006040000000000016,1,1e-05
605,0.006050000000000001,NLR,1.0,0.019064403997617774,0.06030931200075429,0.0004296529950806871,2.492000930942595e-06,0.0005136542200956551,0.0002379084784532521,nan,nan,,0.0,nan,nan,nan,nan,0,,1.8576736600941053e-05,3.903127820947816e-17,0.0003341874328103076,0.014395598861899339,-0.00012308268494619793,0.21920187903506022,0,0.0,0.900279659622073,0.0,0.900279659622073,-4.0826988057657276e-19,0.0060500000000000154,1,1e-05
606,0.00606,NLR,1.0,0.020501662002061494,0.06660016300156713,0.0005645790079142898,2.6040070224553347e-06,0.0005131981264238964,0.00023751499868989297,nan,nan,,0.0,nan,nan,nan,nan,0,,1.857678393854651e-05,3.9898639947466563e-17,0.00033418811010025294,0.014395625561385517,-0.00012308247712954743,0.21920228492294266,0,0.0,0.9004037724313408,0.0,0.9004037724313408,-1.2756316185649763e-18,0.006060000000000014,1,1e-05
607,0.006070000000000001,NLR,1.0,0.0187647900020238,0.12608246601303108,0.0003955389984184876,2.2659951355308294e-06,0.0005127533678608289,0.00023712391052606302,nan,nan,,0.0,nan,nan,nan,nan,0,,1.857683114282936e-05,4.0549161250957866e-17,0.0003341887858699838,0.01439565220351069,-0.00012308227001556112,0.21920268993859093,0,0.0,0.9005275465053137,0.0,0.9005275465053137,1.3264535954002343e-18,0.0060700000000000155,1,1e-05
608,0.00608,NLR,1.0,0.029716060002101585,0.06975432099716272,0.00038670199865009636,2.131986548192799e-06,0.0005123198216011311,0.00023673510789137134,nan,nan,,0.0,nan,nan,nan,nan,0,,1.8576878220525046e-05,3.9898639947466563e-17,0.00033418946017554685,0.014395678790245725,-0.00012308206369014859,0.21920309411195588,0,0.0,0.9006509833053788,0.0,0.9006509833053788,4.590918574118308e-19,0.006080000000000016,1,1e-05
609,0.006090000000000001,NLR,1.0,0.019118031006655656,0.07182168800500222,0.0007832789997337386,3.092995029874146e-06,0.0005118973443757687,0.00023634848171011442,nan,nan,,0.0,nan,nan,nan,nan,0,,1.857692517837909e-05,4.0332320816460765e-17,0.0003341901330725815,0.01439570532354617,-0.00012308185829491353,0.21920349747278808,0,0.0,0.9007740842842369,0.0,0.9007740842842369,-4.0826988057657276e-19,0.0060900000000000155,1,1e-05
610,0.0061,NLR,1.0,0.02161277600680478,0.07176625699503347,0.0005454549973364919,2.8270005714148283e-06,0.0005114857729176462,0.0002359639203091958,nan,nan,,0.0,nan,nan,nan,nan,0,,1.8576972023133925e-05,4.0766001685454967e-17,0.0003341908046162335,0.014395731805350032,-0.00012308165370020436,0.21920390005057053,0,0.0,0.9008968508859685,0.0,0.9008968508859685,-4.0826988057657276e-19,0.006100000000000015,1,1e-05
611,0.006110000000000001,NLR,1.0,0.023987920008949004,0.07648591299948748,0.00046463499893434346,2.4570035748183727e-06,0.000511084924119235,0.00023558130986078035,nan,nan,,0.0,nan,nan,nan,nan,0,,1.8577018761364405e-05,3.903127820947816e-17,0.0003341914748611495,0.014395758237578438,-0.00012308145002636872,0.21920430187447854,0,0.0,0.9010192845460993,0.0,0.9010192845460993,-4.0826988057657276e-19,0.006110000000000015,1,1e-05
612,0.0061200000000000004,NLR,1.0,0.02066623599966988,0.07323531800648198,0.00046213400491978973,2.362998202443123e-06,0.0005106945960504073,0.00023520053470211293,nan,nan,,0.0,nan,nan,nan,nan,0,,1.8577065399677656e-05,3.8272336688738307e-17,0.00033419214386120065,0.014395784622123875,-0.00012308124719411884,0.21920470297331118,0,0.0,0.9011413866916644,0.0,0.9011413866916644,4.590918574118308e-19,0.006120000000000015,1,1e-05
613,0.006130000000000001,NLR,1.0,0.01991862099384889,0.06682142800127622,0.0006449749926105142,2.815999323502183e-06,0.0005103145681989921,0.00023482147780283006,nan,nan,,0.0,nan,nan,nan,nan,0,,1.8577111944535983e-05,4.0332320816460765e-17,0.0003341928116695206,0.014395810960853073,-0.00012308104531618454,0.21920510337545124,0,0.0,0.9012631587412733,0.0,0.9012631587412733,4.590918574118308e-19,0.006130000000000016,1,1e-05
614,0.0061400000000000005,NLR,1.0,0.021732977009378374,0.06320793900522403,0.0003989020042354241,2.1020096028223634e-06,0.0005099446023052862,0.00023444402108349337,nan,nan,,0.0,nan,nan,nan,nan,0,,1.8577158402219644e-05,3.9898639947466563e-17,0.000334193478338364,0.014395837255601673,-0.00012308084451329214,0.21920550310880596,0,0.0,0.9013846021051725,0.0,0.9013846021051725,4.590918574118308e-19,0.006140000000000016,1,1e-05
615,0.00615,NLR,1.0,0.02205762598896399,0.06317833199864253,0.0003864250029437244,2.5510089471936226e-06,0.000509584443317081,0.00023406804579058403,nan,nan,,0.0,nan,nan,nan,nan,0,,1.8577204779082717e-05,4.0766001685454967e-17,0.00033419414391899413,0.014395863508170237,-0.00012308064456430275,0.21920590220074673,0,0.0,0.901505718185309,0.0,0.901505718185309,-1.2756316185649763e-18,0.006150000000000015,1,1e-05
616,0.0061600000000000005,NLR,1.0,0.027881545000127517,0.061344899993855506,0.0003597859904402867,2.1790037862956524e-06,0.000509233819307301,0.0002336934329229282,nan,nan,,0.0,nan,nan,nan,nan,0,,1.8577251081126503e-05,3.8163916471489756e-17,0.0003341948084616132,0.014395889720321575,-0.00012308044571938967,0.2192063006780851,0,0.0,0.9016265083753928,0.0,0.9016265083753928,1.3264535954002343e-18,0.006160000000000016,1,1e-05
617,0.00617,NLR,1.0,0.02312430199526716,0.0753624489880167,0.0005580049910349771,2.705011866055429e-06,0.0005088924432662281,0.00023332006349196635,nan,nan,,0.0,nan,nan,nan,nan,0,,1.8577297314493e-05,4.0766001685454967e-17,0.00033419547201525573,0.0143959158937772,-0.0001230802478662662,0.2192066985670011,0,0.0,0.9017469740609584,0.0,0.9017469740609584,-4.0826988057657276e-19,0.006170000000000016,1,1e-05
618,0.006180000000000001,NLR,1.0,0.018816941999830306,0.07388787799573038,0.0003992409911006689,2.5939953047782183e-06,0.0005085600130719786,0.00023294781894232309,nan,nan,,0.0,nan,nan,nan,nan,0,,1.857734348490339e-05,3.903127820947816e-17,0.0003341961346277509,0.014395942030216435,-0.00012308005108763013,0.21920709589301388,0,0.0,0.9018671166194261,0.0,0.9018671166194261,-4.0826988057657276e-19,0.006180000000000015,1,1e-05
619,0.00619,NLR,1.0,0.023417297008563764,0.06912761599232908,0.00037113700818736106,2.315005986019969e-06,0.0005082362127673255,0.00023257658143541153,nan,nan,,0.0,nan,nan,nan,nan,0,,1.8577389598076126e-05,3.903127820947816e-17,0.0003341967963455657,0.014395968131269754,-0.00012307985539492634,0.21920749268093168,0,0.0,0.9019869374201628,0.0,0.9019869374201628,-4.0826988057657276e-19,0.006190000000000015,1,1e-05
620,0.006200000000000001,NLR,1.0,0.019692748988745734,0.05959582400100771,0.0003727879957295954,2.2360036382451653e-06,0.0005079207132866268,0.00023220623419428906,nan,nan,,0.0,nan,nan,nan,nan,0,,1.8577435659593584e-05,4.0766001685454967e-17,0.00033419745721379677,0.014395994198520112,-0.00012307966072613424,0.21920788895481058,0,0.0,0.9021064378245421,0.0,0.9021064378245421,4.590918574118308e-19,0.006200000000000015,1,1e-05
621,0.00621,NLR,1.0,0.02411682800448034,0.06091485200158786,0.001442787004634738,4.219007678329945e-06,0.0005076131730934359,0.0002318366618212416,nan,nan,,0.0,nan,nan,nan,nan,0,,1.8577481674728066e-05,3.9898639947466563e-17,0.0003341981172760756,0.014396020233498508,-0.00012307946730281098,0.2192082847379266,0,0.0,0.902225619186004,0.0,0.902225619186004,4.590918574118308e-19,0.006210000000000016,1,1e-05
622,0.006220000000000001,NLR,1.0,0.022396425003535114,0.07291456499660853,0.0003704599948832765,2.162996679544449e-06,0.0005073132395904447,0.00023146775055552825,nan,nan,,0.0,nan,nan,nan,nan,0,,1.85775276486872e-05,4.163336342344337e-17,0.0003341987765744689,0.014396046237680205,-0.00012307927503198086,0.21920868005272082,0,0.0,0.9023444828501137,0.0,0.9023444828501137,-1.2756316185649763e-18,0.006220000000000015,1,1e-05
623,0.00623,NLR,1.0,0.018795894997310825,0.0678747349884361,0.000431305990787223,3.031993401236832e-06,0.0005070205495506828,0.0002310993886107498,nan,nan,,0.0,nan,nan,nan,nan,0,,1.857757358646289e-05,3.9898639947466563e-17,0.0003341994351494603,0.014396072212485622,-0.00012307908380646015,0.21920907492077507,0,0.0,0.9024630301546203,0.0,0.9024630301546203,4.590918574118308e-19,0.006230000000000015,1,1e-05
624,0.006240000000000001,NLR,1.0,0.018271644003107212,0.06634489799034782,0.0003580470074666664,2.1500018192455173e-06,0.0005067347299945813,0.00023073146643739226,nan,nan,,0.0,nan,nan,nan,nan,0,,1.8577619492814565e-05,3.859759734048396e-17,0.000334200093039851,0.014396098159274784,-0.00012307889387236544,0.21920946936279065,0,0.0,0.9025812624295146,0.0,0.9025812624295146,4.590918574118308e-19,0.0062400000000000155,1,1e-05
625,0.00625,NLR,1.0,0.019237829008488916,0.05676879700331483,0.0010018280008807778,3.367007593624294e-06,0.0005064553996706784,0.0002303638769581925,nan,nan,,0.0,nan,nan,nan,nan,0,,1.8577665372380774e-05,4.0766001685454967e-17,0.0003342007502827546,0.014396124079349537,-0.00012307870506487052,0.21920986339853546,0,0.0,0.902699180997087,0.0,0.902699180997087,4.590918574118308e-19,0.006250000000000016,1,1e-05
626,0.006260000000000001,NLR,1.0,0.021206586010521278,0.06217929600097705,0.000338436002493836,2.0180013962090015e-06,0.000506182169188852,0.0002299965158706762,nan,nan,,0.0,nan,nan,nan,nan,0,,1.857771122947903e-05,4.141652298894627e-17,0.00033420140691348816,0.014396149973947558,-0.0001230785176179648,0.21921025704684313,0,0.0,0.902816787171984,0.0,0.902816787171984,4.590918574118308e-19,0.006260000000000016,1,1e-05
627,0.00627,NLR,1.0,0.020558845993946306,0.06552140699932352,0.00035233200469519943,2.731001586653292e-06,0.0005059146429046828,0.0002296292818174223,nan,nan,,0.0,nan,nan,nan,nan,0,,1.8577757068303564e-05,4.130810277169772e-17,0.00033420206296555077,0.014396175844242798,-0.00012307833124507303,0.21921065032555884,0,0.0,0.9029340822612646,0.0,0.9029340822612646,-4.0826988057657276e-19,0.006270000000000016,1,1e-05
628,0.006280000000000001,NLR,1.0,0.020301639000535943,0.05595992901362479,0.00036344000545796007,2.320011844858527e-06,0.0005056524186757056,0.00022926207672739542,nan,nan,,0.0,nan,nan,nan,nan,0,,1.857780289281094e-05,3.8163916471489756e-17,0.00033420271847060996,0.014396201691344812,-0.000123078146260865,0.21921104325155272,0,0.0,0.9030510675644567,0.0,0.9030510675644567,-4.0826988057657276e-19,0.006280000000000016,1,1e-05
629,0.0062900000000000005,NLR,1.0,0.01824725700134877,0.055898149992572144,0.0005716390005545691,2.9850052669644356e-06,0.0005053950901429965,0.0002288948058904506,nan,nan,,0.0,nan,nan,nan,nan,0,,1.8577848706679515e-05,3.8163916471489756e-17,0.0003342033734584153,0.0143962275162961,-0.00012307796238661636,0.21921143584066444,0,0.0,0.9031677443736121,0.0,0.9031677443736121,4.590918574118308e-19,0.006290000000000016,1,1e-05
630,0.006300000000000001,NLR,1.0,0.017079094002838247,0.055116780000389554,0.00036339300277177244,1.9460130715742707e-06,0.00050514224627889,0.00022852737832271676,nan,nan,,0.0,nan,nan,nan,nan,0,,1.8577894513395157e-05,4.163336342344337e-17,0.0003342040279567995,0.014396253320071217,-0.0001230777799736263,0.21921182810772308,0,0.0,0.9032841139733615,0.0,0.9032841139733615,-4.0826988057657276e-19,0.006300000000000016,1,1e-05
631,0.0063100000000000005,NLR,1.0,0.017817997999372892,0.07202741000219248,0.0004072760057169944,2.6089983293786645e-06,0.0005048934736135767,0.00022815970680545623,nan,nan,,0.0,nan,nan,nan,nan,0,,1.8577940316268858e-05,4.0115480381963664e-17,0.00033420468199164344,0.014396279103576548,-0.00012307759877965428,0.21921222006649502,0,0.0,0.903400177640969,0.0,0.903400177640969,4.590918574118308e-19,0.006310000000000016,1,1e-05
632,0.00632,NLR,1.0,0.03465801099082455,0.06429736799327657,0.0004531879967544228,2.397006028331816e-06,0.0005046483562047664,0.00022779170819327746,nan,nan,,0.0,nan,nan,nan,nan,0,,1.857798611827562e-05,3.903127820947816e-17,0.0003342053355868307,0.014396304867647869,-0.0001230774188871787,0.21921261172970177,0,0.0,0.9035159366463862,0.0,0.9035159366463862,4.590918574118308e-19,0.006320000000000017,1,1e-05
633,0.0063300000000000006,NLR,1.0,0.018656535001355223,0.06751203899329994,0.000461537012597546,2.2040039766579866e-06,0.0005044064769097822,0.00022742330353328464,nan,nan,,0.0,nan,nan,nan,nan,0,,1.857803192222857e-05,3.9898639947466563e-17,0.00033420598876429013,0.01439633061305301,-0.00012307724033414094,0.21921300310899883,0,0.0,0.9036313922523054,0.0,0.9036313922523054,-1.2756316185649763e-18,0.006330000000000015,1,1e-05
634,0.00634,NLR,1.0,0.01781832199776545,0.0708746570016956,0.0003780109982471913,2.207991201430559e-06,0.0005041674938961088,0.00022705426367000843,nan,nan,,0.0,nan,nan,nan,nan,0,,1.857807773072401e-05,3.9898639947466563e-17,0.00033420664154405863,0.014396356340486083,-0.00012307706309849984,0.2192133942149443,0,0.0,0.9037465457142125,0.0,0.9037465457142125,4.590918574118308e-19,0.006340000000000016,1,1e-05
635,0.006350000000000001,NLR,1.0,0.023388542991597205,0.06548989200382493,0.0007359840092249215,3.0340015655383468e-06,0.0005039309663903444,0.00022668459652812532,nan,nan,,0.0,nan,nan,nan,nan,0,,1.857812354619105e-05,4.163336342344337e-17,0.00033420729394415715,0.01439638205057392,-0.00012307688721056208,0.21921378505706426,0,0.0,0.9038613982804401,0.0,0.9038613982804401,4.590918574118308e-19,0.006350000000000016,1,1e-05
636,0.00636,NLR,1.0,0.02097288699587807,0.06355059301131405,0.0003677200002130121,2.382992533966899e-06,0.0005036964461877638,0.00022631431313976594,nan,nan,,0.0,nan,nan,nan,nan,0,,1.857816937057846e-05,3.7513395167998453e-17,0.00033420794598052156,0.014396407743872741,-0.0001230767127433485,0.2192141756438328,0,0.0,0.9039759511922187,0.0,0.9039759511922187,4.590918574118308e-19,0.006360000000000017,1,1e-05
637,0.006370000000000001,NLR,1.0,0.018951670004753396,0.06415784500131849,0.00040636399353388697,2.5030021788552403e-06,0.0005034635212557099,0.00022594335322332848,nan,nan,,0.0,nan,nan,nan,nan,0,,1.8578215205875504e-05,3.848917712323541e-17,0.0003342085976671142,0.014396433420870824,-0.00012307653946398643,0.21921456598264175,0,0.0,0.9040902056837291,0.0,0.9040902056837291,-4.0826988057657276e-19,0.006370000000000016,1,1e-05
638,0.00638,NLR,1.0,0.02228738000849262,0.06145561099401675,0.00039449200266972184,2.488988684490323e-06,0.0005032317820892579,0.00022557166148936308,nan,nan,,0.0,nan,nan,nan,nan,0,,1.8578261053563502e-05,3.903127820947816e-17,0.00033420924901586286,0.01439645908198428,-0.0001230763676897647,0.21921495607982647,0,0.0,0.9042041629821531,0.0,0.9042041629821531,-4.0826988057657276e-19,0.006380000000000016,1,1e-05
639,0.006390000000000001,NLR,1.0,0.018525752006098628,0.06294725601037499,0.00097772000299301,3.3529940992593765e-06,0.0005030008237726325,0.0002251991876276824,nan,nan,,0.0,nan,nan,nan,nan,0,,1.857830691506568e-05,3.957337929572091e-17,0.000334209900036678,0.01439648472755839,-0.00012307619725448495,0.21921534594064457,0,0.0,0.9043178243077243,0.0,0.9043178243077243,-4.0826988057657276e-19,0.0063900000000000155,1,1e-05
640,0.0064,NLR,1.0,0.020262065998394974,0.060131442005513236,0.0003752839984372258,2.296990714967251e-06,0.0005027702457829773,0.00022482588648874998,nan,nan,,0.0,nan,nan,nan,nan,0,,1.8578352791508386e-05,4.163336342344337e-17,0.00033421055073753705,0.014396510357871595,-0.0001230760281795855,0.21921573556930157,0,0.0,0.9044311908737783,0.0,0.9044311908737783,4.590918574118308e-19,0.006400000000000016,1,1e-05
641,0.006410000000000001,NLR,1.0,0.02042673599498812,0.06448337700567208,0.0005747929972130805,3.098000888712704e-06,0.000502539653135945,0.0002244517181780675,nan,nan,,0.0,nan,nan,nan,nan,0,,1.8578398683752584e-05,3.9898639947466563e-17,0.00033421120112439085,0.01439653597313062,-0.00012307586052675778,0.21921612496895776,0,0.0,0.9045442638868024,0.0,0.9045442638868024,4.590918574118308e-19,0.006410000000000016,1,1e-05
642,0.00642,NLR,1.0,0.01707552300649695,0.06768020198796876,0.0005441190005512908,2.75899947155267e-06,0.0005023086571802484,0.00022407664808408745,nan,nan,,0.0,nan,nan,nan,nan,0,,1.857844459243606e-05,4.0332320816460765e-17,0.00033421185120128443,0.014396561573475797,-0.00012307569426451046,0.21921651414173518,0,0.0,0.9046570445464852,0.0,0.9046570445464852,-4.0826988057657276e-19,0.006420000000000016,1,1e-05
643,0.006430000000000001,NLR,1.0,0.020102941009099595,0.06475329199747648,0.00042868599120993167,2.3559987312182784e-06,0.0005020768762310139,0.0002237006469941776,nan,nan,,0.0,nan,nan,nan,nan,0,,1.857849051800831e-05,3.9898639947466563e-17,0.00033421250097032655,0.014396587158979957,-0.0001230755294229274,0.21921690308873848,0,0.0,0.9047695340457653,0.0,0.9047695340457653,4.590918574118308e-19,0.006430000000000016,1,1e-05
644,0.00644,NLR,1.0,0.019042382991756313,0.05837264900037553,0.00035962001129519194,2.158994902856648e-06,0.0005018439362861689,0.00022332369113971094,nan,nan,,0.0,nan,nan,nan,nan,0,,1.8578536460663737e-05,4.163336342344337e-17,0.00033421315043174424,0.014396612729649982,-0.0001230753658789988,0.2192172918100624,0,0.0,0.90488173357088,0.0,0.90488173357088,-4.0826988057657276e-19,0.006440000000000016,1,1e-05
645,0.006450000000000001,NLR,1.0,0.019121315999655053,0.07550570101011544,0.00048564399185124785,2.810003934428096e-06,0.0005016094716026423,0.0002229457622494497,nan,nan,,0.0,nan,nan,nan,nan,0,,1.857858242039896e-05,3.642919299551295e-17,0.00033421379958391593,0.014396638285428143,-0.00012307520371161704,0.2192176803048241,0,0.0,0.904993644301413,0.0,0.904993644301413,4.590918574118308e-19,0.0064500000000000165,1,1e-05
646,0.0064600000000000005,NLR,1.0,0.020589790990925394,0.06375029499758966,0.00038239000423345715,2.5040062610059977e-06,0.0005013731254432626,0.00022256684759841775,nan,nan,,0.0,nan,nan,nan,nan,0,,1.8578628396890744e-05,4.0766001685454967e-17,0.00033421444842339607,0.014396663826193201,-0.000123075043010762,0.2192180685711746,0,0.0,0.9051052674103427,0.0,0.9051052674103427,-4.0826988057657276e-19,0.006460000000000016,1,1e-05
647,0.006470000000000001,NLR,1.0,0.021661355000105686,0.06475023399980273,0.000378661003196612,2.3269967641681433e-06,0.000501134550870217,0.00022218693999920174,nan,nan,,0.0,nan,nan,nan,nan,0,,1.857867438972494e-05,3.8163916471489756e-17,0.0003342150969449426,0.01439668935176086,-0.00012307488366028612,0.219218456606317,0,0.0,0.9052166040640887,0.0,0.9052166040640887,-4.0826988057657276e-19,0.006470000000000016,1,1e-05
648,0.0064800000000000005,NLR,1.0,0.017591210998944007,0.06553165399236605,0.0006696670025121421,3.0480005079880357e-06,0.0005008934108853477,0.0002218060378773251,nan,nan,,0.0,nan,nan,nan,nan,0,,1.857872039824142e-05,3.9898639947466563e-17,0.00033421574514160506,0.014396714861887538,-0.00012307472565575863,0.2192188444065385,0,0.0,0.9053276554225591,0.0,0.9053276554225591,1.3264535954002343e-18,0.006480000000000017,1,1e-05
649,0.00649,NLR,1.0,0.01656763200298883,0.0650534380110912,0.0004293990059522912,2.3830070858821273e-06,0.0005006493793067685,0.00022142414524717023,nan,nan,,0.0,nan,nan,nan,nan,0,,1.857876642152081e-05,4.0766001685454967e-17,0.00033421639300477247,0.014396740356272364,-0.0001230745691236025,0.21921923196723705,0,0.0,0.9054384226391968,0.0,0.9054384226391968,-4.0826988057657276e-19,0.006490000000000017,1,1e-05
650,0.006500000000000001,NLR,1.0,0.01749162700434681,0.05907331200432964,0.0003415120008867234,2.182991011068225e-06,0.0005004021413514457,0.00022104127170175381,nan,nan,,0.0,nan,nan,nan,nan,0,,1.8578812458509877e-05,3.9898639947466563e-17,0.0003342170405241231,0.014396765834553404,-0.0001230744139276299,0.219219619282937,0,0.0,0.9055489068610254,0.0,0.9055489068610254,4.590918574118308e-19,0.006500000000000017,1,1e-05
651,0.00651,NLR,1.0,0.01948622400232125,0.060436316998675466,0.00033410300966352224,2.168002538383007e-06,0.0005001513938690012,0.00022065743242146213,nan,nan,,0.0,nan,nan,nan,nan,0,,1.8578858507916416e-05,3.9898639947466563e-17,0.00033421768768781727,0.01439679129631699,-0.00012307426009561189,0.21922000634732977,0,0.0,0.905659109228695,0.0,0.905659109228695,-1.2756316185649763e-18,0.006510000000000016,1,1e-05
652,0.006520000000000001,NLR,1.0,0.026357911992818117,0.05519444099627435,0.0006245959957595915,2.544999006204307e-06,0.0004998968459489527,0.00022027264815652358,nan,nan,,0.0,nan,nan,nan,nan,0,,1.85789045682877e-05,3.9898639947466563e-17,0.000334218334482482,0.014396816741096385,-0.00012307410766896688,0.2192203931533008,0,0.0,0.9057690308765273,0.0,0.9057690308765273,4.590918574118308e-19,0.006520000000000016,1,1e-05
653,0.00653,NLR,1.0,0.016553363006096333,0.057964091989560984,0.0005041160038672388,2.339991624467075e-06,0.0004996382195758806,0.00021988694513024333,nan,nan,,0.0,nan,nan,nan,nan,0,,1.857895063802517e-05,3.9898639947466563e-17,0.00033421898089324397,0.014396842168371782,-0.0001230739564840095,0.2192207796929539,0,0.0,0.9058786729325604,0.0,0.9058786729325604,-4.0826988057657276e-19,0.006530000000000016,1,1e-05
654,0.006540000000000001,NLR,1.0,0.019128063999232836,0.060518986007082276,0.0003578830073820427,1.8090067896991968e-06,0.0004993752493592565,0.0002195003551122825,nan,nan,,0.0,nan,nan,nan,nan,0,,1.8578996715247975e-05,4.0766001685454967e-17,0.0003342196269038672,0.014396867577576744,-0.00012307380680357918,0.21922116595766283,0,0.0,0.9059880365185935,0.0,0.9059880365185935,4.590918574118308e-19,0.006540000000000016,1,1e-05
655,0.00655,NLR,1.0,0.016275900998152792,0.057890593001502566,0.00039442100387532264,2.378001227043569e-06,0.0004991076838997845,0.00021911291520794427,nan,nan,,0.0,nan,nan,nan,nan,0,,1.857904279802731e-05,3.9898639947466563e-17,0.00033422027249673875,0.014396892968096875,-0.00012307365844853172,0.21922155193807935,0,0.0,0.9060971227502305,0.0,0.9060971227502305,-4.0826988057657276e-19,0.006550000000000016,1,1e-05
656,0.006560000000000001,NLR,1.0,0.01683244299783837,0.05565693401149474,0.00035160699917469174,1.618100213818252e-05,0.0004988352853171766,0.00021872466791557422,nan,nan,,0.0,nan,nan,nan,nan,0,,1.857908888423134e-05,3.903127820947816e-17,0.00033422091765297735,0.014396918339274034,-0.00012307351134064194,0.21922193762418435,0,0.0,0.9062059327369241,0.0,0.9062059327369241,-4.0826988057657276e-19,0.0065600000000000155,1,1e-05
657,0.00657,NLR,1.0,0.01749881700379774,0.054714671001420356,0.00034544999653007835,2.2049935068935156e-06,0.0004985578297751491,0.00021833566098890638,nan,nan,,0.0,nan,nan,nan,nan,0,,1.8579134971564828e-05,4.0766001685454967e-17,0.00033422156235248093,0.014396943690407227,-0.000123073365635053,0.21922232300532926,0,0.0,0.9063144675820188,0.0,0.9063144675820188,1.3264535954002343e-18,0.006570000000000017,1,1e-05
658,0.006580000000000001,NLR,1.0,0.02029248200415168,0.056687600997975096,0.0006848070042906329,3.173001459799707e-06,0.0004982751079985773,0.00021794594734902886,nan,nan,,0.0,nan,nan,nan,nan,0,,1.8579181057589687e-05,3.9898639947466563e-17,0.0003342222065740243,0.014396969020757266,-0.00012307322121107167,0.21922270807025468,0,0.0,0.9064227283827944,0.0,0.9064227283827944,-4.0826988057657276e-19,0.006580000000000016,1,1e-05
659,0.00659,NLR,1.0,0.020686688003479503,0.06139903099392541,0.00056786100321915,2.134998794645071e-06,0.0004979869253086487,0.000217555584979361,nan,nan,,0.0,nan,nan,nan,nan,0,,1.8579227139745194e-05,4.163336342344337e-17,0.00033422285029530033,0.014396994329547663,-0.00012307307808957289,0.2192230928071448,0,0.0,0.9065307162305075,0.0,0.9065307162305075,-4.0826988057657276e-19,0.006590000000000016,1,1e-05
660,0.006600000000000001,NLR,1.0,0.018169292001402937,0.060270310001214966,0.0003523420018609613,1.9550061551854014e-06,0.0004976931018014449,0.00021716463682123582,nan,nan,,0.0,nan,nan,nan,nan,0,,1.8579273215353932e-05,4.163336342344337e-17,0.00033422349349299633,0.014397019615966844,-0.00012307293631534153,0.2192234772036591,0,0.0,0.906638432210435,0.0,0.906638432210435,4.590918574118308e-19,0.0066000000000000164,1,1e-05
661,0.00661,NLR,1.0,0.018492705989046954,0.05912939600239042,0.0005605919868685305,2.1369924070313573e-06,0.0004973934727927229,0.00021677317062722076,nan,nan,,0.0,nan,nan,nan,nan,0,,1.8579319281593354e-05,3.968179951296946e-17,0.00033422413614287664,0.014397044879171705,-0.0001230727958240213,0.2192238612469699,0,0.0,0.9067458774019149,0.0,0.9067458774019149,4.590918574118308e-19,0.006610000000000017,1,1e-05
662,0.006620000000000001,NLR,1.0,0.01970595700549893,0.06263342598685995,0.0003317960072308779,1.9640137907117605e-06,0.0004970878886118377,0.00021638125883642842,nan,nan,,0.0,nan,nan,nan,nan,0,,1.857936533557994e-05,3.8163916471489756e-17,0.00033422477821984945,0.014397070118289834,-0.0001230726565834372,0.2192242449238037,0,0.0,0.9068530528783882,0.0,0.9068530528783882,-4.0826988057657276e-19,0.0066200000000000165,1,1e-05
663,0.0066300000000000005,NLR,1.0,0.02240607899148017,0.05669738100550603,0.000344733998645097,2.082990249618888e-06,0.0004967762149758294,0.00021598897842580055,nan,nan,,0.0,nan,nan,nan,nan,0,,1.85794113742649e-05,3.903127820947816e-17,0.00033422541969805805,0.01439709533242306,-0.00012307251863248467,0.2192246282204855,0,0.0,0.9069599597074403,0.0,0.9069599597074403,-4.0826988057657276e-19,0.006630000000000016,1,1e-05
664,0.006640000000000001,NLR,1.0,0.023081588005879894,0.06145480499253608,0.0014747340028407052,3.7709978641942143e-06,0.0004964583331461183,0.00021559641071099156,nan,nan,,0.0,nan,nan,nan,nan,0,,1.857945739455356e-05,4.0766001685454967e-17,0.0003342260605509013,0.014397120520646789,-0.00012307238186541814,0.2192250111229711,0,0.0,0.9070665989508411,0.0,0.9070665989508411,4.590918574118308e-19,0.0066400000000000165,1,1e-05
665,0.0066500000000000005,NLR,1.0,0.019555758000933565,0.058124923991272226,0.0006260730006033555,3.173990990035236e-06,0.0004961341395431769,0.00021520364123570445,nan,nan,,0.0,nan,nan,nan,nan,0,,1.8579503393266165e-05,4.163336342344337e-17,0.00033422670075121554,0.014397145682018442,-0.00012307224645941836,0.21922539361690171,0,0.0,0.9071729716645862,0.0,0.9071729716645862,-4.0826988057657276e-19,0.006650000000000016,1,1e-05
666,0.00666,NLR,1.0,0.018723176995990798,0.061540124006569386,0.0005813440075144172,2.8120120987296104e-06,0.0004958035465148016,0.00021481075950596028,nan,nan,,0.0,nan,nan,nan,nan,0,,1.8579549367136353e-05,3.903127820947816e-17,0.0003342273402712319,0.014397170815574345,-0.00012307211218341125,0.2192257756876239,0,0.0,0.9072790788989364,0.0,0.9072790788989364,4.590918574118308e-19,0.006660000000000017,1,1e-05
667,0.006670000000000001,NLR,1.0,0.017180761991767213,0.058576344992616214,0.0003687699936563149,2.3949978640303016e-06,0.0004954664815166425,0.00021441785886319617,nan,nan,,0.0,nan,nan,nan,nan,0,,1.8579595312822848e-05,3.9898639947466563e-17,0.00033422797908274395,0.014397195920336392,-0.00012307197916480348,0.21922615732025388,0,0.0,0.907384921698458,0.0,0.907384921698458,4.590918574118308e-19,0.006670000000000017,1,1e-05
668,0.00668,NLR,1.0,0.021178990995394997,0.05526928800099995,0.0003349210019223392,2.264001523144543e-06,0.0004951228877341493,0.00021402503622978397,nan,nan,,0.0,nan,nan,nan,nan,0,,1.8579641226968766e-05,3.9898639947466563e-17,0.0003342286171571226,0.014397220995312265,-0.00012307184726347847,0.2192265384997003,0,0.0,0.9074905011020615,0.0,0.9074905011020615,4.590918574118308e-19,0.0066800000000000175,1,1e-05
669,0.006690000000000001,NLR,1.0,0.020203093998134136,0.05902882000373211,0.0003300889948150143,1.8770078895613551e-06,0.000494772723551318,0.00021363239192551852,nan,nan,,0.0,nan,nan,nan,nan,0,,1.8579687106101595e-05,4.0766001685454967e-17,0.0003342292544654504,0.014397246039500544,-0.0001230717166779216,0.21922691921072435,0,0.0,0.9075958181430415,0.0,0.9075958181430415,-4.0826988057657276e-19,0.006690000000000017,1,1e-05
670,0.0067,NLR,1.0,0.0149145210016286,0.06419826099590864,0.00032637600088492036,1.9930012058466673e-06,0.000494415962940576,0.0002132400293853812,nan,nan,,0.0,nan,nan,nan,nan,0,,1.8579732946825306e-05,3.903127820947816e-17,0.00033422989097854383,0.014397271051890925,-0.00012307158716201065,0.2192272994379556,0,0.0,0.9077008738491148,0.0,0.9077008738491148,-4.0826988057657276e-19,0.006700000000000017,1,1e-05
671,0.006710000000000001,NLR,1.0,0.024244020009064116,0.05494048600667156,0.0008352330041816458,3.2990064937621355e-06,0.0004940525947617868,0.00021284805498668482,nan,nan,,0.0,nan,nan,nan,nan,0,,1.857977874560266e-05,3.9898639947466563e-17,0.0003342305266670555,0.01439729603146822,-0.000123071458809582,0.2192276791659586,0,0.0,0.9078056692424592,0.0,0.9078056692424592,-4.0826988057657276e-19,0.006710000000000016,1,1e-05
672,0.00672,NLR,1.0,0.021213178013567813,0.06261020200327039,0.00049070299428422,2.7229980332776904e-06,0.0004936826231175116,0.0002124565777462188,nan,nan,,0.0,nan,nan,nan,nan,0,,1.8579824498937897e-05,4.163336342344337e-17,0.0003342311615015703,0.014397320977215688,-0.0001230713315695441,0.21922805837925732,0,0.0,0.9079102053397515,0.0,0.9079102053397515,-4.0826988057657276e-19,0.006720000000000016,1,1e-05
673,0.006730000000000001,NLR,1.0,0.01679422899906058,0.053722215991001576,0.0006684539985144511,2.886998117901385e-06,0.0004933060668311041,0.0002120657091032295,nan,nan,,0.0,nan,nan,nan,nan,0,,1.8579870203264156e-05,3.9898639947466563e-17,0.000334231795452664,0.01439734588811703,-0.00012307120552848137,0.2192284370623855,0,0.0,0.9080144831522053,0.0,0.9080144831522053,1.3264535954002343e-18,0.006730000000000017,1,1e-05
674,0.00674,NLR,1.0,0.01800498399825301,0.05974810601037461,0.0003391089994693175,2.278000465594232e-06,0.0004929229595686286,0.00021167556260450645,nan,nan,,0.0,nan,nan,nan,nan,0,,1.8579915855134847e-05,3.903127820947816e-17,0.0003342324284909402,0.014397370763157724,-0.0001230710805262056,0.21922881519991327,0,0.0,0.9081185036856085,0.0,0.9081185036856085,-4.0826988057657276e-19,0.006740000000000017,1,1e-05
675,0.006750000000000001,NLR,1.0,0.018780590005917475,0.056991617995663546,0.0003391939972061664,2.468004822731018e-06,0.0004925333491385792,0.0002112862537026467,nan,nan,,0.0,nan,nan,nan,nan,0,,1.857996145097681e-05,4.084731684839138e-17,0.00033423306058714915,0.0143973956013288,-0.00012307095662487597,0.2192291927765012,0,0.0,0.9082222679403605,0.0,0.9082222679403605,-4.0826988057657276e-19,0.006750000000000016,1,1e-05
676,0.00676,NLR,1.0,0.02002564699796494,0.059317140010534786,0.00033197000448126346,2.1710002329200506e-06,0.0004921372976983451,0.00021089789940586804,nan,nan,,0.0,nan,nan,nan,nan,0,,1.858000698726176e-05,3.903127820947816e-17,0.000334233691712286,0.014397420401631056,-0.00012307083380556043,0.21922956977693167,0,0.0,0.9083257769115091,0.0,0.9083257769115091,-4.0826988057657276e-19,0.006760000000000016,1,1e-05
677,0.006770000000000001,NLR,1.0,0.016121840992127545,0.053828324991627596,0.000385274994187057,2.14400643017143e-06,0.0004917348812033853,0.00021051061803015325,nan,nan,,0.0,nan,nan,nan,nan,0,,1.8580052460599834e-05,3.9898639947466563e-17,0.00033423432183757063,0.01439744516307373,-0.00012307071210140272,0.2192299461861481,0,0.0,0.9084290315887865,0.0,0.9084290315887865,4.590918574118308e-19,0.0067700000000000165,1,1e-05
678,0.0067800000000000004,NLR,1.0,0.019062145001953468,0.05720878300780896,0.0003270339948358014,1.8310092855244875e-06,0.0004913261891147754,0.0002101245289022356,nan,nan,,0.0,nan,nan,nan,nan,0,,1.8580097867477792e-05,4.14029704617902e-17,0.00033423495093463,0.01439746988468138,-0.0001230705913688629,0.21923032198928633,0,0.0,0.9085320329566465,0.0,0.9085320329566465,4.590918574118308e-19,0.006780000000000017,1,1e-05
679,0.006790000000000001,NLR,1.0,0.023283588991034776,0.06394917400029954,0.000426244005211629,2.6600027922540903e-06,0.0004909113240724434,0.00020973975206458738,nan,nan,,0.0,nan,nan,nan,nan,0,,1.8580143204537223e-05,3.946495907847236e-17,0.0003342355789754536,0.014397494565491442,-0.00012307047168547722,0.21923069717172441,0,0.0,0.9086347819942997,0.0,0.9086347819942997,-4.0826988057657276e-19,0.0067900000000000165,1,1e-05
680,0.0068000000000000005,NLR,1.0,0.0179485919943545,0.06477728299796581,0.0004780049930559471,2.5990011636167765e-06,0.000490490401629761,0.0002093564079645929,nan,nan,,0.0,nan,nan,nan,nan,0,,1.8580188468408606e-05,4.0332320816460765e-17,0.00033423620593254247,0.014397519204560227,-0.0001230703529780338,0.2192310717191054,0,0.0,0.9087372796757492,0.0,0.9087372796757492,4.590918574118308e-19,0.006800000000000017,1,1e-05
681,0.006810000000000001,NLR,1.0,0.018979225991643034,0.06255687400698662,0.0006090370006859303,2.644999767653644e-06,0.0004900635496027068,0.00020897461717259527,nan,nan,,0.0,nan,nan,nan,nan,0,,1.8580233655786757e-05,3.9898639947466563e-17,0.00033423683177897194,0.014397543800965584,-0.0001230702353546023,0.219231445617383,0,0.0,0.9088395269698266,0.0,0.9088395269698266,4.590918574118308e-19,0.006810000000000017,1,1e-05
682,0.0068200000000000005,NLR,1.0,0.020551986002828926,0.06701286201132461,0.0003977450105594471,4.385001375339925e-06,0.0004896309080199676,0.00020859450005087038,nan,nan,,0.0,nan,nan,nan,nan,0,,1.858027876342609e-05,4.141652298894627e-17,0.00033423745648838613,0.014397568353805124,-0.00012307011864239224,0.21923181885283938,0,0.0,0.9089415248402262,0.0,0.9089415248402262,-4.0826988057657276e-19,0.006820000000000017,1,1e-05
683,0.00683,NLR,1.0,0.021127157990122214,0.06363021799188573,0.0005792879965156317,2.5909976102411747e-06,0.0004891926283408561,0.00020821617647429175,nan,nan,,0.0,nan,nan,nan,nan,0,,1.8580323788207175e-05,4.0766001685454967e-17,0.00033423808003513054,0.014397592862202213,-0.00012307000289103854,0.2192321914121364,0,0.0,0.9090432742455402,0.0,0.9090432742455402,-4.0826988057657276e-19,0.006830000000000017,1,1e-05
684,0.006840000000000001,NLR,1.0,0.020494440002948977,0.0630015169881517,0.0004572140023810789,2.310000127181411e-06,0.0004887488731606366,0.0002078397655187144,nan,nan,,0.0,nan,nan,nan,nan,0,,1.8580368727014032e-05,3.8163916471489756e-17,0.0003342387023942921,0.014397617325306866,-0.00012306988809209407,0.21923256328233462,0,0.0,0.9091447761392932,0.0,0.9091447761392932,4.590918574118308e-19,0.006840000000000017,1,1e-05
685,0.00685,NLR,1.0,0.021368169007473625,0.06459034499130212,0.00041666800098028034,2.5550107238814235e-06,0.0004882998157007028,0.0002074653851526544,nan,nan,,0.0,nan,nan,nan,nan,0,,1.858041357685986e-05,3.903127820947816e-17,0.0003342393235417222,0.014397641742296408,-0.00012306977429895951,0.21923293445092915,0,0.0,0.9092460314699764,0.0,0.9092460314699764,-4.0826988057657276e-19,0.006850000000000017,1,1e-05
686,0.006860000000000001,NLR,1.0,0.019456205001915805,0.06316795300517697,0.0008465569990221411,2.8280046535655856e-06,0.0004878456395153897,0.00020709315190986407,nan,nan,,0.0,nan,nan,nan,nan,0,,1.8580458334855558e-05,3.9898639947466563e-17,0.00033423994345413926,0.01439766611237947,-0.00012306966132547521,0.21923330490586979,0,0.0,0.9093470411810813,0.0,0.9093470411810813,4.590918574118308e-19,0.006860000000000017,1,1e-05
687,0.00687,NLR,1.0,0.020803620005608536,0.062413031002506614,0.0004216840025037527,2.2590102162212133e-06,0.0004873865373245671,0.0002067231806827623,nan,nan,,0.0,nan,nan,nan,nan,0,,1.8580502998183593e-05,4.0332320816460765e-17,0.00033424056210915477,0.01439769043479644,-0.00012306954932503583,0.21923367463560375,0,0.0,0.9094478062111336,0.0,0.9094478062111336,-4.0826988057657276e-19,0.006870000000000017,1,1e-05
688,0.006880000000000001,NLR,1.0,0.0191637130046729,0.06479389699234162,0.0003725849965121597,2.2149906726554036e-06,0.0004869227114064846,0.00020635558430149298,nan,nan,,0.0,nan,nan,nan,nan,0,,1.8580547564139353e-05,3.9898639947466563e-17,0.0003342411794853343,0.01439771470882234,-0.00012306943824336042,0.21923404362908872,0,0.0,0.9095483274937264,0.0,0.9095483274937264,1.3264535954002343e-18,0.006880000000000018,1,1e-05
689,0.00689,NLR,1.0,0.020297692011808977,0.053907642999547534,0.0006527009973069653,3.5819975892081857e-06,0.00048645437236058197,0.00020599047333382442,nan,nan,,0.0,nan,nan,nan,nan,0,,1.8580592030129214e-05,3.9898639947466563e-17,0.0003342417955622142,0.014397738933765947,-0.00012306932803164784,0.21923441187582068,0,0.0,0.9096486059575531,0.0,0.9096486059575531,-4.0826988057657276e-19,0.006890000000000018,1,1e-05
690,0.006900000000000001,NLR,1.0,0.02142505800293293,0.055589568000868894,0.0004111930029466748,2.582004526630044e-06,0.000485981738715215,0.00020562795579236802,nan,nan,,0.0,nan,nan,nan,nan,0,,1.8580636393679685e-05,3.924811864397526e-17,0.00033424241032039073,0.014397763108974448,-0.00012306921863849087,0.21923477936585975,0,0.0,0.9097486425264409,0.0,0.9097486425264409,-4.0826988057657276e-19,0.006900000000000017,1,1e-05
691,0.00691,NLR,1.0,0.026043834004667588,0.056602478012791835,0.00035401599598117173,2.082990249618888e-06,0.0004855050363643435,0.00020526813684094294,nan,nan,,0.0,nan,nan,nan,nan,0,,1.8580680652461793e-05,3.924811864397526e-17,0.0003342430237415392,0.014397787233833226,-0.00012306911017920274,0.2192351460898542,0,0.0,0.9098484381193827,0.0,0.9098484381193827,-4.0826988057657276e-19,0.006910000000000017,1,1e-05
692,0.006920000000000001,NLR,1.0,0.017309510003542528,0.06374472500465345,0.00036082000588066876,2.29298893827945e-06,0.0004850244982972541,0.00020491111850015078,nan,nan,,0.0,nan,nan,nan,nan,0,,1.8580724804228194e-05,3.8163916471489756e-17,0.00033424363580843896,0.014397811307766961,-0.0001230690024129201,0.2192355120390485,0,0.0,0.9099479936505693,0.0,0.9099479936505693,-4.0826988057657276e-19,0.006920000000000016,1,1e-05
693,0.00693,NLR,1.0,0.018851153989089653,0.056390060010016896,0.00037199800135567784,2.2330059437081218e-06,0.00048454036320093004,0.0002045569994979533,nan,nan,,0.0,nan,nan,nan,nan,0,,1.858076884689212e-05,3.8163916471489756e-17,0.0003342442465050411,0.014397835330242081,-0.00012306889549279902,0.219235877205321,0,0.0,0.9100473100294222,0.0,0.9100473100294222,4.590918574118308e-19,0.006930000000000017,1,1e-05
694,0.006940000000000001,NLR,1.0,0.017651416012085974,0.06448905800061766,0.0007463020010618493,3.1899980967864394e-06,0.00048405287565816876,0.0002042058748937874,nan,nan,,0.0,nan,nan,nan,nan,0,,1.8580812778439805e-05,3.642919299551295e-17,0.0003342448558164864,0.01439785930076698,-0.0001230687895694431,0.2192362415811915,0,0.0,0.9101463881606245,0.0,0.9101463881606245,4.590918574118308e-19,0.006940000000000017,1,1e-05
695,0.0069500000000000004,NLR,1.0,0.01903082699573133,0.06307220400776714,0.0005252310074865818,2.258995664305985e-06,0.00048356228543816566,0.0002038578359070637,nan,nan,,0.0,nan,nan,nan,nan,0,,1.858085659709727e-05,3.946495907847236e-17,0.00033424546372910833,0.014397883218892682,-0.00012306868426872084,0.21923660515982032,0,0.0,0.910245228944153,0.0,0.910245228944153,-4.0826988057657276e-19,0.006950000000000017,1,1e-05
696,0.006960000000000001,NLR,1.0,0.017919567006174475,0.059751216002041474,0.0007484649977413937,2.6569905458018184e-06,0.0004830688460275371,0.00020351296973355294,nan,nan,,0.0,nan,nan,nan,nan,0,,1.858090030115811e-05,3.9898639947466563e-17,0.00033424607023050307,0.0143979070842144,-0.00012306857988925933,0.21923696793505712,0,0.0,0.9103438332753092,0.0,0.9103438332753092,4.590918574118308e-19,0.006960000000000017,1,1e-05
697,0.0069700000000000005,NLR,1.0,0.01817763900908176,0.06257176799408626,0.0003835889947367832,2.235989086329937e-06,0.00048257281531115216,0.00020317135923618253,nan,nan,,0.0,nan,nan,nan,nan,0,,1.8580943889098417e-05,3.9898639947466563e-17,0.0003342466753095234,0.014397930896372424,-0.00012306847623615408,0.2192373299014198,0,0.0,0.9104422020447502,0.0,0.9104422020447502,4.590918574118308e-19,0.006970000000000018,1,1e-05
698,0.006980000000000001,NLR,1.0,0.01783070099190809,0.06012937500781845,0.0006075400015106425,2.619010047055781e-06,0.0004820744538004211,0.00020283308284751818,nan,nan,,0.0,nan,nan,nan,nan,0,,1.8580987359521618e-05,4.163336342344337e-17,0.0003342472789563277,0.014397954655053002,-0.00012306837333148142,0.21923769105412447,0,0.0,0.9105403361385198,0.0,0.9105403361385198,-4.0826988057657276e-19,0.0069800000000000174,1,1e-05
699,0.0069900000000000006,NLR,1.0,0.01966331600851845,0.0580068239942193,0.0003637000045273453,2.0490115275606513e-06,0.0004815740245606696,0.0002024982143485811,nan,nan,,0.0,nan,nan,nan,nan,0,,1.858103071115803e-05,4.152494320619482e-17,0.0003342478811623566,0.014397978359987684,-0.0001230682712420439,0.21923805138908992,0,0.0,0.9106382364380785,0.0,0.9106382364380785,-4.0826988057657276e-19,0.006990000000000017,1,1e-05
700,0.007,NLR,1.0,0.020251901005394757,0.0578875670034904,0.0007518259953940287,0.4184171189990593,0.00048107179270078133,0.0002021668226625537,nan,nan,,0.0,nan,nan,nan,nan,0,,1.858107394297089e-05,3.9898639947466563e-17,0.0003342484819203741,0.014398002010954647,-0.00012306816980888974,0.21923841090293644,0,0.0,0.9107359038203343,0.0,0.9107359038203343,-4.0826988057657276e-19,0.007000000000000017,1,1e-05
701,0.007010000000000001,NLR,1.0,0.01862601499306038,0.057168419007211924,0.0003591880085878074,2.754997694864869e-06,0.0004805680241354013,0.00020183897180827315,nan,nan,,0.0,nan,nan,nan,nan,0,,1.8581117053926827e-05,4.0766001685454967e-17,0.0003342490812244808,0.014398025607779363,-0.00012306806923870951,0.219238769593009,0,0.0,0.9108333391576723,0.0,0.9108333391576723,4.590918574118308e-19,0.007010000000000017,1,1e-05
702,0.00702,NLR,1.0,0.018483305000700057,0.06411991099594161,0.00046218300121836364,2.8489885153248906e-06,0.0004800629857481598,0.00020151472064280367,nan,nan,,0.0,nan,nan,nan,nan,0,,1.8581160043335152e-05,4.163336342344337e-17,0.0003342496790701174,0.014398049150334824,-0.00012306796939446778,0.21923912745735855,0,0.0,0.9109305433179846,0.0,0.9109305433179846,1.3264535954002343e-18,0.007020000000000018,1,1e-05
703,0.007030000000000001,NLR,1.0,0.02060757199069485,0.05540265700255986,0.0003410829958738759,2.315995516255498e-06,0.00047955694413833177,0.00020119412284151685,nan,nan,,0.0,nan,nan,nan,nan,0,,1.858120291050532e-05,3.8163916471489756e-17,0.0003342502754540379,0.01439807263853976,-0.00012306787021589525,0.21923948449475802,0,0.0,0.9110275171647001,0.0,0.9110275171647001,-1.2756316185649763e-18,0.007030000000000017,1,1e-05
704,0.00704,NLR,1.0,0.017206270989845507,0.06014550899271853,0.0005082340067019686,2.7139903977513313e-06,0.0004790501652525593,0.00020087722675160758,nan,nan,,0.0,nan,nan,nan,nan,0,,1.858124565501698e-05,3.8163916471489756e-17,0.00033425087037439004,0.014398096072362865,-0.0001230677717886668,0.21923984070470376,0,0.0,0.9111242615568131,0.0,0.9111242615568131,-4.0826988057657276e-19,0.007040000000000017,1,1e-05
705,0.007050000000000001,NLR,1.0,0.01921290000609588,0.059013555001001805,0.0004642729909392074,2.1189916878938675e-06,0.00047854291376756686,0.00020056407532018688,nan,nan,,0.0,nan,nan,nan,nan,0,,1.8581288276450807e-05,4.163336342344337e-17,0.00033425146383061767,0.01439811945181746,-0.00012306767411922353,0.2192401960874074,0,0.0,0.9112207773489133,0.0,0.9112207773489133,4.590918574118308e-19,0.007050000000000017,1,1e-05
706,0.00706,NLR,1.0,0.021216449997154996,0.06644398400385398,0.0006883870082674548,2.725995727814734e-06,0.00047803545264900685,0.00020025470601827872,nan,nan,,0.0,nan,nan,nan,nan,0,,1.8581330774739024e-05,4.0332320816460765e-17,0.0003342520558234892,0.01439814277696394,-0.00012306757706426284,0.21924055064379042,0,0.0,0.9113170653912136,0.0,0.9113170653912136,4.590918574118308e-19,0.007060000000000018,1,1e-05
707,0.007070000000000001,NLR,1.0,0.01685951999388635,0.05806017298891675,0.00033330099540762603,1.891006832011044e-06,0.0004775280420836856,0.0001999491508239195,nan,nan,,0.0,nan,nan,nan,nan,0,,1.858137314983192e-05,3.9898639947466563e-17,0.0003342526463551618,0.014398166047911554,-0.00012306748079976082,0.21924090437549423,0,0.0,0.9114131265295797,0.0,0.9114131265295797,4.590918574118308e-19,0.007070000000000018,1,1e-05
708,0.00708,NLR,1.0,0.02002824099326972,0.05827328399755061,0.0003728849987965077,1.9799917936325073e-06,0.0004770209395724719,0.00019964743614586935,nan,nan,,0.0,nan,nan,nan,nan,0,,1.858141540185348e-05,3.8163916471489756e-17,0.0003342532354290519,0.014398189264813732,-0.0001230673852280888,0.21924125728485488,0,0.0,0.9115089616055578,0.0,0.9115089616055578,-4.0826988057657276e-19,0.007080000000000018,1,1e-05
709,0.007090000000000001,NLR,1.0,0.01953631998912897,0.06021404299826827,0.0003679429937619716,2.1359883248806e-06,0.00047651439887969667,0.00019934958283092318,nan,nan,,0.0,nan,nan,nan,nan,0,,1.8581457531127345e-05,3.8163916471489756e-17,0.0003342538230498983,0.014398212427870538,-0.0001230672902910644,0.21924160937490578,0,0.0,0.9116045714564031,0.0,0.9116045714564031,-4.0826988057657276e-19,0.007090000000000017,1,1e-05
710,0.0071,NLR,1.0,0.02148847699572798,0.055859672007500194,0.00037810900539625436,2.115993993356824e-06,0.00047600866954979,0.00019905560619965589,nan,nan,,0.0,nan,nan,nan,nan,0,,1.8581499538073924e-05,3.8163916471489756e-17,0.00033425440922374173,0.01439823553732733,-0.00012306719605809912,0.2192419606493701,0,0.0,0.9116999569151072,0.0,0.9116999569151072,-4.0826988057657276e-19,0.007100000000000017,1,1e-05
711,0.007110000000000001,NLR,1.0,0.01894317800179124,0.0617071510059759,0.0003690919984364882,2.2809981601312757e-06,0.00047550399664409706,0.0001987655159954348,nan,nan,,0.0,nan,nan,nan,nan,0,,1.8581541423311983e-05,3.8868647883605334e-17,0.00033425499395786515,0.014398258593473212,-0.00012306710249154827,0.21924231111264303,0,0.0,0.9117951188104266,0.0,0.9117951188104266,4.590918574118308e-19,0.007110000000000017,1,1e-05
712,0.0071200000000000005,NLR,1.0,0.017492154001956806,0.0615702889917884,0.0004074580065207556,2.4699984351173043e-06,0.0004750006198538761,0.00019847931650671534,nan,nan,,0.0,nan,nan,nan,nan,0,,1.8581583187514597e-05,4.163336342344337e-17,0.00033425557726081157,0.014398281596641471,-0.00012306700976520143,0.21924266076978852,0,0.0,0.9118900579669097,0.0,0.9118900579669097,4.590918574118308e-19,0.007120000000000018,1,1e-05
713,0.007130000000000001,NLR,1.0,0.019663133003632538,0.05786261000321247,0.00033651699777692556,2.097003743983805e-06,0.0004744987736640387,0.00019819700651102054,nan,nan,,0.0,nan,nan,nan,nan,0,,1.8581624831659595e-05,3.9898639947466563e-17,0.0003342561591423228,0.014398304547207141,-0.00012306691754825763,0.21924300962650528,0,0.0,0.9119847752049239,0.0,0.9119847752049239,4.590918574118308e-19,0.007130000000000018,1,1e-05
714,0.0071400000000000005,NLR,1.0,0.01848134899046272,0.06369692899170332,0.0008191179949790239,3.4570111893117428e-06,0.0004739986857968964,0.00019791857948456873,nan,nan,,0.0,nan,nan,nan,nan,0,,1.8581666356687975e-05,4.163336342344337e-17,0.0003342567396133556,0.014398327445587888,-0.0001230668261153049,0.21924335768914302,0,0.0,0.9120792713406831,0.0,0.9120792713406831,-4.0826988057657276e-19,0.007140000000000018,1,1e-05
715,0.007150000000000001,NLR,1.0,0.015932525988318957,0.059701028993004,0.0003465289919404313,2.320011844858527e-06,0.00047350057798106645,0.00019764402354343822,nan,nan,,0.0,nan,nan,nan,nan,0,,1.858170776381473e-05,4.0115480381963664e-17,0.0003342573186860192,0.014398350292242013,-0.00012306673528337527,0.2192437049646561,0,0.0,0.9121735471862742,0.0,0.9121735471862742,-4.0826988057657276e-19,0.0071500000000000175,1,1e-05
716,0.0071600000000000006,NLR,1.0,0.016145670000696555,0.061232977008330636,0.00038441899232566357,2.087996108457446e-06,0.00047300466459540146,0.00019737332164758518,nan,nan,,0.0,nan,nan,nan,nan,0,,1.8581749054317654e-05,3.9898639947466563e-17,0.00033425789637355483,0.014398373087666672,-0.0001230666452102238,0.21924405146060832,0,0.0,0.9122676035496838,0.0,0.9122676035496838,-4.0826988057657276e-19,0.007160000000000017,1,1e-05
717,0.00717,NLR,1.0,0.017867317001218908,0.06305773698841222,0.000363489001756534,2.0880106603726745e-06,0.00047251115290911246,0.00019710645163815765,nan,nan,,0.0,nan,nan,nan,nan,0,,1.8581790229575807e-05,3.8163916471489756e-17,0.00033425847269028636,0.014398395832396993,-0.0001230665556949075,0.21924439718513336,0,0.0,0.912361441234825,0.0,0.912361441234825,4.590918574118308e-19,0.0071700000000000175,1,1e-05
718,0.007180000000000001,NLR,1.0,0.018384026989224367,0.05708064200007357,0.0003410869976505637,2.235989086329937e-06,0.0004720202421453418,0.00019684338642423347,nan,nan,,0.0,nan,nan,nan,nan,0,,1.8581831291219157e-05,3.913969842672671e-17,0.00033425904765162624,0.014398418527006518,-0.00012306646697399145,0.2192447421469402,0,0.0,0.9124550610415628,0.0,0.9124550610415628,1.3264535954002343e-18,0.007180000000000019,1,1e-05
719,0.00719,NLR,1.0,0.018119683998520486,0.06619067399878986,0.00043001600715797395,2.75899947155267e-06,0.00047153212373912673,0.00019658409405648902,nan,nan,,0.0,nan,nan,nan,nan,0,,1.8581872240818435e-05,3.8163916471489756e-17,0.0003342596212739625,0.014398441172101872,-0.00012306637884465103,0.21924508635526263,0,0.0,0.9125484637657411,0.0,0.9125484637657411,-1.2756316185649763e-18,0.0071900000000000176,1,1e-05
720,0.007200000000000001,NLR,1.0,0.024667432997375727,0.05782772199017927,0.00036390399327501655,2.354994649067521e-06,0.00047104698032043955,0.00019632853795216267,nan,nan,,0.0,nan,nan,nan,nan,0,,1.8581913080243247e-05,3.7838655819744105e-17,0.00033426019357470435,0.014398463768325875,-0.00012306629154201144,0.21924542981986708,0,0.0,0.9126416501992073,0.0,0.9126416501992073,4.590918574118308e-19,0.007200000000000018,1,1e-05
721,0.00721,NLR,1.0,0.0215635289932834,0.06487947699497454,0.0005549029883695766,3.1800009310245514e-06,0.00047056498625447184,0.0001960766769441796,nan,nan,,0.0,nan,nan,nan,nan,0,,1.858195381139094e-05,3.9898639947466563e-17,0.00033426076457217886,0.014398486316353099,-0.000123066204795743,0.2192457725509991,0,0.0,0.9127346211298392,0.0,0.9127346211298392,-1.2756316185649763e-18,0.007210000000000017,1,1e-05
722,0.007220000000000001,NLR,1.0,0.019150998996337876,0.057951045004301704,0.0003623829979915172,2.0759907783940434e-06,0.00047008630637074457,0.00019582846558065516,nan,nan,,0.0,nan,nan,nan,nan,0,,1.858199443620575e-05,3.9898639947466563e-17,0.0003342613342856032,0.014398508816888533,-0.0001230661188036987,0.21924611455938905,0,0.0,0.9128273773415695,0.0,0.9128273773415695,1.3264535954002343e-18,0.007220000000000018,1,1e-05
723,0.00723,NLR,1.0,0.01906582100491505,0.05971520200546365,0.00034284200228285044,2.5699991965666413e-06,0.0004696110967352934,0.00019558385417719026,nan,nan,,0.0,nan,nan,nan,nan,0,,1.8582034956876182e-05,3.8163916471489756e-17,0.000334261902735036,0.014398531270666703,-0.0001230660333534644,0.2192464558562021,0,0.0,0.9129199196144113,0.0,0.9129199196144113,4.590918574118308e-19,0.0072300000000000185,1,1e-05
724,0.007240000000000001,NLR,1.0,0.023549705001641996,0.06284183800744358,0.00033462799910921603,2.411994501017034e-06,0.0004691395034358497,0.00019534278911738934,nan,nan,,0.0,nan,nan,nan,nan,0,,1.858207537554486e-05,3.859759734048396e-17,0.0003342624699413826,0.014398553678451442,-0.00012306594871122853,0.21924679645303902,0,0.0,0.9130122487244833,0.0,0.9130122487244833,-4.0826988057657276e-19,0.007240000000000018,1,1e-05
725,0.00725,NLR,1.0,0.019142858000122942,0.057714833004865795,0.00033210800029337406,2.2229942260310054e-06,0.00046867166343520286,0.00019510521291845784,nan,nan,,0.0,nan,nan,nan,nan,0,,1.8582115694564825e-05,3.903127820947816e-17,0.00033426303592625634,0.014398576041030786,-0.0001230658646943261,0.21924713636188228,0,0.0,0.913104365444034,0.0,0.913104365444034,4.590918574118308e-19,0.007250000000000019,1,1e-05
726,0.007260000000000001,NLR,1.0,0.01958892898983322,0.06177860400930513,0.00037637699279002845,2.4670007405802608e-06,0.00046820770334093714,0.00019487106455297004,nan,nan,,0.0,nan,nan,nan,nan,0,,1.858215591626764e-05,4.0766001685454967e-17,0.00033426360071198304,0.014398598359217196,-0.0001230657815271517,0.21924747559509525,0,0.0,0.913196270541467,0.0,0.913196270541467,-1.2756316185649763e-18,0.007260000000000017,1,1e-05
727,0.00727,NLR,1.0,0.017515871993964538,0.061727925000013784,0.00039322199882008135,2.2070016711950302e-06,0.00046774774040144005,0.00019464027952984493,nan,nan,,0.0,nan,nan,nan,nan,0,,1.8582196043195067e-05,4.0766001685454967e-17,0.0003342641643215456,0.014398620633845782,-0.00012306569887181318,0.21924781416536732,0,0.0,0.9132879647813652,0.0,0.9132879647813652,4.590918574118308e-19,0.007270000000000018,1,1e-05
728,0.007280000000000001,NLR,1.0,0.017103078003856353,0.05411186699348036,0.0003684010007418692,2.321001375094056e-06,0.0004672918810324739,0.00019441279023681816,nan,nan,,0.0,nan,nan,nan,nan,0,,1.858223607779202e-05,3.9898639947466563e-17,0.00033426472677855154,0.014398642865773192,-0.0001230656169939559,0.21924815208571957,0,0.0,0.9133794489245148,0.0,0.9133794489245148,4.590918574118308e-19,0.007280000000000018,1,1e-05
729,0.0072900000000000005,NLR,1.0,0.018116332998033613,0.06106480500602629,0.0007226930028991774,2.8439972084015608e-06,0.00046684022205187233,0.0001941885260202911,nan,nan,,0.0,nan,nan,nan,nan,0,,1.8582276022741565e-05,4.0332320816460765e-17,0.0003342652881071425,0.01439866505587406,-0.00012306553588294837,0.21924848936945224,0,0.0,0.9134707237279297,0.0,0.9134707237279297,4.590918574118308e-19,0.007290000000000019,1,1e-05
730,0.007300000000000001,NLR,1.0,0.01680309500079602,0.05479670499335043,0.000367450003977865,2.440996468067169e-06,0.0004663928499502374,0.00019396741345183112,nan,nan,,0.0,nan,nan,nan,nan,0,,1.8582315880695993e-05,3.9898639947466563e-17,0.0003342658483319543,0.014398687205039895,-0.0001230654554053156,0.21924882603012108,0,0.0,0.9135617899448751,0.0,0.9135617899448751,-4.0826988057657276e-19,0.007300000000000018,1,1e-05
731,0.0073100000000000005,NLR,1.0,0.016467715002363548,0.057040970990783535,0.00046494000707753,2.478991518728435e-06,0.00046594984070226096,0.00019374937658738468,nan,nan,,0.0,nan,nan,nan,nan,0,,1.8582355654422555e-05,3.903127820947816e-17,0.0003342664074780851,0.014398709314177527,-0.00012306537565995128,0.2192491620815197,0,0.0,0.9136526483248915,0.0,0.9136526483248915,-4.0826988057657276e-19,0.007310000000000018,1,1e-05
732,0.007320000000000001,NLR,1.0,0.01961695599311497,0.05781738400401082,0.0003262670070398599,2.020009560510516e-06,0.00046551126028241785,0.00019353433707829004,nan,nan,,0.0,nan,nan,nan,nan,0,,1.8582395346669707e-05,3.9898639947466563e-17,0.00033426696557103963,0.014398731384207997,-0.000123065296631653,0.21924949753764056,0,0.0,0.9137432996138176,0.0,0.9137432996138176,-4.0826988057657276e-19,0.0073200000000000175,1,1e-05
733,0.007330000000000001,NLR,1.0,0.022179794003022835,0.06597143100225367,0.0006266140117077157,2.7859932743012905e-06,0.0004650771642480237,0.00019332221447921827,nan,nan,,0.0,nan,nan,nan,nan,0,,1.858243496023198e-05,3.903127820947816e-17,0.0003342675226366467,0.014398753416062782,-0.0001230652183162982,0.21924983241265053,0,0.0,0.9138337445538145,0.0,0.9138337445538145,1.3264535954002343e-18,0.007330000000000019,1,1e-05
734,0.00734,NLR,1.0,0.01769577599770855,0.06459444000211079,0.00037493000854738057,2.0040024537593126e-06,0.0004646475980011686,0.00019311292640455797,nan,nan,,0.0,nan,nan,nan,nan,0,,1.8582474498054464e-05,4.163336342344337e-17,0.0003342680787010571,0.014398775410684017,-0.00012306514077412277,0.21925016672086534,0,0.0,0.913923983883388,0.0,0.913923983883388,-1.2756316185649763e-18,0.0073400000000000175,1,1e-05
735,0.007350000000000001,NLR,1.0,0.018090803001541644,0.058910943000228144,0.0003954419953515753,2.1599989850074053e-06,0.00046422259681436423,0.00019290638875626347,nan,nan,,0.0,nan,nan,nan,nan,0,,1.85825139629761e-05,3.946495907847236e-17,0.0003342686337906011,0.014398797369019167,-0.00012306506389967486,0.2192505004767127,0,0.0,0.9140140183374121,0.0,0.9140140183374121,4.590918574118308e-19,0.007350000000000018,1,1e-05
736,0.00736,NLR,1.0,0.015820614993572235,0.05789717799052596,0.00039361300878226757,2.4109904188662767e-06,0.00046380218574117453,0.00019270251594294651,nan,nan,,0.0,nan,nan,nan,nan,0,,1.8582553357989302e-05,4.098284211995207e-17,0.0003342691879318771,0.014398819292025022,-0.00012306498788738798,0.2192508336947203,0,0.0,0.9141038486471517,0.0,0.9141038486471517,4.590918574118308e-19,0.0073600000000000184,1,1e-05
737,0.007370000000000001,NLR,1.0,0.01729527799761854,0.06149547100358177,0.00035801000194624066,2.352011506445706e-06,0.00046338638013618944,0.00019250122105413233,nan,nan,,0.0,nan,nan,nan,nan,0,,1.858259268599549e-05,4.0332320816460765e-17,0.00033426974115154443,0.014398841180659261,-0.00012306491258350755,0.21925116638946568,0,0.0,0.9141934755402847,0.0,0.9141934755402847,-4.0826988057657276e-19,0.007370000000000018,1,1e-05
738,0.00738,NLR,1.0,0.021692834998248145,0.06132422501104884,0.0003670599980978295,2.2809981601312757e-06,0.0004629751852680129,0.00019230241609295796,nan,nan,,0.0,nan,nan,nan,nan,0,,1.8582631949973382e-05,3.9898639947466563e-17,0.0003342702934763948,0.014398863035884002,-0.00012306483799471617,0.21925149857556725,0,0.0,0.9142828997409254,0.0,0.9142828997409254,4.590918574118308e-19,0.0073800000000000185,1,1e-05
739,0.007390000000000001,NLR,1.0,0.02242032700451091,0.06334984899149276,0.0003688430006150156,2.3230095393955708e-06,0.00046256859677894035,0.00019210601216743887,nan,nan,,0.0,nan,nan,nan,nan,0,,1.8582671152895324e-05,3.9898639947466563e-17,0.00033427084493324887,0.014398884858661587,-0.00012306476414870258,0.21925183026765088,0,0.0,0.9143721219696459,0.0,0.9143721219696459,-4.0826988057657276e-19,0.007390000000000018,1,1e-05
740,0.0074,NLR,1.0,0.021133885995368473,0.06393560199649073,0.0006372490024659783,2.6740017347037792e-06,0.00046216660066312776,0.00019191191968210853,nan,nan,,0.0,nan,nan,nan,nan,0,,1.8582710297730324e-05,3.946495907847236e-17,0.0003342713955488881,0.014398906649951693,-0.00012306469122554394,0.21925216148032772,0,0.0,0.9144611429434988,0.0,0.9144611429434988,4.590918574118308e-19,0.0074000000000000185,1,1e-05
741,0.007410000000000001,NLR,1.0,0.01906879199668765,0.06654294900363311,0.00048061899724416435,2.449000021442771e-06,0.0004617691740963693,0.0001917200484841864,nan,nan,,0.0,nan,nan,nan,nan,0,,1.8582749387518707e-05,3.881443777498106e-17,0.00033427194535004583,0.01439892841071222,-0.00012306461888460566,0.21925249222814758,0,0.0,0.9145499633760386,0.0,0.9145499633760386,-4.0826988057657276e-19,0.007410000000000018,1,1e-05
742,0.00742,NLR,1.0,0.019297912003821693,0.06756500399205834,0.0003746069996850565,2.254004357382655e-06,0.00046137628431928003,0.0001915303081490023,nan,nan,,0.0,nan,nan,nan,nan,0,,1.8582788425172326e-05,4.0766001685454967e-17,0.00033427249436333265,0.014398950141895517,-0.00012306454741608012,0.2192528225256065,0,0.0,0.9146385839773439,0.0,0.9146385839773439,-4.0826988057657276e-19,0.007420000000000018,1,1e-05
743,0.007430000000000001,NLR,1.0,0.017942448001122102,0.060489789000712335,0.0003977020096499473,2.5129993446171284e-06,0.0004609878902749892,0.00019134260804638348,nan,nan,,0.0,nan,nan,nan,nan,0,,1.858282741363465e-05,3.870601755773251e-17,0.00033427304261522667,0.014398971844449271,-0.0001230644767727377,0.21925315238709386,0,0.0,0.914727005454039,0.0,0.914727005454039,1.3264535954002343e-18,0.007430000000000019,1,1e-05
744,0.00744,NLR,1.0,0.020138101011980325,0.06458638700132724,0.00035964201379101723,2.2229942260310054e-06,0.00046060394199869906,0.00019115685756100148,nan,nan,,0.0,nan,nan,nan,nan,0,,1.8582866355916954e-05,3.729655473350135e-17,0.0003342735901319477,0.01439899351931051,-0.00012306440689604739,0.21925348182687743,0,0.0,0.9148152285093148,0.0,0.9148152285093148,-4.0826988057657276e-19,0.007440000000000019,1,1e-05
745,0.007450000000000001,NLR,1.0,0.021780137001769617,0.06334726899513043,0.0005980700079817325,2.8149952413514256e-06,0.00046022438095088365,0.0001909729662719317,nan,nan,,0.0,nan,nan,nan,nan,0,,1.858290525487725e-05,3.9898639947466563e-17,0.0003342741369395083,0.014399015167408935,-0.00012306433784078767,0.2192538108590818,0,0.0,0.914903253842951,0.0,0.914903253842951,-4.0826988057657276e-19,0.007450000000000018,1,1e-05
746,0.0074600000000000005,NLR,1.0,0.016843068005982786,0.06594974799372721,0.0004167890001554042,2.097993274219334e-06,0.00045984914056980294,0.00019079084408435182,nan,nan,,0.0,nan,nan,nan,nan,0,,1.8582944113400864e-05,4.0332320816460765e-17,0.00033427468306359843,0.01439903678966159,-0.00012306426960541694,0.21925413949766126,0,0.0,0.9149910821513362,0.0,0.9149910821513362,4.590918574118308e-19,0.007460000000000019,1,1e-05
747,0.007470000000000001,NLR,1.0,0.017728846010868438,0.060606196988373995,0.0005599760042969137,3.145993105135858e-06,0.0004594781462901289,0.00019061040138072962,nan,nan,,0.0,nan,nan,nan,nan,0,,1.858298293438627e-05,3.9898639947466563e-17,0.0003342752285295771,0.014399058386973529,-0.0001230642020941399,0.21925446775637492,0,0.0,0.9150787141274895,0.0,0.9150787141274895,-4.0826988057657276e-19,0.007470000000000018,1,1e-05
748,0.0074800000000000005,NLR,1.0,0.018223248000140302,0.058612356006051414,0.00038231699727475643,2.2890017135068774e-06,0.000459111315782006,0.00019043154919959243,nan,nan,,0.0,nan,nan,nan,nan,0,,1.8583021720618253e-05,3.9898639947466563e-17,0.00033427577336243223,0.014399079960235817,-0.0001230641354832791,0.2192547956487759,0,0.0,0.9151661504610813,0.0,0.9151661504610813,4.590918574118308e-19,0.007480000000000019,1,1e-05
749,0.007490000000000001,NLR,1.0,0.023232113002450205,0.06428072499693371,0.0009296679927501827,3.634006134234369e-06,0.00045874855956243494,0.0001902541993298267,nan,nan,,0.0,nan,nan,nan,nan,0,,1.858306047485015e-05,3.8163916471489756e-17,0.00033427631758674135,0.014399101510325085,-0.00012306406972399121,0.2192551231881766,0,0.0,0.9152533918384536,0.0,0.9152533918384536,4.590918574118308e-19,0.007490000000000019,1,1e-05
750,0.007500000000000001,NLR,1.0,0.018156279998947866,0.06491679200553335,0.00033736700424924493,2.421991666778922e-06,0.0004583897809998335,0.00019007826445775996,nan,nan,,0.0,nan,nan,nan,nan,0,,1.8583099199875543e-05,3.979021973021801e-17,0.0003342768612265896,0.014399123038098649,-0.0001230640047688991,0.2192554503876332,0,0.0,0.9153404389426406,0.0,0.9153404389426406,-4.0826988057657276e-19,0.007500000000000019,1,1e-05
751,0.00751,NLR,1.0,0.01731963499332778,0.058505680004600435,0.0003618760092649609,2.6080087991431355e-06,0.000458034876516592,0.00018990365832196915,nan,nan,,0.0,nan,nan,nan,nan,0,,1.858313789829523e-05,3.838075690598686e-17,0.0003342774043055983,0.014399144544397835,-0.0001230639407484782,0.21925577725993203,0,0.0,0.9154272924533895,0.0,0.9154272924533895,4.590918574118308e-19,0.007510000000000019,1,1e-05
752,0.007520000000000001,NLR,1.0,0.016988230010611005,0.05995321999944281,0.00035485299304127693,1.958993379957974e-06,0.00045768373648302947,0.00018973029576791582,nan,nan,,0.0,nan,nan,nan,nan,0,,1.8583176572758152e-05,3.9898639947466563e-17,0.0003342779468468316,0.014399166030043098,-0.00012306387749409737,0.21925610381755747,0,0.0,0.9155139530471799,0.0,0.9155139530471799,4.590918574118308e-19,0.00752000000000002,1,1e-05
753,0.00753,NLR,1.0,0.017565240996191278,0.057166156999301165,0.0003917029971489683,2.4550099624320865e-06,0.0004573362446930845,0.00018955809293999792,nan,nan,,0.0,nan,nan,nan,nan,0,,1.8583215225813054e-05,3.9898639947466563e-17,0.00033427848887282517,0.014399187495836241,-0.00012306381510401783,0.21925643007268983,0,0.0,0.9156004213972443,0.0,0.9156004213972443,-4.0826988057657276e-19,0.007530000000000019,1,1e-05
754,0.007540000000000001,NLR,1.0,0.016103518995805643,0.06132194599194918,0.0003609730047173798,2.148008206859231e-06,0.00045699227929179475,0.0001893869673219625,nan,nan,,0.0,nan,nan,nan,nan,0,,1.858325385996632e-05,4.163336342344337e-17,0.00033427903040549647,0.014399208942555752,-0.00012306375364643305,0.21925675603718034,0,0.0,0.9156866981735882,0.0,0.9156866981735882,-4.0826988057657276e-19,0.007540000000000019,1,1e-05
755,0.00755,NLR,1.0,0.019890355004463345,0.05471832001057919,0.0003428070049267262,2.186003257520497e-06,0.0004566517131303628,0.00018921683784209694,nan,nan,,0.0,nan,nan,nan,nan,0,,1.858329247764254e-05,4.163336342344337e-17,0.0003342795714661546,0.014399230370959248,-0.00012306369297752776,0.21925708172252903,0,0.0,0.9157727840430091,0.0,0.9157727840430091,-4.0826988057657276e-19,0.0075500000000000185,1,1e-05
756,0.007560000000000001,NLR,1.0,0.017054291995009407,0.06167235999600962,0.00044119000085629523,2.1809973986819386e-06,0.0004563144135185124,0.0001890476250148688,nan,nan,,0.0,nan,nan,nan,nan,0,,1.858333108118499e-05,4.0440741033709315e-17,0.0003342801120754188,0.014399251781778144,-0.00012306363321304016,0.21925740713988404,0,0.0,0.9158586796691169,0.0,0.9158586796691169,4.590918574118308e-19,0.007560000000000019,1,1e-05
757,0.00757,NLR,1.0,0.020422886998858303,0.05379865400027484,0.0003275880008004606,2.0900042727589607e-06,0.000455980243176776,0.00018887925096834258,nan,nan,,0.0,nan,nan,nan,nan,0,,1.858336967288762e-05,3.903127820947816e-17,0.0003342806522532823,0.014399273175722316,-0.0001230635743780289,0.21925773230001736,0,0.0,0.9159443857123529,0.0,0.9159443857123529,4.590918574118308e-19,0.007570000000000019,1,1e-05
758,0.007580000000000001,NLR,1.0,0.015816764993360266,0.059090426002512686,0.0009748410084284842,3.6310084396973252e-06,0.0004556490602861737,0.00018871163954243422,nan,nan,,0.0,nan,nan,nan,nan,0,,1.8583408254894858e-05,4.0766001685454967e-17,0.0003342811920189664,0.014399294553472552,-0.0001230635164634823,0.21925805721331207,0,0.0,0.916029902830009,0.0,0.916029902830009,-4.0826988057657276e-19,0.007580000000000019,1,1e-05
759,0.00759,NLR,1.0,0.018265546998009086,0.06064232900098432,0.0004278779961168766,2.6950001483783126e-06,0.0004553207188098104,0.00018854471638850805,nan,nan,,0.0,nan,nan,nan,nan,0,,1.8583446829459715e-05,3.924811864397526e-17,0.0003342817313910238,0.014399315915686994,-0.0001230634593133415,0.21925838188974686,0,0.0,0.9161152316762471,0.0,0.9161152316762471,4.590918574118308e-19,0.0075900000000000195,1,1e-05
760,0.007600000000000001,NLR,1.0,0.017189460006193258,0.06188179198943544,0.00033636699663475156,2.348999259993434e-06,0.0004549950687179705,0.00018837840901337268,nan,nan,,0.0,nan,nan,nan,nan,0,,1.8583485398471737e-05,3.8163916471489756e-17,0.00033428227038722686,0.014399337262994916,-0.00012306340319564226,0.2192587063389028,0,0.0,0.9162003729021181,0.0,0.9162003729021181,4.590918574118308e-19,0.00760000000000002,1,1e-05
761,0.0076100000000000004,NLR,1.0,0.019037181002204306,0.05738371399638709,0.0004625370056601241,2.578002749942243e-06,0.00045467195675849754,0.0001882126468291167,nan,nan,,0.0,nan,nan,nan,nan,0,,1.858352396398398e-05,4.060337135958214e-17,0.0003342828090245747,0.014399358595997613,-0.00012306334794364712,0.21925903056992546,0,0.0,0.9162853271555806,0.0,0.9162853271555806,-1.2756316185649763e-18,0.007610000000000019,1,1e-05
762,0.007620000000000001,NLR,1.0,0.017701221993775107,0.057476267000311054,0.00041411900019738823,2.1659943740814924e-06,0.0004543512261932495,0.00018804736124669166,nan,nan,,0.0,nan,nan,nan,nan,0,,1.8583562527807784e-05,3.8163916471489756e-17,0.00033428334731927116,0.014399379915268185,-0.00012306329363218833,0.21925935459153648,0,0.0,0.91637009508152,0.0,0.91637009508152,4.590918574118308e-19,0.007620000000000019,1,1e-05
763,0.0076300000000000005,NLR,1.0,0.02091713299159892,0.059613307006657124,0.0003346820012666285,2.478001988492906e-06,0.00045403271764973715,0.0001878824856949099,nan,nan,,0.0,nan,nan,nan,nan,0,,1.858360109181753e-05,3.9898639947466563e-17,0.00033428388528673405,0.014399401221351749,-0.00012306324016027174,0.21925967841201213,0,0.0,0.9164546773217666,0.0,0.9164546773217666,-1.2756316185649763e-18,0.007630000000000018,1,1e-05
764,0.007640000000000001,NLR,1.0,0.02536347800923977,0.058392054997966625,0.0003452520031714812,1.83499651029706e-06,0.0004537162689118656,0.00018771795570152847,nan,nan,,0.0,nan,nan,nan,nan,0,,1.8583639657576918e-05,3.9898639947466563e-17,0.0003342844229415383,0.014399422514762561,-0.0001230631876638762,0.21926000203918744,0,0.0,0.9165390745151144,0.0,0.9165390745151144,4.590918574118308e-19,0.007640000000000018,1,1e-05
765,0.0076500000000000005,NLR,1.0,0.016341440001269802,0.06311154700233601,0.0004019719926873222,2.8890062822028995e-06,0.00045340171584093344,0.00018755370889842794,nan,nan,,0.0,nan,nan,nan,nan,0,,1.8583678226776608e-05,3.870601755773251e-17,0.0003342849602974435,0.014399443795986455,-0.00012306313606671746,0.2192603254804363,0,0.0,0.9166232872973393,0.0,0.9166232872973393,1.3264535954002343e-18,0.00765000000000002,1,1e-05
766,0.007660000000000001,NLR,1.0,0.016936166997766122,0.05784391000634059,0.00035637700057122856,2.435990609228611e-06,0.00045308889213717244,0.0001873896850960338,nan,nan,,0.0,nan,nan,nan,nan,0,,1.8583716800822106e-05,3.9898639947466563e-17,0.00033428549736733235,0.014399465065477068,-0.00012306308545272036,0.2192606487426765,0,0.0,0.9167073163012172,0.0,0.9167073163012172,-4.0826988057657276e-19,0.007660000000000019,1,1e-05
767,0.007670000000000001,NLR,1.0,0.021239791007246822,0.06318169098813087,0.0003678539942484349,2.3710017558187246e-06,0.0004527776300731454,0.00018722582628427907,nan,nan,,0.0,nan,nan,nan,nan,0,,1.8583755381201357e-05,3.859759734048396e-17,0.0003342860341632664,0.014399486323659394,-0.00012306303572393043,0.21926097183235413,0,0.0,0.9167911621565422,0.0,0.9167911621565422,-4.0826988057657276e-19,0.007670000000000019,1,1e-05
768,0.007680000000000001,NLR,1.0,0.017483346004155464,0.06062581100559328,0.000352971997926943,2.197994035668671e-06,0.00045246776040781014,0.0001870620767066405,nan,nan,,0.0,nan,nan,nan,nan,0,,1.8583793969191325e-05,3.9898639947466563e-17,0.0003342865706964152,0.014399507570926229,-0.0001230629870087356,0.21926129475545136,0,0.0,0.9168748254901448,0.0,0.9168748254901448,4.590918574118308e-19,0.007680000000000019,1,1e-05
769,0.007690000000000001,NLR,1.0,0.01728587699471973,0.0636556919926079,0.0005377540073823184,2.731001586653292e-06,0.00045215911317517745,0.0001868983828256613,nan,nan,,0.0,nan,nan,nan,nan,0,,1.8583832565961602e-05,4.163336342344337e-17,0.00033428710697708226,0.014399528807639506,-0.00012306293915441746,0.21926161751746795,0,0.0,0.9169583069259089,0.0,0.9169583069259089,4.590918574118308e-19,0.00769000000000002,1,1e-05
770,0.0077,NLR,1.0,0.01761592699040193,0.06223528299597092,0.00038297199353110045,2.2239983081817627e-06,0.00045185151732460597,0.00018673469342473235,nan,nan,,0.0,nan,nan,nan,nan,0,,1.8583871172693817e-05,3.946495907847236e-17,0.00033428764301468084,0.014399550034129183,-0.00012306289231016945,0.2192619401234363,0,0.0,0.9170416070847901,0.0,0.9170416070847901,-1.2756316185649763e-18,0.0077000000000000185,1,1e-05
771,0.007710000000000001,NLR,1.0,0.02065144600055646,0.06870496500050649,0.0004581480025080964,2.129003405570984e-06,0.00045154480181498497,0.0001865709595468846,nan,nan,,0.0,nan,nan,nan,nan,0,,1.85839097903561e-05,4.163336342344337e-17,0.00033428817881775983,0.014399571250694798,-0.00012306284633088318,0.21926226257790085,0,0.0,0.9171247265848332,0.0,0.9171247265848332,-4.0826988057657276e-19,0.007710000000000018,1,1e-05
772,0.00772,NLR,1.0,0.017789942998206243,0.07171058701351285,0.0003837089898297563,1.976004568859935e-06,0.00045123879495767143,0.00018640713459161683,nan,nan,,0.0,nan,nan,nan,nan,0,,1.8583948419829557e-05,3.9898639947466563e-17,0.00033428871439399087,0.01439959245760436,-0.00012306280149392546,0.21926258488493988,0,0.0,0.9172076660411895,0.0,0.9172076660411895,1.3264535954002343e-18,0.007720000000000019,1,1e-05
773,0.007730000000000001,NLR,1.0,0.015545201997156255,0.06165835699357558,0.00036545199691317976,2.2330059437081218e-06,0.0004509333258635171,0.00018624317421671234,nan,nan,,0.0,nan,nan,nan,nan,0,,1.8583987061969908e-05,3.97089045672816e-17,0.00033428924975012253,0.014399613655093013,-0.0001230627574335662,0.21926290704813195,0,0.0,0.9172904260661338,0.0,0.9172904260661338,-4.0826988057657276e-19,0.007730000000000019,1,1e-05
774,0.00774,NLR,1.0,0.02026253099029418,0.06522891799977515,0.0003923330077668652,2.710003172978759e-06,0.00045062822330658195,0.00018607903651835582,nan,nan,,0.0,nan,nan,nan,nan,0,,1.8584025717493267e-05,3.968179951296946e-17,0.00033428978489206555,0.014399634843366593,-0.00012306271439777082,0.21926322907059492,0,0.0,0.9173730072690819,0.0,0.9173730072690819,-4.0826988057657276e-19,0.007740000000000019,1,1e-05
775,0.007750000000000001,NLR,1.0,0.01898552500642836,0.061750213004415855,0.0003968639939557761,2.3930042516440153e-06,0.00045032331728002455,0.0001859146818502972,nan,nan,,0.0,nan,nan,nan,nan,0,,1.8584064386955572e-05,3.9898639947466563e-17,0.0003342903198247838,0.014399656022596075,-0.00012306267226655095,0.21926355095495698,0,0.0,0.9174554102566076,0.0,0.9174554102566076,1.3264535954002343e-18,0.00775000000000002,1,1e-05
776,0.00776,NLR,1.0,0.020214999007293954,0.0686954030097695,0.0003484170010779053,2.320011844858527e-06,0.0004500184384158284,0.00018575007298025724,nan,nan,,0.0,nan,nan,nan,nan,0,,1.8584103070897605e-05,3.9898639947466563e-17,0.0003342908545524233,0.014399677192924454,-0.0001230626311147307,0.21926387270337688,0,0.0,0.9175376356324596,0.0,0.9175376356324596,-4.0826988057657276e-19,0.0077600000000000195,1,1e-05
777,0.007770000000000001,NLR,1.0,0.016146157999173738,0.07023441900673788,0.0003402419970370829,2.2129970602691174e-06,0.0004497134185799816,0.00018558517500936994,nan,nan,,0.0,nan,nan,nan,nan,0,,1.8584141769729488e-05,3.8163916471489756e-17,0.00033429138907823026,0.014399698354462531,-0.00012306259102156495,0.21926419431753896,0,0.0,0.917619683997578,0.0,0.917619683997578,4.590918574118308e-19,0.00777000000000002,1,1e-05
778,0.0077800000000000005,NLR,1.0,0.019901694991858676,0.06962620199192315,0.0003363029973115772,1.8290011212229729e-06,0.00044940809124742817,0.00018541995537753482,nan,nan,,0.0,nan,nan,nan,nan,0,,1.8584180483765334e-05,3.9898639947466563e-17,0.00033429192340455753,0.01439971950728891,-0.00012306255182131998,0.21926451579865006,0,0.0,0.9177015559501113,0.0,0.9177015559501113,4.590918574118308e-19,0.00778000000000002,1,1e-05
779,0.007790000000000001,NLR,1.0,0.02043874100490939,0.06768843799363822,0.00035038300848100334,2.0790030248463154e-06,0.00044910229122168386,0.00018525438391746118,nan,nan,,0.0,nan,nan,nan,nan,0,,1.8584219213204765e-05,3.8163916471489756e-17,0.0003342924575329373,0.014399740651453774,-0.0001230625136031546,0.21926483714745895,0,0.0,0.9177832520854327,0.0,0.9177832520854327,-4.0826988057657276e-19,0.00779000000000002,1,1e-05
780,0.0078000000000000005,NLR,1.0,0.016997673999867402,0.06505262199789286,0.0007194189965957776,3.4019903978332877e-06,0.0004487958553741013,0.00018508843279421694,nan,nan,,0.0,nan,nan,nan,nan,0,,1.858425795817334e-05,3.968179951296946e-17,0.00033429299146398446,0.014399761786973775,-0.00012306247630600848,0.21926515836424781,0,0.0,0.9178647729961568,0.0,0.9178647729961568,-1.2756316185649763e-18,0.007800000000000019,1,1e-05
781,0.007810000000000001,NLR,1.0,0.01726501400116831,0.07534554199082777,0.0003362419956829399,2.4030014174059033e-06,0.0004484886221069389,0.00018492207727150312,nan,nan,,0.0,nan,nan,nan,nan,0,,1.858429671866939e-05,3.9898639947466563e-17,0.0003342935251975416,0.014399782913839587,-0.00012306244006255214,0.21926547944884206,0,0.0,0.9179461192721556,0.0,0.9179461192721556,1.3264535954002343e-18,0.00781000000000002,1,1e-05
782,0.00782,NLR,1.0,0.02145445899805054,0.06395587600127328,0.00046921998728066683,2.411004970781505e-06,0.00044818043203052996,0.00018475529562103505,nan,nan,,0.0,nan,nan,nan,nan,0,,1.8584335494641874e-05,3.903127820947816e-17,0.0003342940587325057,0.014399804032006802,-0.00012306240465334388,0.21926580040059476,0,0.0,0.918027291500575,0.0,0.918027291500575,-4.0826988057657276e-19,0.00782000000000002,1,1e-05
783,0.00783,NLR,1.0,0.01993460599624086,0.06442164500185754,0.000840406006318517,3.43199644703418e-06,0.0004478711299743545,0.00018458806494939768,nan,nan,,0.0,nan,nan,nan,nan,0,,1.858437428586305e-05,3.903127820947816e-17,0.0003342945920670606,0.014399825141407252,-0.00012306237037944877,0.21926612121844485,0,0.0,0.9181082902658507,0.0,0.9181082902658507,-4.0826988057657276e-19,0.00783000000000002,1,1e-05
784,0.007840000000000001,NLR,1.0,0.0181752759963274,0.06397128199751023,0.0003479160077404231,2.1570012904703617e-06,0.0004475605627663046,0.00018442036673336007,nan,nan,,0.0,nan,nan,nan,nan,0,,1.8584413092128453e-05,3.9898639947466563e-17,0.00033429512519849125,0.014399846241939684,-0.00012306233696937103,0.21926644190087793,0,0.0,0.9181891161497238,0.0,0.9181891161497238,1.3264535954002343e-18,0.00784000000000002,1,1e-05
785,0.007850000000000001,NLR,1.0,0.02193484900635667,0.06329172400000971,0.0003784840082516894,2.519998815841973e-06,0.0004472482501012007,0.00018425180005456952,nan,nan,,0.0,nan,nan,nan,nan,0,,1.858445191281607e-05,3.9898639947466563e-17,0.00033429565812183727,0.014399867333423133,-0.00012306230454680968,0.21926676244514734,0,0.0,0.9182697697312571,0.0,0.9182697697312571,-4.0826988057657276e-19,0.00785000000000002,1,1e-05
786,0.00786,NLR,1.0,0.021409117995062843,0.059595694998279214,0.0003382739960215986,1.9669969333335757e-06,0.00044692992597786593,0.0001840774747027957,nan,nan,,0.0,nan,nan,nan,nan,0,,1.8584490745283305e-05,3.9898639947466563e-17,0.000334296190812734,0.014399888414983852,-0.00012306227312283344,0.21926708283793583,0,0.0,0.9183502515868509,0.0,0.9183502515868509,-4.0826988057657276e-19,0.00786000000000002,1,1e-05
787,0.00787,NLR,1.0,0.02248692000284791,0.056407658994430676,0.0003274690097896382,2.3080065147951245e-06,0.0004466101326477936,0.00018390258810810695,nan,nan,,0.0,nan,nan,nan,nan,0,,1.858452958909698e-05,3.8868647883605334e-17,0.00033429672326726963,0.014399909486476403,-0.00012306224250443142,0.21926740307706935,0,0.0,0.9184305622902584,0.0,0.9184305622902584,-4.0826988057657276e-19,0.00787000000000002,1,1e-05
788,0.00788,NLR,1.0,0.022344401993905194,0.0626834919967223,0.00035540499084163457,2.13099701795727e-06,0.0004462887336136706,0.00018372713176567778,nan,nan,,0.0,nan,nan,nan,nan,0,,1.8584568443795307e-05,3.9898639947466563e-17,0.00033429725548090054,0.014399930547734918,-0.00012306221288618948,0.2192677231599936,0,0.0,0.9185107024126012,0.0,0.9185107024126012,1.3264535954002343e-18,0.00788000000000002,1,1e-05
789,0.007890000000000001,NLR,1.0,0.01852877499186434,0.05879882200679276,0.0003425519971642643,2.001004759222269e-06,0.00044596559628855173,0.0001835510994440068,nan,nan,,0.0,nan,nan,nan,nan,0,,1.858460730874139e-05,3.8163916471489756e-17,0.0003342977874482986,0.01439995159856422,-0.0001230621843699095,0.2192680430837688,0,0.0,0.9185906725223847,0.0,0.9185906725223847,-4.0826988057657276e-19,0.00789000000000002,1,1e-05
790,0.0079,NLR,1.0,0.015933953007333912,0.06662004100508057,0.0003359359980095178,1.8379942048341036e-06,0.00044564059177707235,0.00018337448719806052,nan,nan,,0.0,nan,nan,nan,nan,0,,1.8584646183407764e-05,3.8163916471489756e-17,0.0003342983191634645,0.014399972638746483,-0.0001230621566628621,0.21926836284507023,0,0.0,0.9186704731855132,0.0,0.9186704731855132,-4.0826988057657276e-19,0.00790000000000002,1,1e-05
791,0.00791,NLR,1.0,0.018107014999259263,0.06369327899301425,0.00040356299723498523,7.276800170075148e-05,0.0004453135944843609,0.00018319729341403093,nan,nan,,0.0,nan,nan,nan,nan,0,,1.8584685066992948e-05,3.8163916471489756e-17,0.00033429885061973504,0.014399993668039901,-0.00012306212990972784,0.21926868244022188,0,0.0,0.9187501049653055,0.0,0.9187501049653055,-4.0826988057657276e-19,0.00791000000000002,1,1e-05
792,0.00792,NLR,1.0,0.019634237003629096,0.058364295997307636,0.0003661889932118356,2.334010787308216e-06,0.00044498448306266874,0.00018301951867877216,nan,nan,,0.0,nan,nan,nan,nan,0,,1.8584723958706365e-05,3.903127820947816e-17,0.00033429938180974444,0.014400014686177798,-0.00012306210408175066,0.21926900186518958,0,0.0,0.9188295684225096,0.0,0.9188295684225096,1.3264535954002343e-18,0.00792000000000002,1,1e-05
793,0.007930000000000001,NLR,1.0,0.02445850899675861,0.0661937080003554,0.00037943800271023065,2.1599989850074053e-06,0.000444653140052019,0.0001828411658056467,nan,nan,,0.0,nan,nan,nan,nan,0,,1.8584762857692286e-05,3.9898639947466563e-17,0.0003342999127255555,0.01440003569287418,-0.00012306207927827574,0.21926932111559955,0,0.0,0.918908864115318,0.0,0.918908864115318,-4.0826988057657276e-19,0.00793000000000002,1,1e-05
794,0.007940000000000001,NLR,1.0,0.015487434007809497,0.0627266000083182,0.0005587710038525984,2.8909998945891857e-06,0.0004443194523061397,0.00018266223978506593,nan,nan,,0.0,nan,nan,nan,nan,0,,1.858480176304461e-05,4.117257750013703e-17,0.0003343004433585547,0.014400056687818408,-0.0001230620553266566,0.21926964018673784,0,0.0,0.9189879925993821,0.0,0.9189879925993821,-4.0826988057657276e-19,0.00794000000000002,1,1e-05
795,0.00795,NLR,1.0,0.02049976801208686,0.0644531659927452,0.00034288899041712284,2.1730083972215652e-06,0.0004439833106892562,0.0001824827477695294,nan,nan,,0.0,nan,nan,nan,nan,0,,1.8584840673672328e-05,3.903127820947816e-17,0.0003343009736995361,0.014400077670678968,-0.00012306203239912514,0.2192699590735799,0,0.0,0.9190669544278275,0.0,0.9190669544278275,-4.0826988057657276e-19,0.00795000000000002,1,1e-05
796,0.00796,NLR,1.0,0.01696145501045976,0.06771543799550273,0.0003774170036194846,2.6850029826164246e-06,0.00044364461066075453,0.00018230269900519988,nan,nan,,0.0,nan,nan,nan,nan,0,,1.8584879588586395e-05,3.903127820947816e-17,0.0003343015037387435,0.014400098641105474,-0.00012306201038563602,0.21927027777078192,0,0.0,0.9191457501512681,0.0,0.9191457501512681,-4.0826988057657276e-19,0.00796000000000002,1,1e-05
797,0.007970000000000001,NLR,1.0,0.017228211989277042,0.06530040899815504,0.0005361759976949543,2.684988430701196e-06,0.0004433032520609465,0.00018212210482267057,nan,nan,,0.0,nan,nan,nan,nan,0,,1.8584918506523695e-05,3.8163916471489756e-17,0.00033430203346581863,0.014400119598726002,-0.00012306198928179192,0.2192705962727063,0,0.0,0.9192243803178208,0.0,0.9192243803178208,1.3264535954002343e-18,0.00797000000000002,1,1e-05
798,0.007980000000000001,NLR,1.0,0.018031241997960024,0.06214191000617575,0.00047226500464603305,2.315995516255498e-06,0.00044295913915905883,0.00018194097860320095,nan,nan,,0.0,nan,nan,nan,nan,0,,1.8584957426380758e-05,3.9898639947466563e-17,0.0003343025628699263,0.014400140543152418,-0.0001230619691131248,0.21927091457342884,0,0.0,0.9193028454731202,0.0,0.9193028454731202,-4.0826988057657276e-19,0.00798000000000002,1,1e-05
799,0.00799,NLR,1.0,0.017372531001456082,0.06542593700578436,0.0005949979968136176,2.6790075935423374e-06,0.0004426121811921284,0.00018175933568047393,nan,nan,,0.0,nan,nan,nan,nan,0,,1.8584996346830523e-05,3.903127820947816e-17,0.0003343030919396544,0.014400161473975492,-0.00012306194978107293,0.2192712326667485,0,0.0,0.9193811461603328,0.0,0.9193811461603328,-4.0826988057657276e-19,0.00799000000000002,1,1e-05
800,0.008,NLR,1.0,0.021896541002206504,0.061884544003987685,0.0003311529872007668,0.4260734109993791,0.0004422622916094487,0.00018157719340042188,nan,nan,,0.0,nan,nan,nan,nan,0,,1.8585035266542673e-05,4.0223900599212215e-17,0.00033430362066315096,0.014400182390771343,-0.00012306193150802704,0.21927155054621103,0,0.0,0.9194592829201712,0.0,0.9194592829201712,-4.0826988057657276e-19,0.00800000000000002,1,1e-05
801,0.008010000000000001,NLR,1.0,0.024032056011492386,0.06210068799555302,0.00044044898822903633,2.920001861639321e-06,0.00044190938921308357,0.00018139457094989422,nan,nan,,0.0,nan,nan,nan,nan,0,,1.8585074184165673e-05,3.903127820947816e-17,0.0003343041490280681,0.014400203293098102,-0.00012306191414151272,0.21927186820510136,0,0.0,0.9195372562909079,0.0,0.9195372562909079,1.3264535954002343e-18,0.00801000000000002,1,1e-05
802,0.008020000000000001,NLR,1.0,0.01890844501031097,0.06646510900463909,0.0003418179985601455,2.139000571332872e-06,0.00044155339734113435,0.00018121148941114835,nan,nan,,0.0,nan,nan,nan,nan,0,,1.8585113098247523e-05,3.9898639947466563e-17,0.0003343046770216165,0.0144002241804988,-0.00012306189764529319,0.21927218563647177,0,0.0,0.91961506680839,0.0,0.91961506680839,-4.0826988057657276e-19,0.00802000000000002,1,1e-05
803,0.00803,NLR,1.0,0.017883067994262092,0.06353157400735654,0.0003690619923872873,1.919994247145951e-06,0.000441194244240195,0.0001810279716611285,nan,nan,,0.0,nan,nan,nan,nan,0,,1.8585152007286586e-05,4.163336342344337e-17,0.0003343052046305883,0.014400245052501592,-0.0001230618821047057,0.21927250283315358,0,0.0,0.9196927150060528,0.0,0.9196927150060528,-4.0826988057657276e-19,0.00803000000000002,1,1e-05
804,0.00804,NLR,1.0,0.022751091993995942,0.06248597700323444,0.000342451996402815,2.119995770044625e-06,0.00044083186319107844,0.00018084404234791526,nan,nan,,0.0,nan,nan,nan,nan,0,,1.858519090978138e-05,3.8163916471489756e-17,0.00033430573184138347,0.014400265908621313,-0.00012306186745453067,0.21927281978776259,0,0.0,0.9197702014149334,0.0,0.9197702014149334,-4.0826988057657276e-19,0.00804000000000002,1,1e-05
805,0.00805,NLR,1.0,0.02614351300871931,0.06532322800194379,0.0004565580020425841,2.4000037228688598e-06,0.00044046619247325953,0.00018065972780634018,nan,nan,,0.0,nan,nan,nan,nan,0,,1.8585229804099655e-05,4.119968255444917e-17,0.00033430625864000593,0.01440028674835836,-0.00012306185367564162,0.21927313649271715,0,0.0,0.9198475265636848,0.0,0.9198475265636848,3.0611770713770414e-18,0.008050000000000022,1,1e-05
806,0.008060000000000001,NLR,1.0,0.016775119001977146,0.06117261199688073,0.0004417930031195283,2.472996129654348e-06,0.00044009717532617434,0.00018047505603194437,nan,nan,,0.0,nan,nan,nan,nan,0,,1.8585268688680848e-05,4.163336342344337e-17,0.0003343067850121413,0.014400307571202697,-0.00012306184079252763,0.21927345294025205,0,0.0,0.9199246909785895,0.0,0.9199246909785895,-2.14299335655338e-18,0.00806000000000002,1,1e-05
807,0.00807,NLR,1.0,0.022833285009255633,0.07044773999950849,0.0007845890067983419,3.340988769195974e-06,0.00043972476013770675,0.00018029005660720872,nan,nan,,0.0,nan,nan,nan,nan,0,,1.85853075618286e-05,4.163336342344337e-17,0.00033430731094315094,0.014400328376632743,-0.00012306182883651962,0.21927376912243038,0,0.0,0.920001695183573,0.0,0.920001695183573,-4.0826988057657276e-19,0.00807000000000002,1,1e-05
808,0.00808,NLR,1.0,0.019397441996261477,0.0632201980042737,0.00038271400262601674,2.095010131597519e-06,0.0004393489003012735,0.000180104760651269,nan,nan,,0.0,nan,nan,nan,nan,0,,1.8585346421854028e-05,4.0766001685454967e-17,0.00033430783641805764,0.0144003491641147,-0.00012306181780121205,0.21927408503115495,0,0.0,0.9200785397002171,0.0,0.9200785397002171,1.3264535954002343e-18,0.008080000000000021,1,1e-05
809,0.00809,NLR,1.0,0.018455985991749913,0.06523580801149365,0.0004040289932163432,2.687011146917939e-06,0.00043896955444590286,0.00017991920074542352,nan,nan,,0.0,nan,nan,nan,nan,0,,1.8585385267035206e-05,3.9898639947466563e-17,0.0003343083614216415,0.014400369933107005,-0.00012306180765348895,0.2192744006581823,0,0.0,0.9201552250477736,0.0,0.9201552250477736,-4.0826988057657276e-19,0.00809000000000002,1,1e-05
810,0.008100000000000001,NLR,1.0,0.023826634991564788,0.06534381199162453,0.000436593996710144,2.254993887618184e-06,0.00043858668611750697,0.00017973341089490895,nan,nan,,0.0,nan,nan,nan,nan,0,,1.858542409559527e-05,3.9898639947466563e-17,0.00033430888593843184,0.014400390683059427,-0.00012306179838860977,0.21927471599513657,0,0.0,0.9202317517431772,0.0,0.9202317517431772,1.3264535954002343e-18,0.008100000000000022,1,1e-05
811,0.008110000000000001,NLR,1.0,0.01977752399398014,0.06467292900197208,0.0003551150002749637,2.5229965103790164e-06,0.0004382002641792373,0.00017954742643818005,nan,nan,,0.0,nan,nan,nan,nan,0,,1.858546290578081e-05,4.0766001685454967e-17,0.0003343094099526887,0.014400411413411529,-0.00012306178988335492,0.21927503103352025,0,0.0,0.9203081203010589,0.0,0.9203081203010589,-4.0826988057657276e-19,0.008110000000000022,1,1e-05
812,0.00812,NLR,1.0,0.02171752799768001,0.06550417598919012,0.0007084800017764792,3.069988451898098e-06,0.0004378102622151665,0.00017936128402084073,nan,nan,,0.0,nan,nan,nan,nan,0,,1.8585501695717582e-05,3.9898639947466563e-17,0.00033430993344853936,0.014400432123599538,-0.0001230617824183126,0.21927534576474098,0,0.0,0.9203843312337592,0.0,0.9203843312337592,-4.0826988057657276e-19,0.008120000000000021,1,1e-05
813,0.00813,NLR,1.0,0.023897955994470976,0.06703782200929709,0.0003827089967671782,2.491011400707066e-06,0.0004374166594527113,0.00017917502144846947,nan,nan,,0.0,nan,nan,nan,nan,0,,1.8585540463600932e-05,3.8163916471489756e-17,0.000334310456409874,0.01440045281305058,-0.00012306177581425338,0.21927566018010056,0,0.0,0.9204603850513408,0.0,0.9204603850513408,-4.0826988057657276e-19,0.008130000000000021,1,1e-05
814,0.008140000000000001,NLR,1.0,0.018908525991719216,0.0668880160083063,0.0003744420100701973,2.3429893190041184e-06,0.0004370194397863228,0.0001789886777173964,nan,nan,,0.0,nan,nan,nan,nan,0,,1.8585579207572176e-05,3.8163916471489756e-17,0.00033431097882045214,0.014400473481187781,-0.00012306176999502075,0.2192759742708237,0,0.0,0.9205362822616017,0.0,0.9205362822616017,-4.0826988057657276e-19,0.00814000000000002,1,1e-05
815,0.008150000000000001,NLR,1.0,0.01852661200973671,0.07047065898950677,0.00036544501199387014,2.640997990965843e-06,0.00043661859218491883,0.0001788022928763081,nan,nan,,0.0,nan,nan,nan,nan,0,,1.858561792577746e-05,3.859759734048396e-17,0.00033431150066390796,0.014400494127430052,-0.00012306176506040752,0.21927628802807264,0,0.0,0.9206120233700879,0.0,0.9206120233700879,1.3264535954002343e-18,0.008150000000000022,1,1e-05
816,0.00816,NLR,1.0,0.023561025998787954,0.06999693499528803,0.0006690730078844354,3.478999133221805e-06,0.0004362141107764238,0.00017861590796546445,nan,nan,,0.0,nan,nan,nan,nan,0,,1.8585656616302606e-05,4.163336342344337e-17,0.00033431202192375846,0.014400514751191862,-0.00012306176101249778,0.21927660144295488,0,0.0,0.9206876088801065,0.0,0.9206876088801065,-4.0826988057657276e-19,0.008160000000000021,1,1e-05
817,0.00817,NLR,1.0,0.018596006993902847,0.06833576499775518,0.0006620149943046272,3.373002982698381e-06,0.000435805994594967,0.00017842956496520634,nan,nan,,0.0,nan,nan,nan,nan,0,,1.8585695277234328e-05,3.859759734048396e-17,0.00033431254258343784,0.014400535351885457,-0.0001230617577972849,0.2192769145065339,0,0.0,0.9207630392927377,0.0,0.9207630392927377,-4.0826988057657276e-19,0.008170000000000021,1,1e-05
818,0.008180000000000002,NLR,1.0,0.022299486998235807,0.06835436601249967,0.0003362419956829399,2.111002686433494e-06,0.0004353942475636137,0.00017824330669355032,nan,nan,,0.0,nan,nan,nan,nan,0,,1.858573390671508e-05,4.0332320816460765e-17,0.0003343130626263546,0.014400555928922643,-0.00012306175539496242,0.21927722720984646,0,0.0,0.920838315106848,0.0,0.920838315106848,-4.0826988057657276e-19,0.00818000000000002,1,1e-05
819,0.008190000000000001,NLR,1.0,0.019548447991837747,0.06281767800101079,0.0005873769987374544,3.1189993023872375e-06,0.00043497887845378273,0.00017805717675198218,nan,nan,,0.0,nan,nan,nan,nan,0,,1.8585772502749464e-05,3.903127820947816e-17,0.00033431358203582707,0.014400576481711003,-0.0001230617539392876,0.21927753954391854,0,0.0,0.9209134368191021,0.0,0.9209134368191021,-4.0826988057657276e-19,0.00819000000000002,1,1e-05
820,0.0082,NLR,1.0,0.02336538999225013,0.06193281699961517,0.00040261099638883024,2.6990019250661135e-06,0.00043455990108914834,0.00017787121941397434,nan,nan,,0.0,nan,nan,nan,nan,0,,1.858581106351954e-05,3.9898639947466563e-17,0.0003343141007952116,0.014400597009660787,-0.00012306175321487352,0.21927785149976212,0,0.0,0.9209884049239758,0.0,0.9209884049239758,1.3264535954002343e-18,0.008200000000000022,1,1e-05
821,0.00821,NLR,1.0,0.01808587800769601,0.06526387800113298,0.0004723470046883449,2.74099875241518e-06,0.0004341373336614597,0.00017768547960199824,nan,nan,,0.0,nan,nan,nan,nan,0,,1.858584958703849e-05,3.9898639947466563e-17,0.0003343146188878626,0.014400617512182246,-0.00012306175338720092,0.2192781630684103,0,0.0,0.921063219913768,0.0,0.921063219913768,-4.0826988057657276e-19,0.008210000000000021,1,1e-05
822,0.00822,NLR,1.0,0.02055469001061283,0.06263070400746074,0.0003749950119527057,1.91100116353482e-06,0.0004337111994484767,0.00017750000273999197,nan,nan,,0.0,nan,nan,nan,nan,0,,1.858588807140807e-05,3.9898639947466563e-17,0.0003343151362971637,0.014400637988686293,-0.00012306175433548743,0.21927847424090824,0,0.0,0.9211378822786129,0.0,0.9211378822786129,1.3264535954002343e-18,0.008220000000000022,1,1e-05
823,0.008230000000000001,NLR,1.0,0.01967249799054116,0.058039584997459315,0.0003986230003647506,2.6650086510926485e-06,0.00043328152599424825,0.00017731483473892862,nan,nan,,0.0,nan,nan,nan,nan,0,,1.858592651471509e-05,3.9898639947466563e-17,0.000334315653006547,0.014400658438585845,-0.00012306175612361776,0.21927878500834036,0,0.0,0.9212123925064925,0.0,0.9212123925064925,-4.0826988057657276e-19,0.008230000000000022,1,1e-05
824,0.00824,NLR,1.0,0.0226665289956145,0.06489347999740858,0.0004347139911260456,2.845001290552318e-06,0.0004328483456391316,0.0001771300218580406,nan,nan,,0.0,nan,nan,nan,nan,0,,1.858596491506532e-05,3.9898639947466563e-17,0.0003343161689995408,0.014400678861297589,-0.0001230617587477231,0.21927909536183413,0,0.0,0.9212867510832479,0.0,0.9212867510832479,-4.0826988057657276e-19,0.008240000000000022,1,1e-05
825,0.00825,NLR,1.0,0.017553331999806687,0.06552600499708205,0.00037904300552327186,2.2989988792687654e-06,0.0004324116949837957,0.0001769456106648729,nan,nan,,0.0,nan,nan,nan,nan,0,,1.8586003270550132e-05,3.8163916471489756e-17,0.0003343166842597777,0.014400699256242433,-0.000123061762168624,0.219279405292572,0,0.0,0.9213609584925921,0.0,0.9213609584925921,-4.0826988057657276e-19,0.008250000000000021,1,1e-05
826,0.00826,NLR,1.0,0.02246024299529381,0.06698249799956102,0.000666709995130077,3.145993105135858e-06,0.00043197161511244477,0.00017676164792534052,nan,nan,,0.0,nan,nan,nan,nan,0,,1.8586041579247537e-05,3.9898639947466563e-17,0.00033431719877098203,0.014400719622843505,-0.0001230617663863529,0.21927971479180577,0,0.0,0.9214350152161216,0.0,0.9214350152161216,-4.0826988057657276e-19,0.00826000000000002,1,1e-05
827,0.008270000000000001,NLR,1.0,0.01863387100456748,0.06679586000973359,0.0004358389996923506,2.501008566468954e-06,0.00043152815126536127,0.00017657818053731686,nan,nan,,0.0,nan,nan,nan,nan,0,,1.858607983939735e-05,4.0766001685454967e-17,0.00033431771251705235,0.014400739960531483,-0.00012306177138819114,0.2192800238508653,0,0.0,0.9215089217333278,0.0,0.9215089217333278,1.3264535954002343e-18,0.008270000000000022,1,1e-05
828,0.008280000000000001,NLR,1.0,0.01720483099052217,0.06594585199491121,0.0003816959942923859,2.4189939722418785e-06,0.0004310813527832798,0.00017639525545741302,nan,nan,,0.0,nan,nan,nan,nan,0,,1.858611804904056e-05,3.9898639947466563e-17,0.00033431822548204846,0.014400760268742374,-0.00012306177726373758,0.21928033246117323,0,0.0,0.9215826785216091,0.0,0.9215826785216091,-4.0826988057657276e-19,0.008280000000000022,1,1e-05
829,0.00829,NLR,1.0,0.03897191400756128,0.06787936900218483,0.0004418769967742264,2.497996320016682e-06,0.00043063127329817045,0.00017621291956255544,nan,nan,,0.0,nan,nan,nan,nan,0,,1.8586156206381395e-05,3.838075690598686e-17,0.0003343187376501882,0.014400780546917735,-0.00012306178393940663,0.21928064061424776,0,0.0,0.9216562860562829,0.0,0.9216562860562829,1.3264535954002343e-18,0.008290000000000023,1,1e-05
830,0.0083,NLR,1.0,0.019395248004002497,0.06465616599598434,0.0003823849983746186,2.5519984774291515e-06,0.0004301779700879136,0.00017603121965279633,nan,nan,,0.0,nan,nan,nan,nan,0,,1.8586194309605198e-05,3.903127820947816e-17,0.00033431924900590283,0.014400800794506896,-0.0001230617913729135,0.21928094830171774,0,0.0,0.9217297448105963,0.0,0.9217297448105963,-4.0826988057657276e-19,0.008300000000000023,1,1e-05
831,0.008310000000000001,NLR,1.0,0.019266793999122456,0.058584252998116426,0.00036438800452742726,1.9459985196590424e-06,0.0004297215043499502,0.00017585020230345008,nan,nan,,0.0,nan,nan,nan,nan,0,,1.8586232356938694e-05,3.903127820947816e-17,0.00033431975953385386,0.014400821010967846,-0.00012306179961737998,0.2192812555153353,0,0.0,0.9218030552557384,0.0,0.9218030552557384,-4.0826988057657276e-19,0.008310000000000022,1,1e-05
832,0.008320000000000001,NLR,1.0,0.018431463002343662,0.0685809220012743,0.00045372400199994445,2.4500041035935283e-06,0.0004292619410635016,0.0001756699138023604,nan,nan,,0.0,nan,nan,nan,nan,0,,1.8586270346631926e-05,3.8163916471489756e-17,0.0003343202692189305,0.014400841195766123,-0.0001230618085630763,0.21928156224697815,0,0.0,0.9218762178608509,0.0,0.9218762178608509,-2.14299335655338e-18,0.00832000000000002,1,1e-05
833,0.00833,NLR,1.0,0.019447889004368335,0.06926084600854665,0.00041712599340826273,2.3930042516440153e-06,0.00042879934848485013,0.00017549040008535484,nan,nan,,0.0,nan,nan,nan,nan,0,,1.8586308276900936e-05,3.8163916471489756e-17,0.00033432077804627404,0.014400861348376592,-0.00012306181832008993,0.21928186848866893,0,0.0,0.9219492330930406,0.0,0.9219492330930406,3.0611770713770414e-18,0.008330000000000023,1,1e-05
834,0.00834,NLR,1.0,0.018351196005824022,0.06410767401393969,0.0005834319890709594,3.035005647689104e-06,0.0004283337985946441,0.0001753117066292832,nan,nan,,0.0,nan,nan,nan,nan,0,,1.858634614609408e-05,3.8163916471489756e-17,0.0003343212860013273,0.014400881468284998,-0.00012306182889982732,0.21928217423257626,0,0.0,0.9220221014173894,0.0,0.9220221014173894,-2.14299335655338e-18,0.008340000000000021,1,1e-05
835,0.008350000000000002,NLR,1.0,0.01871622700127773,0.07214478799141943,0.0004514580068644136,2.8030044632032514e-06,0.0004278653665783097,0.00017513387838716975,nan,nan,,0.0,nan,nan,nan,nan,0,,1.858638395247349e-05,3.8163916471489756e-17,0.00033432179306977137,0.01440090155498508,-0.00012306184020328593,0.2192824794710219,0,0.0,0.9220948232969662,0.0,0.9220948232969662,3.0611770713770414e-18,0.008350000000000024,1,1e-05
836,0.008360000000000001,NLR,1.0,0.022320611999020912,0.06413155001064297,0.00031797199335414916,2.0279985619708896e-06,0.00042739413067331526,0.00017495695971460492,nan,nan,,0.0,nan,nan,nan,nan,0,,1.8586421694498806e-05,3.8163916471489756e-17,0.00033432229923764824,0.014400921607984563,-0.0001230618522574357,0.21928278419649697,0,0.0,0.9221673991928381,0.0,0.9221673991928381,-2.14299335655338e-18,0.008360000000000022,1,1e-05
837,0.00837,NLR,1.0,0.018568232000689022,0.06411935600044671,0.00031095299345906824,1.9360013538971543e-06,0.0004269201721673011,0.0001747809942890201,nan,nan,,0.0,nan,nan,nan,nan,0,,1.858645937048044e-05,4.163336342344337e-17,0.00033432280449128133,0.014400941626799613,-0.0001230618651275187,0.2192830884016666,0,0.0,0.9222398295640808,0.0,0.9222398295640808,-4.0826988057657276e-19,0.008370000000000022,1,1e-05
838,0.00838,NLR,1.0,0.01792118999583181,0.06214998199720867,0.00036043100408278406,2.2220046957954764e-06,0.00042644357528846583,0.0001746060250281133,nan,nan,,0.0,nan,nan,nan,nan,0,,1.8586496978858292e-05,3.7730235602495554e-17,0.0003343233088173363,0.014400961610959495,-0.00012306187874565731,0.21928339207937325,0,0.0,0.9223121148677902,0.0,0.9223121148677902,-4.0826988057657276e-19,0.008380000000000021,1,1e-05
839,0.00839,NLR,1.0,0.01627923100022599,0.056563691003248096,0.00033084501046687365,2.1570012904703617e-06,0.00042596442688519,0.0001744320940221803,nan,nan,,0.0,nan,nan,nan,nan,0,,1.858653451812755e-05,4.0766001685454967e-17,0.0003343238122028334,0.014400981560006132,-0.0001230618931142035,0.2192836952226486,0,0.0,0.9223842555590929,0.0,0.9223842555590929,-4.0826988057657276e-19,0.00839000000000002,1,1e-05
840,0.008400000000000001,NLR,1.0,0.018223570004920475,0.06311175800510682,0.00033712000004015863,2.3379980120807886e-06,0.0004254828164178297,0.00017425924246934044,nan,nan,,0.0,nan,nan,nan,nan,0,,1.8586571986838483e-05,3.859759734048396e-17,0.00033432431463515955,0.014401001473494102,-0.00012306190820442203,0.2192839978247198,0,0.0,0.9224562520911572,0.0,0.9224562520911572,1.3264535954002343e-18,0.008400000000000022,1,1e-05
841,0.00841,NLR,1.0,0.01876090999576263,0.05776520099607296,0.00036243899376131594,2.2460008040070534e-06,0.0004249988356233324,0.00017408751059995103,nan,nan,,0.0,nan,nan,nan,nan,0,,1.8586609383477535e-05,3.8163916471489756e-17,0.00033432481610206396,0.014401021350991083,-0.00012306192408174132,0.21928429987901693,0,0.0,0.922528104915204,0.0,0.922528104915204,-4.0826988057657276e-19,0.008410000000000022,1,1e-05
842,0.00842,NLR,1.0,0.020984008006053045,0.05797552099102177,0.0008995370008051395,3.75900708604604e-06,0.00042451257868318453,0.00017391693760200537,nan,nan,,0.0,nan,nan,nan,nan,0,,1.8586646706676266e-05,3.9898639947466563e-17,0.0003343253165916787,0.014401041192078079,-0.00012306194068775734,0.21928460137917444,0,0.0,0.9225998144805166,0.0,0.9225998144805166,1.3264535954002343e-18,0.008420000000000023,1,1e-05
843,0.00843,NLR,1.0,0.01697638198675122,0.05805942400183994,0.0003468289942247793,2.1379964891821146e-06,0.00042402414167395003,0.00017374756157600404,nan,nan,,0.0,nan,nan,nan,nan,0,,1.8586683955074398e-05,3.979021973021801e-17,0.00033432581609255503,0.01440106099635119,-0.00012306195804012251,0.21928490231904277,0,0.0,0.9226713812344528,0.0,0.9226713812344528,-4.0826988057657276e-19,0.008430000000000023,1,1e-05
844,0.008440000000000001,NLR,1.0,0.017648203996941447,0.06297819998872001,0.00039269099943339825,2.5370100047439337e-06,0.0004235336227134512,0.00017357941945687365,nan,nan,,0.0,nan,nan,nan,nan,0,,1.85867211273846e-05,4.163336342344337e-17,0.0003343263145936363,0.014401080763420282,-0.00012306197610474707,0.2192852026926887,0,0.0,0.9227428056224539,0.0,0.9227428056224539,-4.0826988057657276e-19,0.008440000000000022,1,1e-05
845,0.008450000000000001,NLR,1.0,0.015308969013858587,0.06328708901128266,0.00039426500734407455,2.916989615187049e-06,0.00042304112152501523,0.000173412546970504,nan,nan,,0.0,nan,nan,nan,nan,0,,1.858675822228453e-05,3.903127820947816e-17,0.00033432681208425815,0.01440110049290877,-0.0001230619949741694,0.21928550249440695,0,0.0,0.9228140880880563,0.0,0.9228140880880563,1.3264535954002343e-18,0.008450000000000023,1,1e-05
846,0.00846,NLR,1.0,0.017638612000155263,0.061930169991683215,0.0003778919926844537,2.4790060706436634e-06,0.0004225467396973296,0.0001732469785398717,nan,nan,,0.0,nan,nan,nan,nan,0,,1.8586795238590563e-05,3.903127820947816e-17,0.00033432730855421103,0.014401120184456273,-0.00012306201452814996,0.21928580171871356,0,0.0,0.922885229072901,0.0,0.922885229072901,-4.0826988057657276e-19,0.008460000000000023,1,1e-05
847,0.00847,NLR,1.0,0.01768802700098604,0.06058242100698408,0.000343574007274583,2.0900042727589607e-06,0.00042205057986935846,0.00017308274730180344,nan,nan,,0.0,nan,nan,nan,nan,0,,1.858683217516161e-05,3.8163916471489756e-17,0.0003343278039937232,0.014401139837718624,-0.0001230620348124436,0.21928610036036197,0,0.0,0.9229562290167448,0.0,0.9229562290167448,-4.0826988057657276e-19,0.008470000000000023,1,1e-05
848,0.008480000000000001,NLR,1.0,0.017773910993128084,0.06276703900948633,0.00031969998963177204,2.034998033195734e-06,0.0004215527462786183,0.00017291988497427415,nan,nan,,0.0,nan,nan,nan,nan,0,,1.858686903084043e-05,3.9898639947466563e-17,0.00033432829839343296,0.014401159452364976,-0.00012306205576977805,0.2192863984143385,0,0.0,0.9230270883574697,0.0,0.9230270883574697,-4.0826988057657276e-19,0.008480000000000022,1,1e-05
849,0.008490000000000001,NLR,1.0,0.015810105003765784,0.058841584002948366,0.0003464889887254685,2.0510051399469376e-06,0.0004210533439222816,0.00017275842189251028,nan,nan,,0.0,nan,nan,nan,nan,0,,1.858690580455452e-05,3.8163916471489756e-17,0.00033432879174445375,0.0144011790280818,-0.0001230620775816783,0.219286695875876,0,0.0,0.9230978075310936,0.0,0.9230978075310936,-4.0826988057657276e-19,0.008490000000000022,1,1e-05
850,0.0085,NLR,1.0,0.02066057598858606,0.06164490699302405,0.00031959199986886233,2.2229942260310054e-06,0.0004205524790682313,0.0001725983868762564,nan,nan,,0.0,nan,nan,nan,nan,0,,1.8586942495360024e-05,3.903127820947816e-17,0.0003343292840383249,0.014401198564570672,-0.000123062100023932,0.21928699274043675,0,0.0,0.9231683869717804,0.0,0.9231683869717804,-4.0826988057657276e-19,0.008500000000000021,1,1e-05
851,0.00851,NLR,1.0,0.021811624988913536,0.058231925999280065,0.0003278479998698458,2.5240005925297737e-06,0.0004200502584625283,0.00017243980726688548,nan,nan,,0.0,nan,nan,nan,nan,0,,1.8586979102251113e-05,4.0332320816460765e-17,0.0003343297752670701,0.014401218061550036,-0.0001230621232068701,0.21928728900373828,0,0.0,0.9232388271118497,0.0,0.9232388271118497,-4.0826988057657276e-19,0.008510000000000021,1,1e-05
852,0.008520000000000002,NLR,1.0,0.017457976995501667,0.06367531200521626,0.0003390580095583573,2.043001586571336e-06,0.00041954678952611953,0.00017228270886066393,nan,nan,,0.0,nan,nan,nan,nan,0,,1.8587015624285838e-05,3.9898639947466563e-17,0.00033433026542314725,0.014401237518753662,-0.0001230621471128378,0.2192875846617405,0,0.0,0.9233091283817874,0.0,0.9233091283817874,1.3264535954002343e-18,0.008520000000000022,1,1e-05
853,0.008530000000000001,NLR,1.0,0.0174356220086338,0.06229015199642163,0.00034087500534951687,2.3750035325065255e-06,0.00041904218012404383,0.00017212711586687529,nan,nan,,0.0,nan,nan,nan,nan,0,,1.8587052060665918e-05,3.8163916471489756e-17,0.0003343307544994898,0.01440125693593175,-0.00012306217171002883,0.21928787971065206,0,0.0,0.9233792912102547,0.0,0.9233792912102547,1.3264535954002343e-18,0.008530000000000024,1,1e-05
854,0.00854,NLR,1.0,0.019064345993683673,0.061235992005094886,0.00035511200258042663,2.611006493680179e-06,0.00041853653831422296,0.0001719730508858904,nan,nan,,0.0,nan,nan,nan,nan,0,,1.858708841052941e-05,4.0332320816460765e-17,0.00033433124248951316,0.014401276312852263,-0.00012306219702918993,0.21928817414693202,0,0.0,0.9234493160240991,0.0,0.9234493160240991,-4.0826988057657276e-19,0.008540000000000023,1,1e-05
855,0.00855,NLR,1.0,0.019753092987230048,0.06307799099886324,0.00029938000079710037,1.963009708561003e-06,0.0004180299722281769,0.00017182053489998584,nan,nan,,0.0,nan,nan,nan,nan,0,,1.8587124673218547e-05,3.7513395167998453e-17,0.0003343317293870721,0.014401295649297596,-0.00012306222308615573,0.2192884679672903,0,0.0,0.923519203248363,0.0,0.923519203248363,-2.14299335655338e-18,0.008550000000000021,1,1e-05
856,0.00856,NLR,1.0,0.024237716002971865,0.06059832400933374,0.0003138860047329217,2.5180052034556866e-06,0.00041752259007619844,0.00017166958720938764,nan,nan,,0.0,nan,nan,nan,nan,0,,1.8587160847923766e-05,3.8163916471489756e-17,0.00033433221518652367,0.0144013149450688,-0.00012306224978718162,0.21928876116868437,0,0.0,0.9235889533062944,0.0,0.9235889533062944,1.3264535954002343e-18,0.008560000000000022,1,1e-05
857,0.008570000000000001,NLR,1.0,0.01766829501139,0.060795560988481157,0.0003074919950449839,1.8669961718842387e-06,0.0004170144994690837,0.00017152022548553106,nan,nan,,0.0,nan,nan,nan,nan,0,,1.8587196934079375e-05,3.903127820947816e-17,0.0003343326998826755,0.014401334199981797,-0.00012306227738552767,0.2192890537483334,0,0.0,0.923658566619356,0.0,0.923658566619356,-4.0826988057657276e-19,0.008570000000000022,1,1e-05
858,0.00858,NLR,1.0,0.015543035013251938,0.05586501500511076,0.0003690370067488402,2.6320049073547125e-06,0.0004165058082240961,0.00017137246564708056,nan,nan,,0.0,nan,nan,nan,nan,0,,1.8587232931080196e-05,4.163336342344337e-17,0.0003343331834707797,0.0144013534138685,-0.00012306230555634654,0.2192893457036893,0,0.0,0.9237280436072349,0.0,0.9237280436072349,-4.0826988057657276e-19,0.008580000000000022,1,1e-05
859,0.00859,NLR,1.0,0.017666465006186627,0.059752226996351965,0.00034137500915676355,2.38200300373137e-06,0.0004159966229256949,0.0001712263219855087,nan,nan,,0.0,nan,nan,nan,nan,0,,1.8587268838443237e-05,3.9898639947466563e-17,0.00033433366594661423,0.014401372586579475,-0.0001230623344107579,0.21928963703246732,0,0.0,0.9237973846878522,0.0,0.9237973846878522,-4.0826988057657276e-19,0.008590000000000021,1,1e-05
860,0.0086,NLR,1.0,0.019412220994126983,0.061783925993950106,0.0004618700040737167,2.558997948653996e-06,0.0004154870498303236,0.0001710818070463988,nan,nan,,0.0,nan,nan,nan,nan,0,,1.8587304655597275e-05,3.881443777498106e-17,0.00033433414730639217,0.014401391717980383,-0.00012306236403664903,0.21928992773263176,0,0.0,0.9238665902773726,0.0,0.9238665902773726,-4.0826988057657276e-19,0.00860000000000002,1,1e-05
861,0.008610000000000001,NLR,1.0,0.019073495001066476,0.05086019801092334,0.00032734699198044837,2.14899773709476e-06,0.00041497719431660666,0.00017093893166847662,nan,nan,,0.0,nan,nan,nan,nan,0,,1.85873403822084e-05,4.0766001685454967e-17,0.000334334627546779,0.01440141080795243,-0.00012306239435151876,0.21929021780238772,0,0.0,0.9239356607902134,0.0,0.9239356607902134,1.3264535954002343e-18,0.008610000000000022,1,1e-05
862,0.008620000000000001,NLR,1.0,0.020961104004527442,0.054737015001592226,0.0003416260005906224,2.187007339671254e-06,0.0004144671607128894,0.00017079770499379653,nan,nan,,0.0,nan,nan,nan,nan,0,,1.858737601790552e-05,4.119968255444917e-17,0.00033433510666493215,0.014401429856394588,-0.00012306242535975754,0.21929050724019,0,0.0,0.9240045966390543,0.0,0.9240045966390543,-4.0826988057657276e-19,0.008620000000000022,1,1e-05
863,0.00863,NLR,1.0,0.016670412005623803,0.05808932799845934,0.0003523580089677125,2.2000021999701858e-06,0.00041395705204840916,0.00017065813447518597,nan,nan,,0.0,nan,nan,nan,nan,0,,1.858741156229382e-05,4.163336342344337e-17,0.0003343355846584485,0.014401448863220923,-0.00012306245710675542,0.21929079604473764,0,0.0,0.9240733982348466,0.0,0.9240733982348466,1.3264535954002343e-18,0.008630000000000023,1,1e-05
864,0.00864,NLR,1.0,0.017912666997290216,0.05740685100317933,0.0003205099928891286,2.453001798130572e-06,0.0004134469703220677,0.0001705202258332831,nan,nan,,0.0,nan,nan,nan,nan,0,,1.858744701518035e-05,3.9898639947466563e-17,0.00033433606152535124,0.014401467828359715,-0.00012306248954830083,0.21929108421496743,0,0.0,0.9241420659868219,0.0,0.9241420659868219,-4.0826988057657276e-19,0.008640000000000023,1,1e-05
865,0.008650000000000001,NLR,1.0,0.02291682199575007,0.05489331600256264,0.0003598409966798499,2.36400228459388e-06,0.00041293701592766006,0.00017038398313293433,nan,nan,,0.0,nan,nan,nan,nan,0,,1.8587482376327735e-05,4.163336342344337e-17,0.00033433653726418894,0.014401486751759451,-0.0001230625227002639,0.21929137175005678,0,0.0,0.9242106003025021,0.0,0.9242106003025021,-4.0826988057657276e-19,0.008650000000000022,1,1e-05
866,0.008660000000000001,NLR,1.0,0.017936221993295476,0.060378870999556966,0.00035430600109975785,2.2579915821552277e-06,0.00041242728766484153,0.00017024940876833207,nan,nan,,0.0,nan,nan,nan,nan,0,,1.858751764559018e-05,4.0332320816460765e-17,0.00033433701187388396,0.01440150563337994,-0.00012306255665048697,0.21929165864941944,0,0.0,0.9242790015877078,0.0,0.9242790015877078,-4.0826988057657276e-19,0.008660000000000022,1,1e-05
867,0.00867,NLR,1.0,0.018857386996387504,0.05483824899420142,0.0004329029907239601,2.7479982236400247e-06,0.000411917882908176,0.00017011650346512245,nan,nan,,0.0,nan,nan,nan,nan,0,,1.858755282286987e-05,3.903127820947816e-17,0.00033433748535378275,0.014401524473196092,-0.00012306259115568295,0.2192919449126906,0,0.0,0.9243472702465679,0.0,0.9243472702465679,1.3264535954002343e-18,0.008670000000000023,1,1e-05
868,0.00868,NLR,1.0,0.0163076960016042,0.06303609900351148,0.0004233979998389259,2.3479951778426766e-06,0.00041140889669195326,0.00016998526635894618,nan,nan,,0.0,nan,nan,nan,nan,0,,1.8587587908108904e-05,3.946495907847236e-17,0.0003343379577037449,0.014401543271201689,-0.00012306262648711518,0.21929223053974903,0,0.0,0.9244154066815281,0.0,0.9244154066815281,-2.14299335655338e-18,0.008680000000000021,1,1e-05
869,0.008690000000000002,NLR,1.0,0.01895368799159769,0.06095770699903369,0.0003698610089486465,2.372995368205011e-06,0.0004109004227998846,0.00016985569492210072,nan,nan,,0.0,nan,nan,nan,nan,0,,1.8587622901268973e-05,3.946495907847236e-17,0.00033433842892395223,0.014401562027400283,-0.0001230626624446403,0.21929251553068208,0,0.0,0.9244834112933601,0.0,0.9244834112933601,1.3264535954002343e-18,0.008690000000000022,1,1e-05
870,0.008700000000000001,NLR,1.0,0.017785341988201253,0.0665601950022392,0.0004001699999207631,2.568995114415884e-06,0.0004103925523147737,0.00016972778510863253,nan,nan,,0.0,nan,nan,nan,nan,0,,1.8587657802444364e-05,3.8163916471489756e-17,0.00033433889901507256,0.014401580741813858,-0.00012306269914222418,0.21929279988580544,0,0.0,0.9245512844811706,0.0,0.9245512844811706,1.3264535954002343e-18,0.008700000000000024,1,1e-05
871,0.00871,NLR,1.0,0.016141850996064022,0.06716577000042889,0.0003150889970129356,2.0799925550818443e-06,0.0004098853745319432,0.00016960153129212983,nan,nan,,0.0,nan,nan,nan,nan,0,,1.8587692611686913e-05,3.903127820947816e-17,0.00033433936797815035,0.014401599414476607,-0.0001230627366240683,0.21929308360564684,0,0.0,0.9246190266424098,0.0,0.9246190266424098,-4.0826988057657276e-19,0.008710000000000023,1,1e-05
872,0.00872,NLR,1.0,0.01666409900644794,0.062405582997598685,0.00047756399726495147,3.273002221249044e-06,0.00040937897654872866,0.0001694769263290795,nan,nan,,0.0,nan,nan,nan,nan,0,,1.858772732914093e-05,3.9898639947466563e-17,0.0003343398358146064,0.014401618045435827,-0.0001230627747140498,0.21929336669093666,0,0.0,0.9246866381728803,0.0,0.9246866381728803,-4.0826988057657276e-19,0.008720000000000023,1,1e-05
873,0.00873,NLR,1.0,0.017697343006148003,0.05493719800142571,0.0003248619905207306,2.252010744996369e-06,0.0004088734427143491,0.00016935396163174783,nan,nan,,0.0,nan,nan,nan,nan,0,,1.8587761955003327e-05,3.859759734048396e-17,0.00033434030252627907,0.01440163663475369,-0.00012306281354996858,0.21929364914261884,0,0.0,0.9247541194667458,0.0,0.9247541194667458,-4.0826988057657276e-19,0.008730000000000022,1,1e-05
874,0.008740000000000001,NLR,1.0,0.01676490600220859,0.05914288399799261,0.0003352000057930127,2.3160100681707263e-06,0.0004083688552475428,0.00016923262714929228,nan,nan,,0.0,nan,nan,nan,nan,0,,1.858779648950158e-05,3.9898639947466563e-17,0.00033434076811537315,0.014401655182504802,-0.0001230628531916167,0.21929393096183306,0,0.0,0.9248214709165399,0.0,0.9248214709165399,-4.0826988057657276e-19,0.008740000000000022,1,1e-05
875,0.00875,NLR,1.0,0.017343476007226855,0.05923305300530046,0.0005686229997081682,2.8710055630654097e-06,0.0004078652938128186,0.00016911291142274946,nan,nan,,0.0,nan,nan,nan,nan,0,,1.858783093287503e-05,3.9898639947466563e-17,0.0003343412325844437,0.014401673688776206,-0.00012306289348251728,0.21929421214990538,0,0.0,0.9248886929131742,0.0,0.9248886929131742,-4.0826988057657276e-19,0.008750000000000022,1,1e-05
876,0.00876,NLR,1.0,0.016576925001572818,0.06084639400069136,0.000345590990036726,2.0029983716085553e-06,0.0004073628351841287,0.00016899480167270609,nan,nan,,0.0,nan,nan,nan,nan,0,,1.8587865285464448e-05,3.8163916471489756e-17,0.000334341695936429,0.014401692153668044,-0.00012306293459931575,0.21929449270835877,0,0.0,0.9249557858459477,0.0,0.9249557858459477,1.3264535954002343e-18,0.008760000000000023,1,1e-05
877,0.00877,NLR,1.0,0.017168553997180425,0.057558549000532366,0.00032938100048340857,2.2040039766579866e-06,0.0004068615538813732,0.00016887828376612252,nan,nan,,0.0,nan,nan,nan,nan,0,,1.8587899547666976e-05,4.119968255444917e-17,0.0003343421581745645,0.014401710577290672,-0.0001230629762806817,0.21929477263888364,0,0.0,0.9250227501025543,0.0,0.9250227501025543,-4.0826988057657276e-19,0.008770000000000023,1,1e-05
878,0.008780000000000001,NLR,1.0,0.017782764000003226,0.058938670001225546,0.0005623549950541928,2.8270005714148283e-06,0.00040636152105015945,0.00016876334236114472,nan,nan,,0.0,nan,nan,nan,nan,0,,1.858793371980965e-05,3.946495907847236e-17,0.0003343426193024575,0.014401728959767546,-0.00012306301871378353,0.2192950519433582,0,0.0,0.925089586069092,0.0,0.925089586069092,1.3264535954002343e-18,0.008780000000000024,1,1e-05
879,0.008790000000000001,NLR,1.0,0.01603515600436367,0.06238350500643719,0.00031796100665815175,2.344007953070104e-06,0.00040586280545242573,0.00016864996086024742,nan,nan,,0.0,nan,nan,nan,nan,0,,1.8587967802357115e-05,3.903127820947816e-17,0.00033434307932402556,0.014401747301232781,-0.00012306306195500815,0.21929533062382464,0,0.0,0.9251562941300707,0.0,0.9251562941300707,-4.0826988057657276e-19,0.008790000000000023,1,1e-05
880,0.0088,NLR,1.0,0.021674329007510096,0.05900687800021842,0.0003204020031262189,2.3800093913450837e-06,0.0004053654728586856,0.00016853812151621428,nan,nan,,0.0,nan,nan,nan,nan,0,,1.858800179576512e-05,3.8163916471489756e-17,0.0003343435382434912,0.014401765601831151,-0.0001230631058991376,0.2192956086824814,0,0.0,0.925222874668421,0.0,0.925222874668421,-4.0826988057657276e-19,0.008800000000000023,1,1e-05
881,0.00881,NLR,1.0,0.020947655008058064,0.05840214400086552,0.0004277219995856285,2.631990355439484e-06,0.0004048695859706035,0.0001684278054599777,nan,nan,,0.0,nan,nan,nan,nan,0,,1.8588035700564753e-05,3.9898639947466563e-17,0.0003343439960653718,0.014401783861717421,-0.00012306315062631388,0.21929588612168716,0,0.0,0.9252893280655022,0.0,0.9252893280655022,-4.0826988057657276e-19,0.008810000000000023,1,1e-05
882,0.008820000000000001,NLR,1.0,0.016808949992991984,0.05566251500567887,0.00035613999352790415,2.4940090952441096e-06,0.00040437520467276214,0.00016831899277005018,nan,nan,,0.0,nan,nan,nan,nan,0,,1.858806951730031e-05,4.163336342344337e-17,0.00033434445279444564,0.014401802081055237,-0.00012306319598694135,0.21929616294394097,0,0.0,0.9253556547011105,0.0,0.9253556547011105,1.3264535954002343e-18,0.008820000000000024,1,1e-05
883,0.008830000000000001,NLR,1.0,0.02181983600894455,0.05717903299955651,0.00031511500128544867,2.3609900381416082e-06,0.00040388238545730707,0.00016821166254527394,nan,nan,,0.0,nan,nan,nan,nan,0,,1.858810324648053e-05,3.8163916471489756e-17,0.00033434490843578616,0.014401820260018683,-0.00012306324218336133,0.21929643915189234,0,0.0,0.9254218549534872,0.0,0.9254218549534872,-4.0826988057657276e-19,0.008830000000000024,1,1e-05
884,0.00884,NLR,1.0,0.022962308008573018,0.05742091700085439,0.0006856319960206747,3.29299655277282e-06,0.0004033911821432796,0.00016810579288286932,nan,nan,,0.0,nan,nan,nan,nan,0,,1.858813688876755e-05,3.8163916471489756e-17,0.0003343453629946997,0.014401838398789613,-0.00012306328910712534,0.21929671474831566,0,0.0,0.925487929199327,0.0,0.925487929199327,-4.0826988057657276e-19,0.008840000000000023,1,1e-05
885,0.00885,NLR,1.0,0.021635181998135522,0.06240853799681645,0.0004314889956731349,2.3269967641681433e-06,0.0004029016452248196,0.00016800136102031106,nan,nan,,0.0,nan,nan,nan,nan,0,,1.8588170444820298e-05,4.0766001685454967e-17,0.00033434581647676353,0.014401856497559429,-0.00012306333672943955,0.21929698973611275,0,0.0,0.9255538778137856,0.0,0.9255538778137856,1.3264535954002343e-18,0.008850000000000025,1,1e-05
886,0.008860000000000002,NLR,1.0,0.02114752600027714,0.06827249799971469,0.0006083089974708855,2.6209891075268388e-06,0.0004024138220185042,0.0001678983433495787,nan,nan,,0.0,nan,nan,nan,nan,0,,1.8588203915209024e-05,4.0766001685454967e-17,0.00033434626888775626,0.014401874556526417,-0.0001230633851406889,0.2192972641183085,0,0.0,0.9256197011704885,0.0,0.9256197011704885,-4.0826988057657276e-19,0.008860000000000024,1,1e-05
887,0.008870000000000001,NLR,1.0,0.016075193998403847,0.05697293300181627,0.0006319780077319592,3.555003786459565e-06,0.000401927756785309,0.00016779671547254826,nan,nan,,0.0,nan,nan,nan,nan,0,,1.8588237300734905e-05,4.0766001685454967e-17,0.0003343467202336844,0.014401892575896413,-0.00012306343427804378,0.219297537898033,0,0.0,0.9256853996415381,0.0,0.9256853996415381,-4.0826988057657276e-19,0.008870000000000024,1,1e-05
888,0.00888,NLR,1.0,0.019826343006570823,0.05617136700311676,0.00034633500035852194,2.2429885575547814e-06,0.0004014434905904834,0.00016769645227308354,nan,nan,,0.0,nan,nan,nan,nan,0,,1.8588270602054974e-05,3.8868647883605334e-17,0.0003343471705207237,0.014401910555881026,-0.0001230634840902016,0.21929781107852186,0,0.0,0.9257509735975218,0.0,0.9257509735975218,-4.0826988057657276e-19,0.008880000000000023,1,1e-05
889,0.00889,NLR,1.0,0.01516016700770706,0.059086270004627295,0.0005770619900431484,2.2320018615573645e-06,0.00040096106124065396,0.00016759752796692142,nan,nan,,0.0,nan,nan,nan,nan,0,,1.8588303819896876e-05,3.870601755773251e-17,0.0003343476197552844,0.014401928496700078,-0.00012306353473654557,0.2192980836631122,0,0.0,0.9258164234075205,0.0,0.9258164234075205,-4.0826988057657276e-19,0.008890000000000023,1,1e-05
890,0.0089,NLR,1.0,0.019860321990563534,0.059952559997327626,0.0003137320018140599,2.1849991753697395e-06,0.0004004805034590505,0.00016749991615182586,nan,nan,,0.0,nan,nan,nan,nan,0,,1.8588336955061728e-05,3.903127820947816e-17,0.00033434806794391763,0.01440194639857828,-0.00012306358612535064,0.21929835565522293,0,0.0,0.9258817494391155,0.0,0.9258817494391155,-4.0826988057657276e-19,0.008900000000000022,1,1e-05
891,0.008910000000000001,NLR,1.0,0.02038915699813515,0.05923877499299124,0.0006329820025712252,2.802989911288023e-06,0.00040000184869929154,0.0001674035898705464,nan,nan,,0.0,nan,nan,nan,nan,0,,1.8588370008279033e-05,4.2500725161431774e-17,0.0003343485150933542,0.014401964261746114,-0.00012306363835997778,0.21929862705835962,0,0.0,0.9259469520583969,0.0,0.9259469520583969,-4.0826988057657276e-19,0.008910000000000022,1,1e-05
892,0.00892,NLR,1.0,0.019410288994549774,0.060933386004762724,0.00045242501073516905,2.5460030883550644e-06,0.0003995251254432579,0.00016730852166300413,nan,nan,,0.0,nan,nan,nan,nan,0,,1.8588402980377402e-05,3.8977068100853884e-17,0.0003343489612104212,0.01440198208643717,-0.00012306369127078275,0.21929889787609325,0,0.0,0.9260120316299713,0.0,0.9260120316299713,3.0611770713770414e-18,0.008920000000000025,1,1e-05
893,0.00893,NLR,1.0,0.01602883198938798,0.06120293198910076,0.0005982909933663905,4.5570050133392215e-06,0.00039905035868406457,0.00016721468364755784,nan,nan,,0.0,nan,nan,nan,nan,0,,1.858843587216597e-05,4.163336342344337e-17,0.0003343494063021411,0.014401999872892368,-0.0001230637449538186,0.2192991681120694,0,0.0,0.9260769885169688,0.0,0.9260769885169688,-4.0826988057657276e-19,0.008930000000000025,1,1e-05
894,0.00894,NLR,1.0,0.022077690009609796,0.052851063999696635,0.0003271769965067506,1.9800063455477357e-06,0.00039857757040597967,0.00016712204754766266,nan,nan,,0.0,nan,nan,nan,nan,0,,1.8588468684442946e-05,4.0332320816460765e-17,0.0003343498503755908,0.014402017621353291,-0.00012306379949046143,0.21929943776999028,0,0.0,0.9261418230810514,0.0,0.9261418230810514,-2.14299335655338e-18,0.008940000000000023,1,1e-05
895,0.008950000000000001,NLR,1.0,0.019367840999620967,0.059835126987309195,0.0006706309941364452,3.402004949748516e-06,0.000398106779742856,0.0001670305847159707,nan,nan,,0.0,nan,nan,nan,nan,0,,1.8588501418125467e-05,3.903127820947816e-17,0.0003343502934379839,0.014402035332067076,-0.00012306385464458364,0.21929970685360076,0,0.0,0.9262065356824202,0.0,0.9262065356824202,1.3264535954002343e-18,0.008950000000000024,1,1e-05
896,0.008960000000000001,NLR,1.0,0.016891969004063867,0.059131535002961755,0.0007706239994149655,2.5269982870668173e-06,0.00039763800217876424,0.00016694026629709662,nan,nan,,0.0,nan,nan,nan,nan,0,,1.8588534074024987e-05,4.163336342344337e-17,0.00033435073549661876,0.014402053005283078,-0.00012306391065684764,0.21929997536670404,0,0.0,0.9262711266798228,0.0,0.9262711266798228,-4.0826988057657276e-19,0.008960000000000024,1,1e-05
897,0.00897,NLR,1.0,0.016259987009107135,0.05475668900180608,0.0006625420064665377,3.236986231058836e-06,0.0003971712505689243,0.0001668510631639541,nan,nan,,0.0,nan,nan,nan,nan,0,,1.858856665301434e-05,3.903127820947816e-17,0.00033435117655885124,0.014402070641252429,-0.000123063967491192,0.2193002433131297,0,0.0,0.9263355964305611,0.0,0.9263355964305611,-4.0826988057657276e-19,0.008970000000000023,1,1e-05
898,0.00898,NLR,1.0,0.015662397010601126,0.056473297998309135,0.00030998000875115395,1.7129932530224323e-06,0.00039670653471308173,0.00016676294601467435,nan,nan,,0.0,nan,nan,nan,nan,0,,1.858859915596237e-05,3.903127820947816e-17,0.00033435161663212176,0.014402088240229816,-0.00012306402502909196,0.2193005106967356,0,0.0,0.9263999452904983,0.0,0.9263999452904983,-4.0826988057657276e-19,0.008980000000000023,1,1e-05
899,0.008990000000000001,NLR,1.0,0.01664447800430935,0.059866213996428996,0.0004391999973449856,2.558997948653996e-06,0.0003962438610043146,0.00016667588547042615,nan,nan,,0.0,nan,nan,nan,nan,0,,1.8588631583722847e-05,3.9898639947466563e-17,0.00033435205572390054,0.0144021058024697,-0.00012306408350980846,0.21930077752141044,0,0.0,0.9264641736140669,0.0,0.9264641736140669,1.3264535954002343e-18,0.008990000000000024,1,1e-05
900,0.009000000000000001,NLR,1.0,0.020454519006307237,0.056090052996296436,0.00034381500154267997,0.40065072900324594,0.00039578323362256273,0.00016658985201212226,nan,nan,,0.0,nan,nan,nan,nan,0,,1.8588663937291778e-05,3.8163916471489756e-17,0.0003343524938416812,0.014402123328227878,-0.0001230641426569961,0.21930104379104376,0,0.0,0.9265282817542753,0.0,0.9265282817542753,-2.14299335655338e-18,0.009000000000000022,1,1e-05
901,0.00901,NLR,1.0,0.017211540005519055,0.06786576499871444,0.0003478360013104975,2.5609915610402822e-06,0.0003953246530500065,0.00016650481617654726,nan,nan,,0.0,nan,nan,nan,nan,0,,1.858869621745166e-05,4.130810277169772e-17,0.0003343529309929941,0.014402140817760811,-0.0001230642025767674,0.2193013095095422,0,0.0,0.9265922700627156,0.0,0.9265922700627156,1.3264535954002343e-18,0.009010000000000023,1,1e-05
902,0.00902,NLR,1.0,0.01640515000326559,0.055848796997452155,0.0003190300049027428,2.097003743983805e-06,0.0003948681173213613,0.00016642074849419075,nan,nan,,0.0,nan,nan,nan,nan,0,,1.858872842511608e-05,4.163336342344337e-17,0.00033435336718538693,0.014402158271326071,-0.00012306426339068723,0.21930157468081526,0,0.0,0.9266561388895708,0.0,0.9266561388895708,-4.0826988057657276e-19,0.009020000000000023,1,1e-05
903,0.009030000000000002,NLR,1.0,0.021093076997203752,0.05908796799485572,0.00031285500153899193,2.1750020096078515e-06,0.0003944136218218009,0.00016633761953771924,nan,nan,,0.0,nan,nan,nan,nan,0,,1.8588760561238408e-05,4.163336342344337e-17,0.00033435380242636533,0.014402175689178565,-0.0001230643249326424,0.21930183930875632,0,0.0,0.9267198885836216,0.0,0.9267198885836216,1.3264535954002343e-18,0.009030000000000024,1,1e-05
904,0.009040000000000001,NLR,1.0,0.01900962900253944,0.054685112001607195,0.0005491949996212497,3.4270051401108503e-06,0.00039396115875923505,0.00016625540006397376,nan,nan,,0.0,nan,nan,nan,nan,0,,1.858879262664411e-05,3.8163916471489756e-17,0.0003343542367234345,0.014402193071573643,-0.0001230643873141399,0.21930210339725514,0,0.0,0.9267835194922542,0.0,0.9267835194922542,-4.0826988057657276e-19,0.009040000000000024,1,1e-05
905,0.00905,NLR,1.0,0.018477001998689957,0.05798845000390429,0.000484140997286886,2.497006789781153e-06,0.0003935107180962808,0.00016617406093705225,nan,nan,,0.0,nan,nan,nan,nan,0,,1.8588824622298067e-05,3.8163916471489756e-17,0.0003343546700840838,0.014402210418765993,-0.00012306445043741226,0.21930236695017508,0,0.0,0.9268470319614667,0.0,0.9268470319614667,-4.0826988057657276e-19,0.009050000000000023,1,1e-05
906,0.00906,NLR,1.0,0.01808642700780183,0.053424546000314876,0.0003705260023707524,2.0610023057088256e-06,0.0003930622867661875,0.0001660935732678096,nan,nan,,0.0,nan,nan,nan,nan,0,,1.858885654903311e-05,4.0332320816460765e-17,0.00033435510251572973,0.014402227731006967,-0.00012306451449997576,0.21930262997136285,0,0.0,0.9269104263358765,0.0,0.9269104263358765,-4.0826988057657276e-19,0.009060000000000023,1,1e-05
907,0.00907,NLR,1.0,0.01767231899430044,0.0567756350064883,0.0003249059955123812,2.2140011424198747e-06,0.00039261584961139683,0.00016601390837769577,nan,nan,,0.0,nan,nan,nan,nan,0,,1.8588888407767497e-05,4.141652298894627e-17,0.00033435553402576837,0.01440224500854792,-0.00012306457927221075,0.2193028924646205,0,0.0,0.9269737029587275,0.0,0.9269737029587275,1.3264535954002343e-18,0.009070000000000024,1,1e-05
908,0.009080000000000001,NLR,1.0,0.017314597993390635,0.053803765011252835,0.00031581500661559403,1.9769940990954638e-06,0.0003921713885158599,0.00016593503790982253,nan,nan,,0.0,nan,nan,nan,nan,0,,1.8588920199392883e-05,3.9898639947466563e-17,0.00033435596462151547,0.014402262251636655,-0.00012306464494459522,0.219303154433724,0,0.0,0.9270368621718967,0.0,0.9270368621718967,-4.0826988057657276e-19,0.009080000000000024,1,1e-05
909,0.00909,NLR,1.0,0.022119831992313266,0.06428045299253426,0.00034404399048071355,2.4500041035935283e-06,0.0003917288833626803,0.00016585693380349217,nan,nan,,0.0,nan,nan,nan,nan,0,,1.8588951924726062e-05,3.9898639947466563e-17,0.00033435639431017496,0.014402279460516532,-0.0001230647113655205,0.2193034158823953,0,0.0,0.9270999043159016,0.0,0.9270999043159016,1.3264535954002343e-18,0.009090000000000025,1,1e-05
910,0.0091,NLR,1.0,0.016161578008905053,0.06645777200174052,0.0003493249969324097,2.4149921955540776e-06,0.0003912883113582643,0.00016577956838554388,nan,nan,,0.0,nan,nan,nan,nan,0,,1.858898358468321e-05,3.903127820947816e-17,0.0003343568230989091,0.014402296635430023,-0.0001230647786391123,0.21930367681431404,0,0.0,0.9271628297299065,0.0,0.9271628297299065,-4.0826988057657276e-19,0.009100000000000025,1,1e-05
911,0.00911,NLR,1.0,0.022867867999593727,0.0630955719971098,0.00034809199860319495,2.3120082914829254e-06,0.0003908496476990268,0.00016570291435086078,nan,nan,,0.0,nan,nan,nan,nan,0,,1.8589015180114182e-05,3.9898639947466563e-17,0.00033435725099476026,0.014402313776614939,-0.0001230648467455302,0.21930393723310096,0,0.0,0.9272256387517299,0.0,0.9272256387517299,-2.14299335655338e-18,0.009110000000000023,1,1e-05
912,0.009120000000000001,NLR,1.0,0.01764276099856943,0.06536728399805725,0.0005777140031568706,2.7520000003278255e-06,0.0003904128651583483,0.00016562694486114737,nan,nan,,0.0,nan,nan,nan,nan,0,,1.8589046711801356e-05,4.0766001685454967e-17,0.0003343576780046619,0.01440233088430487,-0.00012306491576410887,0.21930419714231802,0,0.0,0.927288331717851,0.0,0.927288331717851,1.3264535954002343e-18,0.009120000000000024,1,1e-05
913,0.009130000000000001,NLR,1.0,0.017904011998325586,0.0655374890047824,0.00043738300155382603,3.3760006772354245e-06,0.00038997793484856207,0.00016555163348609488,nan,nan,,0.0,nan,nan,nan,nan,0,,1.8589078180692e-05,3.8163916471489756e-17,0.00033435810413541463,0.014402347958728967,-0.00012306498543446,0.21930445654545164,0,0.0,0.9273509089634163,0.0,0.9273509089634163,-4.0826988057657276e-19,0.009130000000000024,1,1e-05
914,0.00914,NLR,1.0,0.017997112998273224,0.06694659299682826,0.0007676160021219403,3.2469979487359524e-06,0.000389544825073212,0.00016547695437082232,nan,nan,,0.0,nan,nan,nan,nan,0,,1.8589109587507608e-05,4.163336342344337e-17,0.00033435852939374053,0.014402365000113493,-0.0001230650561149541,0.21930471544593574,0,0.0,0.9274133708222468,0.0,0.9274133708222468,-4.0826988057657276e-19,0.009140000000000023,1,1e-05
915,0.00915,NLR,1.0,0.02184565099014435,0.06172225100453943,0.00034710900217760354,2.1719897631555796e-06,0.0003891135030049934,0.00016540288208751443,nan,nan,,0.0,nan,nan,nan,nan,0,,1.8589140933035158e-05,4.0223900599212215e-17,0.00033435895378615475,0.01440238200867694,-0.00012306512764280228,0.21930497384711126,0,0.0,0.9274757176268444,0.0,0.9274757176268444,-4.0826988057657276e-19,0.009150000000000023,1,1e-05
916,0.009160000000000001,NLR,1.0,0.018663840004592203,0.0673771310102893,0.0003663820098154247,2.635992132127285e-06,0.0003886839336272077,0.0001653293918076765,nan,nan,,0.0,nan,nan,nan,nan,0,,1.858917221818942e-05,3.8163916471489756e-17,0.00033435937731905935,0.014402398984634024,-0.0001230651998293675,0.21930523175223943,0,0.0,0.9275379497083985,0.0,0.9275379497083985,1.3264535954002343e-18,0.009160000000000024,1,1e-05
917,0.009170000000000001,NLR,1.0,0.02002265499322675,0.06474616000195965,0.00040109299879986793,2.60199885815382e-06,0.0003882560798269097,0.00016525645930489297,nan,nan,,0.0,nan,nan,nan,nan,0,,1.8589203443606753e-05,3.946495907847236e-17,0.0003343597999987066,0.014402415928193912,-0.00012306527295340435,0.2193054891645088,0,0.0,0.9276000673967926,0.0,0.9276000673967926,-4.0826988057657276e-19,0.009170000000000024,1,1e-05
918,0.00918,NLR,1.0,0.01725347100000363,0.11051293399941642,0.000602332002017647,3.296998329460621e-06,0.0003878299032724737,0.00016518406089564155,nan,nan,,0.0,nan,nan,nan,nan,0,,1.8589234610084128e-05,3.903127820947816e-17,0.00033436022183117183,0.014402432839559776,-0.00012306534694541402,0.21930574608700903,0,0.0,0.927662071020611,0.0,0.927662071020611,-4.0826988057657276e-19,0.009180000000000023,1,1e-05
919,0.00919,NLR,1.0,0.017227760996320285,0.06421928400231991,0.0012140030012233183,4.521003575064242e-06,0.0003874053638650564,0.00016511217354689693,nan,nan,,0.0,nan,nan,nan,nan,0,,1.8589265718388608e-05,3.8163916471489756e-17,0.0003343606428223668,0.014402449718928567,-0.00012306542178980258,0.21930600252273752,0,0.0,0.9277239609071453,0.0,0.9277239609071453,1.3264535954002343e-18,0.009190000000000025,1,1e-05
920,0.009200000000000002,NLR,1.0,0.023713119997410104,0.06423959399398882,0.0003845060127787292,2.4040054995566607e-06,0.0003869824199343899,0.00016504077486194713,nan,nan,,0.0,nan,nan,nan,nan,0,,1.8589296769174344e-05,4.0332320816460765e-17,0.00033436106297800116,0.014402466566489913,-0.00012306549743448556,0.2193062584745932,0,0.0,0.9277857373824006,0.0,0.9277857373824006,-4.0826988057657276e-19,0.009200000000000024,1,1e-05
921,0.009210000000000001,NLR,1.0,0.0177829119929811,0.07335475999570917,0.0005996930121909827,2.7240021154284477e-06,0.00038656102824656465,0.00016496984313038384,nan,nan,,0.0,nan,nan,nan,nan,0,,1.8589327763183745e-05,3.9898639947466563e-17,0.00033436148230363375,0.014402483382428555,-0.00012306557404241332,0.21930651394538048,0,0.0,0.9278474007711023,0.0,0.9278474007711023,-4.0826988057657276e-19,0.009210000000000024,1,1e-05
922,0.00922,NLR,1.0,0.01766501499514561,0.06070757898851298,0.0005824800027767196,2.6950001483783126e-06,0.0003861411446448506,0.00016489935728437112,nan,nan,,0.0,nan,nan,nan,nan,0,,1.858935870105373e-05,3.957337929572091e-17,0.0003343619008045982,0.014402500166921017,-0.00012306565134966458,0.21930676893778614,0,0.0,0.9279089513967025,0.0,0.9279089513967025,-4.0826988057657276e-19,0.009220000000000023,1,1e-05
923,0.00923,NLR,1.0,0.019407302999752574,0.07438899800763465,0.0005791680014226586,2.906992449425161e-06,0.00038572272306171415,0.00016482929700449111,nan,nan,,0.0,nan,nan,nan,nan,0,,1.8589389583438715e-05,3.9898639947466563e-17,0.0003343623184860497,0.014402516920137387,-0.00012306572971051229,0.21930702345440878,0,0.0,0.9279703895813859,0.0,0.9279703895813859,-4.0826988057657276e-19,0.009230000000000023,1,1e-05
924,0.00924,NLR,1.0,0.017133037996245548,0.06246275499870535,0.0004334299883339554,2.254004357382655e-06,0.0003853057170027694,0.0001647596426360225,nan,nan,,0.0,nan,nan,nan,nan,0,,1.8589420410962737e-05,3.9898639947466563e-17,0.0003343627353529333,0.014402533642240423,-0.00012306580885626384,0.21930727749771742,0,0.0,0.9280317156460767,0.0,0.9280317156460767,1.3264535954002343e-18,0.009240000000000024,1,1e-05
925,0.009250000000000001,NLR,1.0,0.024261382000986487,0.07013902299513575,0.00047150300815701485,2.4619948817417026e-06,0.0003848900782800167,0.00016469037529044024,nan,nan,,0.0,nan,nan,nan,nan,0,,1.8589451184237077e-05,4.163336342344337e-17,0.0003343631514099767,0.014402550333385333,-0.00012306588881183083,0.2193075310700755,0,0.0,0.9280929299104445,0.0,0.9280929299104445,-4.0826988057657276e-19,0.009250000000000024,1,1e-05
926,0.009260000000000001,NLR,1.0,0.020939485999406315,0.07236530599766411,0.0003649970021797344,2.1710002329200506e-06,0.0003844757578889165,0.00016462147683012163,nan,nan,,0.0,nan,nan,nan,nan,0,,1.8589481903861167e-05,3.9898639947466563e-17,0.0003343635666616775,0.014402566993718668,-0.0001230659696978445,0.2193077841737337,0,0.0,0.9281540326929105,0.0,0.9281540326929105,1.3264535954002343e-18,0.009260000000000025,1,1e-05
927,0.00927,NLR,1.0,0.020887724997010082,0.06572239199886099,0.00039019499672576785,2.4300097720697522e-06,0.0003840627060828021,0.00016455292983781665,nan,nan,,0.0,nan,nan,nan,nan,0,,1.8589512570328207e-05,4.0766001685454967e-17,0.00033436398111236264,0.014402583623381648,-0.00012306605139113965,0.21930803681081745,0,0.0,0.9282150243106543,0.0,0.9282150243106543,-4.0826988057657276e-19,0.009270000000000025,1,1e-05
928,0.00928,NLR,1.0,0.021109127992531285,0.06720233299711253,0.0007084850076353177,3.245004336349666e-06,0.0003836508719570542,0.00016448471770434607,nan,nan,,0.0,nan,nan,nan,nan,0,,1.8589543184233457e-05,3.9898639947466563e-17,0.00033436439476607267,0.014402600222504836,-0.00012306613408532126,0.21930828898334018,0,0.0,0.9282759050796192,0.0,0.9282759050796192,-4.0826988057657276e-19,0.009280000000000024,1,1e-05
929,0.009290000000000001,NLR,1.0,0.016551726002944633,0.05839012899377849,0.0003663219977170229,2.421002136543393e-06,0.0003832402043131173,0.00016441682455825037,nan,nan,,0.0,nan,nan,nan,nan,0,,1.858957374600896e-05,3.729655473350135e-17,0.00033436480762666533,0.014402616791212797,-0.00012306621750652838,0.21930854069317912,0,0.0,0.928336675314519,0.0,0.928336675314519,-4.0826988057657276e-19,0.009290000000000024,1,1e-05
930,0.009300000000000001,NLR,1.0,0.016363661998184398,0.06227910501183942,0.0003464659966994077,1.9709987100213766e-06,0.00038283065070625273,0.0001643492353577638,nan,nan,,0.0,nan,nan,nan,nan,0,,1.8589604256183397e-05,3.848917712323541e-17,0.00033436521969775016,0.014402633329621217,-0.00012306630190642232,0.21930879194210262,0,0.0,0.9283973353288439,0.0,0.9283973353288439,1.3264535954002343e-18,0.009300000000000025,1,1e-05
931,0.00931,NLR,1.0,0.017642011007410474,0.059506753997993656,0.0004741380107589066,2.6710040401667356e-06,0.00038242215870531483,0.0001642819358153544,nan,nan,,0.0,nan,nan,nan,nan,0,,1.8589634715151295e-05,3.946495907847236e-17,0.00033436563098269506,0.014402649837837123,-0.00012306638716394548,0.2193090427317424,0,0.0,0.9284578854348664,0.0,0.9284578854348664,-4.0826988057657276e-19,0.009310000000000025,1,1e-05
932,0.00932,NLR,1.0,0.017863903995021246,0.05603293400781695,0.00034023899934254587,2.007000148296356e-06,0.0003820146749864893,0.00016421491246860654,nan,nan,,0.0,nan,nan,nan,nan,0,,1.858966512338061e-05,3.8163916471489756e-17,0.00033436604148460476,0.01440266631595799,-0.00012306647324827164,0.21930929306360494,0,0.0,0.9285183259436475,0.0,0.9285183259436475,-2.14299335655338e-18,0.009320000000000023,1,1e-05
933,0.009330000000000001,NLR,1.0,0.01719317099195905,0.05617206399620045,0.0004745699989143759,2.562999725341797e-06,0.00038160814590258913,0.00016414815265721342,nan,nan,,0.0,nan,nan,nan,nan,0,,1.858969548124654e-05,3.9898639947466563e-17,0.00033436645120642455,0.014402682764076857,-0.00012306656028111595,0.219309542939073,0,0.0,0.9285786571650425,0.0,0.9285786571650425,1.3264535954002343e-18,0.009330000000000024,1,1e-05
934,0.009340000000000001,NLR,1.0,0.01764256200112868,0.05935118498746306,0.0005007630097679794,2.5939953047782183e-06,0.0003812025176514758,0.00016408164452124023,nan,nan,,0.0,nan,nan,nan,nan,0,,1.8589725789095708e-05,3.903127820947816e-17,0.00033436686015076247,0.014402699182273881,-0.00012306664815537593,0.21930979235939324,0,0.0,0.9286388794077075,0.0,0.9286388794077075,-4.0826988057657276e-19,0.009340000000000024,1,1e-05
935,0.00935,NLR,1.0,0.019293185003334656,0.05294468899955973,0.0008290630066767335,3.531997208483517e-06,0.00038079773593895105,0.0001640153770331091,nan,nan,,0.0,nan,nan,nan,nan,0,,1.8589756047281046e-05,4.163336342344337e-17,0.0003343672683200253,0.014402715570622338,-0.00012306673686245407,0.2193100413256845,0,0.0,0.9286989929791045,0.0,0.9286989929791045,1.3264535954002343e-18,0.009350000000000025,1,1e-05
936,0.00936,NLR,1.0,0.0198305999947479,0.05222284700721502,0.00037223799154162407,2.3800093913450837e-06,0.00038039374644171245,0.000163949339962535,nan,nan,,0.0,nan,nan,nan,nan,0,,1.8589786256088527e-05,3.9898639947466563e-17,0.0003343676757164033,0.014402731929188617,-0.00012306682647955097,0.21931028983893835,0,0.0,0.9287589981855079,0.0,0.9287589981855079,-4.0826988057657276e-19,0.009360000000000025,1,1e-05
937,0.009370000000000002,NLR,1.0,0.01995869899110403,0.06228551099775359,0.000327729998389259,2.3360043996945024e-06,0.00037999049473796113,0.00016388352390966105,nan,nan,,0.0,nan,nan,nan,nan,0,,1.8589816415809307e-05,3.903127820947816e-17,0.0003343680823417744,0.014402748258027342,-0.00012306691699896934,0.2193105379000116,0,0.0,0.9288188953320099,0.0,0.9288188953320099,-4.0826988057657276e-19,0.009370000000000024,1,1e-05
938,0.009380000000000001,NLR,1.0,0.016225519008003175,0.06703447100881021,0.00037620699731633067,2.949993358924985e-06,0.0003795879263380567,0.00016381792029201872,nan,nan,,0.0,nan,nan,nan,nan,0,,1.8589846526699796e-05,3.9898639947466563e-17,0.00033436848819782855,0.014402764557187142,-0.00012306700835673802,0.2193107855096288,0,0.0,0.9288786847225268,0.0,0.9288786847225268,1.3264535954002343e-18,0.009380000000000025,1,1e-05
939,0.00939,NLR,1.0,0.019839486994897015,0.06830473300942685,0.0005779679922852665,2.250992110930383e-06,0.0003791859868399263,0.00016375252134547338,nan,nan,,0.0,nan,nan,nan,nan,0,,1.8589876588925787e-05,4.0766001685454967e-17,0.00033436889328595213,0.014402780826705541,-0.00012306710062206125,0.219311032668387,0,0.0,0.9289383666598043,0.0,0.9289383666598043,-4.0826988057657276e-19,0.009390000000000025,1,1e-05
940,0.0094,NLR,1.0,0.019003701992915012,0.07488409700454213,0.00036634900607168674,2.5509943952783942e-06,0.00037878462203366086,0.00016368732012172316,nan,nan,,0.0,nan,nan,nan,nan,0,,1.858990660273316e-05,3.924811864397526e-17,0.0003343692976073405,0.014402797066614292,-0.00012306719379501934,0.21931127937675016,0,0.0,0.9289979414454236,0.0,0.9289979414454236,-4.0826988057657276e-19,0.009400000000000025,1,1e-05
941,0.00941,NLR,1.0,0.019246905008913018,0.061225610988913104,0.0005097539979033172,2.7429923648014665e-06,0.0003783837777981997,0.0001636223105008474,nan,nan,,0.0,nan,nan,nan,nan,0,,1.8589936568258383e-05,3.924811864397526e-17,0.00033436970116291196,0.014402813276934712,-0.00012306728787741768,0.21931152563505116,0,0.0,0.9290574093798067,0.0,0.9290574093798067,-4.0826988057657276e-19,0.009410000000000024,1,1e-05
942,0.009420000000000001,NLR,1.0,0.026044902988360263,0.11511466599768028,0.0006990569963818416,3.173001459799707e-06,0.0003779834005360758,0.00016355748714432276,nan,nan,,0.0,nan,nan,nan,nan,0,,1.8589966485647787e-05,3.9898639947466563e-17,0.0003343701039533015,0.014402829457678124,-0.00012306738267792695,0.21931177144348715,0,0.0,0.9291167707622228,0.0,0.9291167707622228,1.3264535954002343e-18,0.009420000000000026,1,1e-05
943,0.009430000000000001,NLR,1.0,0.01985991701076273,0.07705304599949159,0.00037613599852193147,2.330009010620415e-06,0.0003775834364382369,0.0001634928455877646,nan,nan,,0.0,nan,nan,nan,nan,0,,1.8589996354955657e-05,3.8163916471489756e-17,0.0003343705059790047,0.0144028456088523,-0.00012306747859640158,0.21931201680214343,0,0.0,0.9291760258907928,0.0,0.9291760258907928,-4.0826988057657276e-19,0.009430000000000025,1,1e-05
944,0.00944,NLR,1.0,0.021267989999614656,0.0684548179997364,0.0003996739978902042,2.1590094547718763e-06,0.0003771838329454529,0.00016342838210050862,nan,nan,,0.0,nan,nan,nan,nan,0,,1.8590026176285362e-05,3.9898639947466563e-17,0.0003343709072401631,0.014402861730451466,-0.00012306757528939564,0.2193122617109544,0,0.0,0.9292351750624963,0.0,0.9292351750624963,-4.0826988057657276e-19,0.009440000000000025,1,1e-05
945,0.00945,NLR,1.0,0.017802319998736493,0.07051429299463052,0.0009630440035834908,3.610010026022792e-06,0.0003767845373189966,0.0001633640937985524,nan,nan,,0.0,nan,nan,nan,nan,0,,1.8590055949686978e-05,3.8163916471489756e-17,0.0003343713077367248,0.014402877822463633,-0.00012306767287255258,0.21931250616974096,0,0.0,0.9292942185731758,0.0,0.9292942185731758,-4.0826988057657276e-19,0.009450000000000024,1,1e-05
946,0.009460000000000001,NLR,1.0,0.02301712399639655,0.07260793399473187,0.0004269399942131713,1.9360013538971543e-06,0.00037638549760129667,0.0001632999785891857,nan,nan,,0.0,nan,nan,nan,nan,0,,1.859008567517376e-05,3.8163916471489756e-17,0.0003343717074683894,0.014402893884867929,-0.00012306777129973497,0.21931275017819216,0,0.0,0.9293531567175434,0.0,0.9293531567175434,-4.0826988057657276e-19,0.009460000000000024,1,1e-05
947,0.009470000000000001,NLR,1.0,0.02258448299835436,0.07053159500355832,0.000501121990964748,2.5260087568312883e-06,0.000375986662406475,0.00016323603517054248,nan,nan,,0.0,nan,nan,nan,nan,0,,1.8590115352697615e-05,3.8163916471489756e-17,0.00033437210643463047,0.014402909917636153,-0.00012306787071563374,0.21931299373587865,0,0.0,0.9294119897891853,0.0,0.9294119897891853,1.3264535954002343e-18,0.009470000000000025,1,1e-05
948,0.00948,NLR,1.0,0.021346118999645114,0.0791281259880634,0.000567035996937193,3.186010872013867e-06,0.00037558798122834633,0.00016317226300267007,nan,nan,,0.0,nan,nan,nan,nan,0,,1.859014498224654e-05,3.859759734048396e-17,0.00033437250463468575,0.014402925920732113,-0.00012306797091495638,0.2193132368422364,0,0.0,0.9294707180805679,0.0,0.9294707180805679,-4.0826988057657276e-19,0.009480000000000025,1,1e-05
949,0.00949,NLR,1.0,0.020533344999421388,0.0720101210026769,0.00041067499842029065,2.2109888959676027e-06,0.00037518940391159113,0.0001631086623609708,nan,nan,,0.0,nan,nan,nan,nan,0,,1.8590174563707256e-05,4.0332320816460765e-17,0.0003343729020675271,0.0144029418941094,-0.0001230680720718495,0.21931347949659158,0,0.0,0.9295293418830434,0.0,0.9295293418830434,-4.0826988057657276e-19,0.009490000000000024,1,1e-05
950,0.009500000000000001,NLR,1.0,0.01898023800458759,0.07535342800838407,0.0004301589942770079,2.8039939934387803e-06,0.00037479088142812396,0.00016304523425755577,nan,nan,,0.0,nan,nan,nan,nan,0,,1.8590204097040426e-05,3.9898639947466563e-17,0.000334373298731946,0.014402957837716723,-0.00012306817411877348,0.21931372169814264,0,0.0,0.9295878614868545,0.0,0.9295878614868545,1.3264535954002343e-18,0.009500000000000026,1,1e-05
951,0.009510000000000001,NLR,1.0,0.020639287991798483,0.06876315399131272,0.0004618340026354417,2.802989911288023e-06,0.0003743923655612608,0.0001629819804760531,nan,nan,,0.0,nan,nan,nan,nan,0,,1.8590233582113812e-05,3.903127820947816e-17,0.00033437369462645494,0.014402973751492132,-0.00012306827695414128,0.2193139634459696,0,0.0,0.9296462771811405,0.0,0.9296462771811405,-4.0826988057657276e-19,0.009510000000000025,1,1e-05
952,0.00952,NLR,1.0,0.024227421003160998,0.0721842619968811,0.00041463199886493385,2.254004357382655e-06,0.00037399380873623893,0.00016291890355961018,nan,nan,,0.0,nan,nan,nan,nan,0,,1.8590263018660986e-05,4.109126233720062e-17,0.0003343740897493879,0.014402989635368124,-0.00012306838070077746,0.2193142047390429,0,0.0,0.929704589253942,0.0,0.929704589253942,-4.0826988057657276e-19,0.009520000000000025,1,1e-05
953,0.00953,NLR,1.0,0.019780144008109346,0.06894426098733675,0.0003876360133290291,2.3890024749562144e-06,0.00037359516465612354,0.00016285600677317088,nan,nan,,0.0,nan,nan,nan,nan,0,,1.8590292406629634e-05,4.0766001685454967e-17,0.00033437448409884697,0.014403005489269427,-0.0001230684853166191,0.21931444557621504,0,0.0,0.9297627979922067,0.0,0.9297627979922067,1.3264535954002343e-18,0.009530000000000026,1,1e-05
954,0.009540000000000002,NLR,1.0,0.017152583997813053,0.06584158499026671,0.0003491020033834502,2.1329906303435564e-06,0.00037319623818174755,0.00016279329485362933,nan,nan,,0.0,nan,nan,nan,nan,0,,1.859032174563094e-05,3.9898639947466563e-17,0.000334374877671981,0.014403021313086573,-0.000123068590927358,0.21931468595582382,0,0.0,0.9298209036817947,0.0,0.9298209036817947,-4.0826988057657276e-19,0.009540000000000026,1,1e-05
955,0.009550000000000001,NLR,1.0,0.019249144999776036,0.07064871299371589,0.0004380879981908947,3.1609961297363043e-06,0.00037279710401597526,0.00016273077171968803,nan,nan,,0.0,nan,nan,nan,nan,0,,1.8590351035507865e-05,4.163336342344337e-17,0.00033437527046629523,0.014403037106723637,-0.00012306869722701028,0.21931492587640983,0,0.0,0.9298789066074832,0.0,0.9298789066074832,-4.0826988057657276e-19,0.009550000000000025,1,1e-05
956,0.00956,NLR,1.0,0.019591367003158666,0.0679510490008397,0.0003575669979909435,2.429995220154524e-06,0.00037239774452960394,0.00016266844271745523,nan,nan,,0.0,nan,nan,nan,nan,0,,1.8590380275916286e-05,4.163336342344337e-17,0.00033437566247923194,0.014403052870081812,-0.00012306880457288075,0.21931516533649748,0,0.0,0.9299368070529723,0.0,0.9299368070529723,1.3264535954002343e-18,0.009560000000000027,1,1e-05
957,0.00957,NLR,1.0,0.0194009940023534,0.06049670299398713,0.0003474080003798008,2.281012712046504e-06,0.0003719981181875896,0.0001626063139100137,nan,nan,,0.0,nan,nan,nan,nan,0,,1.859040946659683e-05,3.9898639947466563e-17,0.0003343760537080609,0.014403068603058067,-0.0001230689126898313,0.21931540433448984,0,0.0,0.9299946053008901,0.0,0.9299946053008901,-4.0826988057657276e-19,0.009570000000000026,1,1e-05
958,0.00958,NLR,1.0,0.019048456000746228,0.07236388399905991,0.0008709139947313815,3.0002003768458962e-05,0.0003715981836708722,0.0001625443921551354,nan,nan,,0.0,nan,nan,nan,nan,0,,1.8590438607252334e-05,3.9898639947466563e-17,0.00033437644414981957,0.014403084305540048,-0.00012306902177350648,0.21931564286870242,0,0.0,0.9300523016327972,0.0,0.9300523016327972,-4.0826988057657276e-19,0.009580000000000026,1,1e-05
959,0.009590000000000001,NLR,1.0,0.01703310399898328,0.07055689200933557,0.000739312992664054,3.420995199121535e-06,0.00037119790175450557,0.00016248268487612755,nan,nan,,0.0,nan,nan,nan,nan,0,,1.8590467697513452e-05,3.838075690598686e-17,0.0003343768338013767,0.014403099977410294,-0.00012306913162150459,0.21931588093734225,0,0.0,0.9301098963291929,0.0,0.9301098963291929,-2.14299335655338e-18,0.009590000000000024,1,1e-05
960,0.009600000000000001,NLR,1.0,0.019577384999138303,0.060030503998859785,0.00033835000067483634,2.201995812356472e-06,0.0003707972337609772,0.00016242120024739903,nan,nan,,0.0,nan,nan,nan,nan,0,,1.8590496737016313e-05,3.9898639947466563e-17,0.00033437722265941295,0.014403115618545126,-0.0001230692423755949,0.2193161185385314,0,0.0,0.9301673896695197,0.0,0.9301673896695197,1.3264535954002343e-18,0.009600000000000025,1,1e-05
961,0.00961,NLR,1.0,0.017402130994014442,0.06558510099421255,0.0007983849936863407,3.863999154418707e-06,0.0003703961428385664,0.00016235994701897783,nan,nan,,0.0,nan,nan,nan,nan,0,,1.8590525725383206e-05,4.0332320816460765e-17,0.00033437761072042287,0.014403131228813981,-0.00012306935402341408,0.21931635567029653,0,0.0,0.9302247819321682,0.0,0.9302247819321682,-4.0826988057657276e-19,0.009610000000000025,1,1e-05
962,0.00962,NLR,1.0,0.023304993999772705,0.05922032200032845,0.0004107129934709519,2.335000317543745e-06,0.0003699945933407518,0.00016229893460156862,nan,nan,,0.0,nan,nan,nan,nan,0,,1.8590554662215737e-05,3.8163916471489756e-17,0.00033437799798073404,0.014403146808081413,-0.00012306946648104982,0.21931659233057357,0,0.0,0.9302820733944824,0.0,0.9302820733944824,-4.0826988057657276e-19,0.009620000000000024,1,1e-05
963,0.009630000000000001,NLR,1.0,0.01932271200348623,0.0576816850079922,0.00034091300040017813,2.1040032152086496e-06,0.0003695925509554431,0.00016223817298555612,nan,nan,,0.0,nan,nan,nan,nan,0,,1.8590583547076827e-05,3.9898639947466563e-17,0.00033437838443653233,0.014403162356207089,-0.00012306957984318208,0.21931682851721948,0,0.0,0.9303392643327649,0.0,0.9303392643327649,-4.0826988057657276e-19,0.009630000000000024,1,1e-05
964,0.009640000000000001,NLR,1.0,0.020304670004406944,0.06413640700338874,0.0008371320000151172,3.0999945010989904e-06,0.0003691899828329875,0.00016217767280341417,nan,nan,,0.0,nan,nan,nan,nan,0,,1.8590612379539093e-05,3.9898639947466563e-17,0.00033437877008378805,0.014403177873042905,-0.00012306969408149834,0.21931706422800548,0,0.0,0.9303963550222815,0.0,0.9303963550222815,-4.0826988057657276e-19,0.009640000000000024,1,1e-05
965,0.00965,NLR,1.0,0.02106624300358817,0.05917029098782223,0.0003810380003415048,2.0360021153464913e-06,0.0003687868577219153,0.00016211744520792224,nan,nan,,0.0,nan,nan,nan,nan,0,,1.859064115910238e-05,3.8163916471489756e-17,0.0003343791549183678,0.014403193358438093,-0.00012306980913824638,0.2193172994606251,0,0.0,0.9304533457372663,0.0,0.9304533457372663,1.3264535954002343e-18,0.009650000000000025,1,1e-05
966,0.00966,NLR,1.0,0.017844272006186657,0.06176444300217554,0.00037032400723546743,2.644999767653644e-06,0.0003683831456117351,0.0001620575019677973,nan,nan,,0.0,nan,nan,nan,nan,0,,1.8590669885273195e-05,3.8163916471489756e-17,0.00033437953893597207,0.01440320881223589,-0.00012306992506471253,0.2193175342126998,0,0.0,0.9305102367509267,0.0,0.9305102367509267,1.3264535954002343e-18,0.009660000000000026,1,1e-05
967,0.009670000000000002,NLR,1.0,0.016134542995132506,0.06435116598731838,0.00032857799669727683,2.1490122890099883e-06,0.00036797881825399194,0.00016199785535590057,nan,nan,,0.0,nan,nan,nan,nan,0,,1.8590698557579034e-05,3.838075690598686e-17,0.0003343799221321377,0.01440322423427376,-0.0001230700417440285,0.2193177684817761,0,0.0,0.9305670283354481,0.0,0.9305670283354481,-2.14299335655338e-18,0.009670000000000024,1,1e-05
968,0.009680000000000001,NLR,1.0,0.023541272996226326,0.07177254199632443,0.0005258099990896881,2.68299481831491e-06,0.0003675738485989285,0.0001619385182089045,nan,nan,,0.0,nan,nan,nan,nan,0,,1.8590727175460793e-05,4.163336342344337e-17,0.00033438030450232196,0.01440323962438761,-0.0001230701594042588,0.21931800226534354,0,0.0,0.9306237207619991,0.0,0.9306237207619991,-4.0826988057657276e-19,0.009680000000000024,1,1e-05
969,0.00969,NLR,1.0,0.019116041003144346,0.06809225499455351,0.0015464890020666644,3.4130061976611614e-06,0.00036716821161197525,0.0001618795038276319,nan,nan,,0.0,nan,nan,nan,nan,0,,1.859075573836196e-05,3.903127820947816e-17,0.0003343806860418189,0.014403254982407798,-0.00012307027791802884,0.21931823556081795,0,0.0,0.9306803143007358,0.0,0.9306803143007358,1.3264535954002343e-18,0.009690000000000025,1,1e-05
970,0.0097,NLR,1.0,0.01962825600639917,0.07361331100401003,0.00043965200893580914,2.610002411529422e-06,0.000366761883582127,0.00016182082601839937,nan,nan,,0.0,nan,nan,nan,nan,0,,1.8590784245724527e-05,4.163336342344337e-17,0.00033438106674579804,0.014403270308159577,-0.0001230703972277258,0.2193184683655578,0,0.0,0.9307368092208074,0.0,0.9307368092208074,-4.0826988057657276e-19,0.009700000000000025,1,1e-05
971,0.009710000000000002,NLR,1.0,0.01790361800522078,0.0611476720077917,0.0005329499981598929,2.8229987947270274e-06,0.00036635484232883217,0.00016176249908423133,nan,nan,,0.0,nan,nan,nan,nan,0,,1.8590812696953906e-05,3.946495907847236e-17,0.00033438144660931303,0.014403285601465088,-0.0001230705173911916,0.2193187006768695,0,0.0,0.9307932057903601,0.0,0.9307932057903601,1.3264535954002343e-18,0.009710000000000026,1,1e-05
972,0.009720000000000001,NLR,1.0,0.01697066800261382,0.06622202199650928,0.0003576900053303689,2.0320003386586905e-06,0.0003659470674246155,0.00016170453773872934,nan,nan,,0.0,nan,nan,nan,nan,0,,1.8590841091522852e-05,3.9898639947466563e-17,0.00033438182562736397,0.014403300862145585,-0.0001230706384690919,0.21931893249200862,0,0.0,0.9308495042765426,0.0,0.9308495042765426,-4.0826988057657276e-19,0.009720000000000025,1,1e-05
973,0.00973,NLR,1.0,0.020105731004150584,0.06205654999939725,0.0006725240091327578,2.5909976102411747e-06,0.0003655385401890836,0.00016164695713273555,nan,nan,,0.0,nan,nan,nan,nan,0,,1.8590869428763796e-05,3.642919299551295e-17,0.00033438220379477943,0.014403316090015661,-0.0001230707602723108,0.21931916380817415,0,0.0,0.9309057049455102,0.0,0.9309057049455102,-2.14299335655338e-18,0.009730000000000023,1,1e-05
974,0.00974,NLR,1.0,0.022285654995357618,0.06453597500512842,0.00035847000253852457,2.2500025806948543e-06,0.0003651292432893967,0.0001615897728390364,nan,nan,,0.0,nan,nan,nan,nan,0,,1.8590897708120168e-05,3.903127820947816e-17,0.00033438258110633594,0.014403331284888576,-0.00012307088292819616,0.21931939462253316,0,0.0,0.93096180806243,0.0,0.93096180806243,1.3264535954002343e-18,0.009740000000000025,1,1e-05
975,0.00975,NLR,1.0,0.019984170008683577,0.06210357400414068,0.0004275499959476292,2.519009285606444e-06,0.0003647191612709095,0.00016153300081478888,nan,nan,,0.0,nan,nan,nan,nan,0,,1.859092592884209e-05,3.903127820947816e-17,0.000334382957556721,0.01440334644657515,-0.00012307100641006642,0.21931962493220655,0,0.0,0.9310178138914854,0.0,0.9310178138914854,1.3264535954002343e-18,0.009750000000000026,1,1e-05
976,0.009760000000000001,NLR,1.0,0.01828316399769392,0.06680621700070333,0.0003584279911592603,2.219996531493962e-06,0.00036430828030208984,0.00016147665736415383,nan,nan,,0.0,nan,nan,nan,nan,0,,1.8590954090385283e-05,3.946495907847236e-17,0.0003343833331405493,0.014403361574883755,-0.0001230711307010061,0.2193198547342808,0,0.0,0.9310737226958806,0.0,0.9310737226958806,-4.0826988057657276e-19,0.009760000000000026,1,1e-05
977,0.009770000000000001,NLR,1.0,0.020767862995853648,0.06292475300142542,0.0003438560088397935,2.152999513782561e-06,0.00036389658816340134,0.00016142075915336925,nan,nan,,0.0,nan,nan,nan,nan,0,,1.8590982192025354e-05,3.8163916471489756e-17,0.00033438370785237605,0.014403376669621437,-0.00012307125594103276,0.2193200840258159,0,0.0,0.9311295347378454,0.0,0.9311295347378454,-2.14299335655338e-18,0.009770000000000023,1,1e-05
978,0.00978,NLR,1.0,0.017880150000564754,0.06253017000562977,0.0003918129950761795,2.5109911803156137e-06,0.00036348407462350536,0.00016136532314276513,nan,nan,,0.0,nan,nan,nan,nan,0,,1.859101023315512e-05,3.9898639947466563e-17,0.00033438408168666016,0.014403391730591464,-0.00012307138186677712,0.21932031280383238,0,0.0,0.9311852502786397,0.0,0.9311852502786397,1.3264535954002343e-18,0.009780000000000025,1,1e-05
979,0.00979,NLR,1.0,0.019992136003565975,0.07012958600535057,0.0004046889953315258,2.4160108296200633e-06,0.0003630707306177143,0.00016131036663132197,nan,nan,,0.0,nan,nan,nan,nan,0,,1.8591038213026224e-05,3.8163916471489756e-17,0.00033438445463783494,0.014403406757597104,-0.00012307150866697073,0.21932054106534027,0,0.0,0.9312408695785582,0.0,0.9312408695785582,1.3264535954002343e-18,0.009790000000000026,1,1e-05
980,0.009800000000000001,NLR,1.0,0.018310592000489123,0.06560339601128362,0.0003298640076536685,2.1980085875838995e-06,0.00036265654921969836,0.00016125590714903933,nan,nan,,0.0,nan,nan,nan,nan,0,,1.859106613101884e-05,3.9898639947466563e-17,0.00033438482670029157,0.014403421750440293,-0.00012307163623005149,0.21932076880732265,0,0.0,0.9312963928969348,0.0,0.9312963928969348,-2.14299335655338e-18,0.009800000000000024,1,1e-05
981,0.009810000000000001,NLR,1.0,0.018888463993789628,0.06762460600293707,0.0003221569932065904,1.9369908841326833e-06,0.0003622415249650064,0.00016120196250329658,nan,nan,,0.0,nan,nan,nan,nan,0,,1.8591093986413106e-05,4.119968255444917e-17,0.00033438519786836333,0.014403436708921413,-0.00012307176462003354,0.21932099602675198,0,0.0,0.931351820492147,0.0,0.931351820492147,1.3264535954002343e-18,0.009810000000000025,1,1e-05
982,0.00982,NLR,1.0,0.017557581013534218,0.058174592995783314,0.0003132779966108501,2.166008925996721e-06,0.00036182565419207494,0.00016114855071715396,nan,nan,,0.0,nan,nan,nan,nan,0,,1.859112177847651e-05,3.729655473350135e-17,0.0003343855681363785,0.014403451632841069,-0.0001230718938295909,0.21932122272058813,0,0.0,0.9314071526216209,0.0,0.9314071526216209,-4.0826988057657276e-19,0.009820000000000025,1,1e-05
983,0.00983,NLR,1.0,0.023875815008068457,0.05985130000044592,0.0005081319977762178,3.326000296510756e-06,0.00036140893493712806,0.0001610956900088945,nan,nan,,0.0,nan,nan,nan,nan,0,,1.859114950653929e-05,3.903127820947816e-17,0.00033438593749860477,0.014403466521997643,-0.00012307202376277707,0.2193214488857821,0,0.0,0.9314623895418348,0.0,0.9314623895418348,1.3264535954002343e-18,0.009830000000000026,1,1e-05
984,0.009840000000000002,NLR,1.0,0.01703109301161021,0.06249029499304015,0.0003909999941242859,2.4000037228688598e-06,0.0003609913667379652,0.00016104339879181422,nan,nan,,0.0,nan,nan,nan,nan,0,,1.8591177169875147e-05,4.163336342344337e-17,0.0003343863059493458,0.014403481376191962,-0.00012307215454944922,0.21932167451928838,0,0.0,0.9315175315083246,0.0,0.9315175315083246,-4.0826988057657276e-19,0.009840000000000026,1,1e-05
985,0.009850000000000001,NLR,1.0,0.020279657997889444,0.07023835201107431,0.0003559299948392436,2.3439934011548758e-06,0.0003605729509818437,0.00016099169562606267,nan,nan,,0.0,nan,nan,nan,nan,0,,1.8591204767747702e-05,3.903127820947816e-17,0.00033438667348284555,0.014403496195222187,-0.00012307228617901473,0.21932189961805906,0,0.0,0.9315725787756874,0.0,0.9315725787756874,1.3264535954002343e-18,0.009850000000000027,1,1e-05
986,0.00986,NLR,1.0,0.01886826500413008,0.06216916900302749,0.0003924360062228516,2.521992428228259e-06,0.00036015369075527095,0.00016094059917575452,nan,nan,,0.0,nan,nan,nan,nan,0,,1.8591232299476572e-05,3.8163916471489756e-17,0.00033438704009339075,0.014403510978889367,-0.00012307241858903713,0.2193221241790498,0,0.0,0.9316275315975867,0.0,0.9316275315975867,-2.14299335655338e-18,0.009860000000000025,1,1e-05
987,0.00987,NLR,1.0,0.022951677005039528,0.06822448399907444,0.0003454280085861683,2.264991053380072e-06,0.0003597335907393512,0.00016089012823870092,nan,nan,,0.0,nan,nan,nan,nan,0,,1.8591259764288878e-05,3.9898639947466563e-17,0.0003343874057752377,0.014403525726992772,-0.000123072551740525,0.21932234819922794,0,0.0,0.9316823902267558,0.0,0.9316823902267558,-4.0826988057657276e-19,0.009870000000000025,1,1e-05
988,0.009880000000000002,NLR,1.0,0.020673653998528607,0.0653221030079294,0.0003311339969513938,2.1610030671581626e-06,0.00035931265718904963,0.00016084030166877515,nan,nan,,0.0,nan,nan,nan,nan,0,,1.8591287161500374e-05,3.9898639947466563e-17,0.0003343877705226931,0.014403540439334783,-0.00012307268562763442,0.21932257167557395,0,0.0,0.931737154915003,0.0,0.931737154915003,-4.0826988057657276e-19,0.009880000000000024,1,1e-05
989,0.009890000000000001,NLR,1.0,0.025598431995604187,0.06741732700902503,0.0005223240004852414,3.2609968911856413e-06,0.00035889089793454833,0.0001607911384020591,nan,nan,,0.0,nan,nan,nan,nan,0,,1.8591314490348187e-05,3.9302328752599536e-17,0.0003343881343300713,0.014403555115717781,-0.00012307282041085164,0.219322794605092,0,0.0,0.9317918259132153,0.0,0.9317918259132153,1.3264535954002343e-18,0.009890000000000026,1,1e-05
990,0.0099,NLR,1.0,0.017904531996464357,0.06228883301082533,0.00037777800753246993,2.291009877808392e-06,0.00035846832282730414,0.00016074265734025722,nan,nan,,0.0,nan,nan,nan,nan,0,,1.8591341750149093e-05,3.8163916471489756e-17,0.0003343884971917161,0.014403569755945922,-0.00012307295585830533,0.21932301698479623,0,0.0,0.931846403471363,0.0,0.931846403471363,-4.0826988057657276e-19,0.009900000000000025,1,1e-05
991,0.00991,NLR,1.0,0.018027785001322627,0.062405107004451565,0.0003359420079505071,2.2790045477449894e-06,0.0003580449428481128,0.00016069487744654757,nan,nan,,0.0,nan,nan,nan,nan,0,,1.8591368940177317e-05,3.9898639947466563e-17,0.0003343888591019959,0.014403584359824029,-0.00012307309204036325,0.21932323881173524,0,0.0,0.9319008878385043,0.0,0.9319008878385043,1.3264535954002343e-18,0.009910000000000026,1,1e-05
992,0.00992,NLR,1.0,0.018807611995725892,0.06603734100644942,0.000379967998014763,2.087996108457446e-06,0.0003576207706297856,0.00016064781762813754,nan,nan,,0.0,nan,nan,nan,nan,0,,1.8591396059667747e-05,3.881443777498106e-17,0.0003343892200553531,0.014403598927160477,-0.00012307322909450538,0.2193234600829894,0,0.0,0.9319552792627886,0.0,0.9319552792627886,-2.14299335655338e-18,0.009920000000000024,1,1e-05
993,0.009930000000000001,NLR,1.0,0.01868437899975106,0.06230824798694812,0.0003914279950549826,2.3989996407181025e-06,0.00035719582071226533,0.0001606014967362203,nan,nan,,0.0,nan,nan,nan,nan,0,,1.8591423107905864e-05,3.9898639947466563e-17,0.00033438958004626486,0.014403613457765196,-0.00012307336692535142,0.21932368079566558,0,0.0,0.9320095779914616,0.0,0.9320095779914616,1.3264535954002343e-18,0.009930000000000026,1,1e-05
994,0.009940000000000001,NLR,1.0,0.021433373010950163,0.06656096900405828,0.000330237002344802,1.920998329296708e-06,0.0003567701088867888,0.00016055593354815504,nan,nan,,0.0,nan,nan,nan,nan,0,,1.8591450084180828e-05,4.0766001685454967e-17,0.0003343899390692489,0.01440362795144945,-0.0001230735054282943,0.21932390094690746,0,0.0,0.9320637842708688,0.0,0.9320637842708688,-4.0826988057657276e-19,0.009940000000000025,1,1e-05
995,0.00995,NLR,1.0,0.019059341997490264,0.06240308200358413,0.000618018995737657,2.8179929358884692e-06,0.00035634365241665647,0.0001605111467546111,nan,nan,,0.0,nan,nan,nan,nan,0,,1.859147698775793e-05,4.163336342344337e-17,0.0003343902971189464,0.014403642408029826,-0.00012307364471184136,0.2193241205339064,0,0.0,0.9321178983464605,0.0,0.9321178983464605,-4.0826988057657276e-19,0.009950000000000025,1,1e-05
996,0.00996,NLR,1.0,0.020667563992901705,0.06078268100100104,0.00034797200351022184,2.2180029191076756e-06,0.00035591647022179863,0.0001604671548856482,nan,nan,,0.0,nan,nan,nan,nan,0,,1.8591503818002087e-05,3.686287386450715e-17,0.00033439065419001206,0.014403656827323141,-0.000123073784712556,0.2193243395538937,0,0.0,0.9321719204627952,0.0,0.9321719204627952,-4.0826988057657276e-19,0.009960000000000024,1,1e-05
997,0.009970000000000001,NLR,1.0,0.020592706991010346,0.06405676000576932,0.00042138100252486765,2.1980085875838995e-06,0.0003554885825661622,0.000160423976341914,nan,nan,,0.0,nan,nan,nan,nan,0,,1.8591530574137365e-05,3.903127820947816e-17,0.0003343910102772161,0.014403671209151092,-0.00012307392547911616,0.21932455800415143,0,0.0,0.9322258508635438,0.0,0.9322258508635438,1.3264535954002343e-18,0.009970000000000026,1,1e-05
998,0.009980000000000001,NLR,1.0,0.02144618399324827,0.06584205399849452,0.0003391089994693175,2.08101118914783e-06,0.00035506001125639396,0.00016038162932157125,nan,nan,,0.0,nan,nan,nan,nan,0,,1.859155725550446e-05,3.8163916471489756e-17,0.000334391365375395,0.01440368555333782,-0.00012307406697334834,0.21932477588201205,0,0.0,0.9322796897914943,0.0,0.9322796897914943,-4.0826988057657276e-19,0.009980000000000025,1,1e-05
999,0.00999,NLR,1.0,0.019246941010351293,0.06718949000060093,0.0005690659891115502,2.46299896389246e-06,0.00035463077932335074,0.000160340131843508,nan,nan,,0.0,nan,nan,nan,nan,0,,1.85915838613703e-05,4.163336342344337e-17,0.0003343917194795019,0.014403699859711683,-0.00012307420930030778,0.2193249931848678,0,0.0,0.9323334374885553,0.0,0.9323334374885553,1.3264535954002343e-18,0.009990000000000027,1,1e-05
1000,0.01,NLR,1.0,0.021002897003199905,0.06275808600184973,0.00035092000325676054,0.6061622799898032,0.0003542009115146677,0.00016029950165169594,nan,nan,,0.0,nan,nan,nan,nan,0,,1.8591610391083566e-05,3.9898639947466563e-17,0.0003343920725845764,0.01440371412810526,-0.0001230743523054684,0.21932520991016122,0,0.0,0.9323870941957603,0.0,0.9323870941957603,-4.0826988057657276e-19,0.010000000000000026,1,1e-05
