optimizer_call,face_rmse_vs_cg
1,0.0019532319193774164
2,0.0019467844367378334
3,0.00194310510385419
4,0.0019406569992525388
5,0.0019388854304638636
6,0.0019375349452577038
7,0.001936468707164305
8,0.0019356053985053088
9,0.0019348929380800012
10,0.001934296067311077
11,0.001933789891882905
12,0.00193335625229589
13,0.001932981552912974
14,0.0019326553959169944
15,0.0019323696855993318
16,0.001932118020921528
17,0.0019318952719345427
18,0.0019316972774688164
19,0.0019315206251022787
20,0.0019313624882707837
21,0.001931220503914734
22,0.0019310926793935756
23,0.00193097732081994
24,0.0019308729773595684
25,0.0019307783975227016
26,0.0019306924945652756
27,0.0019306143189107591
28,0.0019305430360005598
29,0.0019304779083890989
30,0.0019304182811783178
31,0.0019303635700947833
32,0.0019303132516848137
33,0.001930266855191705
34,0.0019302239557937044
35,0.001930184168941429
36,0.0019301471455967034
37,0.001930112568187765
38,0.0019300801471676292
39,0.0019300496180642444
40,0.001930020738927582
41,0.0019299932881152553
42,0.00192996706236371
43,0.0019299418750778586
44,0.0019299175548287478
45,0.0019298939440165154
46,0.0019298708976723618
47,0.0019298482823846977
48,0.0019298259753328922
49,0.0019298038634100161
50,0.001929781842432235
51,0.0019297598164258502
52,0.0019297376969625336
53,0.00192971540257735
54,0.0019296928582221416
55,0.0019296699947803446
56,0.001929646748618582
57,0.0019296230611860967
58,0.0019295988786487204
59,0.0019295741515605164
60,0.0019295488345658772
61,0.0019295228861301987
62,0.0019294962683053935
63,0.0019294689465109045
64,0.0019294408893438671
65,0.0019294120684070534
66,0.0019293824581563465
67,0.0019293520357694714
68,0.0019293207810191647
69,0.0019292886761707023
70,0.0019292557058816478
71,0.0019292218571231208
72,0.0019291871190946326
73,0.0019291514831576472
74,0.0019291149427703778
75,0.0019290774934246344
76,0.0019290391325928213
77,0.001928999859669976
78,0.0019289596759196471
79,0.0019289185844194316
80,0.0019288765900122241
81,0.0019288336992466636
82,0.001928789920271868
83,0.0019287452628659568
84,0.0019286997383674651
85,0.0019286533595918144
86,0.0019286061407684156
87,0.0019285580974763568
88,0.0019285092465749104
89,0.0019284596061380239
90,0.0019284091953845467
91,0.0019283580346043806
92,0.0019283061450919394
93,0.0019282535490704029
94,0.0019282002696234504
95,0.0019281463306244108
96,0.0019280917566659214
97,0.0019280365729928014
98,0.001927980805437719
99,0.0019279244803547064
100,0.0019278676245601065
101,0.0019278102652709073
102,0.0019277524300501466
103,0.0019276941467554895
104,0.0019276354434862564
105,0.0019275763485369153
106,0.0019275168903511175
107,0.0019274570974834632
108,0.0019273969985548504
109,0.0019273366222196575
110,0.001927275997131038
111,0.001927215151905445
112,0.001927154115094779
113,0.0019270929151577226
114,0.001927031580430405
115,0.0019269701391016853
116,0.0019269086191878175
117,0.0019268470485079281
118,0.00192678545466101
119,0.0019267238650045803
120,0.001926662306629023
121,0.0019266008063393405
122,0.0019265393906305523
123,0.0019264780856685189
124,0.0019264169172682954
125,0.0019263559108714757
126,0.0019262950915264801
127,0.001926234483869669
128,0.0019261741120988715
129,0.0019261139999598275
130,0.0019260541707216109
131,0.0019259946471564856
132,0.0019259354515234494
133,0.0019258766055438915
134,0.0019258181303876232
135,0.0019257600466511208
136,0.0019257023743399738
137,0.0019256451328550942
138,0.0019255883409718222
139,0.0019255320168267268
140,0.0019254761779010272
141,0.0019254208410098442
142,0.0019253660222861187
143,0.0019253117371700451
144,0.0019252580003986878
145,0.0019252048259943853
146,0.0019251522272607827
147,0.0019251002167693044
148,0.0019250488063585834
149,0.0019249980071264748
150,0.001924947829427975
151,0.0019248982828710438
152,0.001924849376319323
153,0.0019248011178899062
154,0.0019247535149548751
155,0.0019247065741455982
156,0.0019246603013570033
157,0.0019246147017532285
158,0.0019245697797749882
159,0.0019245255391472668
160,0.0019244819828888832
161,0.0019244391133253083
162,0.0019243969320990558
163,0.001924355440184656
164,0.0019243146379050227
165,0.0019242745249437292
166,0.0019242351003653745
167,0.00192419636263541
168,0.0019241583096378954
169,0.0019241209386969644
170,0.0019240842466006023
171,0.0019240482296227516
172,0.0019240128835472752
173,0.0019239782036950621
174,0.0019239441849496074
175,0.0019239108217826895
176,0.0019238781082844825
177,0.0019238460381905125
178,0.001923814604910654
179,0.0019237838015587184
180,0.0019237536209820434
181,0.0019237240557911798
182,0.0019236950983893726
183,0.0019236667410020834
184,0.0019236389757069908
185,0.0019236117944612043
186,0.0019235851891310216
187,0.0019235591515185534
188,0.0019235336733902826
189,0.0019235087464991335
190,0.0019234843626124178
191,0.001923460513534272
192,0.001923437191126598
193,0.0019234143873311656
194,0.0019233920941883055
195,0.0019233703038542649
196,0.001923349008617027
197,0.0019233282009118065
198,0.0019233078733331811
199,0.001923288018645569
200,0.0019232686297934215
201,0.001923249699907969
202,0.0019232312223146917
203,0.0019232131905367147
204,0.001923195598298358
205,0.0019231784395267097
206,0.0019231617083506898
207,0.0019231453991011874
208,0.001923129506306973
209,0.0019231140246928342
210,0.0019230989491723545
211,0.0019230842748449901
212,0.0019230699969873988
213,0.001923056111046456
214,0.001923042612631021
215,0.0019230294975030435
216,0.001923016761568445
217,0.001923004400866998
218,0.0019229924115628117
219,0.0019229807899327424
220,0.00192296953235716
221,0.0019229586353079005
222,0.0019229480953386442
223,0.0019229379090744767
224,0.0019229280731980724
225,0.0019229185844438642
226,0.0019229094395856676
227,0.001922900635425056
228,0.0019228921687844494
229,0.0019228840364961728
230,0.0019228762353938691
231,0.001922868762303813
232,0.0019228616140375438
233,0.0019228547873832425
234,0.0019228482790995833
235,0.0019228420859088101
236,0.0019228362044898194
237,0.0019228306314748834
238,0.0019228253634426973
239,0.0019228203969144434
240,0.0019228157283508647
241,0.0019228113541477907
242,0.001922807270634521
243,0.0019228034740717656
244,0.0019227999606486867
245,0.0019227967264832944
246,0.0019227937676215671
247,0.0019227910800370654
248,0.0019227886596316123
249,0.0019227865022360213
250,0.0019227846036123184
251,0.0019227829594545256
252,0.0019227815653907671
253,0.0019227804169861934
254,0.0019227795097462505
255,0.001922778839119324
256,0.0019227784004996365
257,0.001922778189231553
258,0.001922778200613426
259,0.001922778429900712
260,0.0019227788723114507
261,0.001922779523028971
262,0.0019227803772075254
263,0.0019227814299753736
264,0.0019227826764393497
265,0.001922784111690363
266,0.0019227857308053967
267,0.001922787528853808
268,0.0019227895008989604
269,0.0019227916420040418
270,0.0019227939472361438
271,0.0019227964116664811
272,0.0019227990303775176
273,0.001922801798463712
274,0.0019228047110360943
275,0.001922807763222494
276,0.0019228109501737414
277,0.0019228142670622969
278,0.001922817709085737
279,0.0019228212714688187
280,0.0019228249494643885
281,0.001922828738355453
282,0.0019228326334555263
283,0.0019228366301104276
284,0.0019228407236970364
285,0.0019228449096258384
286,0.0019228491833393356
287,0.0019228535403128012
288,0.0019228579760564475
289,0.0019228624861132913
290,0.001922867066060748
291,0.0019228717115076918
292,0.0019228764180967055
293,0.0019228811815014937
294,0.0019228859974278123
295,0.001922890861611542
296,0.0019228957698204244
297,0.0019229007178505346
298,0.0019229057015278542
299,0.001922910716706795
300,0.00192291575926948
301,0.0019229208251264193
302,0.0019229259102146155
303,0.001922931010497811
304,0.0019229361219665602
305,0.0019229412406369995
306,0.0019229463625517374
307,0.0019229514837785528
308,0.0019229566004118914
309,0.0019229617085722705
310,0.001922966804406167
311,0.0019229718840864647
312,0.0019229769438131722
313,0.0019229819798136016
314,0.0019229869883431148
315,0.001922991965686466
316,0.0019229969081578004
317,0.0019230018121020294
318,0.0019230066738949241
319,0.0019230114899465751
320,0.0019230162566998624
321,0.0019230209706325755
322,0.0019230256282606103
323,0.0019230302261367105
324,0.001923034760853704
325,0.001923039229045963
326,0.0019230436273901734
327,0.0019230479526073394
328,0.001923052201464761
329,0.0019230563707779097
330,0.00192306045741146
331,0.0019230644582812618
332,0.0019230683703572
333,0.0019230721906627725
334,0.0019230759162796292
335,0.0019230795443460121
336,0.001923083072062523
337,0.0019230864966900225
338,0.0019230898155534444
339,0.0019230930260424335
340,0.001923096125614296
341,0.0019230991117933061
342,0.0019231019821745832
343,0.001923104734424066
344,0.001923107366280125
345,0.0019231098755545454
346,0.001923112260133935
347,0.0019231145179818155
348,0.001923116647138031
349,0.0019231186457206164
350,0.0019231205119265911
351,0.001923122244032759
352,0.0019231238403965784
353,0.001923125299455565
354,0.0019231266197293328
355,0.0019231277998198125
356,0.0019231288384094188
357,0.0019231297342651122
358,0.0019231304862356048
359,0.0019231310932516935
360,0.0019231315543272018
361,0.0019231318685580365
362,0.0019231320351225426
363,0.0019231320532806084
364,0.001923131922373428
365,0.0019231316418233124
366,0.001923131211132503
367,0.0019231306298832264
368,0.001923129897736067
369,0.0019231290144290172
370,0.0019231279797778458
371,0.001923126793674417
372,0.001923125456084578
373,0.0019231239670486947
374,0.0019231223266790054
375,0.001923120535158685
376,0.00192311859274076
377,0.0019231164997471552
378,0.0019231142565656115
379,0.0019231118636499865
380,0.0019231093215171568
381,0.0019231066307459524
382,0.0019231037919758916
383,0.0019231008059044418
384,0.0019230976732862277
385,0.0019230943949303777
386,0.0019230909716988552
387,0.0019230874045055824
388,0.0019230836943128734
389,0.0019230798421301753
390,0.0019230758490129962
391,0.0019230717160597462
392,0.0019230674444105816
393,0.0019230630352443591
394,0.0019230584897785895
395,0.0019230538092651897
396,0.0019230489949898343
397,0.0019230440482699894
398,0.0019230389704530816
399,0.001923033762913644
400,0.0019230284270524852
401,0.0019230229642939912
402,0.0019230173760853854
403,0.0019230116638942947
404,0.0019230058292065077
405,0.00192299987352448
406,0.001922993798366655
407,0.0019229876052646534
408,0.0019229812957624972
409,0.0019229748714141674
410,0.0019229683337834281
411,0.001922961684440982
412,0.001922954924964453
413,0.0019229480569355455
414,0.001922941081940917
415,0.001922934001568398
416,0.0019229268174076309
417,0.0019229195310492139
418,0.0019229121440819132
419,0.0019229046580938873
420,0.001922897074669782
421,0.0019228893953908454
422,0.0019228816218352705
423,0.0019228737555756197
424,0.0019228657981786136
425,0.0019228577512054928
426,0.0019228496162108247
427,0.001922841394741222
428,0.001922833088336592
429,0.0019228246985286655
430,0.0019228162268404745
431,0.0019228076747871063
432,0.0019227990438742144
433,0.0019227903355993397
434,0.001922781551449474
435,0.0019227726929035886
436,0.0019227637614309195
437,0.001922754758491988
438,0.0019227456855365449
439,0.0019227365440062467
440,0.0019227273353333324
441,0.0019227180609406949
442,0.001922708722242184
443,0.001922699320642596
444,0.001922689857538482
445,0.0019226803343176107
446,0.0019226707523587697
447,0.001922661113030162
448,0.0019226514176932212
449,0.0019226416677040382
450,0.0019226318644109993
451,0.001922622009155438
452,0.0019226121032715601
453,0.001922602148087026
454,0.0019225921449230446
455,0.001922582095095495
456,0.001922571999912978
457,0.0019225618606794844
458,0.0019225516786934233
459,0.0019225414552480568
460,0.0019225311916323275
461,0.0019225208891301077
462,0.001922510549021957
463,0.0019225001725835487
464,0.0019224897610870826
465,0.0019224793158018306
466,0.0019224688379933584
467,0.0019224583289247908
468,0.0019224477898561393
469,0.001922437222045303
470,0.0019224266267478965
471,0.0019224160052171825
472,0.0019224053587055144
473,0.0019223946884633972
474,0.001922383995739658
475,0.0019223732817828874
476,0.0019223625478400432
477,0.0019223517951581894
478,0.0019223410249837214
479,0.001922330238562704
480,0.001922319437141374
481,0.0019223086219662786
482,0.0019222977942844302
483,0.0019222869553434654
484,0.0019222761063914478
485,0.0019222652486784787
486,0.0019222543834550422
487,0.001922243511972988
488,0.0019222326354865437
489,0.0019222217552516397
490,0.0019222108725257966
491,0.0019221999885687296
492,0.0019221891046427666
493,0.0019221782220130972
494,0.0019221673419471041
495,0.0019221564657150706
496,0.001922145594590642
497,0.0019221347298508781
498,0.001922123872776294
499,0.0019221130246504855
500,0.0019221021867606122
501,0.001922091360399037
502,0.0019220805468607113
503,0.0019220697474454174
504,0.001922058963457573
505,0.001922048196205268
506,0.0019220374470015765
507,0.001922026717163741
508,0.001922016008014547
509,0.0019220053208811399
510,0.0019219946570960154
511,0.0019219840179961506
512,0.0019219734049241398
513,0.0019219628192276375
514,0.001921952262259117
515,0.001921941735376999
516,0.001921931239944472
517,0.001921920777330307
518,0.0019219103489088315
519,0.0019218999560596196
520,0.001921889600166978
521,0.0019218792826211184
522,0.0019218690048178454
523,0.001921858768157467
524,0.0019218485740460898
525,0.001921838423894733
526,0.0019218283191198876
527,0.001921818261142329
528,0.0019218082513885162
529,0.001921798291288762
530,0.0019217883822789173
531,0.0019217785257989613
532,0.0019217687232933444
533,0.0019217589762106943
534,0.001921749286003504
535,0.001921739654128194
536,0.0019217300820451642
537,0.0019217205712176806
538,0.0019217111231127266
539,0.0019217017391999274
540,0.0019216924209517778
541,0.0019216831698432586
542,0.0019216739873510508
543,0.0019216648749537729
544,0.0019216558341318744
545,0.0019216468663665884
546,0.0019216379731402256
547,0.0019216291559357329
548,0.0019216204162355302
549,0.0019216117555219607
550,0.0019216031752767205
551,0.0019215946769801388
552,0.0019215862621107381
553,0.0019215779321449403
554,0.0019215696885565843
555,0.0019215615328162276
556,0.0019215534663911374
557,0.0019215454907438086
558,0.001921537607331891
559,0.0019215298176079657
560,0.0019215221230183056
561,0.0019215145250026976
562,0.0019215070249929654
563,0.00192149962441376
564,0.0019214923246808492
565,0.0019214851272001542
566,0.0019214780333680168
567,0.0019214710445693045
568,0.0019214641621778659
569,0.00192145738755463
570,0.0019214507220474927
571,0.0019214441669905243
572,0.0019214377237027852
573,0.0019214313934872633
574,0.001921425177630981
575,0.0019214190774035638
576,0.001921413094055752
577,0.0019214072288198482
578,0.0019214014829074372
579,0.0019213958575097529
580,0.0019213903537958728
581,0.001921384972912662
582,0.0019213797159826408
583,0.0019213745841044562
584,0.0019213695783505992
585,0.0019213646997682055
586,0.001921359949376495
587,0.0019213553281669847
588,0.0019213508371021815
589,0.0019213464771148765
590,0.0019213422491071166
591,0.0019213381539499488
592,0.0019213341924816593
593,0.0019213303655078694
594,0.0019213266738001935
595,0.0019213231180960433
596,0.0019213196990974257
597,0.001921316417470008
598,0.001921313273843936
599,0.001921310268811317
600,0.001921307402926745
601,0.0019213046767066028
602,0.0019213020906279357
603,0.0019212996451288878
604,0.0019212973406074062
605,0.0019212951774212675
606,0.0019212931558878757
607,0.0019212912762830282
608,0.0019212895388417753
609,0.0019212879437571825
610,0.0019212864911806015
611,0.0019212851812211264
612,0.0019212840139455258
613,0.001921282989378815
614,0.0019212821075031115
615,0.0019212813682353673
616,0.0019212807714508286
617,0.0019212803170022463
618,0.001921280004699376
619,0.0019212798343098765
620,0.0019212798055591764
621,0.0019212799181308182
622,0.0019212801716661577
623,0.0019212805657650917
624,0.0019212810999858778
625,0.0019212817738457897
626,0.0019212825868211317
627,0.0019212835383481304
628,0.0019212846278227713
629,0.0019212858546008872
630,0.0019212872179997721
631,0.0019212887172975215
632,0.0019212903517336552
633,0.0019212921205100481
634,0.0019212940227912915
635,0.0019212960577045682
636,0.0019212982243412293
637,0.0019213005217566838
638,0.0019213029489710562
639,0.0019213055049697094
640,0.001921308188704638
641,0.0019213109991077734
642,0.0019213139350658854
643,0.0019213169954322724
644,0.0019213201790284796
645,0.0019213234846451885
646,0.0019213269110427882
647,0.0019213304569520608
648,0.0019213341210749081
649,0.001921337902085331
650,0.0019213417986290338
651,0.0019213458093250973
652,0.0019213499327670348
653,0.0019213541675221018
654,0.0019213585121331338
655,0.0019213629651192124
656,0.0019213675249753236
657,0.0019213721901743543
658,0.0019213769591673955
659,0.0019213818303841566
660,0.0019213868022337718
661,0.0019213918731061292
662,0.001921397041371683
663,0.0019214023053831565
664,0.0019214076634751602
665,0.0019214131139662315
666,0.0019214186551585466
667,0.001921424285339311
668,0.0019214300027815432
669,0.0019214358057441847
670,0.00192144169247351
671,0.0019214476612037048
672,0.001921453710157651
673,0.0019214598375478654
674,0.0019214660415767413
675,0.0019214723204380364
676,0.0019214786723174913
677,0.0019214850953932978
678,0.0019214915878373712
679,0.0019214981478158214
680,0.0019215047734896873
681,0.0019215114630162285
682,0.0019215182145496962
683,0.0019215250262413792
684,0.0019215318962414187
685,0.0019215388226992063
686,0.0019215458037637415
687,0.0019215528375857958
688,0.0019215599223168212
689,0.0019215670561121467
690,0.001921574237129564
691,0.0019215814635315245
692,0.0019215887334853251
693,0.0019215960451646032
694,0.0019216033967491995
695,0.0019216107864270435
696,0.0019216182123942252
697,0.0019216256728562316
698,0.0019216331660281184
699,0.0019216406901361388
700,0.0019216482434182857
701,0.0019216558241247727
702,0.0019216634305186061
703,0.0019216710608770463
704,0.0019216787134922221
705,0.0019216863866713687
706,0.0019216940787378412
707,0.0019217017880318477
708,0.0019217095129110385
709,0.0019217172517517517
710,0.001921725002948786
711,0.0019217327649161363
712,0.0019217405360882687
713,0.0019217483149204513
714,0.001921756099888847
715,0.0019217638894916977
716,0.001921771682249528
717,0.00192177947670551
718,0.0019217872714264363
719,0.0019217950650028102
720,0.0019218028560493332
721,0.001921810643205105
722,0.001921818425134342
723,0.0019218262005266892
724,0.0019218339680973596
725,0.0019218417265874186
726,0.0019218494747642806
727,0.0019218572114215009
728,0.001921864935379363
729,0.001921872645485125
730,0.001921880340612781
731,0.0019218880196634914
732,0.0019218956815655705
733,0.0019219033252742793
734,0.0019219109497723686
735,0.0019219185540696136
736,0.0019219261372033789
737,0.0019219336982374798
738,0.0019219412362634352
739,0.0019219487503999088
740,0.00192195623979161
741,0.0019219637036104922
742,0.0019219711410547028
743,0.0019219785513490382
744,0.0019219859337441696
745,0.0019219932875165022
746,0.0019220006119682687
747,0.0019220079064267883
748,0.0019220151702446656
749,0.0019220224027991792
750,0.001922029603491329
751,0.0019220367717469114
752,0.001922043907015045
753,0.0019220510087680223
754,0.0019220580765010962
755,0.0019220651097319977
756,0.001922072108000433
757,0.001922079070868004
758,0.0019220859979170585
759,0.0019220928887512736
760,0.0019220997429943536
761,0.0019221065602900757
762,0.001922113340301275
763,0.001922120082710678
764,0.0019221267872186647
765,0.0019221334535444276
766,0.0019221400814241872
767,0.0019221466706118222
768,0.0019221532208779284
769,0.001922159732009239
770,0.0019221662038083004
771,0.0019221726360933087
772,0.001922179028697215
773,0.0019221853814679626
774,0.0019221916942672125
775,0.0019221979669706314
776,0.001922204199466977
777,0.001922210391657647
778,0.001922216543457368
779,0.0019222226547922683
780,0.0019222287256005224
781,0.0019222347558316998
782,0.0019222407454460727
783,0.0019222466944151919
784,0.0019222526027203968
785,0.0019222584703531202
786,0.0019222642972805573
787,0.00192227008342273
788,0.0019222758288059626
789,0.0019222815334656402
790,0.0019222871974451197
791,0.001922292820796363
792,0.0019222984035790944
793,0.0019223039458607298
794,0.00192230944771616
795,0.0019223149092275637
796,0.0019223203304842853
797,0.0019223257115820853
798,0.0019223310526240778
799,0.0019223363537193474
800,0.0019223416149834487
801,0.0019223468365381924
802,0.0019223520185112654
803,0.0019223571610364797
804,0.0019223622642532913
805,0.001922367328306911
806,0.0019223723533481583
807,0.001922377339532883
808,0.0019223822870232607
809,0.0019223871959860434
810,0.0019223920665934807
811,0.0019223968990231518
812,0.0019224016934577314
813,0.0019224064500849819
814,0.0019224111690979019
815,0.0019224158506943741
816,0.0019224204950776585
817,0.0019224251024558543
818,0.0019224296730419941
819,0.0019224342070543862
820,0.0019224387047163212
821,0.001922443166256163
822,0.0019224475919071677
823,0.0019224519819078284
824,0.0019224563365017875
825,0.0019224606559377288
826,0.0019224649404694016
827,0.0019224691903559298
828,0.001922473405861396
829,0.0019224775872552842
830,0.001922481734812136
831,0.0019224858488119938
832,0.0019224899295401708
833,0.001922493977287158
834,0.0019224979923486102
835,0.0019225019750261
836,0.00192250592562632
837,0.001922509844461013
838,0.0019225137318480577
839,0.0019225175881101432
840,0.0019225214135759204
841,0.001922525208578894
842,0.0019225289734587049
843,0.0019225327085601047
844,0.0019225364142331962
845,0.001922540090833737
846,0.0019225437387228302
847,0.001922547358266821
848,0.0019225509498377986
849,0.0019225545138128592
850,0.0019225580505746879
851,0.0019225615605110294
852,0.0019225650440147807
853,0.0019225685014844197
854,0.0019225719333231502
855,0.0019225753399393932
856,0.0019225787217464433
857,0.0019225820791624784
858,0.0019225854126107415
859,0.001922588722518813
860,0.0019225920093191334
861,0.0019225952734488302
862,0.001922598515349121
863,0.0019226017354654575
864,0.001922604934248196
865,0.0019226081121509885
866,0.0019226112696318323
867,0.0019226144071524923
868,0.0019226175251780655
869,0.0019226206241777814
870,0.0019226237046239742
871,0.0019226267669918314
872,0.0019226298117604802
873,0.0019226328394109544
874,0.001922635850427664
875,0.0019226388452977543
876,0.0019226418245102462
877,0.0019226447885568557
878,0.0019226477379311532
879,0.0019226506731286129
880,0.0019226535946466285
881,0.0019226565029840793
882,0.0019226593986408204
883,0.0019226622821182904
884,0.001922665153918708
885,0.0019226680145452806
886,0.0019226708645015223
887,0.0019226737042915075
888,0.001922676534419721
889,0.0019226793553905133
890,0.001922682167707982
891,0.0019226849718761891
892,0.0019226877683983432
893,0.0019226905577791075
894,0.0019226933405219705
895,0.001922696117127553
896,0.0019226988880954587
897,0.001922701653923669
898,0.0019227044151086373
899,0.0019227071721449281
900,0.0019227099255350883
901,0.0019227126758511318
902,0.0019227154235769016
903,0.0019227181691940142
904,0.0019227209131816756
905,0.0019227236560162115
906,0.0019227263981710535
907,0.0019227291401193104
908,0.0019227318823321017
909,0.0019227346252728352
910,0.0019227373694024879
911,0.0019227401151772677
912,0.0019227428630501325
913,0.0019227456134700536
914,0.0019227483668818324
915,0.0019227511237260562
916,0.0019227538844389658
917,0.0019227566494521293
918,0.0019227594191924791
919,0.0019227621940826171
920,0.0019227649745398657
921,0.0019227677609768947
922,0.001922770553801024
923,0.0019227733534147096
924,0.0019227761602144365
925,0.001922778974591902
926,0.00192278179693324
927,0.0019227846276188684
928,0.0019227874670234557
929,0.0019227903155159245
930,0.0019227931734596387
931,0.0019227960412114894
932,0.001922798919122922
933,0.0019228018075384927
934,0.0019228047067974558
935,0.0019228076172325393
936,0.0019228105391698815
937,0.001922813472929386
938,0.0019228164188248747
939,0.0019228193771632198
940,0.001922822348244733
941,0.0019228253323636502
942,0.0019228283298068215
943,0.0019228313408549233
944,0.0019228343657819167
945,0.0019228374048545862
946,0.0019228404583330838
947,0.0019228435264706794
948,0.001922846609513679
949,0.0019228497077017819
950,0.0019228528212673344
951,0.001922855950435353
952,0.0019228590954250794
953,0.0019228622564473898
954,0.0019228654337068002
955,0.0019228686274001818
956,0.0019228718377179846
957,0.0019228750648430796
958,0.0019228783089516885
959,0.0019228815702117673
960,0.0019228848487853002
961,0.0019228881448263807
962,0.001922891458482338
963,0.001922894789892835
964,0.0019228981391907606
965,0.001922901506501762
966,0.0019229048919442995
967,0.001922908295629343
968,0.0019229117176610268
969,0.0019229151581359883
970,0.0019229186171443075
971,0.0019229220947680453
972,0.0019229255910827958
973,0.0019229291061566114
974,0.001922932640050651
975,0.001922936192819174
976,0.0019229397645085726
977,0.0019229433551590082
978,0.0019229469648032588
979,0.0019229505934671041
980,0.0019229542411691863
981,0.0019229579079214595
982,0.0019229615937285916
983,0.0019229652985885831
984,0.0019229690224926747
985,0.0019229727654248197
986,0.0019229765273626707
987,0.001922980308276629
988,0.001922984108130577
989,0.0019229879268817564
990,0.0019229917644805262
991,0.0019229956208710217
992,0.0019229994959905062
993,0.0019230033897696577
994,0.0019230073021328515
995,0.0019230112329978028
996,0.001923015182276139
997,0.0019230191498723975
998,0.001923023135651023
999,0.0019230271395033003
1000,0.0019230311613135098
1001,0.0019230352009604779
1002,0.0019230392583168296
1003,0.001923043333248631
1004,0.0019230474256165325
1005,0.0019230515352751194
1006,0.0019230556620729834
1007,0.0019230598058529505
1008,0.0019230639664527202
1009,0.0019230681437035226
1010,0.0019230723374315242
1011,0.0019230765474572062
1012,0.0019230807735957222
1013,0.0019230850156570112
1014,0.001923089273445342
1015,0.001923093546760208
1016,0.001923097835396121
1017,0.0019231021391418873
1018,0.0019231064577822296
1019,0.0019231107910964208
1020,0.001923115138859052
1021,0.001923119500840324
1022,0.0019231238768056718
1023,0.0019231282665158659
1024,0.0019231326697275362
1025,0.0019231370861928472
1026,0.00192314151565971
1027,0.0019231459578720246
1028,0.0019231504125700634
1029,0.0019231548794892187
1030,0.0019231593583615807
1031,0.0019231638489156458
1032,0.0019231683508761628
1033,0.0019231728639641683
1034,0.0019231773878975373
1035,0.0019231819223906354
1036,0.0019231864671543759
1037,0.0019231910218987427
1038,0.0019231955863420382
1039,0.0019232001601827502
1040,0.0019232047431157401
1041,0.0019232093348335415
1042,0.001923213935026481
1043,0.001923218543381924
1044,0.0019232231595850528
1045,0.0019232277833187666
1046,0.001923232414263819
1047,0.0019232370520991281
1048,0.0019232416965012829
1049,0.0019232463471456891
1050,0.0019232510037054907
1051,0.001923255665852379
1052,0.0019232603332570983
1053,0.0019232650055886623
1054,0.0019232696825149057
1055,0.0019232743637024941
1056,0.0019232790488172516
1057,0.001923283737524158
1058,0.0019232884294873274
1059,0.0019232931243703718
1060,0.0019232978218364216
1061,0.0019233025215479524
1062,0.0019233072231674847
1063,0.001923311926357248
1064,0.0019233166307794048
1065,0.0019233213360961214
1066,0.0019233260419699466
1067,0.001923330748063587
1068,0.001923335454040108
1069,0.0019233401595632998
1070,0.001923344864297113
1071,0.001923349567906828
1072,0.0019233542700582704
1073,0.0019233589704183611
1074,0.0019233636686548537
1075,0.001923368364436956
1076,0.0019233730574349486
1077,0.0019233777473205193
1078,0.0019233824337670533
1079,0.0019233871164491968
1080,0.0019233917950436299
1081,0.0019233964692287459
1082,0.0019234011386845943
1083,0.0019234058030933154
1084,0.0019234104621393435
1085,0.0019234151155092625
1086,0.001923419762891461
1087,0.0019234244039772795
1088,0.0019234290384600324
1089,0.0019234336660359694
1090,0.0019234382864037475
1091,0.001923442899264646
1092,0.0019234475043228825
1093,0.0019234521012855828
1094,0.0019234566898624684
1095,0.0019234612697668007
1096,0.001923465840714519
1097,0.001923470402424646
1098,0.0019234749546196668
1099,0.0019234794970255373
1100,0.0019234840293714148
1101,0.0019234885513894624
1102,0.0019234930628160465
1103,0.0019234975633904345
1104,0.0019235020528557438
1105,0.0019235065309591536
1106,0.001923510997450931
1107,0.0019235154520853299
1108,0.0019235198946202217
1109,0.0019235243248175798
1110,0.001923528742443338
1111,0.0019235331472670827
1112,0.001923537539062466
1113,0.0019235419176068852
1114,0.0019235462826821422
1115,0.0019235506340738548
1116,0.0019235549715721448
1117,0.0019235592949706807
1118,0.0019235636040675784
1119,0.0019235678986649423
1120,0.0019235721785692487
1121,0.0019235764435911091
1122,0.0019235806935452376
1123,0.0019235849282505484
1124,0.0019235891475301902
1125,0.001923593351211814
1126,0.0019235975391269726
1127,0.0019236017111114812
1128,0.0019236058670055534
1129,0.0019236100066535769
1130,0.0019236141299040636
1131,0.0019236182366100217
1132,0.0019236223266284422
1133,0.0019236263998204863
1134,0.0019236304560516367
1135,0.0019236344951916791
1136,0.001923638517114314
1137,0.0019236425216972812
1138,0.0019236465088230293
1139,0.0019236504783775928
1140,0.001923654430250905
1141,0.001923658364337388
1142,0.0019236622805355633
1143,0.0019236661787477608
1144,0.0019236700588799419
1145,0.0019236739208425358
1146,0.0019236777645497147
1147,0.0019236815899190702
1148,0.0019236853968726715
1149,0.0019236891853360348
1150,0.00192369295523834
1151,0.0019236967065128182
1152,0.0019237004390962173
1153,0.0019237041529284796
1154,0.0019237078479538495
1155,0.0019237115241193751
1156,0.0019237151813761098
1157,0.0019237188196782936
1158,0.0019237224389836132
1159,0.001923726039253193
1160,0.0019237296204510025
1161,0.001923733182544778
1162,0.0019237367255049852
1163,0.0019237402493054471
1164,0.0019237437539231554
1165,0.0019237472393378594
1166,0.0019237507055322473
1167,0.0019237541524920372
1168,0.0019237575802058815
1169,0.0019237609886649098
1170,0.0019237643778631133
1171,0.0019237677477972964
1172,0.0019237710984667895
1173,0.0019237744298734219
1174,0.0019237777420213354
1175,0.0019237810349172864
1176,0.0019237843085705318
1177,0.0019237875629924378
1178,0.0019237907981965315
1179,0.0019237940141989113
1180,0.001923797211017426
1181,0.001923800388672062
1182,0.0019238035471850436
1183,0.0019238066865800627
1184,0.0019238098068832807
1185,0.0019238129081222979
1186,0.0019238159903268348
1187,0.001923819053527992
1188,0.001923822097758791
1189,0.0019238251230536576
1190,0.0019238281294487712
1191,0.0019238311169816873
1192,0.0019238340856911514
1193,0.0019238370356178662
1194,0.001923839966803431
1195,0.0019238428792910764
1196,0.001923845773124856
1197,0.0019238486483502374
1198,0.0019238515050139147
1199,0.0019238543431634838
1200,0.0019238571628475668
1201,0.0019238599641156957
1202,0.0019238627470186211
1203,0.001923865511607879
1204,0.001923868257935767
1205,0.0019238709860553863
1206,0.0019238736960207048
1207,0.0019238763878862838
1208,0.001923879061707569
1209,0.0019238817175403096
1210,0.0019238843554410974
1211,0.001923886975467099
1212,0.0019238895776760917
1213,0.0019238921621257351
1214,0.0019238947288749875
1215,0.0019238972779825859
1216,0.0019238998095082987
1217,0.0019239023235115488
1218,0.0019239048200523365
1219,0.0019239072991912621
1220,0.0019239097609887613
1221,0.001923912205505786
1222,0.001923914632803471
1223,0.0019239170429430669
1224,0.0019239194359860225
1225,0.0019239218119938737
1226,0.001923924171028462
1227,0.001923926513151706
1228,0.0019239288384254349
1229,0.0019239311469115776
1230,0.0019239334386729088
1231,0.0019239357137714444
1232,0.0019239379722691035
1233,0.001923940214228125
1234,0.001923942439710586
1235,0.0019239446487786594
1236,0.0019239468414943156
1237,0.001923949017919783
1238,0.0019239511781167415
1239,0.0019239533221472526
1240,0.0019239554500732443
1241,0.0019239575619563482
1242,0.0019239596578584275
1243,0.001923961737840958
1244,0.001923963801965506
1245,0.0019239658502934204
1246,0.0019239678828862359
1247,0.0019239698998049525
1248,0.0019239719011107654
1249,0.0019239738868647273
1250,0.0019239758571277224
1251,0.001923977811960667
1252,0.0019239797514242502
1253,0.001923981675579038
1254,0.001923983584485385
1255,0.0019239854782036822
1256,0.001923987356794177
1257,0.001923989220317098
1258,0.0019239910688324965
1259,0.0019239929024001958
1260,0.0019239947210801006
1261,0.0019239965249320532
1262,0.0019239983140155459
1263,0.00192400008839029
1264,0.0019240018481157764
1265,0.0019240035932510304
1266,0.0019240053238560601
1267,0.0019240070399894735
1268,0.0019240087417106062
1269,0.001924010429078643
1270,0.0019240121021523353
1271,0.0019240137609907648
1272,0.0019240154056528738
1273,0.0019240170361974804
1274,0.0019240186526832044
1275,0.0019240202551686764
1276,0.0019240218437127383
1277,0.0019240234183741857
1278,0.0019240249792117615
1279,0.0019240265262837923
1280,0.0019240280596489298
1281,0.0019240295793654769
1282,0.001924031085492009
1283,0.0019240325780868184
1284,0.0019240340572080309
1285,0.0019240355229142036
1286,0.0019240369752634649
1287,0.0019240384143136074
1288,0.0019240398401230313
1289,0.001924041252749927
1290,0.0019240426522522333
1291,0.0019240440386879758
1292,0.0019240454121151034
1293,0.0019240467725915211
1294,0.0019240481201751617
1295,0.001924049454923538
1296,0.0019240507768946693
1297,0.0019240520861461637
1298,0.001924053382735513
1299,0.0019240546667176983
1300,0.0019240559381471698
1301,0.0019240571970812808
1302,0.00192405844357744
1303,0.001924059677692682
1304,0.0019240608994842276
1305,0.0019240621090088929
1306,0.001924063306323703
1307,0.0019240644914851309
1308,0.0019240656645502835
1309,0.001924066825575274
1310,0.0019240679746163657
1311,0.0019240691117301994
1312,0.0019240702369726441
1313,0.0019240713503995831
1314,0.0019240724520666681
1315,0.001924073542029217
1316,0.001924074620342818
1317,0.0019240756870625593
1318,0.0019240767422434646
1319,0.0019240777859400443
1320,0.0019240788182070755
1321,0.0019240798390985307
1322,0.0019240808486685047
1323,0.0019240818469705332
1324,0.001924082834058149
1325,0.001924083809984504
1326,0.0019240847748023871
1327,0.0019240857285642622
1328,0.0019240866713227062
1329,0.0019240876031291158
1330,0.0019240885240352703
1331,0.0019240894340924164
1332,0.0019240903333511573
1333,0.001924091221862122
1334,0.0019240920996751699
1335,0.0019240929668401206
1336,0.0019240938234061443
1337,0.0019240946694218577
1338,0.0019240955049358564
1339,0.0019240963299958572
1340,0.0019240971446492804
1341,0.0019240979489432446
1342,0.001924098742924374
1343,0.0019240995266382173
1344,0.0019241003001303906
1345,0.0019241010634458964
1346,0.0019241018166292632
1347,0.0019241025597222098
1348,0.001924103292767364
1349,0.0019241040158076502
1350,0.0019241047288849956
1351,0.0019241054320411814
1352,0.0019241061253169735
1353,0.001924106808752713
1354,0.001924107482388082
1355,0.0019241081462622607
1356,0.00192410880041379
1357,0.0019241094448802284
1358,0.0019241100796988635
1359,0.0019241107049061032
1360,0.0019241113205375891
1361,0.0019241119266284407
1362,0.0019241125232130718
1363,0.0019241131103253052
1364,0.0019241136879976114
1365,0.0019241142562624034
1366,0.0019241148151511451
1367,0.0019241153646945665
1368,0.0019241159049227807
1369,0.0019241164358647068
1370,0.0019241169575487504
1371,0.0019241174700026147
1372,0.0019241179732532696
1373,0.0019241184673263675
1374,0.0019241189522473023
1375,0.001924119428040518
1376,0.001924119894729723
1377,0.0019241203523376977
1378,0.0019241208008859967
1379,0.0019241212403961034
1380,0.0019241216708879305
1381,0.0019241220923811397
1382,0.0019241225048940594
1383,0.001924122908444406
1384,0.0019241233030491704
1385,0.0019241236887241498
1386,0.0019241240654844119
1387,0.0019241244333441639
1388,0.0019241247923164604
1389,0.0019241251424137616
1390,0.0019241254836476968
1391,0.0019241258160288134
1392,0.0019241261395666835
1393,0.0019241264542701846
1394,0.0019241267601471568
1395,0.0019241270572045656
1396,0.001924127345448319
1397,0.0019241276248835146
1398,0.0019241278955143863
1399,0.0019241281573443103
1400,0.0019241284103756135
1401,0.0019241286546094764
1402,0.001924128890046363
1403,0.0019241291166859275
1404,0.0019241293345267114
1405,0.0019241295435665053
1406,0.0019241297438019867
1407,0.0019241299352290412
1408,0.0019241301178423511
1409,0.001924130291635916
1410,0.0019241304566028027
1411,0.001924130612735004
1412,0.001924130760023652
1413,0.0019241308984590958
1414,0.0019241310280304618
1415,0.0019241311487262873
1416,0.0019241312605338752
1417,0.0019241313634398346
1418,0.0019241314574294905
1419,0.001924131542487991
1420,0.0019241316185986215
1421,0.0019241316857447227
1422,0.00192413174390806
1423,0.0019241317930696906
1424,0.0019241318332097609
1425,0.0019241318643077113
1426,0.0019241318863419301
1427,0.001924131899290119
1428,0.001924131903128962
1429,0.0019241318978340982
1430,0.0019241318833807378
1431,0.001924131859742578
1432,0.0019241318268934456
1433,0.0019241317848054604
1434,0.0019241317334506797
1435,0.0019241316727997876
1436,0.0019241316028228161
1437,0.001924131523489362
1438,0.0019241314347678339
1439,0.0019241313366258356
1440,0.0019241312290304313
1441,0.00192413111194787
1442,0.001924130985344137
1443,0.001924130849183692
1444,0.0019241307034308242
1445,0.0019241305480489617
1446,0.0019241303830012367
1447,0.0019241302082497389
1448,0.001924130023755897
1449,0.0019241298294806392
1450,0.0019241296253842068
1451,0.0019241294114265642
1452,0.0019241291875669532
1453,0.0019241289537641141
1454,0.0019241287099764296
1455,0.0019241284561614764
1456,0.0019241281922763153
1457,0.0019241279182777534
1458,0.0019241276341218966
1459,0.0019241273397648541
1460,0.0019241270351617855
1461,0.001924126720267964
1462,0.0019241263950379233
1463,0.0019241260594263063
1464,0.0019241257133868236
1465,0.0019241253568734876
1466,0.0019241249898399192
1467,0.0019241246122393082
1468,0.0019241242240248624
1469,0.0019241238251496483
1470,0.0019241234155663416
1471,0.0019241229952275739
1472,0.001924122564086006
1473,0.0019241221220943302
1474,0.0019241216692047851
1475,0.00192412120537
1476,0.0019241207305426388
1477,0.0019241202446750557
1478,0.001924119747720086
1479,0.0019241192396305114
1480,0.0019241187203592732
1481,0.0019241181898593885
1482,0.001924117648084375
1483,0.0019241170949878808
1484,0.0019241165305234848
1485,0.0019241159546456346
1486,0.0019241153673086038
1487,0.001924114768467483
1488,0.0019241141580777037
1489,0.0019241135360948934
1490,0.0019241129024754509
1491,0.0019241122571758737
1492,0.0019241116001537898
1493,0.0019241109313671986
1494,0.0019241102507744242
1495,0.0019241095583347819
1496,0.0019241088540084372
1497,0.0019241081377557201
1498,0.0019241074095381863
1499,0.0019241066693181032
1500,0.0019241059170585597
1501,0.0019241051527235909
1502,0.0019241043762782408
1503,0.0019241035876882233
1504,0.0019241027869205004
1505,0.0019241019739428022
1506,0.0019241011487242162
1507,0.0019241003112347855
1508,0.0019240994614457725
1509,0.0019240985993296807
1510,0.0019240977248599909
1511,0.0019240968380119317
1512,0.0019240959387613603
1513,0.001924095027086145
1514,0.001924094102964855
1515,0.001924093166377977
1516,0.0019240922173072443
1517,0.0019240912557360304
1518,0.0019240902816491303
1519,0.0019240892950325985
1520,0.0019240882958746779
1521,0.0019240872841647153
1522,0.0019240862598941366
1523,0.0019240852230557731
1524,0.001924084173644379
1525,0.0019240831116562546
1526,0.0019240820370896585
1527,0.0019240809499449006
1528,0.00192407985022373
1529,0.0019240787379301283
1530,0.0019240776130699626
1531,0.001924076475650931
1532,0.0019240753256827834
1533,0.0019240741631774735
1534,0.0019240729881490567
1535,0.0019240718006133756
1536,0.0019240706005884984
1537,0.0019240693880949772
1538,0.0019240681631550807
1539,0.0019240669257940379
1540,0.0019240656760382165
1541,0.0019240644139171753
1542,0.0019240631394625716
1543,0.0019240618527081544
1544,0.0019240605536902317
1545,0.0019240592424474283
1546,0.0019240579190205572
1547,0.0019240565834534235
1548,0.0019240552357915395
1549,0.00192405387608368
1550,0.0019240525043803223
1551,0.001924051120735165
1552,0.0019240497252038964
1553,0.0019240483178450186
1554,0.0019240468987196937
1555,0.0019240454678911268
1556,0.001924044025426005
1557,0.0019240425713929097
1558,0.0019240411058632648
1559,0.0019240396289111348
1560,0.001924038140613128
1561,0.0019240366410488068
1562,0.0019240351303002198
1563,0.0019240336084518808
1564,0.001924032075591545
1565,0.0019240305318092231
1566,0.001924028977197668
1567,0.0019240274118522624
1568,0.0019240258358715011
1569,0.0019240242493562612
1570,0.0019240226524100512
1571,0.0019240210451393102
1572,0.0019240194276531283
1573,0.0019240178000633338
1574,0.0019240161624843276
1575,0.0019240145150333596
1576,0.0019240128578302486
1577,0.0019240111909976584
1578,0.0019240095146607565
1579,0.0019240078289476323
1580,0.0019240061339888248
1581,0.0019240044299175462
1582,0.0019240027168697326
1583,0.001924000994984093
1584,0.0019239992644015983
1585,0.0019239975252660047
1586,0.001923995777723704
1587,0.0019239940219236038
1588,0.0019239922580172098
1589,0.0019239904861585331
1590,0.001923988706503972
1591,0.0019239869192125873
1592,0.0019239851244456602
1593,0.001923983322367422
1594,0.001923981513143878
1595,0.0019239796969438697
1596,0.0019239778739385213
1597,0.0019239760443011868
1598,0.001923974208207461
1599,0.0019239723658355525
1600,0.001923970517365649
1601,0.001923968662980091
1602,0.0019239668028637159
1603,0.0019239649372032193
1604,0.001923963066187624
1605,0.0019239611900078843
1606,0.001923959308856998
1607,0.0019239574229300423
1608,0.0019239555324241427
1609,0.001923953637538189
1610,0.0019239517384731432
1611,0.0019239498354317952
1612,0.0019239479286185823
1613,0.0019239460182399466
1614,0.0019239441045039154
1615,0.0019239421876202398
1616,0.0019239402678004288
1617,0.0019239383452574386
1618,0.0019239364202058725
1619,0.0019239344928620077
1620,0.0019239325634432976
1621,0.0019239306321689959
1622,0.0019239286992591572
1623,0.0019239267649359835
1624,0.00192392482942244
1625,0.001923922892942901
1626,0.0019239209557228032
1627,0.001923919017988867
1628,0.0019239170799692773
1629,0.0019239151418925587
1630,0.0019239132039886512
1631,0.001923911266488571
1632,0.001923909329624121
1633,0.0019239073936280896
1634,0.0019239054587338377
1635,0.0019239035251757794
1636,0.0019239015931888268
1637,0.0019238996630088624
1638,0.00192389773487215
1639,0.0019238958090157757
1640,0.0019238938856772185
1641,0.0019238919650944556
1642,0.0019238900475059767
1643,0.0019238881331507356
1644,0.0019238862222677674
1645,0.0019238843150967478
1646,0.0019238824118774736
1647,0.0019238805128499485
1648,0.0019238786182541614
1649,0.001923876728330512
1650,0.0019238748433196735
1651,0.0019238729634618779
1652,0.0019238710889975443
1653,0.0019238692201669204
1654,0.0019238673572102563
1655,0.0019238655003677258
1656,0.0019238636498793973
1657,0.0019238618059848067
1658,0.001923859968923282
1659,0.0019238581389338404
1660,0.0019238563162554006
1661,0.0019238545011261066
1662,0.0019238526937838277
1663,0.0019238508944659067
1664,0.0019238491034092883
1665,0.0019238473208502656
1666,0.0019238455470244082
1667,0.0019238437821668326
1668,0.0019238420265117484
1669,0.0019238402802927864
1670,0.0019238385437427834
1671,0.0019238368170938019
1672,0.0019238351005768269
1673,0.001923833394422517
1674,0.0019238316988599861
1675,0.0019238300141177335
1676,0.0019238283404230973
1677,0.001923826678002573
1678,0.0019238250270815142
1679,0.0019238233878841094
1680,0.0019238217606334367
1681,0.001923820145551382
1682,0.0019238185428587043
1683,0.0019238169527747752
1684,0.0019238153755178633
1685,0.001923813811304856
1686,0.001923812260351231
1687,0.001923810722871205
1688,0.0019238091990773773
1689,0.0019238076891812642
1690,0.0019238061933926336
1691,0.0019238047119196104
1692,0.0019238032449691923
1693,0.0019238017927463856
1694,0.0019238003554547872
1695,0.0019237989332964599
1696,0.0019237975264715834
1697,0.001923796135178762
1698,0.0019237947596147966
1699,0.001923793399974867
1700,0.0019237920564521504
1701,0.0019237907292377987
1702,0.0019237894185216865
1703,0.0019237881244911954
1704,0.0019237868473322072
1705,0.0019237855872286098
1706,0.0019237843443620857
1707,0.0019237831189123868
1708,0.0019237819110571224
1709,0.0019237807209721437
1710,0.001923779548830749
1711,0.001923778394804391
1712,0.0019237772590621324
1713,0.0019237761417711663
1714,0.0019237750430957296
1715,0.001923773963198705
1716,0.001923772902239946
1717,0.001923771860377405
1718,0.0019237708377664235
1719,0.0019237698345599297
1720,0.0019237688509087224
1721,0.0019237678869606883
1722,0.0019237669428614525
1723,0.001923766018754173
1724,0.0019237651147793167
1725,0.0019237642310746632
1726,0.0019237633677755969
1727,0.0019237625250146904
1728,0.0019237617029217377
1729,0.0019237609016240266
1730,0.0019237601212458522
1731,0.0019237593619089613
1732,0.001923758623732167
1733,0.0019237579068312124
1734,0.0019237572113192918
1735,0.0019237565373064255
1736,0.0019237558848997675
1737,0.0019237552542036543
1738,0.001923754645319062
1739,0.0019237540583440919
1740,0.001923753493373658
1741,0.0019237529504999174
1742,0.0019237524298115834
1743,0.0019237519313941658
1744,0.0019237514553299185
1745,0.0019237510016981549
1746,0.0019237505705746814
1747,0.001923750162032061
1748,0.0019237497761393782
1749,0.0019237494129626664
1750,0.001923749072564491
1751,0.0019237487550038514
1752,0.0019237484603363028
1753,0.001923748188614189
1754,0.0019237479398860789
1755,0.0019237477141972835
1756,0.0019237475115892976
1757,0.001923747332100158
1758,0.0019237471757643228
1759,0.0019237470426127427
1760,0.00192374693267243
1761,0.0019237468459673932
1762,0.001923746782516946
1763,0.0019237467423375127
1764,0.0019237467254414244
1765,0.0019237467318368503
1766,0.0019237467615287255
1767,0.0019237468145180253
1768,0.0019237468908022831
1769,0.0019237469903748002
1770,0.0019237471132251345
1771,0.0019237472593391584
1772,0.0019237474286986811
1773,0.0019237476212818226
1774,0.0019237478370627199
1775,0.001923748076011618
1776,0.0019237483380950165
1777,0.0019237486232750733
1778,0.0019237489315106302
1779,0.0019237492627561567
1780,0.0019237496169623954
1781,0.0019237499940759925
1782,0.0019237503940398874
1783,0.0019237508167927813
1784,0.0019237512622696498
1785,0.0019237517304016296
1786,0.0019237522211155553
1787,0.001923752734334552
1788,0.001923753269977962
1789,0.0019237538279607738
1790,0.0019237544081946718
1791,0.001923755010586617
1792,0.0019237556350401338
1793,0.0019237562814547202
1794,0.001923756949726364
1795,0.0019237576397464163
1796,0.001923758351402891
1797,0.0019237590845797695
1798,0.0019237598391571
1799,0.0019237606150112926
1800,0.00192376141201475
1801,0.001923762230036066
1802,0.001923763068939959
1803,0.001923763928587555
1804,0.001923764808836206
1805,0.0019237657095392262
1806,0.0019237666305463466
1807,0.0019237675717036968
1808,0.0019237685328536585
1809,0.0019237695138346889
1810,0.0019237705144821624
1811,0.001923771534627007
1812,0.0019237725740972077
1813,0.001923773632716877
1814,0.0019237747103066757
1815,0.0019237758066836003
1816,0.0019237769216611626
1817,0.0019237780550492834
1818,0.0019237792066547003
1819,0.0019237803762803592
1820,0.0019237815637260878
1821,0.0019237827687880033
1822,0.0019237839912591675
1823,0.001923785230929012
1824,0.0019237864875838782
1825,0.0019237877610068373
1826,0.0019237890509777179
1827,0.0019237903572728438
1828,0.0019237916796653763
1829,0.0019237930179258724
1830,0.001923794371821078
1831,0.001923795741115167
1832,0.0019237971255688104
1833,0.0019237985249398366
1834,0.0019237999389831826
1835,0.0019238013674506226
1836,0.0019238028100907818
1837,0.0019238042666498098
1838,0.0019238057368707723
1839,0.0019238072204939036
1840,0.0019238087172566206
1841,0.0019238102268934788
1842,0.0019238117491365326
1843,0.0019238132837149393
1844,0.0019238148303550352
1845,0.00192381638878089
1846,0.0019238179587136677
1847,0.0019238195398721249
1848,0.0019238211319722587
1849,0.0019238227347282016
1850,0.0019238243478506658
1851,0.0019238259710489976
1852,0.001923827604029164
1853,0.0019238292464958014
1854,0.0019238308981503222
1855,0.0019238325586924422
1856,0.001923834227819577
1857,0.001923835905226759
1858,0.001923837590607194
1859,0.0019238392836518675
1860,0.001923840984049731
1861,0.0019238426914877803
1862,0.0019238444056510265
1863,0.0019238461262224885
1864,0.0019238478528836045
1865,0.0019238495853136247
1866,0.0019238513231904133
1867,0.0019238530661899243
1868,0.0019238548139866938
1869,0.0019238565662532388
1870,0.0019238583226609965
1871,0.0019238600828796147
1872,0.0019238618465774538
1873,0.0019238636134212784
1874,0.0019238653830768544
1875,0.0019238671552084885
1876,0.0019238689294792364
1877,0.0019238707055510718
1878,0.0019238724830850395
1879,0.001923874261740807
1880,0.0019238760411776107
1881,0.001923877821053221
1882,0.0019238796010247802
1883,0.0019238813807489225
1884,0.0019238831598816254
1885,0.001923884938077706
1886,0.0019238867149917942
1887,0.0019238884902782621
1888,0.0019238902635906141
1889,0.0019238920345825252
1890,0.001923893802906892
1891,0.0019238955682167643
1892,0.0019238973301651287
1893,0.0019238990884048986
1894,0.001923900842588968
1895,0.0019239025923703634
1896,0.001923904337402574
1897,0.001923906077339063
1898,0.0019239078118339845
1899,0.0019239095405419035
1900,0.0019239112631180102
1901,0.001923912979217666
1902,0.0019239146884979135
1903,0.0019239163906159124
1904,0.0019239180852298546
1905,0.0019239197719992543
1906,0.0019239214505844112
1907,0.0019239231206469424
1908,0.0019239247818499704
1909,0.0019239264338578195
1910,0.0019239280763363054
1911,0.0019239297089527097
1912,0.001923931331376531
1913,0.0019239329432785097
1914,0.00192393454433154
1915,0.0019239361342104696
1916,0.001923937712592168
1917,0.001923939279155515
1918,0.001923940833582019
1919,0.0019239423755555245
1920,0.001923943904761961
1921,0.0019239454208902207
1922,0.0019239469236318372
1923,0.0019239484126811089
1924,0.001923949887734918
1925,0.0019239513484933806
1926,0.0019239527946595953
1927,0.0019239542259401302
1928,0.001923955642044166
1929,0.0019239570426848986
1930,0.0019239584275786313
1931,0.0019239597964452661
1932,0.0019239611490082938
1933,0.0019239624849949437
1934,0.0019239638041365055
1935,0.0019239651061676761
1936,0.0019239663908276622
1937,0.001923967657859418
1938,0.0019239689070102814
1939,0.0019239701380316168
1940,0.0019239713506793497
1941,0.0019239725447136185
1942,0.0019239737198994634
1943,0.0019239748760056358
1944,0.0019239760128063842
1945,0.0019239771300804936
1946,0.0019239782276110956
1947,0.0019239793051866324
1948,0.0019239803626003088
1949,0.001923981399650364
1950,0.0019239824161400264
1951,0.001923983411877449
1952,0.0019239843866764698
1953,0.001923985340355688
1954,0.0019239862727387842
1955,0.0019239871836553336
1956,0.0019239880729400296
1957,0.001923988940432899
1958,0.0019239897859793596
1959,0.0019239906094304178
1960,0.0019239914106423685
1961,0.001923992189477528
1962,0.0019239929458034774
1963,0.0019239936794931648
1964,0.0019239943904256996
1965,0.0019239950784853946
1966,0.0019239957435623028
1967,0.0019239963855522608
1968,0.001923997004356889
1969,0.00192399759988324
1970,0.0019239981720441776
1971,0.001923998720758282
1972,0.0019239992459496196
1973,0.0019239997475480422
1974,0.0019240002254895432
1975,0.0019240006797148733
1976,0.0019240011101713376
1977,0.0019240015168112967
1978,0.0019240018995928929
1979,0.001924002258479863
1980,0.001924002593441608
1981,0.0019240029044529292
1982,0.001924003191494229
1983,0.0019240034545511874
1984,0.0019240036936151355
1985,0.0019240039086827322
1986,0.00192400409975607
1987,0.0019240042668423447
1988,0.0019240044099542422
1989,0.0019240045291094364
1990,0.0019240046243309877
1991,0.001924004695647026
1992,0.0019240047430905205
1993,0.0019240047666996111
1994,0.0019240047665172522
1995,0.0019240047425916728
1996,0.0019240046949754175
1997,0.0019240046237260144
1998,0.0019240045289056593
1999,0.001924004410581022
2000,0.0019240042688233793
2001,0.0019240041037087501
2002,0.0019240039153170883
2003,0.0019240037037329281
2004,0.001924003469045112
2005,0.0019240032113465322
2006,0.0019240029307340837
2007,0.001924002627308831
2008,0.0019240023011756007
2009,0.0019240019524435566
2010,0.0019240015812247151
2011,0.0019240011876358546
2012,0.0019240007717964455
2013,0.0019240003338300722
2014,0.0019239998738635744
2015,0.0019239993920269968
2016,0.0019239988884540002
2017,0.001923998363281212
2018,0.0019239978166483243
2019,0.0019239972486982165
2020,0.0019239966595766083
2021,0.0019239960494321453
2022,0.001923995418416143
2023,0.0019239947666828488
2024,0.001923994094388945
2025,0.0019239934016937123
2026,0.001923992688758822
2027,0.0019239919557481684
2028,0.0019239912028284
2029,0.0019239904301680045
2030,0.0019239896379378261
2031,0.00192398882631066
2032,0.0019239879954612233
2033,0.001923987145566332
2034,0.0019239862768045373
2035,0.0019239853893561916
2036,0.0019239844834033643
2037,0.0019239835591296044
2038,0.0019239826167202427
2039,0.0019239816563619793
2040,0.0019239806782428833
2041,0.001923979682552478
2042,0.0019239786694814982
2043,0.0019239776392221887
2044,0.0019239765919675646
2045,0.0019239755279119816
2046,0.001923974447250923
2047,0.0019239733501806458
2048,0.0019239722368984775
2049,0.0019239711076026716
2050,0.0019239699624920027
2051,0.0019239688017665413
2052,0.0019239676256268211
2053,0.0019239664342741484
2054,0.001923965227910358
2055,0.0019239640067380728
2056,0.0019239627709600566
2057,0.001923961520780223
2058,0.0019239602564024893
2059,0.0019239589780313403
2060,0.0019239576858716123
2061,0.0019239563801287114
2062,0.0019239550610081013
2063,0.0019239537287157062
2064,0.0019239523834575932
2065,0.0019239510254401948
2066,0.0019239496548703306
2067,0.0019239482719545446
2068,0.0019239468768997502
2069,0.0019239454699133472
2070,0.0019239440512023036
2071,0.0019239426209739438
2072,0.00192394117943569
2073,0.0019239397267949746
2074,0.001923938263259316
2075,0.0019239367890363263
2076,0.0019239353043333724
2077,0.0019239338093579564
2078,0.0019239323043176585
2079,0.0019239307894199475
2080,0.001923929264872283
2081,0.001923927730881971
2082,0.0019239261876565362
2083,0.0019239246354031553
2084,0.0019239230743289648
2085,0.0019239215046412514
2086,0.0019239199265470297
2087,0.0019239183402534785
2088,0.001923916745967284
2089,0.001923915143895357
2090,0.001923913534244526
2091,0.0019239119172215378
2092,0.0019239102930329163
2093,0.001923908661885353
2094,0.0019239070239850844
2095,0.0019239053795384528
2096,0.0019239037287517957
2097,0.0019239020718316235
2098,0.0019239004089836962
2099,0.0019238987404143263
2100,0.0019238970663293946
2101,0.0019238953869350416
2102,0.0019238937024371634
2103,0.001923892013041538
2104,0.001923890318954168
2105,0.001923888620380673
2106,0.0019238869175269503
2107,0.0019238852105987383
2108,0.0019238834998015649
2109,0.0019238817853412097
2110,0.0019238800674234529
2111,0.0019238783462538287
2112,0.0019238766220379341
2113,0.0019238748949816054
2114,0.001923873165290325
2115,0.0019238714331698034
2116,0.00192386969882583
2117,0.0019238679624640023
2118,0.00192386622428987
2119,0.0019238644845091717
2120,0.0019238627433277638
2121,0.0019238610009512044
2122,0.0019238592575852903
2123,0.0019238575134357576
2124,0.001923855768708417
2125,0.001923854023608733
2126,0.0019238522783427924
2127,0.001923850533116319
2128,0.0019238487881349951
2129,0.0019238470436043751
2130,0.001923845299730436
2131,0.001923843556718812
2132,0.0019238418147751928
2133,0.0019238400741052786
2134,0.0019238383349145021
2135,0.0019238365974085438
2136,0.001923834861792936
2137,0.001923833128272834
2138,0.0019238313970536506
2139,0.0019238296683405593
2140,0.0019238279423384004
2141,0.001923826219252344
2142,0.0019238244992870344
2143,0.00192382278264677
2144,0.0019238210695382257
2145,0.0019238193601656844
2146,0.001923817654732933
2147,0.0019238159534438026
2148,0.0019238142565013105
2149,0.0019238125641086272
2150,0.0019238108764683016
2151,0.0019238091937826484
2152,0.0019238075162535692
2153,0.0019238058440826022
2154,0.0019238041774705113
2155,0.0019238025166180438
2156,0.0019238008617248564
2157,0.0019237992129907883
2158,0.0019237975706144534
2159,0.0019237959347941586
2160,0.001923794305727354
2161,0.0019237926836110735
2162,0.0019237910686412329
2163,0.0019237894610132562
2164,0.0019237878609216943
2165,0.0019237862685603881
2166,0.0019237846841219767
2167,0.0019237831077984358
2168,0.0019237815397804548
2169,0.0019237799802579707
2170,0.0019237784294200099
2171,0.0019237768874541216
2172,0.0019237753545470451
2173,0.0019237738308838627
2174,0.0019237723166488695
2175,0.0019237708120248874
2176,0.0019237693171934526
2177,0.0019237678323347474
2178,0.0019237663576274848
2179,0.0019237648932489146
2180,0.0019237634393748657
2181,0.001923761996179455
2182,0.0019237605638353042
2183,0.0019237591425134526
2184,0.0019237577323830888
2185,0.001923756333611732
2186,0.0019237549463652264
2187,0.0019237535708074161
2188,0.0019237522071002017
2189,0.0019237508554036747
2190,0.0019237495158761794
2191,0.0019237481886735424
2192,0.0019237468739499877
2193,0.0019237455718574435
2194,0.0019237442825457928
2195,0.0019237430061625703
2196,0.0019237417428530981
2197,0.001923740492760752
2198,0.0019237392560261387
2199,0.0019237380327877943
2200,0.0019237368231820131
2201,0.0019237356273421231
2202,0.0019237344453993319
2203,0.0019237332774824046
2204,0.0019237321237173559
2205,0.001923730984228005
2206,0.0019237298591351286
2207,0.0019237287485569486
2208,0.0019237276526094388
2209,0.0019237265714051573
2210,0.0019237255050544302
2211,0.0019237244536645392
2212,0.0019237234173401937
2213,0.0019237223961830888
2214,0.0019237213902922549
2215,0.0019237203997634535
2216,0.0019237194246900153
2217,0.0019237184651621597
2218,0.0019237175212669512
2219,0.001923716593088693
2220,0.0019237156807086686
2221,0.0019237147842050433
2222,0.0019237139036528714
2223,0.0019237130391244292
2224,0.0019237121906887406
2225,0.00192371135841166
2226,0.0019237105423561237
2227,0.0019237097425817279
2228,0.001923708959145052
2229,0.0019237081920994376
2230,0.001923707441495199
2231,0.0019237067073793902
2232,0.0019237059897955094
2233,0.0019237052887846513
2234,0.0019237046043841688
2235,0.0019237039366282232
2236,0.001923703285547695
2237,0.001923702651170676
2238,0.0019237020335213571
2239,0.0019237014326212879
2240,0.001923700848488457
2241,0.0019237002811375707
2242,0.0019236997305802832
2243,0.0019236991968248707
2244,0.0019236986798764955
2245,0.0019236981797368523
2246,0.0019236976964045226
2247,0.0019236972298747833
2248,0.0019236967801397702
2249,0.0019236963471881425
2250,0.0019236959310056174
2251,0.0019236955315743932
2252,0.0019236951488737022
2253,0.0019236947828792552
2254,0.0019236944335637267
2255,0.0019236941008965549
2256,0.0019236937848438654
2257,0.001923693485368676
2258,0.0019236932024308557
2259,0.0019236929359871327
2260,0.001923692685990734
2261,0.0019236924523919974
2262,0.0019236922351380129
2263,0.0019236920341728766
2264,0.00192369184943715
2265,0.0019236916808689736
2266,0.0019236915284027815
2267,0.0019236913919699291
2268,0.0019236912714990038
2269,0.0019236911669153495
2270,0.0019236910781411974
2271,0.0019236910050959711
2272,0.0019236909476957576
2273,0.001923690905854184
2274,0.0019236908794470976
2275,0.0019236908683666226
2276,0.0019236908725172145
2277,0.0019236908918002153
2278,0.0019236909261144232
2279,0.0019236909753555687
2280,0.0019236910394163848
2281,0.001923691118187168
2282,0.0019236912115549675
2283,0.0019236913194042565
2284,0.001923691441616845
2285,0.0019236915780714992
2286,0.001923691728644546
2287,0.0019236918932087979
2288,0.001923692071634439
2289,0.0019236922637893058
2290,0.0019236924695393272
2291,0.0019236926887473934
2292,0.001923692921274118
2293,0.0019236931669773685
2294,0.001923693425712749
2295,0.0019236936973332514
2296,0.0019236939816897672
2297,0.001923694278630404
2298,0.001923694588000947
2299,0.0019236949096453541
2300,0.0019236952434050266
2301,0.0019236955891192887
2302,0.0019236959466249976
2303,0.0019236963157568965
2304,0.001923696696347676
2305,0.001923697088227748
2306,0.0019236974912258265
2307,0.0019236979051683609
2308,0.0019236983298799497
2309,0.001923698765183243
2310,0.0019236992108990156
2311,0.0019236996668464384
2312,0.0019237001328425763
2313,0.0019237006087029181
2314,0.0019237010942413332
2315,0.0019237015892698912
2316,0.0019237020935991963
2317,0.0019237026070382684
2318,0.0019237031293946312
2319,0.0019237036604745428
2320,0.001923704200082678
2321,0.0019237047480224966
2322,0.0019237053040960638
2323,0.0019237058681043232
2324,0.0019237064398470534
2325,0.001923707019122752
2326,0.0019237076057288759
2327,0.0019237081994621173
2328,0.0019237088001180555
2329,0.0019237094074913501
2330,0.0019237100213757954
2331,0.001923710641564663
2332,0.001923711267850002
2333,0.0019237119000235674
2334,0.0019237125378764606
2335,0.0019237131811991137
2336,0.0019237138297817224
2337,0.0019237144834136463
2338,0.0019237151418842295
2339,0.0019237158049823198
2340,0.0019237164724965664
2341,0.0019237171442153412
2342,0.0019237178199269288
2343,0.0019237184994196459
2344,0.0019237191824816643
2345,0.0019237198689014085
2346,0.001923720558466999
2347,0.0019237212509670449
2348,0.0019237219461904567
2349,0.0019237226439261118
2350,0.001923723343963436
2351,0.0019237240460923996
2352,0.0019237247501032399
2353,0.0019237254557867862
2354,0.0019237261629342873
2355,0.0019237268713380223
2356,0.0019237275807905884
2357,0.0019237282910855716
2358,0.0019237290020174276
2359,0.0019237297133813508
2360,0.0019237304249735516
2361,0.0019237311365913595
2362,0.0019237318480328156
2363,0.0019237325590975448
2364,0.001923733269585936
2365,0.0019237339792999805
2366,0.0019237346880426256
2367,0.0019237353956185392
2368,0.0019237361018333832
2369,0.0019237368064945845
2370,0.001923737509410943
2371,0.0019237382103929096
2372,0.0019237389092522416
2373,0.0019237396058029252
2374,0.0019237402998603325
2375,0.0019237409912416278
2376,0.0019237416797658168
2377,0.0019237423652538738
2378,0.0019237430475286333
2379,0.0019237437264149114
2380,0.0019237444017396119
2381,0.0019237450733317714
2382,0.0019237457410223495
2383,0.0019237464046447726
2384,0.0019237470640343448
2385,0.0019237477190289967
2386,0.0019237483694687985
2387,0.0019237490151961677
2388,0.0019237496560559888
2389,0.0019237502918955476
2390,0.0019237509225647766
2391,0.001923751547915936
2392,0.0019237521678040369
2393,0.0019237527820866757
2394,0.0019237533906240126
2395,0.0019237539932789563
2396,0.0019237545899175247
2397,0.0019237551804079762
2398,0.001923755764621826
2399,0.0019237563424331938
2400,0.001923756913719139
2401,0.0019237574783596335
2402,0.001923758036237905
2403,0.0019237585872400008
2404,0.0019237591312548914
2405,0.001923759668174991
2406,0.001923760197895564
2407,0.0019237607203148764
2408,0.001923761235334769
2409,0.0019237617428601343
2410,0.0019237622427991645
2411,0.00192376273506313
2412,0.0019237632195670095
2413,0.001923763696228647
2414,0.0019237641649696607
2415,0.0019237646257147783
2416,0.001923765078392306
2417,0.0019237655229342072
2418,0.001923765959275515
2419,0.0019237663873551108
2420,0.001923766807115147
2421,0.001923767218501517
2422,0.001923767621463564
2423,0.0019237680159541967
2424,0.0019237684019301467
2425,0.0019237687793516643
2426,0.0019237691481824597
2427,0.0019237695083903763
2428,0.0019237698599465752
2429,0.001923770202825816
2430,0.0019237705370068288
2431,0.001923770862472082
2432,0.0019237711792076994
2433,0.0019237714872034617
2434,0.0019237717864530241
2435,0.001923772076953813
2436,0.001923772358706873
2437,0.0019237726317173026
2438,0.0019237728959935164
2439,0.0019237731515480058
2440,0.001923773398397085
2441,0.0019237736365607183
2442,0.0019237738660624387
2443,0.0019237740869296569
2444,0.0019237742991937972
2445,0.0019237745028897722
2446,0.0019237746980560497
2447,0.0019237748847349672
2448,0.0019237750629725946
2449,0.0019237752328185864
2450,0.001923775394326422
2451,0.0019237755475526592
2452,0.0019237756925581208
2453,0.0019237758294067392
2454,0.0019237759581660421
2455,0.001923776078907167
2456,0.0019237761917044924
2457,0.0019237762966360728
2458,0.0019237763937832123
2459,0.0019237764832303898
2460,0.0019237765650656129
2461,0.0019237766393799963
2462,0.0019237767062678034
2463,0.001923776765826349
2464,0.0019237768181562553
2465,0.0019237768633610034
2466,0.0019237769015468822
2467,0.001923776932823192
2468,0.0019237769573020075
2469,0.0019237769750981586
2470,0.0019237769863290081
2471,0.001923776991114729
2472,0.0019237769895777861
2473,0.0019237769818431436
2474,0.0019237769680379275
2475,0.0019237769482917547
2476,0.0019237769227362824
2477,0.0019237768915050788
2478,0.001923776854733962
2479,0.00192377681256041
2480,0.001923776765123752
2481,0.0019237767125648742
2482,0.0019237766550263711
2483,0.0019237765926521148
2484,0.0019237765255874547
2485,0.0019237764539789455
2486,0.0019237763779741727
2487,0.0019237762977216987
2488,0.001923776213371304
2489,0.0019237761250730679
2490,0.0019237760329779828
2491,0.0019237759372374478
2492,0.0019237758380033461
2493,0.0019237757354280119
2494,0.0019237756296634787
2495,0.0019237755208622884
2496,0.0019237754091765264
2497,0.001923775294758196
2498,0.0019237751777587506
2499,0.0019237750583294922
2500,0.001923774936621105
2501,0.001923774812783258
2502,0.0019237746869646749
2503,0.0019237745593134242
2504,0.001923774429976151
2505,0.0019237742990985472
2506,0.0019237741668243738
2507,0.0019237740332964238
2508,0.001923773898655459
2509,0.0019237737630404884
2510,0.0019237736265887485
2511,0.0019237734894354257
2512,0.001923773351713562
2513,0.0019237732135535227
2514,0.0019237730750837543
2515,0.0019237729364298248
2516,0.0019237727977147567
2517,0.0019237726590585992
2518,0.0019237725205787314
2519,0.0019237723823894532
2520,0.0019237722446017673
2521,0.0019237721073234726
2522,0.001923771970659009
2523,0.0019237718347094109
2524,0.0019237716995720475
2525,0.0019237715653403818
2526,0.0019237714321042828
2527,0.00192377129994971
2528,0.0019237711689584554
2529,0.0019237710392082223
2530,0.0019237709107726478
2531,0.0019237707837210165
2532,0.001923770658118072
2533,0.001923770534024128
2534,0.0019237704114950143
2535,0.001923770290581535
2536,0.0019237701713303856
2537,0.0019237700537828098
2538,0.0019237699379755844
2539,0.0019237698239402137
2540,0.001923769711703384
2541,0.001923769601286501
2542,0.001923769492705918
2543,0.0019237693859727534
2544,0.0019237692810927512
2545,0.0019237691780662695
2546,0.0019237690768882812
2547,0.00192376897754849
2548,0.001923768880031003
2549,0.0019237687843143825
2550,0.0019237686903714945
2551,0.0019237685981697166
2552,0.0019237685076706817
2553,0.0019237684188304477
2554,0.0019237683315993133
2555,0.0019237682459218909
2556,0.0019237681617369985
2557,0.0019237680789778461
2558,0.0019237679975716748
2559,0.0019237679174396824
2560,0.0019237678384980597
2561,0.0019237677606566517
2562,0.0019237676838195143
2563,0.0019237676078889185
2564,0.0019237675327578537
2565,0.001923767458313217
2566,0.0019237673844361184
2567,0.0019237673110018645
2568,0.001923767237880191
2569,0.001923767164935256
2570,0.0019237670920255441
2571,0.0019237670190036646
2572,0.001923766945716957
2573,0.0019237668720071305
2574,0.0019237667977107418
2575,0.0019237667226586178
2576,0.0019237666466762817
2577,0.0019237665695841495
2578,0.0019237664911974756
2579,0.0019237664113259155
2580,0.0019237663297744297
2581,0.0019237662463429711
2582,0.0019237661608265072
2583,0.001923766073015208
2584,0.0019237659826944332
2585,0.001923765889645008
2586,0.0019237657936431746
2587,0.0019237656944607695
2588,0.001923765591865233
2589,0.0019237654856198915
2590,0.0019237653754838348
2591,0.0019237652612122296
2592,0.001923765142556326
2593,0.0019237650192638
2594,0.0019237648910785275
2595,0.0019237647577409786
2596,0.0019237646189883709
2597,0.001923764474554612
2598,0.0019237643241706054
2599,0.001923764167564206
2600,0.0019237640044607028
2601,0.0019237638345826916
2602,0.0019237636576502509
2603,0.001923763473381267
2604,0.0019237632814915835
2605,0.0019237630816946062
2606,0.0019237628737024152
2607,0.0019237626572252617
2608,0.0019237624319719613
2609,0.0019237621976499694
2610,0.0019237619539656781
2611,0.001923761700624422
2612,0.0019237614373306827
2613,0.0019237611637885328
2614,0.0019237608797016282
2615,0.0019237605847730443
2616,0.001923760278706001
2617,0.0019237599612038545
2618,0.0019237596319701203
2619,0.001923759290708732
2620,0.0019237589371240964
2621,0.0019237585709217426
2622,0.0019237581918079335
2623,0.001923757799490275
2624,0.001923757393677136
2625,0.0019237569740789366
2626,0.0019237565404074811
2627,0.0019237560923763
2628,0.0019237556297010858
2629,0.0019237551520996938
2630,0.0019237546592918665
2631,0.0019237541510002307
2632,0.001923753626949659
2633,0.0019237530868678068
2634,0.0019237525304850829
2635,0.001923751957535218
2636,0.0019237513677548515
2637,0.0019237507608839547
2638,0.0019237501366659087
2639,0.0019237494948476897
2640,0.0019237488351796772
2641,0.001923748157416202
2642,0.0019237474613155686
2643,0.0019237467466398843
2644,0.0019237460131554843
2645,0.0019237452606326764
2646,0.001923744488846259
2647,0.001923743697575219
2648,0.0019237428866029824
2649,0.001923742055717766
2650,0.0019237412047121707
2651,0.0019237403333835883
2652,0.001923739441533978
2653,0.0019237385289701812
2654,0.0019237375955038446
2655,0.001923736640951459
2656,0.0019237356651345871
2657,0.0019237346678798806
2658,0.0019237336490188655
2659,0.0019237326083880015
2660,0.0019237315458290997
2661,0.0019237304611887558
2662,0.001923729354319129
2663,0.0019237282250768842
2664,0.0019237270733244798
2665,0.0019237258989292798
2666,0.0019237247017637787
2667,0.0019237234817055873
2668,0.0019237222386374825
2669,0.0019237209724475254
2670,0.0019237196830288986
2671,0.0019237183702799847
2672,0.0019237170341040019
2673,0.0019237156744095643
2674,0.0019237142911099536
2675,0.0019237128841240218
2676,0.0019237114533752597
2677,0.0019237099987922685
2678,0.0019237085203089763
2679,0.001923707017863495
2680,0.0019237054913994322
2681,0.0019237039408649922
2682,0.00192370236621328
2683,0.001923700767402282
2684,0.0019236991443945027
2685,0.0019236974971573696
2686,0.0019236958256627077
2687,0.001923694129887186
2688,0.0019236924098117926
2689,0.0019236906654223165
2690,0.0019236888967088736
2691,0.0019236871036659602
2692,0.0019236852862924174
2693,0.001923683444591638
2694,0.0019236815785711756
2695,0.0019236796882427009
2696,0.0019236777736221474
2697,0.0019236758347294881
2698,0.0019236738715889066
2699,0.0019236718842284097
2700,0.0019236698726803076
2701,0.001923667836980446
2702,0.0019236657771689663
2703,0.00192366369328957
2704,0.001923661585389819
2705,0.001923659453520903
2706,0.001923657297737774
2707,0.001923655118098995
2708,0.001923652914666967
2709,0.0019236506875072686
2710,0.0019236484366890294
2711,0.0019236461622849858
2712,0.001923643864371225
2713,0.001923641543027066
2714,0.0019236391983353592
2715,0.0019236368303822628
2716,0.0019236344392569652
2717,0.0019236320250518235
2718,0.001923629587862652
2719,0.0019236271277879096
2720,0.0019236246449294728
2721,0.0019236221393920507
2722,0.0019236196112834983
2723,0.0019236170607143102
2724,0.001923614487798558
2725,0.0019236118926524916
2726,0.0019236092753954122
2727,0.0019236066361494734
2728,0.0019236039750393922
2729,0.0019236012921930723
2730,0.0019235985877406325
2731,0.0019235958618148935
2732,0.0019235931145516127
2733,0.001923590346088744
2734,0.0019235875565671039
2735,0.0019235847461296454
2736,0.0019235819149220888
2737,0.0019235790630926038
2738,0.0019235761907915748
2739,0.0019235732981718698
2740,0.001923570385388672
2741,0.0019235674525994513
2742,0.0019235644999641378
2743,0.0019235615276445136
2744,0.0019235585358048646
2745,0.0019235555246114831
2746,0.00192355249423291
2747,0.0019235494448397834
2748,0.0019235463766046458
2749,0.0019235432897023522
2750,0.0019235401843093463
2751,0.0019235370606044877
2752,0.0019235339187681976
2753,0.0019235307589831215
2754,0.0019235275814336913
2755,0.0019235243863058107
2756,0.0019235211737875654
2757,0.001923517944068412
2758,0.0019235146973400317
2759,0.0019235114337954752
2760,0.0019235081536293616
2761,0.0019235048570381004
2762,0.0019235015442196695
2763,0.0019234982153734776
2764,0.0019234948707005357
2765,0.0019234915104031705
2766,0.0019234881346852529
2767,0.001923484743751974
2768,0.0019234813378098527
2769,0.001923477917066749
2770,0.0019234744817318526
2771,0.0019234710320154371
2772,0.0019234675681291192
2773,0.0019234640902854555
2774,0.0019234605986984405
2775,0.0019234570935826117
2776,0.001923453575154176
2777,0.0019234500436297924
2778,0.0019234464992273458
2779,0.0019234429421654139
2780,0.0019234393726637667
2781,0.0019234357909425706
2782,0.001923432197223054
2783,0.001923428591727131
2784,0.0019234249746775906
2785,0.0019234213462973812
2786,0.001923417706810433
2787,0.00192341405644115
2788,0.001923410395414526
2789,0.0019234067239559344
2790,0.001923403042291217
2791,0.0019233993506466661
2792,0.0019233956492489114
2793,0.0019233919383247523
2794,0.00192338821810152
2795,0.001923384488806622
2796,0.0019233807506676105
2797,0.0019233770039122947
2798,0.0019233732487685363
2799,0.0019233694854642845
2800,0.0019233657142275395
2801,0.0019233619352862132
2802,0.0019233581488682467
2803,0.00192335435520135
2804,0.0019233505545132156
2805,0.0019233467470313478
2806,0.0019233429329829914
2807,0.0019233391125951578
2808,0.0019233352860947496
2809,0.0019233314537080149
2810,0.0019233276156610205
2811,0.0019233237721794877
2812,0.0019233199234885618
2813,0.0019233160698128265
2814,0.0019233122113768777
2815,0.0019233083484042055
2816,0.0019233044811179743
2817,0.0019233006097406642
2818,0.0019232967344940623
2819,0.0019232928555995223
2820,0.0019232889732775631
2821,0.0019232850877478203
2822,0.0019232811992293845
2823,0.0019232773079402824
2824,0.0019232734140979969
2825,0.001923269517918947
2826,0.0019232656196187024
2827,0.0019232617194121207
2828,0.001923257817512935
2829,0.0019232539141339632
2830,0.0019232500094869675
2831,0.001923246103782666
2832,0.0019232421972309368
2833,0.0019232382900402965
2834,0.0019232343824185474
2835,0.0019232304745721107
2836,0.001923226566706235
2837,0.0019232226590251828
2838,0.001923218751731886
2839,0.0019232148450282814
2840,0.0019232109391149027
2841,0.0019232070341910835
2842,0.001923203130454762
2843,0.001923199228103106
2844,0.0019231953273314872
2845,0.001923191428334132
2846,0.0019231875313038766
2847,0.0019231836364322248
2848,0.001923179743909466
2849,0.0019231758539246004
2850,0.001923171966664805
2851,0.001923168082316199
2852,0.0019231642010633396
2853,0.0019231603230896763
2854,0.0019231564485767722
2855,0.0019231525777048716
2856,0.0019231487106530238
2857,0.0019231448475983905
2858,0.0019231409887168868
2859,0.0019231371341829283
2860,0.0019231332841693376
2861,0.0019231294388475772
2862,0.0019231255983872106
2863,0.0019231217629567313
2864,0.001923117932722901
2865,0.0019231141078507221
2866,0.0019231102885040225
2867,0.0019231064748447431
2868,0.0019231026670333898
2869,0.001923098865228714
2870,0.0019230950695882257
2871,0.0019230912802674887
2872,0.001923087497420704
2873,0.0019230837212004211
2874,0.001923079951757301
2875,0.0019230761892406081
2876,0.0019230724337979588
2877,0.0019230686855755052
2878,0.0019230649447174197
2879,0.0019230612113664593
2880,0.0019230574856638157
2881,0.0019230537677485287
2882,0.0019230500577586498
2883,0.0019230463558303455
2884,0.0019230426620977597
2885,0.001923038976693814
2886,0.0019230352997496609
2887,0.0019230316313944102
2888,0.001923027971756043
2889,0.0019230243209605105
2890,0.0019230206791321914
2891,0.0019230170463937634
2892,0.0019230134228660947
2893,0.001923009808668604
2894,0.001923006203918907
2895,0.0019230026087327418
2896,0.0019229990232243553
2897,0.001922995447506236
2898,0.0019229918816890338
2899,0.0019229883258819584
2900,0.0019229847801924334
2901,0.0019229812447260147
2902,0.00192297771958666
2903,0.001922974204876653
2904,0.0019229707006964264
2905,0.0019229672071448317
2906,0.0019229637243189835
2907,0.0019229602523141412
2908,0.001922956791223999
2909,0.0019229533411405132
2910,0.0019229499021540626
2911,0.0019229464743527591
2912,0.0019229430578236245
2913,0.001922939652651804
2914,0.0019229362589203108
2915,0.0019229328767109931
2916,0.001922929506103845
2917,0.0019229261471768973
2918,0.0019229228000066654
2919,0.0019229194646679763
2920,0.0019229161412337087
2921,0.0019229128297752404
2922,0.0019229095303624167
2923,0.0019229062430630671
2924,0.001922902967943208
2925,0.0019228997050674702
2926,0.001922896454498706
2927,0.001922893216297918
2928,0.0019228899905246468
2929,0.0019228867772366491
2930,0.0019228835764899441
2931,0.0019228803883388585
2932,0.0019228772128361963
2933,0.001922874050032946
2934,0.0019228708999784161
2935,0.0019228677627203931
2936,0.0019228646383048988
2937,0.0019228615267762315
2938,0.0019228584281771096
2939,0.0019228553425490059
2940,0.0019228522699310103
2941,0.001922849210361341
2942,0.0019228461638758786
2943,0.001922843130509391
2944,0.0019228401102950948
2945,0.001922837103264264
2946,0.0019228341094470079
2947,0.0019228311288713952
2948,0.0019228281615645884
2949,0.0019228252075514534
2950,0.0019228222668556565
2951,0.0019228193394995056
2952,0.001922816425503736
2953,0.0019228135248873105
2954,0.0019228106376679265
2955,0.001922807763861768
2956,0.0019228049034835217
2957,0.001922802056546616
2958,0.0019227992230627627
2959,0.00192279640304236
2960,0.0019227935964945837
2961,0.0019227908034269504
2962,0.0019227880238457747
2963,0.0019227852577558546
2964,0.0019227825051608524
2965,0.0019227797660629061
2966,0.001922777040463103
2967,0.001922774328361119
2968,0.0019227716297552737
2969,0.0019227689446428317
2970,0.0019227662730196052
2971,0.0019227636148804385
2972,0.0019227609702186623
2973,0.0019227583390268724
2974,0.0019227557212962612
2975,0.0019227531170168523
2976,0.0019227505261777374
2977,0.0019227479487668253
2978,0.0019227453847709983
2979,0.0019227428341760493
2980,0.0019227402969668466
2981,0.0019227377731272591
2982,0.0019227352626402859
2983,0.001922732765487758
2984,0.0019227302816507063
2985,0.0019227278111090852
2986,0.0019227253538424845
2987,0.0019227229098292195
2988,0.0019227204790471242
2989,0.00192271806147282
2990,0.0019227156570825509
2991,0.0019227132658517772
2992,0.0019227108877549704
2993,0.001922708522766131
2994,0.001922706170858649
2995,0.0019227038320051573
2996,0.0019227015061778392
2997,0.0019226991933481913
2998,0.001922696893487266
2999,0.0019226946065655827
3000,0.0019226923325530432
3001,0.0019226900714191478
3002,0.0019226878231330138
3003,0.0019226855876634775
3004,0.001922683364978715
3005,0.0019226811550467334
3006,0.0019226789578352958
3007,0.0019226767733115458
3008,0.0019226746014427264
3009,0.0019226724421955933
3010,0.0019226702955370007
3011,0.001922668161433155
3012,0.0019226660398504222
3013,0.0019226639307548872
3014,0.0019226618341128497
3015,0.0019226597498901092
3016,0.0019226576780527025
3017,0.001922655618566556
3018,0.0019226535713975145
3019,0.0019226515365117745
3020,0.0019226495138749272
3021,0.0019226475034533554
3022,0.0019226455052131274
3023,0.0019226435191206505
3024,0.0019226415451423504
3025,0.0019226395832448989
3026,0.0019226376333951036
3027,0.0019226356955600894
3028,0.0019226337697070932
3029,0.0019226318558037987
3030,0.0019226299538180074
3031,0.001922628063718105
3032,0.0019226261854725201
3033,0.001922624319050161
3034,0.0019226224644202732
3035,0.0019226206215525732
3036,0.0019226187904172022
3037,0.0019226169709841857
3038,0.0019226151632225884
3039,0.0019226133671041226
3040,0.0019226115826005787
3041,0.0019226098096842479
3042,0.0019226080483282521
3043,0.0019226062985061442
3044,0.0019226045601919086
3045,0.0019226028333602133
3046,0.0019226011179861524
3047,0.0019225994140454855
3048,0.0019225977215147176
3049,0.0019225960403710272
3050,0.001922594370591845
3051,0.001922592712155539
3052,0.0019225910650409635
3053,0.001922589429227868
3054,0.0019225878046964923
3055,0.0019225861914276357
3056,0.001922584589403241
3057,0.0019225829986054231
3058,0.0019225814190173974
3059,0.0019225798506227938
3060,0.0019225782934061731
3061,0.0019225767473526802
3062,0.001922575212448278
3063,0.0019225736886796165
3064,0.0019225721760339613
3065,0.0019225706744995987
3066,0.0019225691840652243
3067,0.0019225677047204864
3068,0.0019225662364556729
3069,0.0019225647792618407
3070,0.0019225633331308525
3071,0.0019225618980551079
3072,0.0019225604740279124
3073,0.0019225590610431977
3074,0.0019225576590955942
3075,0.0019225562681808395
3076,0.001922554888294717
3077,0.0019225535194343727
3078,0.0019225521615971405
3079,0.0019225508147813224
3080,0.0019225494789859555
3081,0.001922548154210672
3082,0.001922546840455757
3083,0.0019225455377221371
3084,0.0019225442460115351
3085,0.0019225429653262325
3086,0.0019225416956690554
3087,0.0019225404370436887
3088,0.0019225391894543654
3089,0.0019225379529058282
3090,0.001922536727403462
3091,0.0019225355129531567
3092,0.0019225343095615804
3093,0.0019225331172355524
3094,0.0019225319359830754
3095,0.001922530765812086
3096,0.0019225296067312927
3097,0.0019225284587498376
3098,0.0019225273218774184
3099,0.0019225261961240859
3100,0.0019225250815004637
3101,0.0019225239780175023
3102,0.001922522885686508
3103,0.0019225218045195722
3104,0.001922520734528609
3105,0.001922519675725992
3106,0.0019225186281250023
3107,0.0019225175917385335
3108,0.001922516566580233
3109,0.0019225155526636892
3110,0.0019225145500029637
3111,0.001922513558612429
3112,0.0019225125785066136
3113,0.0019225116097001253
3114,0.0019225106522080227
3115,0.0019225097060451867
3116,0.001922508771226725
3117,0.0019225078477680658
3118,0.0019225069356843434
3119,0.0019225060349913781
3120,0.0019225051457044818
3121,0.0019225042678391968
3122,0.0019225034014110777
3123,0.0019225025464357452
3124,0.0019225017029286136
3125,0.0019225008709051281
3126,0.0019225000503805489
3127,0.00192249924137018
3128,0.0019224984438892237
3129,0.001922497657952823
3130,0.001922496883575367
3131,0.0019224961207718308
3132,0.0019224953695566548
3133,0.0019224946299437543
3134,0.0019224939019472094
3135,0.0019224931855807384
3136,0.0019224924808576133
3137,0.0019224917877908344
3138,0.0019224911063930148
3139,0.0019224904366766356
3140,0.0019224897786535764
3141,0.0019224891323353147
3142,0.001922488497733074
3143,0.001922487874857577
3144,0.0019224872637189463
3145,0.0019224866643270937
3146,0.001922486076690969
3147,0.0019224855008194775
3148,0.00192248493672077
3149,0.0019224843844024863
3150,0.0019224838438717366
3151,0.0019224833151347885
3152,0.001922482798197605
3153,0.0019224822930654052
3154,0.001922481799742847
3155,0.0019224813182338674
3156,0.0019224808485417259
3157,0.001922480390668809
3158,0.0019224799446171882
3159,0.0019224795103879434
3160,0.0019224790879814138
3161,0.0019224786773974364
3162,0.0019224782786349589
3163,0.001922477891692104
3164,0.0019224775165661893
3165,0.0019224771532538852
3166,0.0019224768017510694
3167,0.0019224764620526286
3168,0.0019224761341527631
3169,0.001922475818044861
3170,0.0019224755137213494
3171,0.00192247522117414
3172,0.0019224749403937732
3173,0.0019224746713703317
3174,0.0019224744140928765
3175,0.001922474168549664
3176,0.0019224739347280958
3177,0.0019224737126145052
3178,0.0019224735021947366
3179,0.001922473303453194
3180,0.0019224731163739175
3181,0.0019224729409397109
3182,0.0019224727771326936
3183,0.0019224726249340849
3184,0.0019224724843240084
3185,0.0019224723552818265
3186,0.0019224722377860224
3187,0.0019224721318141832
3188,0.0019224720373430255
3189,0.0019224719543483389
3190,0.0019224718828049572
3191,0.0019224718226869121
3192,0.0019224717739673581
3193,0.0019224717366185847
3194,0.0019224717106119864
3195,0.0019224716959181424
3196,0.001922471692506756
3197,0.0019224717003463818
3198,0.0019224717194052708
3199,0.0019224717496505767
3200,0.0019224717910485173
3201,0.0019224718435646051
3202,0.0019224719071635143
3203,0.0019224719818090933
3204,0.001922472067464527
3205,0.0019224721640919416
3206,0.0019224722716529848
3207,0.001922472390108357
3208,0.0019224725194180706
3209,0.001922472659541297
3210,0.0019224728104365522
3211,0.0019224729720617453
3212,0.001922473144373758
3213,0.0019224733273292224
3214,0.0019224735208836202
3215,0.0019224737249921627
3216,0.0019224739396092535
3217,0.0019224741646883619
3218,0.00192247440018282
3219,0.0019224746460451577
3220,0.00192247490222707
3221,0.0019224751686798833
3222,0.0019224754453544969
3223,0.0019224757322009265
3224,0.0019224760291689429
3225,0.0019224763362074417
3226,0.001922476653265128
3227,0.0019224769802898857
3228,0.0019224773172293352
3229,0.0019224776640307912
3230,0.0019224780206408515
3231,0.001922478387005657
3232,0.0019224787630711276
3233,0.0019224791487825886
3234,0.001922479544084994
3235,0.0019224799489231113
3236,0.0019224803632411343
3237,0.0019224807869830114
3238,0.0019224812200922667
3239,0.0019224816625122124
3240,0.0019224821141859002
3241,0.001922482575056051
3242,0.0019224830450650498
3243,0.0019224835241549818
3244,0.001922484012268052
3245,0.0019224845093457445
3246,0.0019224850153296755
3247,0.001922485530161017
3248,0.0019224860537811158
3249,0.0019224865861308658
3250,0.0019224871271512215
3251,0.0019224876767827037
3252,0.0019224882349659336
3253,0.0019224888016415413
3254,0.0019224893767499226
3255,0.001922489960231324
3256,0.0019224905520261214
3257,0.0019224911520744573
3258,0.0019224917603385217
3259,0.0019224923767807993
3260,0.0019224930013413137
3261,0.001922493633960173
3262,0.0019224942745774214
3263,0.0019224949231332735
3264,0.0019224955795677141
3265,0.0019224962438210097
3266,0.0019224969158334994
3267,0.0019224975955453331
3268,0.0019224982828971904
3269,0.001922498977829274
3270,0.001922499680282654
3271,0.0019225003901979512
3272,0.0019225011075160153
3273,0.0019225018321779568
3274,0.0019225025641250492
3275,0.0019225033032987421
3276,0.0019225040496405764
3277,0.00192250480309231
3278,0.0019225055635959877
3279,0.001922506331093588
3280,0.001922507105527775
3281,0.0019225078868409943
3282,0.0019225086749762664
3283,0.0019225094698766497
3284,0.0019225102714855139
3285,0.0019225110797465212
3286,0.0019225118946034048
3287,0.0019225127160005968
3288,0.0019225135438823732
3289,0.001922514378193572
3290,0.001922515218879386
3291,0.001922516065884995
3292,0.0019225169191562368
3293,0.0019225177786390698
3294,0.001922518644279925
3295,0.001922519516025356
3296,0.0019225203938222776
3297,0.0019225212776182315
3298,0.0019225221673608809
3299,0.0019225230629981546
3300,0.0019225239644786102
3301,0.0019225248717510601
3302,0.001922525784764646
3303,0.0019225267034689974
3304,0.00192252762781387
3305,0.0019225285577497758
3306,0.001922529493227347
3307,0.0019225304341976069
3308,0.0019225313806121769
3309,0.0019225323324229089
3310,0.0019225332895820152
3311,0.0019225342520424148
3312,0.0019225352197570723
3313,0.001922536192679485
3314,0.0019225371707636701
3315,0.0019225381539639487
3316,0.0019225391422350588
3317,0.0019225401355322828
3318,0.0019225411338111584
3319,0.0019225421370278593
3320,0.001922543145138817
3321,0.0019225441581009256
3322,0.0019225451758715132
3323,0.0019225461984084423
3324,0.001922547225669765
3325,0.0019225482576141993
3326,0.0019225492942007204
3327,0.0019225503353889628
3328,0.0019225513811387132
3329,0.0019225524314103537
3330,0.0019225534861646073
3331,0.001922554545362796
3332,0.0019225556089665363
3333,0.0019225566769378833
3334,0.0019225577492393395
3335,0.001922558825833894
3336,0.0019225599066848725
3337,0.001922560991756069
3338,0.0019225620810115953
3339,0.0019225631744162488
3340,0.0019225642719349185
3341,0.0019225653735331725
3342,0.0019225664791768923
3343,0.0019225675888324453
3344,0.0019225687024663264
3345,0.0019225698200459175
3346,0.0019225709415386328
3347,0.0019225720669124985
3348,0.0019225731961357866
3349,0.0019225743291772857
3350,0.001922575466006137
3351,0.0019225766065918955
3352,0.0019225777509044638
3353,0.0019225788989141873
3354,0.0019225800505916543
3355,0.0019225812059081011
3356,0.0019225823648350386
3357,0.0019225835273441092
3358,0.0019225846934075761
3359,0.0019225858629981728
3360,0.0019225870360886636
3361,0.0019225882126523625
3362,0.001922589392662961
3363,0.0019225905760943997
3364,0.0019225917629211175
3365,0.0019225929531176834
3366,0.001922594146659141
3367,0.0019225953435208702
3368,0.0019225965436786908
3369,0.0019225977471084696
3370,0.0019225989537865272
3371,0.0019226001636894429
3372,0.0019226013767943276
3373,0.0019226025930783918
3374,0.0019226038125191639
3375,0.0019226050350944306
3376,0.001922606260782324
3377,0.0019226074895614491
3378,0.0019226087214103376
3379,0.0019226099563081204
3380,0.001922611194233912
3381,0.001922612435167173
3382,0.0019226136790877711
3383,0.001922614925975655
3384,0.0019226161758112556
3385,0.0019226174285749708
3386,0.0019226186842475621
3387,0.0019226199428099388
3388,0.0019226212042434928
3389,0.0019226224685295736
3390,0.001922623735649815
3391,0.0019226250055862037
3392,0.0019226262783207787
3393,0.0019226275538357317
3394,0.0019226288321136705
3395,0.0019226301131371399
3396,0.0019226313968891862
3397,0.0019226326833526608
3398,0.0019226339725108006
3399,0.0019226352643470445
3400,0.0019226365588448945
3401,0.00192263785598819
3402,0.0019226391557606783
3403,0.0019226404581464281
3404,0.0019226417631296067
3405,0.0019226430706945168
3406,0.00192264438082551
3407,0.0019226456935074016
3408,0.001922647008724777
3409,0.0019226483264622805
3410,0.0019226496467051044
3411,0.0019226509694382653
3412,0.0019226522946468505
3413,0.0019226536223161165
3414,0.0019226549524313853
3415,0.0019226562849781715
3416,0.001922657619942031
3417,0.0019226589573085589
3418,0.0019226602970634742
3419,0.0019226616391925576
3420,0.001922662983681751
3421,0.001922664330516833
3422,0.0019226656796838425
3423,0.0019226670311688412
3424,0.0019226683849577634
3425,0.0019226697410369032
3426,0.0019226710993924757
3427,0.0019226724600106087
3428,0.001922673822877728
3429,0.0019226751879800358
3430,0.0019226765553039585
3431,0.0019226779248356044
3432,0.0019226792965616067
3433,0.001922680670468407
3434,0.0019226820465421907
3435,0.0019226834247695489
3436,0.0019226848051368478
3437,0.0019226861876305763
3438,0.0019226875722371428
3439,0.0019226889589429703
3440,0.0019226903477344071
3441,0.0019226917385982048
3442,0.0019226931315204359
3443,0.001922694526487683
3444,0.00192269592348624
3445,0.0019226973225024843
3446,0.0019226987235226958
3447,0.0019227001265331998
3448,0.0019227015315203357
3449,0.0019227029384702263
3450,0.0019227043473690486
3451,0.001922705758203021
3452,0.0019227071709581203
3453,0.0019227085856205965
3454,0.0019227100021763032
3455,0.001922711420611224
3456,0.0019227128409112606
3457,0.0019227142630623153
3458,0.0019227156870500555
3459,0.0019227171128602383
3460,0.001922718540478428
3461,0.0019227199698903488
3462,0.00192272140108133
3463,0.0019227228340368756
3464,0.0019227242687422242
3465,0.0019227257051828135
3466,0.0019227271433437144
3467,0.0019227285832099426
3468,0.0019227300247666496
3469,0.0019227314679986284
3470,0.0019227329128907304
3471,0.0019227343594277106
3472,0.00192273580759413
3473,0.0019227372573744383
3474,0.0019227387087530712
3475,0.0019227401617143986
3476,0.0019227416162426465
3477,0.0019227430723218475
3478,0.0019227445299359197
3479,0.0019227459890687557
3480,0.0019227474497039562
3481,0.0019227489118252882
3482,0.001922750375416293
3483,0.0019227518404601749
3484,0.0019227533069401776
3485,0.0019227547748394593
3486,0.0019227562441409775
3487,0.0019227577148276294
3488,0.0019227591868820238
3489,0.0019227606602866866
3490,0.0019227621350242138
3491,0.0019227636110767693
3492,0.001922765088426444
3493,0.00192276656705526
3494,0.0019227680469451035
3495,0.0019227695280775575
3496,0.0019227710104343008
3497,0.001922772493996576
3498,0.0019227739787457438
3499,0.001922775464662743
3500,0.0019227769517286366
3501,0.0019227784399239306
3502,0.0019227799292293787
3503,0.001922781419625385
3504,0.001922782911092254
3505,0.001922784403609975
3506,0.0019227858971586213
3507,0.0019227873917177913
3508,0.0019227888872671059
3509,0.0019227903837860188
3510,0.0019227918812537304
3511,0.0019227933796493407
3512,0.001922794878951663
3513,0.0019227963791395946
3514,0.0019227978801914047
3515,0.0019227993820856793
3516,0.001922800884800485
3517,0.0019228023883138686
3518,0.0019228038926037679
3519,0.001922805397647652
3520,0.0019228069034231514
3521,0.0019228084099073995
3522,0.0019228099170776692
3523,0.0019228114249108376
3524,0.0019228129333836088
3525,0.0019228144424726368
3526,0.001922815952154341
3527,0.0019228174624047333
3528,0.0019228189732001305
3529,0.001922820484516254
3530,0.001922821996328771
3531,0.0019228235086131806
3532,0.0019228250213448985
3533,0.0019228265344989387
3534,0.0019228280480503598
3535,0.0019228295619741088
3536,0.001922831076244655
3537,0.001922832590836522
3538,0.001922834105724
3539,0.0019228356208812589
3540,0.0019228371362822563
3541,0.0019228386519007778
3542,0.0019228401677105036
3543,0.0019228416836849225
3544,0.0019228431997973465
3545,0.0019228447160209387
3546,0.0019228462323287834
3547,0.0019228477486937306
3548,0.001922849265088572
3549,0.0019228507814857598
3550,0.0019228522978579161
3551,0.0019228538141771413
3552,0.0019228553304157718
3553,0.0019228568465457763
3554,0.0019228583625391078
3555,0.0019228598783675758
3556,0.0019228613940027964
3557,0.0019228629094162632
3558,0.0019228644245795831
3559,0.0019228659394638985
3560,0.0019228674540407397
3561,0.0019228689682809152
3562,0.0019228704821554823
3563,0.0019228719956354769
3564,0.0019228735086916887
3565,0.0019228750212948913
3566,0.0019228765334158193
3567,0.0019228780450250092
3568,0.0019228795560929765
3569,0.0019228810665903836
3570,0.0019228825764874041
3571,0.0019228840857544124
3572,0.0019228855943619013
3573,0.0019228871022800766
3574,0.001922888609479057
3575,0.0019228901159290947
3576,0.001922891621600363
3577,0.0019228931264629726
3578,0.0019228946304871671
3579,0.0019228961336428855
3580,0.0019228976359003567
3581,0.0019228991372296396
3582,0.0019229006376008844
3583,0.001922902136984285
3584,0.0019229036353498891
3585,0.00192290513266794
3586,0.0019229066289085499
3587,0.0019229081240421067
3588,0.001922909618038785
3589,0.0019229111108689592
3590,0.0019229126025029487
3591,0.0019229140929113012
3592,0.0019229155820644358
3593,0.0019229170699329968
3594,0.001922918556487592
3595,0.001922920041688477
3596,0.00192292152549923
3597,0.0019229230078909548
3598,0.0019229244888348124
3599,0.0019229259683020163
3600,0.0019229274462639755
3601,0.0019229289226920748
3602,0.0019229303975580201
3603,0.0019229318708335367
3604,0.001922933342490408
3605,0.0019229348125007406
3606,0.0019229362808368176
3607,0.0019229377474708157
3608,0.0019229392123752596
3609,0.0019229406755228533
3610,0.0019229421368864266
3611,0.0019229435964389235
3612,0.0019229450541534937
3613,0.001922946510003581
3614,0.0019229479639627106
3615,0.0019229494160047092
3616,0.001922950866103419
3617,0.0019229523142332801
3618,0.0019229537603683267
3619,0.0019229552044833496
3620,0.0019229566465530671
3621,0.0019229580865527053
3622,0.0019229595244573646
3623,0.0019229609602426341
3624,0.0019229623938842213
3625,0.0019229638253581381
3626,0.0019229652546405211
3627,0.0019229666817080218
3628,0.0019229681065371105
3629,0.0019229695291050682
3630,0.0019229709493889472
3631,0.001922972367366298
3632,0.0019229737830149096
3633,0.001922975196312794
3634,0.0019229766072382923
3635,0.001922978015769896
3636,0.0019229794218865674
3637,0.001922980825567463
3638,0.001922982226791913
3639,0.0019229836255396484
3640,0.0019229850217906345
3641,0.0019229864155251434
3642,0.001922987806723688
3643,0.0019229891953671224
3644,0.0019229905814367148
3645,0.0019229919649138099
3646,0.0019229933457801226
3647,0.00192299472401763
3648,0.0019229960996087149
3649,0.0019229974725359362
3650,0.001922998842782248
3651,0.0019230002103307465
3652,0.0019230015751650364
3653,0.001923002937268716
3654,0.0019230042966261066
3655,0.0019230056532214771
3656,0.0019230070070394207
3657,0.0019230083580650424
3658,0.0019230097062836319
3659,0.0019230110516807188
3660,0.0019230123942421786
3661,0.0019230137339541443
3662,0.0019230150708031749
3663,0.001923016404775967
3664,0.0019230177358595332
3665,0.0019230190640411803
3666,0.0019230203893086655
3667,0.0019230217116499133
3668,0.0019230230310530447
3669,0.001923024347506517
3670,0.0019230256609993027
3671,0.0019230269715204294
3672,0.0019230282790590706
3673,0.0019230295836050663
3674,0.0019230308851482304
3675,0.001923032183678754
3676,0.001923033479187174
3677,0.0019230347716643953
3678,0.0019230360611010812
3679,0.0019230373474887902
3680,0.0019230386308190899
3681,0.0019230399110837652
3682,0.0019230411882748617
3683,0.0019230424623849244
3684,0.0019230437334065062
3685,0.0019230450013325454
3686,0.0019230462661560712
3687,0.0019230475278706372
3688,0.0019230487864699752
3689,0.001923050041947843
3690,0.0019230512942986144
3691,0.001923052543516639
3692,0.0019230537895966265
3693,0.001923055032533518
3694,0.0019230562723223986
3695,0.0019230575089587262
3696,0.0019230587424382164
3697,0.0019230599727567492
3698,0.0019230611999104474
3699,0.0019230624238958018
3700,0.001923063644709359
3701,0.0019230648623479762
3702,0.0019230660768087143
3703,0.0019230672880889007
3704,0.001923068496186123
3705,0.0019230697010980706
3706,0.0019230709028228352
3707,0.0019230721013585776
3708,0.001923073296703712
3709,0.0019230744888569847
3710,0.0019230756778172218
3711,0.0019230768635835139
3712,0.0019230780461552564
3713,0.0019230792255319903
3714,0.0019230804017133633
3715,0.0019230815746993498
3716,0.0019230827444902815
3717,0.0019230839110864204
3718,0.0019230850744883276
3719,0.0019230862346969668
3720,0.001923087391713255
3721,0.0019230885455385038
3722,0.0019230896961740596
3723,0.0019230908436216007
3724,0.0019230919878830907
3725,0.0019230931289605404
3726,0.001923094266856156
3727,0.0019230954015724414
3728,0.0019230965331121295
3729,0.0019230976614781376
3730,0.0019230987866734708
3731,0.001923099908701454
3732,0.0019231010275656394
3733,0.00192310214326976
3734,0.0019231032558177036
3735,0.0019231043652134904
3736,0.0019231054714615695
3737,0.0019231065745663998
3738,0.0019231076745327195
3739,0.0019231087713655708
3740,0.0019231098650699925
3741,0.001923110955651396
3742,0.001923112043115276
3743,0.0019231131274674298
3744,0.0019231142087137918
3745,0.001923115286860604
3746,0.0019231163619142931
3747,0.001923117433881319
3748,0.0019231185027686257
3749,0.0019231195685830637
3750,0.0019231206313319637
3751,0.0019231216910228905
3752,0.0019231227476632063
3753,0.0019231238012609167
3754,0.0019231248518240369
3755,0.0019231258993609108
3756,0.001923126943880014
3757,0.0019231279853901707
3758,0.001923129023900127
3759,0.0019231300594190629
3760,0.0019231310919563304
3761,0.0019231321215215425
3762,0.001923133148124446
3763,0.0019231341717750414
3764,0.0019231351924834928
3765,0.0019231362102605021
3766,0.0019231372251166349
3767,0.0019231382370626365
3768,0.001923139246109747
3769,0.0019231402522693214
3770,0.001923141255552825
3771,0.001923142255972188
3772,0.001923143253539313
3773,0.001923144248266465
3774,0.0019231452401659813
3775,0.0019231462292507789
3776,0.001923147215533595
3777,0.0019231481990276173
3778,0.0019231491797462301
3779,0.0019231501577030034
3780,0.0019231511329117876
3781,0.0019231521053867254
3782,0.0019231530751420626
3783,0.0019231540421922387
3784,0.0019231550065520794
3785,0.0019231559682364842
3786,0.0019231569272607776
3787,0.001923157883640298
3788,0.0019231588373907137
3789,0.0019231597885279903
3790,0.0019231607370683052
3791,0.0019231616830279433
3792,0.001923162626423547
3793,0.001923163567271936
3794,0.0019231645055901117
3795,0.0019231654413954151
3796,0.0019231663747053074
3797,0.0019231673055376487
3798,0.0019231682339103085
3799,0.0019231691598415133
3800,0.0019231700833497272
3801,0.001923171004453596
3802,0.0019231719231719744
3803,0.0019231728395239763
3804,0.001923173753528935
3805,0.0019231746652064678
3806,0.0019231755745762837
3807,0.0019231764816583926
3808,0.0019231773864730251
3809,0.0019231782890406135
3810,0.0019231791893818382
3811,0.00192318008751752
3812,0.0019231809834687778
3813,0.0019231818772569562
3814,0.0019231827689035288
3815,0.0019231836584301717
3816,0.0019231845458588578
3817,0.0019231854312116805
3818,0.001923186314511013
3819,0.0019231871957794712
3820,0.001923188075039762
3821,0.0019231889523147394
3822,0.0019231898276277086
3823,0.0019231907010018778
3824,0.001923191572460857
3825,0.001923192442028218
3826,0.001923193309727962
3827,0.001923194175584189
3828,0.0019231950396211455
3829,0.0019231959018632151
3830,0.0019231967623350732
3831,0.0019231976210615674
3832,0.0019231984780676548
3833,0.0019231993333783605
3834,0.001923200187019044
3835,0.0019232010390152219
3836,0.00192320188939244
3837,0.0019232027381764938
3838,0.001923203585393393
3839,0.0019232044310691302
3840,0.0019232052752300355
3841,0.0019232061179023869
3842,0.001923206959112602
3843,0.0019232077988874765
3844,0.0019232086372538183
3845,0.0019232094742384564
3846,0.0019232103098684298
3847,0.001923211144171007
3848,0.0019232119771732635
3849,0.0019232128089026774
3850,0.0019232136393867838
3851,0.0019232144686532036
3852,0.0019232152967295477
3853,0.001923216123643838
3854,0.0019232169494237121
3855,0.001923217774097369
3856,0.0019232185976928281
3857,0.0019232194202383707
3858,0.0019232202417620772
3859,0.0019232210622923665
3860,0.0019232218818577653
3861,0.0019232227004864744
3862,0.0019232235182072555
3863,0.001923224335048662
3864,0.001923225151039351
3865,0.0019232259662079912
3866,0.0019232267805834214
3867,0.0019232275941944595
3868,0.001923228407069958
3869,0.001923229219238676
3870,0.0019232300307296835
3871,0.001923230841571919
3872,0.001923231651794388
3873,0.0019232324614259827
3874,0.0019232332704957956
3875,0.0019232340790328515
3876,0.0019232348870662484
3877,0.0019232356946249948
3878,0.0019232365017381673
3879,0.001923237308434843
3880,0.0019232381147440082
3881,0.001923238920694728
3882,0.001923239726316164
3883,0.0019232405316372111
3884,0.0019232413366868973
3885,0.0019232421414942477
3886,0.001923242946088262
3887,0.0019232437504976786
3888,0.0019232445547516604
3889,0.0019232453588788798
3890,0.001923246162908168
3891,0.001923246966868404
3892,0.001923247770788251
3893,0.0019232485746964408
3894,0.0019232493786214403
3895,0.0019232501825919637
3896,0.0019232509866365017
3897,0.0019232517907834977
3898,0.0019232525950613325
3899,0.001923253399498327
3900,0.0019232542041226547
3901,0.001923255008962685
3902,0.0019232558140463048
3903,0.0019232566194017475
3904,0.0019232574250568537
3905,0.0019232582310394141
3906,0.0019232590373772132
3907,0.0019232598440980188
3908,0.00192326065122926
3909,0.0019232614587985056
3910,0.0019232622668332124
3911,0.0019232630753605465
3912,0.001923263884407832
3913,0.0019232646940020711
3914,0.0019232655041702409
3915,0.0019232663149391545
3916,0.0019232671263356945
3917,0.0019232679383864347
3918,0.0019232687511178779
3919,0.0019232695645565398
3920,0.001923270378728515
3921,0.0019232711936602324
3922,0.001923272009377543
3923,0.0019232728259065003
3924,0.0019232736432728652
3925,0.0019232744615022643
3926,0.001923275280620342
3927,0.0019232761006524176
3928,0.0019232769216238218
3929,0.0019232777435596526
3930,0.0019232785664850737
3931,0.0019232793904249233
3932,0.0019232802154039023
3933,0.0019232810414465571
3934,0.0019232818685774719
3935,0.0019232826968208587
3936,0.00192328352620096
3937,0.0019232843567418907
3938,0.0019232851884673904
3939,0.0019232860214013858
3940,0.0019232868555673786
3941,0.0019232876909889244
3942,0.0019232885276892766
3943,0.0019232893656915123
3944,0.0019232902050188288
3945,0.001923291045693928
3946,0.001923291887739621
3947,0.0019232927311785344
3948,0.0019232935760329945
3949,0.001923294422325326
3950,0.0019232952700776753
3951,0.0019232961193118643
3952,0.001923296970049754
3953,0.0019232978223129844
3954,0.001923298676123275
3955,0.0019232995315016095
3956,0.0019233003884693836
3957,0.0019233012470476337
3958,0.0019233021072572439
3959,0.0019233029691189253
3960,0.0019233038326531904
3961,0.0019233046978805845
3962,0.0019233055648212555
3963,0.0019233064334952547
3964,0.00192330730392265
3965,0.0019233081761230546
3966,0.0019233090501162714
3967,0.0019233099259217228
3968,0.0019233108035587147
3969,0.0019233116830464263
3970,0.0019233125644038084
3971,0.0019233134476497108
3972,0.0019233143328028952
3973,0.001923315219881742
3974,0.0019233161089047737
3975,0.001923316999890146
3976,0.0019233178928558764
3977,0.0019233187878198844
3978,0.0019233196847998574
3979,0.0019233205838135533
3980,0.0019233214848782502
3981,0.0019233223880113076
3982,0.001923323293229847
3983,0.0019233242005507205
3984,0.001923325109990766
3985,0.001923326021566725
3986,0.0019233269352949623
3987,0.0019233278511918595
3988,0.0019233287692736385
3989,0.0019233296895562716
3990,0.0019233306120556128
3991,0.0019233315367873276
3992,0.0019233324637670437
3993,0.0019233333930101972
3994,0.0019233343245319558
3995,0.0019233352583473784
3996,0.0019233361944715032
3997,0.0019233371329189057
3998,0.0019233380737044884
3999,0.001923339016842556
4000,0.0019233399623473145
4001,0.001923340910233159
4002,0.0019233418605139059
4003,0.001923342813203475
4004,0.001923343768315574
4005,0.001923344725863659
4006,0.0019233456858611714
4007,0.0019233466483213185
4008,0.0019233476132571876
4009,0.0019233485806817129
4010,0.0019233495506076647
4011,0.001923350523047513
4012,0.0019233514980139868
4013,0.0019233524755191249
4014,0.0019233534555752466
4015,0.0019233544381942252
4016,0.0019233554233879986
4017,0.0019233564111681772
4018,0.001923357401546321
4019,0.0019233583945338732
4020,0.0019233593901419814
4021,0.0019233603883816964
4022,0.0019233613892640107
4023,0.0019233623927996137
4024,0.001923363398999187
4025,0.0019233644078731535
4026,0.0019233654194317658
4027,0.0019233664336851862
4028,0.0019233674506434213
4029,0.0019233684703162937
4030,0.001923369492713521
4031,0.0019233705178445186
4032,0.0019233715457187474
4033,0.0019233725763453907
4034,0.0019233736097335182
4035,0.001923374645891924
4036,0.001923375684829563
4037,0.0019233767265548402
4038,0.0019233777710762642
4039,0.0019233788184020656
4040,0.001923379868540419
4041,0.0019233809214991987
4042,0.0019233819772862873
4043,0.0019233830359092466
4044,0.001923384097375632
4045,0.0019233851616927936
4046,0.0019233862288678696
4047,0.001923387298907941
4048,0.0019233883718198076
4049,0.0019233894476100848
4050,0.0019233905262853333
4051,0.0019233916078520172
4052,0.0019233926923162745
4053,0.0019233937796841977
4054,0.0019233948699617237
4055,0.0019233959631545117
4056,0.0019233970592680743
4057,0.0019233981583079403
4058,0.001923399260279381
4059,0.0019234003651874309
4060,0.0019234014730369915
4061,0.0019234025838328814
4062,0.0019234036975795837
4063,0.0019234048142816734
4064,0.0019234059339434738
4065,0.001923407056568834
4066,0.0019234081821619176
4067,0.0019234093107263516
4068,0.0019234104422658715
4069,0.0019234115767839133
4070,0.0019234127142837248
4071,0.0019234138547685419
4072,0.0019234149982412373
4073,0.0019234161447043913
4074,0.0019234172941609078
4075,0.0019234184466131636
4076,0.001923419602063434
4077,0.0019234207605137504
4078,0.0019234219219662254
4079,0.0019234230864224662
4080,0.001923424253884152
4081,0.0019234254243527937
4082,0.0019234265978296142
4083,0.001923427774315727
4084,0.0019234289538121443
4085,0.0019234301363195158
4086,0.0019234313218384688
4087,0.0019234325103695243
4088,0.0019234337019127955
4089,0.001923434896468549
4090,0.0019234360940365398
4091,0.0019234372946166432
4092,0.0019234384982082585
4093,0.0019234397048109627
4094,0.0019234409144239062
4095,0.0019234421270461672
4096,0.0019234433426766518
4097,0.001923444561314073
4098,0.001923445782956956
4099,0.0019234470076038206
4100,0.001923448235252783
4101,0.0019234494659018462
4102,0.001923450699548877
4103,0.001923451936191586
4104,0.00192345317582746
4105,0.001923454418453904
4106,0.0019234556640680774
4107,0.001923456912667
4108,0.001923458164247504
4109,0.0019234594188062358
4110,0.001923460676339741
4111,0.001923461936844338
4112,0.0019234632003161986
4113,0.0019234644667513018
4114,0.001923465736145393
4115,0.001923467008494224
4116,0.0019234682837931895
4117,0.0019234695620376774
4118,0.0019234708432227052
4119,0.0019234721273433458
4120,0.0019234734143943977
4121,0.0019234747043704523
4122,0.0019234759972659979
4123,0.0019234772930752642
4124,0.0019234785917924832
4125,0.0019234798934116394
4126,0.0019234811979265127
4127,0.0019234825053307315
4128,0.0019234838156176807
4129,0.001923485128780786
4130,0.0019234864448131406
4131,0.0019234877637077576
4132,0.0019234890854573877
4133,0.001923490410054782
4134,0.0019234917374923671
4135,0.0019234930677625988
4136,0.0019234944008574958
4137,0.0019234957367691918
4138,0.0019234970754894677
4139,0.0019234984170100587
4140,0.0019234997613225143
4141,0.0019235011084182791
4142,0.0019235024582885108
4143,0.0019235038109242713
4144,0.0019235051663165433
4145,0.0019235065244561007
4146,0.0019235078853335394
4147,0.0019235092489393276
4148,0.0019235106152637616
4149,0.0019235119842970227
4150,0.001923513356029237
4151,0.0019235147304501184
4152,0.001923516107549572
4153,0.001923517487317055
4154,0.0019235188697420732
4155,0.0019235202548138635
4156,0.0019235216425216388
4157,0.0019235230328543643
4158,0.0019235244258009616
4159,0.0019235258213501452
4160,0.0019235272194904614
4161,0.0019235286202103974
4162,0.0019235300234983444
4163,0.0019235314293424431
4164,0.0019235328377307848
4165,0.0019235342486512627
4166,0.001923535662091638
4167,0.0019235370780395756
4168,0.0019235384964826525
4169,0.00192353991740828
4170,0.0019235413408038135
4171,0.001923542766656301
4172,0.0019235441949528652
4173,0.001923545625680269
4174,0.0019235470588255027
4175,0.0019235484943751898
4176,0.0019235499323157247
4177,0.0019235513726338015
4178,0.0019235528153155408
4179,0.001923554260347212
4180,0.0019235557077149767
4181,0.0019235571574047468
4182,0.0019235586094023798
4183,0.0019235600636936952
4184,0.0019235615202641062
4185,0.0019235629790985969
4186,0.0019235644401826451
4187,0.001923565903501569
4188,0.0019235673690405433
4189,0.0019235688367848875
4190,0.0019235703067196266
4191,0.0019235717788296525
4192,0.001923573253099839
4193,0.0019235747295150007
4194,0.0019235762080598057
4195,0.0019235776887187833
4196,0.0019235791714764642
4197,0.0019235806563171313
4198,0.0019235821432252581
4199,0.001923583632184946
4200,0.0019235851231803878
4201,0.0019235866161955281
4202,0.0019235881112143558
4203,0.0019235896082207965
4204,0.001923591107198643
4205,0.00192359260813164
4206,0.001923594111003287
4207,0.0019235956157973178
4208,0.0019235971224971632
4209,0.0019235986310860756
4210,0.0019236001415475555
4211,0.0019236016538648263
4212,0.0019236031680210583
4213,0.001923604683999354
4214,0.0019236062017827244
4215,0.0019236077213542887
4216,0.001923609242696824
4217,0.0019236107657932004
4218,0.0019236122906262894
4219,0.0019236138171787635
4220,0.0019236153454332005
4221,0.001923616875372287
4222,0.0019236184069784301
4223,0.0019236199402342135
4224,0.0019236214751220887
4225,0.001923623011624414
4226,0.0019236245497234181
4227,0.0019236260894014401
4228,0.001923627630640577
4229,0.0019236291734231127
4230,0.0019236307177310057
4231,0.0019236322635463581
4232,0.0019236338108512263
4233,0.00192363535962752
4234,0.0019236369098570361
4235,0.0019236384615218404
4236,0.0019236400146035342
4237,0.001923641569084016
4238,0.0019236431249449995
4239,0.0019236446821681793
4240,0.0019236462407351143
4241,0.001923647800627377
4242,0.0019236493618265851
4243,0.0019236509243142652
4244,0.0019236524880719033
4245,0.0019236540530809545
4246,0.001923655619322791
4247,0.0019236571867787234
4248,0.0019236587554302543
4249,0.0019236603252585115
4250,0.001923661896244919
4251,0.0019236634683706367
4252,0.0019236650416169043
4253,0.0019236666159648062
4254,0.0019236681913956217
4255,0.001923669767890331
4256,0.0019236713454301164
4257,0.0019236729239960107
4258,0.001923674503569128
4259,0.0019236760841303024
4260,0.0019236776656606045
4261,0.0019236792481410192
4262,0.0019236808315525127
4263,0.0019236824158758413
4264,0.0019236840010921164
4265,0.0019236855871819767
4266,0.0019236871741263742
4267,0.0019236887619061105
4268,0.0019236903505020044
4269,0.0019236919398947891
4270,0.0019236935300652798
4271,0.0019236951209941208
4272,0.001923696712662132
4273,0.001923698305049953
4274,0.0019236998981383953
4275,0.001923701491908023
4276,0.0019237030863394938
4277,0.001923704681413476
4278,0.0019237062771106223
4279,0.0019237078734115037
4280,0.0019237094702967068
4281,0.0019237110677468394
4282,0.0019237126657424268
4283,0.0019237142642641795
4284,0.001923715863292591
4285,0.0019237174628080553
4286,0.001923719062791296
4287,0.0019237206632226897
4288,0.0019237222640828414
4289,0.0019237238653521927
4290,0.0019237254670112626
4291,0.0019237270690405214
4292,0.0019237286714204652
4293,0.0019237302741316445
4294,0.0019237318771543528
4295,0.0019237334804686182
4296,0.001923735084054084
4297,0.0019237366878912495
4298,0.0019237382919605954
4299,0.0019237398962425635
4300,0.0019237415007175062
4301,0.0019237431053658741
4302,0.001923744710168236
4303,0.001923746315104747
4304,0.0019237479201560817
4305,0.0019237495253025534
4306,0.0019237511305246564
4307,0.001923752735802744
4308,0.0019237543411173845
4309,0.00192375594644889
4310,0.001923757551777761
4311,0.001923759157084422
4312,0.0019237607623493415
4313,0.0019237623675529432
4314,0.001923763972675595
4315,0.0019237655776979602
4316,0.0019237671826004017
4317,0.0019237687873634283
4318,0.0019237703919675047
4319,0.0019237719963930968
4320,0.0019237736006207898
4321,0.0019237752046309972
4322,0.001923776808404379
4323,0.0019237784119213838
4324,0.0019237800151626066
4325,0.0019237816181085618
4326,0.0019237832207398596
4327,0.0019237848230370521
4328,0.0019237864249807587
4329,0.0019237880265516821
4330,0.00192378962773041
4331,0.0019237912284975648
4332,0.0019237928288338914
4333,0.0019237944287201123
4334,0.001923796028136861
4335,0.001923797627064909
4336,0.0019237992254849965
4337,0.001923800823377925
4338,0.0019238024207245668
4339,0.0019238040175056704
4340,0.0019238056137020573
4341,0.0019238072092897494
4342,0.0019238088042480915
4343,0.0019238103985579952
4344,0.0019238119922005486
4345,0.0019238135851567075
4346,0.0019238151774075695
4347,0.0019238167689341252
4348,0.0019238183597175369
4349,0.001923819949739031
4350,0.0019238215389796424
4351,0.001923823127420727
4352,0.0019238247150434238
4353,0.0019238263018290206
4354,0.0019238278877589284
4355,0.0019238294728144729
4356,0.001923831056977049
4357,0.0019238326402280961
4358,0.0019238342225492014
4359,0.0019238358039218254
4360,0.0019238373843275523
4361,0.0019238389637480635
4362,0.001923840542164955
4363,0.0019238421195600522
4364,0.0019238436959150976
4365,0.001923845271211792
4366,0.001923846845432165
4367,0.0019238484185580868
4368,0.0019238499905714472
4369,0.0019238515614544646
4370,0.001923853131189132
4371,0.0019238546997575976
4372,0.0019238562671420121
4373,0.0019238578333247499
4374,0.001923859398288036
4375,0.0019238609620144133
4376,0.0019238625244861892
4377,0.0019238640856859628
4378,0.0019238656455962953
4379,0.001923867204199809
4380,0.0019238687614792388
4381,0.0019238703174172401
4382,0.0019238718719968282
4383,0.0019238734252008229
4384,0.001923874977012296
4385,0.0019238765274142708
4386,0.0019238780763899588
4387,0.0019238796239224364
4388,0.0019238811699950563
4389,0.0019238827145912154
4390,0.0019238842576943225
4391,0.0019238857992879463
4392,0.001923887339355709
4393,0.0019238888778811514
4394,0.0019238904148481447
4395,0.0019238919502406473
4396,0.001923893484042417
4397,0.0019238950162376726
4398,0.001923896546810297
4399,0.0019238980757446103
4400,0.0019238996030249513
4401,0.001923901128635666
4402,0.0019239026525611092
4403,0.0019239041747860428
4404,0.0019239056952949384
4405,0.0019239072140727752
4406,0.001923908731104142
4407,0.0019239102463740696
4408,0.0019239117598676002
4409,0.001923913271569948
4410,0.0019239147814662466
4411,0.001923916289541819
4412,0.0019239177957821733
4413,0.001923919300172877
4414,0.00192392080269941
4415,0.001923922303347743
4416,0.0019239238021035202
4417,0.0019239252989528119
4418,0.001923926793881578
4419,0.0019239282868759922
4420,0.0019239297779223682
4421,0.0019239312670070467
4422,0.0019239327541165589
4423,0.0019239342392374226
4424,0.0019239357223564068
4425,0.0019239372034603275
4426,0.0019239386825361283
4427,0.0019239401595708497
4428,0.0019239416345515513
4429,0.0019239431074654918
4430,0.00192394457830012
4431,0.001923946047042932
4432,0.001923947513681511
4433,0.0019239489782035247
4434,0.0019239504405969084
4435,0.0019239519008494928
4436,0.001923953358949488
4437,0.0019239548148850512
4438,0.0019239562686443861
4439,0.0019239577202160474
4440,0.0019239591695884154
4441,0.0019239606167502695
4442,0.0019239620616903297
4443,0.0019239635043975265
4444,0.0019239649448608404
4445,0.0019239663830694998
4446,0.0019239678190126194
4447,0.0019239692526796246
4448,0.0019239706840600704
4449,0.001923972113143547
4450,0.0019239735399198292
4451,0.0019239749643786908
4452,0.0019239763865101331
4453,0.0019239778063043086
4454,0.0019239792237514353
4455,0.001923980638841761
4456,0.0019239820515658495
4457,0.0019239834619142562
4458,0.0019239848698776566
4459,0.0019239862754469076
4460,0.0019239876786129588
4461,0.0019239890793669703
4462,0.0019239904777000423
4463,0.0019239918736035846
4464,0.0019239932670688548
4465,0.0019239946580874656
4466,0.0019239960466511657
4467,0.0019239974327517906
4468,0.0019239988163810668
4469,0.0019240001975311953
4470,0.0019240015761942588
4471,0.0019240029523626297
4472,0.0019240043260286173
4473,0.001924005697184733
4474,0.0019240070658237073
4475,0.0019240084319381988
4476,0.0019240097955211817
4477,0.0019240111565654672
4478,0.0019240125150643292
4479,0.0019240138710108774
4480,0.0019240152243985187
4481,0.0019240165752206343
4482,0.0019240179234709077
4483,0.0019240192691429756
4484,0.001924020612230643
4485,0.0019240219527277913
4486,0.0019240232906284867
4487,0.0019240246259268842
4488,0.001924025958617196
4489,0.0019240272886937948
4490,0.0019240286161512571
4491,0.0019240299409840475
4492,0.001924031263186919
4493,0.0019240325827546536
4494,0.0019240338996822574
4495,0.0019240352139646834
4496,0.0019240365255970657
4497,0.0019240378345746446
4498,0.0019240391408927983
4499,0.001924040444546992
4500,0.0019240417455327677
4501,0.0019240430438458172
4502,0.0019240443394819215
4503,0.0019240456324370312
4504,0.0019240469227069339
4505,0.001924048210287742
4506,0.0019240494951757183
4507,0.001924050777367147
4508,0.001924052056858391
4509,0.0019240533336458852
4510,0.0019240546077262607
4511,0.001924055879096023
4512,0.0019240571477522233
4513,0.0019240584136915343
4514,0.00192405967691094
4515,0.0019240609374075342
4516,0.0019240621951784507
4517,0.001924063450220876
4518,0.001924064702532121
4519,0.0019240659521096517
4520,0.0019240671989509764
4521,0.0019240684430536714
4522,0.0019240696844155189
4523,0.0019240709230341263
4524,0.0019240721589074234
4525,0.0019240733920333501
4526,0.0019240746224098604
4527,0.0019240758500351906
4528,0.0019240770749074127
4529,0.0019240782970247963
4530,0.0019240795163856688
4531,0.001924080732988578
4532,0.0019240819468319288
4533,0.0019240831579142668
4534,0.0019240843662342861
4535,0.0019240855717907214
4536,0.0019240867745823566
4537,0.0019240879746081152
4538,0.0019240891718669065
4539,0.0019240903663577274
4540,0.0019240915580796957
4541,0.0019240927470319264
4542,0.0019240939332136168
4543,0.0019240951166240548
4544,0.0019240962972626183
4545,0.0019240974751287994
4546,0.0019240986502219247
4547,0.0019240998225415733
4548,0.0019241009920874348
4549,0.0019241021588591075
4550,0.0019241033228562243
4551,0.001924104484078684
4552,0.0019241056425262659
4553,0.0019241067981988528
4554,0.001924107951096396
4555,0.0019241091012188614
4556,0.0019241102485662472
4557,0.001924111393138709
4558,0.0019241125349363497
4559,0.0019241136739594083
4560,0.001924114810208116
4561,0.0019241159436827005
4562,0.001924117074383545
4563,0.0019241182023109875
4564,0.0019241193274654063
4565,0.0019241204498473114
4566,0.0019241215694570876
4567,0.0019241226862953525
4568,0.0019241238003626733
4569,0.0019241249116595958
4570,0.0019241260201867845
4571,0.0019241271259449549
4572,0.0019241282289347457
4573,0.0019241293291568627
4574,0.0019241304266121512
4575,0.001924131521301318
4576,0.0019241326132252883
4577,0.0019241337023848588
4578,0.0019241347887807882
4579,0.0019241358724141633
4580,0.0019241369532857196
4581,0.0019241380313964847
4582,0.001924139106747385
4583,0.0019241401793393942
4584,0.0019241412491735074
4585,0.0019241423162507211
4586,0.0019241433805720371
4587,0.00192414444213856
4588,0.0019241455009512609
4589,0.0019241465570112193
4590,0.001924147610319452
4591,0.0019241486608771064
4592,0.0019241497086852886
4593,0.001924150753745014
4594,0.0019241517960574325
4595,0.0019241528356235583
4596,0.001924153872444538
4597,0.0019241549065215065
4598,0.0019241559378554915
4599,0.0019241569664475461
4600,0.001924157992298841
4601,0.001924159015410448
4602,0.0019241600357834806
4603,0.0019241610534189394
4604,0.0019241620683179196
4605,0.001924163080481454
4606,0.0019241640899105928
4607,0.0019241650966063774
4608,0.0019241661005698475
4609,0.0019241671018019962
4610,0.0019241681003038206
4611,0.001924169096076258
4612,0.0019241700891202375
4613,0.0019241710794366995
4614,0.0019241720670265575
4615,0.0019241730518908032
4616,0.0019241740340302281
4617,0.0019241750134456489
4618,0.0019241759901378554
4619,0.001924176964107668
4620,0.0019241779353558464
4621,0.0019241789038831367
4622,0.0019241798696902437
4623,0.0019241808327778035
4624,0.0019241817931464308
4625,0.0019241827507967685
4626,0.001924183705729317
4627,0.0019241846579445938
4628,0.0019241856074432183
4629,0.001924186554225534
4630,0.001924187498291927
4631,0.0019241884396427966
4632,0.0019241893782784639
4633,0.0019241903141676135
4634,0.0019241912473025847
4635,0.001924192177683481
4636,0.0019241931053105297
4637,0.0019241940301838126
4638,0.0019241949523032167
4639,0.0019241958716689662
4640,0.0019241967882809748
4641,0.0019241977021390397
4642,0.0019241986132430271
4643,0.0019241995215927886
4644,0.001924200427188021
4645,0.0019242013300283932
4646,0.0019242022301135862
4647,0.0019242031274431027
4648,0.001924204022016402
4649,0.0019242049138330814
4650,0.001924205802892439
4651,0.0019242066891937562
4652,0.0019242075727363983
4653,0.0019242084535195183
4654,0.0019242093315422473
4655,0.001924210206803702
4656,0.001924211079302767
4657,0.0019242119490385321
4658,0.0019242128160098435
4659,0.0019242136802154076
4660,0.0019242145416540064
4661,0.0019242154003242743
4662,0.0019242162562249057
4663,0.0019242171093543407
4664,0.0019242179597110038
4665,0.0019242188072933213
4666,0.001924219652099576
4667,0.0019242204941279876
4668,0.0019242213333768104
4669,0.0019242221698439663
4670,0.0019242230035275035
4671,0.0019242238344254242
4672,0.0019242246625354922
4673,0.0019242254878554415
4674,0.0019242263103831192
4675,0.0019242271301160552
4676,0.0019242279470517304
4677,0.0019242287611876633
4678,0.0019242295725211587
4679,0.0019242303810496505
4680,0.0019242311867701484
4681,0.0019242319896798784
4682,0.0019242327897759299
4683,0.0019242335870552176
4684,0.0019242343815146117
4685,0.0019242351731509075
4686,0.0019242359619608563
4687,0.0019242367479410083
4688,0.0019242375310879788
4689,0.001924238311398204
4690,0.0019242390888680838
4691,0.0019242398634938536
4692,0.0019242406352718206
4693,0.0019242414041979955
4694,0.0019242421702684734
4695,0.0019242429334792323
4696,0.0019242436938260775
4697,0.0019242444513048167
4698,0.0019242452059111627
4699,0.0019242459576406705
4700,0.00192424670648891
4701,0.0019242474524513028
4702,0.0019242481955231848
4703,0.0019242489356998287
4704,0.0019242496729764804
4705,0.0019242504073481448
4706,0.0019242511388098947
4707,0.0019242518673566146
4708,0.0019242525929831834
4709,0.0019242533156843466
4710,0.0019242540354547668
4711,0.001924254752289081
4712,0.0019242554661817709
4713,0.001924256177127218
4714,0.0019242568851197475
4715,0.0019242575901536896
4716,0.0019242582922231774
4717,0.0019242589913222598
4718,0.0019242596874450364
4719,0.0019242603805854133
4720,0.001924261070737201
4721,0.0019242617578941754
4722,0.0019242624420499977
4723,0.001924263123198324
4724,0.0019242638013326526
4725,0.0019242644764464747
4726,0.001924265148533161
4727,0.0019242658175859316
4728,0.0019242664835980798
4729,0.0019242671465626551
4730,0.0019242678064727767
4731,0.0019242684633215003
4732,0.0019242691171016135
4733,0.0019242697678059925
4734,0.00192427041542742
4735,0.0019242710599587062
4736,0.0019242717013922914
4737,0.0019242723397209093
4738,0.001924272974936883
4739,0.0019242736070327203
4740,0.0019242742360007156
4741,0.0019242748618332067
4742,0.0019242754845224406
4743,0.0019242761040603937
4744,0.0019242767204392687
4745,0.0019242773336510769
4746,0.0019242779436877654
4747,0.0019242785505412794
4748,0.0019242791542033418
4749,0.001924279754665812
4750,0.0019242803519209288
4751,0.0019242809459606078
4752,0.0019242815367766111
4753,0.0019242821243604417
4754,0.001924282708703581
4755,0.0019242832897975605
4756,0.0019242838676336667
4757,0.001924284442203263
4758,0.0019242850134974997
4759,0.0019242855815077618
4760,0.0019242861462250918
4761,0.0019242867076406415
4762,0.0019242872657455024
4763,0.001924287820530723
4764,0.001924288371987312
4765,0.001924288920106108
4766,0.0019242894648780675
4767,0.0019242900062939874
4768,0.00192429054434478
4769,0.0019242910790211556
4770,0.001924291610313826
4771,0.0019242921382135478
4772,0.0019242926627108827
4773,0.0019242931837966434
4774,0.0019242937014612872
4775,0.0019242942156954086
4776,0.0019242947264895682
4777,0.0019242952338340972
4778,0.0019242957377196912
4779,0.0019242962381366318
4780,0.001924296735075459
4781,0.001924297228526448
4782,0.001924297718480016
4783,0.0019242982049265576
4784,0.0019242986878562848
4785,0.0019242991672597087
4786,0.0019242996431268744
4787,0.001924300115448188
4788,0.0019243005842137935
4789,0.0019243010494140204
4790,0.0019243015110389826
4791,0.0019243019690789829
4792,0.0019243024235241833
4793,0.0019243028743648292
4794,0.0019243033215909711
4795,0.001924303765192979
4796,0.0019243042051609802
4797,0.001924304641485011
4798,0.0019243050741555056
4799,0.001924305503162342
4800,0.0019243059284958339
4801,0.001924306350146053
4802,0.001924306768103143
4803,0.0019243071823572904
4804,0.0019243075928985576
4805,0.001924307999717191
4806,0.001924308402803293
4807,0.0019243088021470669
4808,0.0019243091977386212
4809,0.0019243095895681904
4810,0.001924309977625946
4811,0.00192431036190217
4812,0.0019243107423869863
4813,0.0019243111190705739
4814,0.0019243114919432758
4815,0.0019243118609953665
4816,0.0019243122262171408
4817,0.0019243125875988486
4818,0.0019243129451307817
4819,0.0019243132988033226
4820,0.0019243136486068464
4821,0.001924313994531629
4822,0.0019243143365682027
4823,0.001924314674706887
4824,0.0019243150089382924
4825,0.0019243153392528162
4826,0.001924315665640951
4827,0.0019243159880933593
4828,0.0019243163066004936
4829,0.0019243166211530159
4830,0.0019243169317415538
4831,0.0019243172383568159
4832,0.0019243175409895566
4833,0.0019243178396304227
4834,0.0019243181342703173
4835,0.0019243184248999897
4836,0.0019243187115103176
4837,0.0019243189940921872
4838,0.001924319272636645
4839,0.0019243195471346705
4840,0.0019243198175771551
4841,0.001924320083955289
4842,0.0019243203462602277
4843,0.0019243206044831478
4844,0.0019243208586152505
4845,0.0019243211086477894
4846,0.0019243213545721734
4847,0.0019243215963796574
4848,0.001924321834061822
4849,0.001924322067609977
4850,0.001924322297015845
4851,0.0019243225222709411
4852,0.0019243227433669067
4853,0.0019243229602954664
4854,0.0019243231730484236
4855,0.0019243233816175313
4856,0.0019243235859946728
4857,0.0019243237861719192
4858,0.0019243239821411249
4859,0.0019243241738944041
4860,0.0019243243614239054
4861,0.0019243245447218796
4862,0.0019243247237806242
4863,0.001924324898592369
4864,0.0019243250691495576
4865,0.0019243252354446611
4866,0.0019243253974702275
4867,0.0019243255552188327
4868,0.0019243257086831906
4869,0.0019243258578560578
4870,0.001924326002730241
4871,0.0019243261432987263
4872,0.0019243262795543149
4873,0.0019243264114901834
4874,0.0019243265390995105
4875,0.0019243266623753428
4876,0.001924326781311026
4877,0.0019243268958999303
4878,0.0019243270061354953
4879,0.0019243271120112468
4880,0.0019243272135208267
4881,0.0019243273106578128
4882,0.0019243274034161108
4883,0.0019243274917894531
4884,0.00192432757577184
4885,0.0019243276553572324
4886,0.0019243277305397966
4887,0.001924327801313712
4888,0.0019243278676731894
4889,0.0019243279296126882
4890,0.0019243279871266348
4891,0.0019243280402095365
4892,0.0019243280888560914
4893,0.0019243281330609695
4894,0.0019243281728189578
4895,0.0019243282081250496
4896,0.001924328238974268
4897,0.0019243282653616045
4898,0.001924328287282312
4899,0.001924328304731755
4900,0.0019243283177051466
4901,0.0019243283261981179
4902,0.0019243283302062143
4903,0.0019243283297250774
4904,0.0019243283247504697
4905,0.0019243283152783693
4906,0.0019243283013042497
4907,0.0019243282828237923
4908,0.0019243282598332143
4909,0.0019243282323288095
4910,0.0019243282003068634
4911,0.0019243281637639198
4912,0.0019243281226965856
4913,0.0019243280771014774
4914,0.0019243280269753715
4915,0.0019243279723153409
4916,0.0019243279131182938
4917,0.0019243278493814365
4918,0.0019243277811018067
4919,0.0019243277082768896
4920,0.0019243276309041676
4921,0.0019243275489810722
4922,0.0019243274625053665
4923,0.0019243273714746958
4924,0.0019243272758871423
4925,0.001924327175740626
4926,0.0019243270710332752
4927,0.0019243269617633015
4928,0.0019243268479290248
4929,0.0019243267295289365
4930,0.0019243266065616254
4931,0.0019243264790257506
4932,0.001924326346920192
4933,0.0019243262102437591
4934,0.0019243260689956142
4935,0.001924325923174853
4936,0.0019243257727807747
4937,0.001924325617812784
4938,0.0019243254582704135
4939,0.0019243252941532885
4940,0.0019243251254611534
4941,0.0019243249521939247
4942,0.0019243247743515723
4943,0.0019243245919342766
4944,0.0019243244049422304
4945,0.001924324213375843
4946,0.001924324017235632
4947,0.0019243238165222729
4948,0.0019243236112364284
4949,0.0019243234013790415
4950,0.0019243231869509707
4951,0.0019243229679536135
4952,0.0019243227443880373
4953,0.0019243225162556524
4954,0.001924322283558092
4955,0.001924322046296902
4956,0.001924321804473861
4957,0.0019243215580908683
4958,0.0019243213071500282
4959,0.0019243210516533926
4960,0.0019243207916022841
4961,0.001924320526999091
4962,0.0019243202578463445
4963,0.0019243199841467217
4964,0.0019243197059031565
4965,0.0019243194231185281
4966,0.0019243191357959605
4967,0.0019243188439388057
4968,0.0019243185475503266
4969,0.0019243182466341204
4970,0.0019243179411937421
4971,0.0019243176312330015
4972,0.001924317316755865
4973,0.0019243169977664419
4974,0.0019243166742687623
4975,0.0019243163462672726
4976,0.0019243160137665087
4977,0.001924315676771005
4978,0.001924315335285561
4979,0.0019243149893149888
4980,0.0019243146388644022
4981,0.001924314283938957
4982,0.0019243139245439297
4983,0.0019243135606848163
4984,0.0019243131923672113
4985,0.0019243128195967733
4986,0.0019243124423795222
4987,0.0019243120607213705
4988,0.0019243116746284399
4989,0.00192431128410723
4990,0.0019243108891640248
4991,0.0019243104898054913
4992,0.0019243100860383351
4993,0.0019243096778694974
4994,0.001924309265305895
4995,0.0019243088483548137
4996,0.0019243084270234364
4997,0.0019243080013193973
4998,0.001924307571250203
4999,0.0019243071368235563
5000,0.001924306698047381
5001,0.0019243062549298019
5002,0.0019243058074789419
5003,0.001924305355703158
5004,0.0019243048996109371
5005,0.0019243044392109141
5006,0.0019243039745118306
5007,0.0019243035055226613
5008,0.0019243030322523705
5009,0.001924302554710302
5010,0.0019243020729057259
5011,0.0019243015868482764
5012,0.0019243010965474929
5013,0.0019243006020131877
5014,0.0019243001032553469
5015,0.0019242996002841013
5016,0.0019242990931096367
5017,0.001924298581742423
5018,0.0019242980661929986
5019,0.001924297546472026
5020,0.0019242970225903575
5021,0.0019242964945590853
5022,0.0019242959623891498
5023,0.0019242954260919312
5024,0.0019242948856790115
5025,0.001924294341161771
5026,0.001924293792552112
5027,0.001924293239861802
5028,0.0019242926831029006
5029,0.0019242921222876162
5030,0.0019242915574282178
5031,0.0019242909885372826
5032,0.0019242904156273346
5033,0.0019242898387111435
5034,0.001924289257801776
5035,0.0019242886729122011
5036,0.0019242880840556035
5037,0.0019242874912454202
5038,0.0019242868944950408
5039,0.0019242862938182773
5040,0.0019242856892288886
5041,0.0019242850807407806
5042,0.0019242844683681293
5043,0.0019242838521251737
5044,0.0019242832320261905
5045,0.0019242826080857773
5046,0.0019242819803186853
5047,0.0019242813487397408
5048,0.0019242807133638149
5049,0.0019242800742061653
5050,0.0019242794312819692
5051,0.0019242787846066212
5052,0.0019242781341957567
5053,0.001924277480065054
5054,0.001924276822230344
5055,0.0019242761607076602
5056,0.0019242754955130213
5057,0.0019242748266628676
5058,0.0019242741541735363
5059,0.0019242734780615645
5060,0.0019242727983437087
5061,0.001924272115036755
5062,0.0019242714281577432
5063,0.0019242707377237498
5064,0.001924270043752088
5065,0.0019242693462601457
5066,0.0019242686452654394
5067,0.0019242679407857415
5068,0.0019242672328387697
5069,0.0019242665214394823
5070,0.001924265806605404
5071,0.0019242650883548467
5072,0.0019242643667063363
5073,0.0019242636416783184
5074,0.0019242629132893252
5075,0.0019242621815582788
5076,0.001924261446503991
5077,0.0019242607081455944
5078,0.0019242599665022923
5079,0.0019242592215934116
5080,0.001924258473438363
5081,0.0019242577220568095
5082,0.0019242569674683902
5083,0.0019242562096930215
5084,0.001924255448750746
5085,0.0019242546846615209
5086,0.0019242539174456326
5087,0.0019242531471235478
5088,0.001924252373715724
5089,0.0019242515972427514
5090,0.0019242508177255127
5091,0.0019242500351848123
5092,0.0019242492496416754
5093,0.0019242484611171776
5094,0.0019242476696326564
5095,0.0019242468752094784
5096,0.0019242460778691418
5097,0.00192424527763373
5098,0.0019242444745250168
5099,0.0019242436685649239
5100,0.001924242859775415
5101,0.0019242420481786816
5102,0.0019242412337969815
5103,0.0019242404166526018
5104,0.0019242395967679694
5105,0.0019242387741657643
5106,0.0019242379488686177
5107,0.0019242371208994069
5108,0.0019242362902810166
5109,0.001924235457036482
5110,0.001924234621189033
5111,0.0019242337827618879
5112,0.0019242329417785142
5113,0.0019242320982623214
5114,0.0019242312522368531
5115,0.0019242304037259508
5116,0.0019242295527533903
5117,0.001924228699343058
5118,0.001924227843519108
5119,0.001924226985305648
5120,0.0019242261247268471
5121,0.0019242252618071566
5122,0.0019242243965709633
5123,0.0019242235290428526
5124,0.0019242226592475107
5125,0.0019242217872096183
5126,0.0019242209129541248
5127,0.0019242200365059737
5128,0.0019242191578902055
5129,0.0019242182771320292
5130,0.0019242173942566232
5131,0.0019242165092894523
5132,0.0019242156222558946
5133,0.0019242147331814524
5134,0.0019242138420917975
5135,0.0019242129490127824
5136,0.0019242120539701025
5137,0.0019242111569896547
5138,0.00192421025809752
5139,0.0019242093573197383
5140,0.0019242084546825405
5141,0.001924207550212156
5142,0.0019242066439348069
5143,0.0019242057358771331
5144,0.001924204826065624
5145,0.0019242039145268056
5146,0.0019242030012874434
5147,0.0019242020863742188
5148,0.001924201169814131
5149,0.0019242002516340283
5150,0.0019241993318608876
5151,0.0019241984105219203
5152,0.0019241974876441658
5153,0.0019241965632549238
5154,0.001924195637381525
5155,0.0019241947100513389
5156,0.0019241937812918258
5157,0.0019241928511305444
5158,0.0019241919195951377
5159,0.0019241909867131909
5160,0.0019241900525125647
5161,0.001924189117021081
5162,0.0019241881802665771
5163,0.0019241872422769862
5164,0.0019241863030803957
5165,0.0019241853627048576
5166,0.0019241844211785367
5167,0.0019241834785297116
5168,0.0019241825347865679
5169,0.0019241815899775686
5170,0.001924180644130948
5171,0.0019241796972752029
5172,0.0019241787494389167
5173,0.0019241778006506675
5174,0.0019241768509390333
5175,0.0019241759003327578
5176,0.0019241749488605033
5177,0.0019241739965511365
5178,0.0019241730434335106
5179,0.0019241720895364887
5180,0.0019241711348890482
5181,0.001924170179520229
5182,0.0019241692234590044
5183,0.0019241682667344967
5184,0.0019241673093758503
5185,0.0019241663514122812
5186,0.0019241653928729697
5187,0.0019241644337872636
5188,0.0019241634741844391
5189,0.0019241625140939012
5190,0.0019241615535449824
5191,0.0019241605925671918
5192,0.0019241596311900205
5193,0.001924158669442914
5194,0.0019241577073554723
5195,0.0019241567449573577
5196,0.0019241557822781716
5197,0.001924154819347522
5198,0.0019241538561950993
5199,0.0019241528928506803
5200,0.0019241519293440416
5201,0.001924150965704952
5202,0.001924150001963194
5203,0.0019241490381486513
5204,0.0019241480742912026
5205,0.0019241471104207938
5206,0.0019241461465672222
5207,0.0019241451827605334
5208,0.0019241442190307458
5209,0.0019241432554078092
5210,0.0019241422919217181
5211,0.0019241413286023691
5212,0.0019241403654800724
5213,0.0019241394025847707
5214,0.001924138439946542
5215,0.001924137477595569
5216,0.0019241365155619964
5217,0.0019241355538757857
5218,0.0019241345925672122
5219,0.0019241336316664223
5220,0.001924132671203561
5221,0.001924131711208815
5222,0.0019241307517123777
5223,0.0019241297927445112
5224,0.001924128834335277
5225,0.001924127876515002
5226,0.001924126919313871
5227,0.0019241259627620485
5228,0.0019241250068897933
5229,0.0019241240517273344
5230,0.0019241230973048714
5231,0.0019241221436527179
5232,0.0019241211908009785
5233,0.001924120238779961
5234,0.0019241192876197572
5235,0.0019241183373506828
5236,0.0019241173880028938
5237,0.0019241164396066135
5238,0.001924115492191967
5239,0.0019241145457891701
5240,0.001924113600428478
5241,0.0019241126561399245
5242,0.0019241117129537462
5243,0.001924110770900058
5244,0.0019241098300088481
5245,0.0019241088903104674
5246,0.0019241079518347217
5247,0.0019241070146119087
5248,0.0019241060786720139
5249,0.0019241051440450148
5250,0.0019241042107609786
5251,0.001924103278849792
5252,0.0019241023483415312
5253,0.0019241014192660742
5254,0.0019241004916534278
5255,0.0019240995655333956
5256,0.001924098640935877
5257,0.0019240977178906834
5258,0.0019240967964277032
5259,0.0019240958765766889
5260,0.0019240949583672529
5261,0.001924094041829265
5262,0.0019240931269922702
5263,0.0019240922138860526
5264,0.0019240913025401255
5265,0.00192409039298405
5266,0.0019240894852474795
5267,0.0019240885793597347
5268,0.0019240876753504029
5269,0.0019240867732488662
5270,0.0019240858730844898
5271,0.0019240849748866553
5272,0.001924084078684566
5273,0.001924083184507427
5274,0.0019240822923845251
5275,0.0019240814023449757
5276,0.0019240805144178433
5277,0.001924079628632199
5278,0.0019240787450170043
5279,0.0019240778636012645
5280,0.0019240769844137457
5281,0.0019240761074834417
5282,0.001924075232839045
5283,0.001924074360509296
5284,0.0019240734905228464
5285,0.0019240726229083206
5286,0.0019240717576941352
5287,0.0019240708949089431
5288,0.0019240700345811588
5289,0.0019240691767390568
5290,0.0019240683214109225
5291,0.001924067468625052
5292,0.0019240666184095177
5293,0.0019240657707926168
5294,0.0019240649258021655
5295,0.001924064083466219
5296,0.001924063243812624
5297,0.0019240624068692848
5298,0.0019240615726637948
5299,0.001924060741223911
5300,0.0019240599125772116
5301,0.0019240590867512213
5302,0.0019240582637734247
5303,0.001924057443671075
5304,0.0019240566264715497
5305,0.0019240558122019865
5306,0.0019240550008894517
5307,0.0019240541925611941
5308,0.0019240533872439162
5309,0.0019240525849647265
5310,0.0019240517857502042
5311,0.0019240509896271925
5312,0.0019240501966222645
5313,0.0019240494067618492
5314,0.0019240486200724108
5315,0.001924047836580306
5316,0.0019240470563118017
5317,0.0019240462792930577
5318,0.0019240455055500917
5319,0.001924044735108946
5320,0.0019240439679954128
5321,0.00192404320423528
5322,0.0019240424438542003
5323,0.0019240416868778092
5324,0.001924040933331537
5325,0.0019240401832407777
5326,0.0019240394366308352
5327,0.0019240386935267379
5328,0.0019240379539536905
5329,0.0019240372179365804
5330,0.0019240364855003759
5331,0.001924035756669735
5332,0.0019240350314693297
5333,0.0019240343099236293
5334,0.0019240335920570738
5335,0.001924032877893945
5336,0.0019240321674584685
5337,0.0019240314607748305
5338,0.0019240307578668593
5339,0.001924030058758454
5340,0.0019240293634734135
5341,0.0019240286720353216
5342,0.001924027984467691
5343,0.001924027300793932
5344,0.0019240266210373018
5345,0.0019240259452209313
5346,0.001924025273367935
5347,0.0019240246055011799
5348,0.0019240239416433906
5349,0.0019240232818173743
5350,0.0019240226260455553
5351,0.0019240219743504327
5352,0.0019240213267542807
5353,0.0019240206832792112
5354,0.0019240200439472758
5355,0.0019240194087804632
5356,0.0019240187778004245
5357,0.0019240181510287644
5358,0.0019240175284869889
5359,0.001924016910196543
5360,0.0019240162961786753
5361,0.0019240156864545656
5362,0.00192401508104518
5363,0.0019240144799713569
5364,0.0019240138832538707
5365,0.001924013290913295
5366,0.0019240127029702472
5367,0.0019240121194448922
5368,0.0019240115403575007
5369,0.0019240109657281568
5370,0.0019240103955767785
5371,0.0019240098299231029
5372,0.0019240092687867999
5373,0.0019240087121913574
5374,0.0019240081601564064
5375,0.0019240076127012434
5376,0.0019240070698451452
5377,0.001924006531607159
5378,0.0019240059980061015
5379,0.0019240054690607996
5380,0.0019240049447898566
5381,0.0019240044252118575
5382,0.0019240039103450987
5383,0.0019240034002077282
5384,0.0019240028948178214
5385,0.0019240023941933797
5386,0.0019240018983521473
5387,0.0019240014073117575
5388,0.001924000921089691
5389,0.0019240004397032872
5390,0.001923999963169718
5391,0.001923999491506155
5392,0.0019239990247294102
5393,0.0019239985628562374
5394,0.00192399810590331
5395,0.0019239976538871308
5396,0.001923997206824011
5397,0.0019239967647301168
5398,0.0019239963276213993
5399,0.00192399589551393
5400,0.0019239954684232977
5401,0.001923995046365234
5402,0.0019239946293550267
5403,0.0019239942174080964
5404,0.0019239938105396171
5405,0.0019239934087644892
5406,0.0019239930120976856
5407,0.0019239926205538288
5408,0.001923992234147535
5409,0.001923991852893256
5410,0.0019239914768051341
5411,0.0019239911058974676
5412,0.0019239907401841473
5413,0.0019239903796789853
5414,0.0019239900243956574
5415,0.0019239896743477173
5416,0.0019239893295485704
5417,0.0019239889900113888
5418,0.0019239886557493348
5419,0.0019239883267753082
5420,0.0019239880031021435
5421,0.001923987684742465
5422,0.001923987371708743
5423,0.0019239870640134298
5424,0.001923986761668665
5425,0.0019239864646864867
5426,0.0019239861730788838
5427,0.0019239858868576344
5428,0.0019239856060342727
5429,0.0019239853306203423
5430,0.001923985060627181
5431,0.001923984796065968
5432,0.0019239845369476935
5433,0.001923984283283306
5434,0.0019239840350836557
5435,0.001923983792359291
5436,0.0019239835551205856
5437,0.00192398332337799
5438,0.0019239830971416031
5439,0.0019239828764214945
5440,0.0019239826612275771
5441,0.001923982451569612
5442,0.0019239822474572854
5443,0.0019239820488999991
5444,0.001923981855907041
5445,0.0019239816684877196
5446,0.0019239814866509398
5447,0.0019239813104057338
5448,0.0019239811397609207
5449,0.0019239809747250336
5450,0.0019239808153066812
5451,0.0019239806615141033
5452,0.0019239805133556035
5453,0.0019239803708392671
5454,0.0019239802339730292
5455,0.0019239801027647638
5456,0.0019239799772221456
5457,0.0019239798573526317
5458,0.0019239797431638264
5459,0.001923979634662853
5460,0.0019239795318568035
5461,0.001923979434752929
5462,0.001923979343357902
5463,0.0019239792576786787
5464,0.0019239791777217296
5465,0.001923979103493652
5466,0.0019239790350007713
5467,0.0019239789722493791
5468,0.0019239789152455005
5469,0.0019239788639952011
5470,0.001923978818504279
5471,0.0019239787787785315
5472,0.0019239787448235399
5473,0.0019239787166447455
5474,0.0019239786942476262
5475,0.0019239786776372877
5476,0.0019239786668189729
5477,0.0019239786617975525
5478,0.0019239786625779502
5479,0.0019239786691648904
5480,0.0019239786815630608
5481,0.0019239786997769903
5482,0.001923978723810987
5483,0.001923978753669388
5484,0.0019239787893563672
5485,0.0019239788308759041
5486,0.0019239788782320516
5487,0.0019239789314284455
5488,0.0019239789904689846
5489,0.0019239790553571
5490,0.0019239791260964169
5491,0.001923979202690286
5492,0.0019239792851421245
5493,0.0019239793734549774
5494,0.0019239794676319305
5495,0.0019239795676758273
5496,0.0019239796735894838
5497,0.0019239797853756644
5498,0.0019239799030369318
5499,0.0019239800265758028
5500,0.0019239801559947283
5501,0.0019239802912958631
5502,0.001923980432481415
5503,0.0019239805795535348
5504,0.001923980732514157
5505,0.0019239808913651352
5506,0.001923981056108192
5507,0.0019239812267451374
5508,0.0019239814032775294
5509,0.0019239815857066815
5510,0.0019239817740341527
5511,0.0019239819682611073
5512,0.001923982168388794
5513,0.0019239823744183146
5514,0.0019239825863506391
5515,0.001923982804186627
5516,0.0019239830279271421
5517,0.0019239832575728576
5518,0.0019239834931244395
5519,0.00192398373458243
5520,0.0019239839819472835
5521,0.001923984235219323
5522,0.0019239844943988538
5523,0.0019239847594859677
5524,0.001923985030480817
5525,0.0019239853073835056
5526,0.0019239855901937168
5527,0.001923985878911504
5528,0.0019239861735365657
5529,0.0019239864740685003
5530,0.0019239867805069383
5531,0.0019239870928512914
5532,0.0019239874111008648
5533,0.0019239877352550082
5534,0.0019239880653129336
5535,0.0019239884012738726
5536,0.001923988743136852
5537,0.0019239890909009127
5538,0.001923989444565085
5539,0.0019239898041281353
5540,0.0019239901695888668
5541,0.0019239905409460612
5542,0.0019239909181982733
5543,0.001923991301344239
5544,0.0019239916903823256
5545,0.0019239920853109903
5546,0.0019239924861285623
5547,0.0019239928928333604
5548,0.0019239933054236318
5549,0.001923993723897474
5550,0.0019239941482530427
5551,0.0019239945784883018
5552,0.0019239950146011696
5553,0.0019239954565895574
5554,0.001923995904451321
5555,0.0019239963581841482
5556,0.001923996817785791
5557,0.0019239972832538824
5558,0.0019239977545858365
5559,0.0019239982317793146
5560,0.001923998714831682
5561,0.0019239992037404124
5562,0.0019239996985026865
5563,0.0019240001991158915
5564,0.001924000705577178
5565,0.0019240012178836925
5566,0.0019240017360325108
5567,0.0019240022600206963
5568,0.0019240027898452217
5569,0.0019240033255029973
5570,0.001924003866990957
5571,0.0019240044143058242
5572,0.0019240049674443566
5573,0.0019240055264033449
5574,0.00192400609117947
5575,0.0019240066617692167
5576,0.0019240072381692872
5577,0.0019240078203760756
5578,0.00192400840838608
5579,0.0019240090021956735
5580,0.0019240096018012845
5581,0.0019240102071992346
5582,0.0019240108183858043
5583,0.0019240114353572101
5584,0.0019240120581096676
5585,0.0019240126866391818
5586,0.0019240133209419373
5587,0.0019240139610140262
5588,0.0019240146068514002
5589,0.0019240152584500364
5590,0.0019240159158058548
5591,0.00192401657891475
5592,0.0019240172477725606
5593,0.0019240179223751896
5594,0.0019240186027182841
5595,0.0019240192887976047
5596,0.0019240199806088694
5597,0.0019240206781477578
5598,0.0019240213814098257
5599,0.0019240220903908173
5600,0.0019240228050861508
5601,0.0019240235254913368
5602,0.0019240242516018766
5603,0.0019240249834132867
5604,0.0019240257209209284
5605,0.0019240264641202692
5606,0.0019240272130065998
5607,0.0019240279675753146
5608,0.0019240287278216538
5609,0.0019240294937409403
5610,0.0019240302653283634
5611,0.001924031042579214
5612,0.0019240318254886552
5613,0.001924032614051829
5614,0.001924033408264003
5615,0.0019240342081200598
5616,0.00192403501361528
5617,0.0019240358247447054
5618,0.0019240366415033245
5619,0.0019240374638861682
5620,0.0019240382918882953
5621,0.0019240391255046986
5622,0.0019240399647302985
5623,0.0019240408095600179
5624,0.0019240416599887737
5625,0.0019240425160115808
5626,0.00192404337762316
5627,0.0019240442448185432
5628,0.0019240451175925107
5629,0.0019240459959398942
5630,0.0019240468798555428
5631,0.0019240477693342776
5632,0.0019240486643708416
5633,0.0019240495649600216
5634,0.0019240504710966314
5635,0.0019240513827754068
5636,0.0019240522999911236
5637,0.0019240532227385318
5638,0.0019240541510122825
5639,0.00192405508480721
5640,0.0019240560241178765
5641,0.0019240569689390594
5642,0.0019240579192654958
5643,0.0019240588750918327
5644,0.0019240598364127107
5645,0.001924060803222841
5646,0.0019240617755169184
5647,0.0019240627532896076
5648,0.0019240637365355593
5649,0.0019240647252494743
5650,0.0019240657194259775
5651,0.001924066719059716
5652,0.00192406772414529
5653,0.0019240687346774895
5654,0.0019240697506508972
5655,0.0019240707720601608
5656,0.0019240717989000241
5657,0.0019240728311650636
5658,0.0019240738688499203
5659,0.0019240749119493468
5660,0.0019240759604579926
5661,0.0019240770143711954
5662,0.0019240780736842792
5663,0.0019240791383919004
5664,0.0019240802084887956
5665,0.0019240812839695712
5666,0.0019240823648290306
5667,0.0019240834510618364
5668,0.0019240845426626353
5669,0.0019240856396263678
5670,0.0019240867419475446
5671,0.001924087849621093
5672,0.0019240889626416383
5673,0.0019240900810040787
5674,0.001924091204703167
5675,0.0019240923337336315
5676,0.0019240934680903536
5677,0.0019240946077681675
5678,0.001924095752761912
5679,0.0019240969030665418
5680,0.0019240980586767824
5681,0.001924099219587679
5682,0.0019241003857939309
5683,0.0019241015572906651
5684,0.001924102734072782
5685,0.0019241039161351288
5686,0.0019241051034728112
5687,0.00192410629608079
5688,0.001924107493954143
5689,0.0019241086970879227
5690,0.0019241099054771577
5691,0.0019241111191169447
5692,0.0019241123380023602
5693,0.0019241135621285426
5694,0.001924114791490716
5695,0.001924116026084069
5696,0.0019241172659037729
5697,0.0019241185109449652
5698,0.0019241197612030268
5699,0.0019241210166731995
5700,0.001924122277350739
5701,0.0019241235432310192
5702,0.0019241248143094046
5703,0.001924126090581243
5704,0.0019241273720420591
5705,0.0019241286586871654
5706,0.0019241299505121077
5707,0.0019241312475123487
5708,0.0019241325496834492
5709,0.001924133857020936
5710,0.0019241351695204105
5711,0.0019241364871775393
5712,0.0019241378099879134
5713,0.0019241391379472336
5714,0.0019241404710512364
5715,0.0019241418092955681
5716,0.0019241431526761201
5717,0.0019241445011885358
5718,0.0019241458548288812
5719,0.0019241472135928485
5720,0.0019241485774764025
5721,0.0019241499464755251
5722,0.0019241513205861104
5723,0.0019241526998041148
5724,0.0019241540841256754
5725,0.0019241554735468106
5726,0.0019241568680636529
5727,0.0019241582676723249
5728,0.001924159672368954
5729,0.001924161082149788
5730,0.0019241624970109895
5731,0.0019241639169489267
5732,0.001924165341958076
5733,0.0019241667720323245
5734,0.0019241682071681084
5735,0.0019241696473618166
5736,0.0019241710926098448
5737,0.0019241725429087982
5738,0.0019241739982550558
5739,0.0019241754586452797
5740,0.0019241769240760254
5741,0.0019241783945438873
5742,0.0019241798700455686
5743,0.0019241813505777071
5744,0.0019241828361370868
5745,0.0019241843267204016
5746,0.0019241858223244454
5747,0.0019241873229460063
5748,0.0019241888285820572
5749,0.0019241903392293847
5750,0.0019241918548848725
5751,0.001924193375545557
5752,0.0019241949012083453
5753,0.0019241964318702969
5754,0.0019241979675283607
5755,0.0019241995081796897
5756,0.001924201053821375
5757,0.001924202604450524
5758,0.0019242041600643213
5759,0.0019242057206599352
5760,0.0019242072862345634
5761,0.0019242088567854674
5762,0.0019242104323098342
5763,0.0019242120128050335
5764,0.0019242135982684458
5765,0.0019242151886972932
5766,0.001924216784088953
5767,0.0019242183844409128
5768,0.0019242199897505567
5769,0.0019242216000152942
5770,0.0019242232152325706
5771,0.0019242248354000024
5772,0.0019242264605149214
5773,0.0019242280905749796
5774,0.0019242297255776526
5775,0.0019242313655204726
5776,0.001924233010401076
5777,0.0019242346602170596
5778,0.0019242363149660233
5779,0.0019242379746456464
5780,0.001924239639253485
5781,0.0019242413087872561
5782,0.0019242429832446077
5783,0.0019242446626232602
5784,0.001924246346920929
5785,0.001924248036135244
5786,0.0019242497302638909
5787,0.0019242514293047693
5788,0.0019242531332554075
5789,0.0019242548421136334
5790,0.0019242565558772078
5791,0.0019242582745438602
5792,0.0019242599981112813
5793,0.001924261726577301
5794,0.0019242634599396444
5795,0.0019242651981960291
5796,0.0019242669413441877
5797,0.0019242686893819682
5798,0.0019242704423070183
5799,0.0019242722001170608
5800,0.0019242739628098596
5801,0.0019242757303832199
5802,0.00192427750283475
5803,0.0019242792801621637
5804,0.0019242810623632156
5805,0.001924282849435462
5806,0.001924284641376709
5807,0.0019242864381845365
5808,0.0019242882398565891
5809,0.001924290046390464
5810,0.0019242918577837735
5811,0.0019242936740341207
5812,0.0019242954951390592
5813,0.0019242973210961114
5814,0.0019242991519027167
5815,0.0019243009875564553
5816,0.0019243028280547289
5817,0.0019243046733950042
5818,0.0019243065235746057
5819,0.0019243083785909201
5820,0.0019243102384412668
5821,0.0019243121031228987
5822,0.001924313972633193
5823,0.0019243158469692111
5824,0.0019243177261282754
5825,0.0019243196101074028
5826,0.001924321498903812
5827,0.0019243233925144295
5828,0.001924325290936306
5829,0.0019243271941663683
5830,0.0019243291022015081
5831,0.0019243310150386648
5832,0.0019243329326745853
5833,0.0019243348551060513
5834,0.0019243367823297524
5835,0.0019243387143422737
5836,0.001924340651140212
5837,0.0019243425927200975
5838,0.001924344539078412
5839,0.0019243464902115245
5840,0.001924348446115672
5841,0.0019243504067872495
5842,0.0019243523722224808
5843,0.001924354342417374
5844,0.0019243563173679903
5845,0.0019243582970702971
5846,0.0019243602815202725
5847,0.0019243622707137329
5848,0.0019243642646463222
5849,0.0019243662633138252
5850,0.0019243682667117964
5851,0.0019243702748357712
5852,0.0019243722876810376
5853,0.0019243743052430994
5854,0.0019243763275171176
5855,0.0019243783544982726
5856,0.0019243803861815274
5857,0.0019243824225619382
5858,0.0019243844636344458
5859,0.0019243865093937459
5860,0.0019243885598345624
5861,0.001924390614951481
5862,0.0019243926747389175
5863,0.0019243947391913287
5864,0.0019243968083029407
5865,0.0019243988820680086
5866,0.0019244009604805097
5867,0.0019244030435344702
5868,0.001924405131223763
5869,0.0019244072235419935
5870,0.0019244093204832532
5871,0.0019244114220410438
5872,0.0019244135282087786
5873,0.0019244156389796618
5874,0.0019244177543469585
5875,0.001924419874303667
5876,0.0019244219988426492
5877,0.0019244241279567206
5878,0.0019244262616385508
5879,0.001924428399880644
5880,0.001924430542675484
5881,0.0019244326900153066
5882,0.001924434841892272
5883,0.0019244369982983564
5884,0.0019244391592255264
5885,0.0019244413246655048
5886,0.0019244434946098794
5887,0.0019244456690501587
5888,0.0019244478479776626
5889,0.0019244500313835731
5890,0.001924452219258983
5891,0.001924454411594813
5892,0.0019244566083819023
5893,0.0019244588096107742
5894,0.0019244610152719924
5895,0.001924463225355829
5896,0.0019244654398525255
5897,0.0019244676587520683
5898,0.001924469882044429
5899,0.0019244721097193397
5900,0.0019244743417662993
5901,0.0019244765781748173
5902,0.001924478818934202
5903,0.0019244810640334778
5904,0.0019244833134615929
5905,0.0019244855672074402
5906,0.001924487825259664
5907,0.0019244900876066696
5908,0.0019244923542368823
5909,0.0019244946251384413
5910,0.0019244969002993669
5911,0.001924499179707428
5912,0.0019245014633503918
5913,0.00192450375121569
5914,0.001924506043290625
5915,0.0019245083395625303
5916,0.001924510640018292
5917,0.0019245129446447474
5918,0.001924515253428662
5919,0.001924517566356486
5920,0.0019245198834144924
5921,0.0019245222045888865
5922,0.0019245245298657387
5923,0.001924526859230689
5924,0.001924529192669577
5925,0.0019245315301676497
5926,0.0019245338717103668
5927,0.0019245362172828216
5928,0.001924538566869913
5929,0.0019245409204564595
5930,0.0019245432780270277
5931,0.0019245456395660064
5932,0.0019245480050576838
5933,0.0019245503744860515
5934,0.0019245527478350007
5935,0.0019245551250882552
5936,0.0019245575062294053
5937,0.0019245598912416729
5938,0.0019245622801082238
5939,0.0019245646728121152
5940,0.0019245670693361873
5941,0.001924569469662884
5942,0.0019245718737748324
5943,0.0019245742816541929
5944,0.0019245766932830216
5945,0.0019245791086431663
5946,0.0019245815277165125
5947,0.001924583950484481
5948,0.0019245863769284607
5949,0.0019245888070295954
5950,0.0019245912407688805
5951,0.0019245936781271552
5952,0.0019245961190849689
5953,0.0019245985636227537
5954,0.0019246010117208484
5955,0.0019246034633592446
5956,0.001924605918517903
5957,0.0019246083771764975
5958,0.00192461083931458
5959,0.0019246133049114393
5960,0.001924615773946292
5961,0.0019246182463981522
5962,0.0019246207222457633
5963,0.0019246232014676862
5964,0.0019246256840425126
5965,0.0019246281699483888
5966,0.0019246306591635188
5967,0.0019246331516656978
5968,0.0019246356474326824
5969,0.0019246381464419846
5970,0.0019246406486709553
5971,0.001924643154096843
5972,0.001924645662696579
5973,0.001924648174447054
5974,0.001924650689324966
5975,0.0019246532073066817
5976,0.001924655728368509
5977,0.0019246582524865775
5978,0.0019246607796369226
5979,0.0019246633097951276
5980,0.0019246658429369662
5981,0.0019246683790378567
5982,0.0019246709180730007
5983,0.001924673460017472
5984,0.0019246760048461317
5985,0.0019246785525338192
5986,0.0019246811030550553
5987,0.001924683656384159
5988,0.001924686212495496
5989,0.0019246887713630703
5990,0.0019246913329607302
5991,0.0019246938972622544
5992,0.0019246964642412052
5993,0.0019246990338710347
5994,0.0019247016061248975
5995,0.0019247041809758846
5996,0.001924706758396859
5997,0.001924709338360694
5998,0.0019247119208398084
5999,0.0019247145058067735
6000,0.0019247170932338025
6001,0.0019247196830930722
6002,0.0019247222753564532
6003,0.0019247248699958406
6004,0.0019247274669828278
6005,0.0019247300662889326
6006,0.0019247326678854806
6007,0.0019247352717436915
6008,0.0019247378778345949
6009,0.0019247404861290876
6010,0.001924743096597994
6011,0.001924745709211853
6012,0.001924748323941148
6013,0.001924750940756219
6014,0.0019247535596272315
6015,0.0019247561805242944
6016,0.0019247588034172324
6017,0.0019247614282757368
6018,0.001924764055069515
6019,0.0019247666837681082
6020,0.0019247693143408693
6021,0.0019247719467569702
6022,0.00192477458098552
6023,0.001924777216995551
6024,0.0019247798547558357
6025,0.0019247824942351017
6026,0.0019247851354019735
6027,0.0019247877782248817
6028,0.0019247904226722004
6029,0.0019247930687120727
6030,0.0019247957163127816
6031,0.001924798365442229
6032,0.0019248010160682375
6033,0.0019248036681586249
6034,0.0019248063216810419
6035,0.001924808976603074
6036,0.0019248116328920437
6037,0.001924814290515378
6038,0.0019248169494402113
6039,0.0019248196096337763
6040,0.0019248222710630109
6041,0.0019248249336949106
6042,0.0019248275974962682
6043,0.0019248302624337015
6044,0.001924832928473964
6045,0.0019248355955836266
6046,0.0019248382637290665
6047,0.0019248409328766344
6048,0.0019248436029926646
6049,0.0019248462740433124
6050,0.0019248489459947362
6051,0.0019248516188128985
6052,0.0019248542924637693
6053,0.0019248569669132458
6054,0.0019248596421270585
6055,0.001924862318070974
6056,0.0019248649947106132
6057,0.0019248676720116135
6058,0.0019248703499394918
6059,0.0019248730284596313
6060,0.0019248757075389549
6061,0.0019248783871435987
6062,0.0019248810672387068
6063,0.001924883747789518
6064,0.0019248864287470903
6065,0.0019248891100520872
6066,0.001924891791668692
6067,0.0019248944735607604
6068,0.0019248971556922794
6069,0.0019248998380272902
6070,0.001924902520529542
6071,0.0019249052031629428
6072,0.001924907885891142
6073,0.0019249105686778947
6074,0.0019249132514868883
6075,0.00192491593428174
6076,0.0019249186170259877
6077,0.0019249212996831852
6078,0.0019249239822168864
6079,0.0019249266645904777
6080,0.001924929346767525
6081,0.00192493202871138
6082,0.001924934710385339
6083,0.001924937391752914
6084,0.0019249400727772814
6085,0.0019249427534218746
6086,0.0019249454336499716
6087,0.0019249481134247903
6088,0.0019249507927097005
6089,0.0019249534714677746
6090,0.001924956149662455
6091,0.0019249588272568898
6092,0.0019249615042143536
6093,0.001924964180497944
6094,0.0019249668560709977
6095,0.0019249695308967173
6096,0.0019249722049383816
6097,0.0019249748781592054
6098,0.0019249775505224243
6099,0.0019249802219912188
6100,0.001924982892528907
6101,0.0019249855620988275
6102,0.0019249882306642528
6103,0.0019249908981884658
6104,0.0019249935646348192
6105,0.0019249962299666818
6106,0.0019249988941475074
6107,0.0019250015571405659
6108,0.0019250042189094092
6109,0.0019250068794174425
6110,0.0019250095386282484
6111,0.0019250121965053118
6112,0.0019250148530123173
6113,0.0019250175081128287
6114,0.001925020161770447
6115,0.0019250228139489542
6116,0.00192502546461209
6117,0.001925028113723679
6118,0.0019250307612475816
6119,0.0019250334071476687
6120,0.0019250360513879232
6121,0.0019250386939324178
6122,0.0019250413347451376
6123,0.0019250439737903066
6124,0.0019250466110320632
6125,0.001925049246434636
6126,0.0019250518799624424
6127,0.0019250545115798553
6128,0.0019250571412513225
6129,0.0019250597689414344
6130,0.00192506239461477
6131,0.0019250650182360456
6132,0.0019250676397699487
6133,0.0019250702591816907
6134,0.0019250728764362939
6135,0.0019250754914987684
6136,0.0019250781043341695
6137,0.001925080714907676
6138,0.0019250833231845945
6139,0.001925085929130256
6140,0.0019250885327101457
6141,0.0019250911338898082
6142,0.0019250937326348065
6143,0.0019250963289109957
6144,0.001925098922684066
6145,0.0019251015139200652
6146,0.0019251041025849704
6147,0.0019251066886449269
6148,0.001925109272066203
6149,0.001925111852815057
6150,0.0019251144308580117
6151,0.0019251170061616422
6152,0.0019251195786925605
6153,0.0019251221484175862
6154,0.0019251247153036011
6155,0.0019251272793176562
6156,0.0019251298404268308
6157,0.0019251323985983893
6158,0.001925134953799704
6159,0.0019251375059981621
6160,0.0019251400551615187
6161,0.0019251426012573624
6162,0.0019251451442536109
6163,0.0019251476841182272
6164,0.0019251502208193119
6165,0.0019251527543251276
6166,0.0019251552846040341
6167,0.0019251578116244678
6168,0.0019251603353550154
6169,0.0019251628557645083
6170,0.001925165372821803
6171,0.001925167886495987
6172,0.0019251703967560923
6173,0.0019251729035714626
6174,0.0019251754069115497
6175,0.001925177906745856
6176,0.0019251804030442773
6177,0.0019251828957764958
6178,0.0019251853849125368
6179,0.0019251878704226412
6180,0.001925190352276898
6181,0.0019251928304459725
6182,0.0019251953049002686
6183,0.001925197775610598
6184,0.0019252002425478546
6185,0.0019252027056829671
6186,0.0019252051649871974
6187,0.0019252076204318296
6188,0.0019252100719882855
6189,0.0019252125196283253
6190,0.0019252149633237356
6191,0.0019252174030463442
6192,0.0019252198387683258
6193,0.0019252222704619658
6194,0.0019252246980996884
6195,0.001925227121653997
6196,0.0019252295410977103
6197,0.0019252319564036853
6198,0.0019252343675449795
6199,0.0019252367744947742
6200,0.001925239177226562
6201,0.0019252415757138644
6202,0.0019252439699303729
6203,0.0019252463598499287
6204,0.0019252487454467072
6205,0.0019252511266949076
6206,0.0019252535035688798
6207,0.001925255876043134
6208,0.0019252582440925055
6209,0.0019252606076918838
6210,0.0019252629668162849
6211,0.0019252653214410465
6212,0.0019252676715416064
6213,0.0019252700170935982
6214,0.0019252723580726564
6215,0.0019252746944548385
6216,0.0019252770262162917
6217,0.0019252793533333517
6218,0.0019252816757825086
6219,0.0019252839935403868
6220,0.0019252863065839067
6221,0.0019252886148901631
6222,0.0019252909184363364
6223,0.0019252932171998514
6224,0.0019252955111582416
6225,0.0019252978002894446
6226,0.001925300084571389
6227,0.0019253023639822832
6228,0.0019253046385003436
6229,0.001925306908104279
6230,0.0019253091727728208
6231,0.0019253114324847944
6232,0.0019253136872195253
6233,0.0019253159369561187
6234,0.001925318181674359
6235,0.0019253204213537495
6236,0.0019253226559743995
6237,0.0019253248855163093
6238,0.0019253271099598898
6239,0.0019253293292855642
6240,0.001925331543474275
6241,0.0019253337525067576
6242,0.0019253359563642743
6243,0.001925338155028122
6244,0.0019253403484798925
6245,0.0019253425367013889
6246,0.0019253447196744967
6247,0.0019253468973815136
6248,0.0019253490698048115
6249,0.001925351236927006
6250,0.0019253533987309932
6251,0.001925355555199803
6252,0.0019253577063167021
6253,0.0019253598520651333
6254,0.0019253619924287622
6255,0.0019253641273916304
6256,0.0019253662569378687
6257,0.0019253683810519758
6258,0.001925370499718387
6259,0.0019253726129221389
6260,0.0019253747206481274
6261,0.0019253768228817483
6262,0.0019253789196085336
6263,0.0019253810108143202
6264,0.0019253830964850677
6265,0.001925385176606981
6266,0.0019253872511666248
6267,0.00192538932015068
6268,0.0019253913835460866
6269,0.001925393441340169
6270,0.001925395493520254
6271,0.0019253975400741312
6272,0.0019253995809897606
6273,0.0019254016162552935
6274,0.0019254036458591836
6275,0.001925405669790137
6276,0.001925407688037191
6277,0.0019254097005894464
6278,0.0019254117074364234
6279,0.0019254137085677563
6280,0.0019254157039735663
6281,0.0019254176936441298
6282,0.0019254196775697718
6283,0.0019254216557415247
6284,0.0019254236281501988
6285,0.0019254255947872187
6286,0.0019254275556442769
6287,0.0019254295107130075
6288,0.0019254314599856993
6289,0.001925433403454674
6290,0.0019254353411127067
6291,0.0019254372729527458
6292,0.0019254391989679503
6293,0.0019254411191518112
6294,0.0019254430334982476
6295,0.0019254449420013026
6296,0.0019254468446553454
6297,0.0019254487414549987
6298,0.0019254506323953611
6299,0.001925452517471587
6300,0.0019254543966791215
6301,0.0019254562700139323
6302,0.0019254581374720814
6303,0.0019254599990500172
6304,0.0019254618547444383
6305,0.0019254637045523675
6306,0.0019254655484711393
6307,0.0019254673864983478
6308,0.0019254692186320159
6309,0.001925471044870326
6310,0.0019254728652117901
6311,0.001925474679655383
6312,0.0019254764882001344
6313,0.0019254782908455922
6314,0.0019254800875915371
6315,0.001925481878438088
6316,0.0019254836633855747
6317,0.0019254854424348795
6318,0.0019254872155869786
6319,0.0019254889828431937
6320,0.001925490744205377
6321,0.0019254924996753844
6322,0.0019254942492555938
6323,0.0019254959929487496
6324,0.0019254977307577809
6325,0.001925499462686035
6326,0.0019255011887371097
6327,0.0019255029089150085
6328,0.0019255046232240357
6329,0.0019255063316688018
6330,0.0019255080342543138
6331,0.0019255097309857632
6332,0.0019255114218689076
6333,0.001925513106909583
6334,0.001925514786114141
6335,0.0019255164594892313
6336,0.0019255181270418005
6337,0.001925519788779171
6338,0.001925521444708971
6339,0.0019255230948391022
6340,0.001925524739178005
6341,0.001925526377734189
6342,0.0019255280105166675
6343,0.0019255296375348312
6344,0.001925531258798269
6345,0.0019255328743170129
6346,0.0019255344841014582
6347,0.0019255360881622195
6348,0.0019255376865103659
6349,0.0019255392791571679
6350,0.0019255408660978723
6351,0.0019255424473422376
6352,0.0019255440229025663
6353,0.0019255455927915488
6354,0.0019255471570221966
6355,0.0019255487156079477
6356,0.0019255502685623853
6357,0.0019255518158995985
6358,0.0019255533576339476
6359,0.0019255548937801787
6360,0.0019255564243532922
6361,0.0019255579493687083
6362,0.0019255594688420941
6363,0.001925560982789553
6364,0.001925562491227427
6365,0.001925563994172392
6366,0.0019255654916414942
6367,0.0019255669836522103
6368,0.0019255684702220825
6369,0.001925569951369254
6370,0.0019255714271120058
6371,0.001925572897468953
6372,0.001925574362459166
6373,0.0019255758221019845
6374,0.0019255772764170459
6375,0.0019255787254242682
6376,0.00192558016914388
6377,0.0019255816075965907
6378,0.0019255830408032057
6379,0.0019255844687849416
6380,0.0019255858915632853
6381,0.0019255873091602437
6382,0.0019255887215978407
6383,0.0019255901288984115
6384,0.00192559153108488
6385,0.0019255929281802257
6386,0.001925594320207725
6387,0.0019255957071910926
6388,0.0019255970891542094
6389,0.0019255984661212856
6390,0.0019255998381169032
6391,0.0019256012051658282
6392,0.0019256025672931645
6393,0.0019256039245241705
6394,0.001925605276884517
6395,0.0019256066244002024
6396,0.0019256079670973033
6397,0.0019256093050023769
6398,0.0019256106381421354
6399,0.001925611966543498
6400,0.0019256132902338177
6401,0.0019256146092404907
6402,0.0019256159235913723
6403,0.0019256172333143688
6404,0.0019256185384378707
6405,0.0019256198389903084
6406,0.0019256211350004977
6407,0.0019256224264973959
6408,0.0019256237135103472
6409,0.001925624996068611
6410,0.001925626274202009
6411,0.001925627547940433
6412,0.0019256288173140116
6413,0.001925630082353156
6414,0.0019256313430884274
6415,0.0019256325995506583
6416,0.001925633851770793
6417,0.001925635099780032
6418,0.0019256363436098382
6419,0.0019256375832917617
6420,0.0019256388188576361
6421,0.0019256400503394565
6422,0.0019256412777693783
6423,0.00192564250117988
6424,0.0019256437206034021
6425,0.00192564493607269
6426,0.0019256461476205328
6427,0.0019256473552800699
6428,0.0019256485590846608
6429,0.0019256497590674029
6430,0.0019256509552621202
6431,0.0019256521477022744
6432,0.0019256533364218815
6433,0.0019256545214548129
6434,0.0019256557028351805
6435,0.0019256568805973756
6436,0.0019256580547756647
6437,0.001925659225404629
6438,0.0019256603925189182
6439,0.0019256615561532577
6440,0.0019256627163425576
6441,0.0019256638731217795
6442,0.0019256650265261786
6443,0.0019256661765907237
6444,0.0019256673233508305
6445,0.0019256684668420353
6446,0.0019256696070996608
6447,0.0019256707441594311
6448,0.0019256718780569803
6449,0.00192567300882799
6450,0.0019256741365083702
6451,0.0019256752611340156
6452,0.0019256763827408278
6453,0.001925677501364929
6454,0.001925678617042341
6455,0.001925679729809318
6456,0.0019256808397020077
6457,0.0019256819467566295
6458,0.00192568305100955
6459,0.0019256841524971137
6460,0.0019256852512556512
6461,0.0019256863473216086
6462,0.0019256874407314322
6463,0.0019256885315215584
6464,0.0019256896197285432
6465,0.0019256907053888973
6466,0.0019256917885390424
6467,0.0019256928692156822
6468,0.0019256939474552811
6469,0.0019256950232943348
6470,0.0019256960967694464
6471,0.001925697167917233
6472,0.0019256982367741409
6473,0.0019256993033767566
6474,0.0019257003677615205
6475,0.0019257014299650039
6476,0.0019257024900236888
6477,0.0019257035479740344
6478,0.0019257046038524477
6479,0.0019257056576953088
6480,0.001925706709539024
6481,0.0019257077594199061
6482,0.0019257088073742262
6483,0.001925709853438231
6484,0.0019257108976481387
6485,0.0019257119400401665
6486,0.0019257129806502635
6487,0.00192571401951456
6488,0.0019257150566690496
6489,0.0019257160921496077
6490,0.001925717125992141
6491,0.0019257181582324303
6492,0.0019257191889061696
6493,0.001925720218048976
6494,0.001925721245696552
6495,0.001925722271884305
6496,0.0019257232966476048
6497,0.0019257243200218443
6498,0.001925725342042288
6499,0.0019257263627440635
6500,0.0019257273821622323
6501,0.0019257284003317806
6502,0.001925729417287585
6503,0.0019257304330645264
6504,0.0019257314476970998
6505,0.001925732461220062
6506,0.0019257334736678222
6507,0.0019257344850746904
6508,0.0019257354954750365
6509,0.0019257365049030251
6510,0.0019257375133926108
6511,0.0019257385209777021
6512,0.0019257395276922153
6513,0.0019257405335698934
6514,0.0019257415386441455
6515,0.001925742542948535
6516,0.001925743546516393
6517,0.0019257445493809022
6518,0.001925745551575249
6519,0.0019257465531322693
6520,0.0019257475540849158
6521,0.001925748554465818
6522,0.0019257495543076432
6523,0.0019257505536426874
6524,0.0019257515525033498
6525,0.0019257525509218673
6526,0.0019257535489301822
6527,0.0019257545465602107
6528,0.0019257555438437443
6529,0.0019257565408124476
6530,0.0019257575374978014
6531,0.0019257585339311383
6532,0.0019257595301436583
6533,0.0019257605261664911
6534,0.0019257615220305804
6535,0.0019257625177666647
6536,0.001925763513405431
6537,0.0019257645089773379
6538,0.0019257655045128086
6539,0.0019257665000420783
6540,0.001925767495595114
6541,0.0019257684912018993
6542,0.0019257694868922487
6543,0.0019257704826957994
6544,0.0019257714786420957
6545,0.0019257724747603177
6546,0.001925773471079811
6547,0.0019257744676296228
6548,0.0019257754644386726
6549,0.0019257764615357408
6550,0.0019257774589493798
6551,0.001925778456708051
6552,0.001925779454840316
6553,0.001925780453374153
6554,0.0019257814523377609
6555,0.001925782451758952
6556,0.0019257834516654576
6557,0.0019257844520850205
6558,0.0019257854530451064
6559,0.001925786454572966
6560,0.0019257874566958703
6561,0.0019257884594409093
6562,0.0019257894628349381
6563,0.0019257904669048647
6564,0.0019257914716771353
6565,0.0019257924771784057
6566,0.0019257934834351184
6567,0.0019257944904734173
6568,0.0019257954983194453
6569,0.0019257965069992295
6570,0.0019257975165384513
6571,0.0019257985269630076
6572,0.0019257995382984412
6573,0.0019258005505701696
6574,0.0019258015638036396
6575,0.001925802578023982
6576,0.0019258035932562482
6577,0.0019258046095254422
6578,0.0019258056268563338
6579,0.0019258066452737626
6580,0.0019258076648022793
6581,0.0019258086854663761
6582,0.0019258097072904507
6583,0.0019258107302987189
6584,0.0019258117545152868
6585,0.001925812779964291
6586,0.001925813806669633
6587,0.0019258148346550544
6588,0.001925815863944268
6589,0.001925816894560941
6590,0.0019258179265285848
6591,0.0019258189598705634
6592,0.0019258199946101395
6593,0.0019258210307705477
6594,0.0019258220683748715
6595,0.0019258231074461888
6596,0.0019258241480074264
6597,0.00192582519008136
6598,0.0019258262336907675
6599,0.0019258272788582802
6600,0.0019258283256064455
6601,0.0019258293739577497
6602,0.0019258304239346234
6603,0.00192583147555938
6604,0.0019258325288542715
6605,0.001925833583841427
6606,0.001925834640543
6607,0.0019258356989809379
6608,0.0019258367591773033
6609,0.0019258378211539496
6610,0.0019258388849326003
6611,0.001925839950535144
6612,0.0019258410179831603
6613,0.001925842087298412
6614,0.0019258431585023677
6615,0.001925844231616496
6616,0.0019258453066623878
6617,0.0019258463836614636
6618,0.0019258474626350176
6619,0.0019258485436043707
6620,0.0019258496265908075
6621,0.001925850711615513
6622,0.0019258517986997378
6623,0.0019258528878645185
6624,0.0019258539791310225
6625,0.0019258550725203038
6626,0.0019258561680533719
6627,0.00192585726575119
6628,0.0019258583656348435
6629,0.0019258594677251488
6630,0.0019258605720429939
6631,0.0019258616786093584
6632,0.001925862787445043
6633,0.0019258638985708116
6634,0.0019258650120075333
6635,0.0019258661277759771
6636,0.0019258672458969618
6637,0.0019258683663912614
6638,0.0019258694892795056
6639,0.0019258706145824798
6640,0.0019258717423209224
6641,0.0019258728725156326
6642,0.0019258740051871757
6643,0.0019258751403562553
6644,0.001925876278043637
6645,0.0019258774182699659
6646,0.0019258785610559283
6647,0.0019258797064221765
6648,0.0019258808543894939
6649,0.0019258820049784934
6650,0.0019258831582098913
6651,0.001925884314104478
6652,0.0019258854726827983
6653,0.0019258866339656503
6654,0.0019258877979737746
6655,0.0019258889647278698
6656,0.0019258901342487462
6657,0.0019258913065571138
6658,0.001925892481673789
6659,0.001925893659619439
6660,0.0019258948404150056
6661,0.001925896024081227
6662,0.001925897210639018
6663,0.0019258984001091941
6664,0.001925899592512661
6665,0.0019259007878702104
6666,0.001925901986202853
6667,0.0019259031875314895
6668,0.0019259043918771583
6669,0.0019259055992607633
6670,0.001925906809703384
6671,0.001925908023226045
6672,0.0019259092398497323
6673,0.001925910459595552
6674,0.001925911682484611
6675,0.001925912908538153
6676,0.001925914137777265
6677,0.001925915370223145
6678,0.0019259166058970014
6679,0.0019259178448201386
6680,0.001925919087013838
6681,0.0019259203324993087
6682,0.0019259215812979747
6683,0.0019259228334311722
6684,0.0019259240889203254
6685,0.00192592534778679
6686,0.0019259266100520166
6687,0.0019259278757375211
6688,0.001925929144864851
6689,0.0019259304174554404
6690,0.00192593169353101
6691,0.0019259329731129702
6692,0.001925934256223106
6693,0.0019259355428829677
6694,0.0019259368331143042
6695,0.0019259381269386795
6696,0.0019259394243779022
6697,0.0019259407254537614
6698,0.0019259420301880044
6699,0.001925943338602568
6700,0.0019259446507191007
6701,0.0019259459665594558
6702,0.001925947286145655
6703,0.001925948609499428
6704,0.0019259499366428335
6705,0.0019259512675977412
6706,0.0019259526023861198
6707,0.001925953941029996
6708,0.001925955283551385
6709,0.001925956629972192
6710,0.0019259579803144607
6711,0.001925959334600343
6712,0.0019259606928518137
6713,0.0019259620550909793
6714,0.0019259634213399553
6715,0.0019259647916207428
6716,0.0019259661659555534
6717,0.001925967544366414
6718,0.0019259689268754908
6719,0.0019259703135049112
6720,0.0019259717042767633
6721,0.001925973099213212
6722,0.0019259744983363115
6723,0.0019259759016682478
6724,0.001925977309231045
6725,0.0019259787210468711
6726,0.0019259801371378448
6727,0.0019259815575261687
6728,0.0019259829822338228
6729,0.0019259844112829664
6730,0.0019259858446956585
6731,0.0019259872824939348
6732,0.001925988724699924
6733,0.0019259901713355786
6734,0.0019259916224228354
6735,0.0019259930779839754
6736,0.001925994538040675
6737,0.0019259960026150333
6738,0.0019259974717288962
6739,0.0019259989454042232
6740,0.0019260004236628019
6741,0.001926001906526478
6742,0.0019260033940170429
6743,0.0019260048861562398
6744,0.0019260063829657935
6745,0.0019260078844673023
6746,0.0019260093906824254
6747,0.001926010901632741
6748,0.0019260124173397196
6749,0.0019260139378248927
6750,0.0019260154631096696
6751,0.0019260169932153277
6752,0.0019260185281632257
6753,0.001926020067974603
6754,0.0019260216126705872
6755,0.0019260231622723074
6756,0.001926024716800844
6757,0.0019260262762771044
6758,0.0019260278407219182
6759,0.0019260294101562448
6760,0.001926030984600668
6761,0.0019260325640758596
6762,0.001926034148602343
6763,0.001926035738200695
6764,0.0019260373328911721
6765,0.0019260389326941016
6766,0.0019260405376296712
6767,0.0019260421477179743
6768,0.0019260437629789703
6769,0.0019260453834324418
6770,0.0019260470090982234
6771,0.0019260486399959881
6772,0.0019260502761452238
6773,0.0019260519175653456
6774,0.001926053564275611
6775,0.0019260552162952281
6776,0.0019260568736431188
6777,0.0019260585363383483
6778,0.001926060204399554
6779,0.0019260618778453573
6780,0.0019260635566943232
6781,0.0019260652409646894
6782,0.0019260669306747572
6783,0.001926068625842451
6784,0.001926070326485739
6785,0.0019260720326223424
6786,0.0019260737442697332
6787,0.0019260754614454031
6788,0.0019260771841663957
6789,0.001926078912449965
6790,0.0019260806463128296
6791,0.0019260823857717353
6792,0.001926084130843136
6793,0.0019260858815434536
6794,0.001926087637888753
6795,0.0019260893998950081
6796,0.0019260911675778318
6797,0.0019260929409528364
6798,0.0019260947200352306
6799,0.0019260965048402286
6800,0.001926098295382741
6801,0.0019261000916773745
6802,0.0019261018937386447
6803,0.0019261037015806909
6804,0.0019261055152175535
6805,0.0019261073346629647
6806,0.0019261091599304513
6807,0.0019261109910333367
6808,0.0019261128279844744
6809,0.0019261146707968242
6810,0.0019261165194828015
6811,0.001926118374054729
6812,0.001926120234524582
6813,0.0019261221009040624
6814,0.001926123973204647
6815,0.001926125851437507
6816,0.0019261277356135852
6817,0.001926129625743395
6818,0.0019261315218373014
6819,0.0019261334239053646
6820,0.0019261353319572723
6821,0.0019261372460024565
6822,0.0019261391660499792
6823,0.0019261410921087797
6824,0.0019261430241872388
6825,0.0019261449622935767
6826,0.0019261469064355732
6827,0.0019261488566208042
6828,0.001926150812856484
6829,0.0019261527751493123
6830,0.00192615474350585
6831,0.0019261567179322066
6832,0.001926158698434243
6833,0.0019261606850173505
6834,0.0019261626776866366
6835,0.0019261646764467527
6836,0.001926166681301995
6837,0.0019261686922561506
6838,0.0019261707093128724
6839,0.0019261727324752598
6840,0.0019261747617460709
6841,0.0019261767971277025
6842,0.0019261788386221658
6843,0.0019261808862310783
6844,0.0019261829399556025
6845,0.0019261849997963827
6846,0.00192618706575391
6847,0.0019261891378279845
6848,0.0019261912160180722
6849,0.001926193300323323
6850,0.001926195390742194
6851,0.0019261974872729522
6852,0.001926199589913248
6853,0.001926201698660283
6854,0.001926203813510912
6855,0.0019262059344613708
6856,0.0019262080615076017
6857,0.0019262101946449378
6858,0.0019262123338681133
6859,0.0019262144791717913
6860,0.0019262166305496506
6861,0.001926218787995267
6862,0.001926220951501462
6863,0.0019262231210605404
6864,0.0019262252966645718
6865,0.001926227478304794
6866,0.001926229665972116
6867,0.0019262318596568948
6868,0.001926234059348878
6869,0.001926236265037223
6870,0.0019262384767107761
6871,0.0019262406943576645
6872,0.0019262429179654976
6873,0.0019262451475213097
6874,0.0019262473830115076
6875,0.0019262496244221454
6876,0.0019262518717384383
6877,0.0019262541249451903
6878,0.001926256384026724
6879,0.0019262586489664738
6880,0.0019262609197474778
6881,0.0019262631963521506
6882,0.0019262654787623457
6883,0.0019262677669591127
6884,0.001926270060923165
6885,0.0019262723606343725
6886,0.0019262746660721568
6887,0.0019262769772151525
6888,0.0019262792940415137
6889,0.0019262816165285517
6890,0.0019262839446532525
6891,0.0019262862783915886
6892,0.0019262886177191419
6893,0.0019262909626107845
6894,0.0019262933131893483
6895,0.0019262956695523822
6896,0.0019262980316738273
6897,0.0019263003995272179
6898,0.001926302773085396
6899,0.0019263051523203338
6900,0.001926307537203424
6901,0.0019263099277053858
6902,0.0019263123237961027
6903,0.0019263147254448092
6904,0.0019263171326200524
6905,0.001926319545289548
6906,0.0019263219634203669
6907,0.001926324386978915
6908,0.0019263268159306597
6909,0.001926329250240513
6910,0.0019263316898726155
6911,0.0019263341347902994
6912,0.0019263365849560932
6913,0.0019263390403318765
6914,0.0019263415008786801
6915,0.0019263439665569326
6916,0.001926346437325986
6917,0.001926348913144779
6918,0.001926351393971168
6919,0.0019263538797623715
6920,0.0019263563704748946
6921,0.0019263588660643296
6922,0.0019263613664854493
6923,0.0019263638716923801
6924,0.001926366381638348
6925,0.001926368896275762
6926,0.0019263714155563713
6927,0.00192637393943082
6928,0.0019263764678493145
6929,0.001926379000760911
6930,0.0019263815381140863
6931,0.0019263840798563366
6932,0.0019263866259344958
6933,0.001926389176294469
6934,0.001926391730881333
6935,0.001926394289639358
6936,0.001926396852511946
6937,0.0019263994194417627
6938,0.0019264019903705027
6939,0.0019264045652390939
6940,0.001926407143987688
6941,0.0019264097265554111
6942,0.0019264123128806905
6943,0.0019264149029011334
6944,0.0019264174965532826
6945,0.0019264200937731616
6946,0.0019264226944956597
6947,0.0019264252986548808
6948,0.0019264279061841697
6949,0.0019264305170159635
6950,0.0019264331310817737
6951,0.0019264357483123806
6952,0.0019264383686375852
6953,0.0019264409919863977
6954,0.0019264436182868927
6955,0.0019264462474664484
6956,0.0019264488794513209
6957,0.0019264515141671442
6958,0.0019264541515386425
6959,0.0019264567914895406
6960,0.0019264594339429085
6961,0.0019264620788206834
6962,0.001926464726044123
6963,0.001926467375533598
6964,0.0019264700272087246
6965,0.0019264726809880154
6966,0.001926475336789317
6967,0.0019264779945295126
6968,0.0019264806541246023
6969,0.001926483315489823
6970,0.001926485978539495
6971,0.0019264886431871234
6972,0.0019264913093453055
6973,0.001926493976925799
6974,0.0019264966458394852
6975,0.0019264993159964713
6976,0.0019265019873059793
6977,0.0019265046596762736
6978,0.0019265073330149395
6979,0.0019265100072286634
6980,0.001926512682223225
6981,0.0019265153579035596
6982,0.0019265180341739366
6983,0.0019265207109374603
6984,0.001926523388096758
6985,0.001926526065553449
6986,0.001926528743208376
6987,0.0019265314209613795
6988,0.001926534098711815
6989,0.0019265367763579683
6990,0.0019265394537973568
6991,0.001926542130926669
6992,0.0019265448076418792
6993,0.0019265474838380855
6994,0.0019265501594095786
6995,0.001926552834249953
6996,0.0019265555082517906
6997,0.0019265581813071903
6998,0.0019265608533071792
6999,0.0019265635241421488
7000,0.0019265661937017686
7001,0.001926568861874766
7002,0.0019265715285492946
7003,0.0019265741936125803
7004,0.0019265768569512501
7005,0.0019265795184510368
7006,0.0019265821780063762
7007,0.0019265848355232602
7008,0.0019265874908845687
7009,0.0019265901439725994
7010,0.0019265927946686794
7011,0.0019265954428534938
7012,0.0019265980884068954
7013,0.0019266007312081135
7014,0.0019266033711356752
7015,0.0019266060080672962
7016,0.0019266086418799648
7017,0.0019266112724500367
7018,0.0019266138996532232
7019,0.001926616523364351
7020,0.0019266191434577778
7021,0.0019266217598070477
7022,0.001926624372285117
7023,0.0019266269807642112
7024,0.0019266295851159117
7025,0.0019266321852113098
7026,0.001926634780920692
7027,0.001926637372113725
7028,0.0019266399586595647
7029,0.00192664254042662
7030,0.001926645117282843
7031,0.0019266476890955086
7032,0.001926650255731388
7033,0.001926652817056558
7034,0.0019266553729365328
7035,0.0019266579232363834
7036,0.001926660467820574
7037,0.0019266630065529694
7038,0.0019266655392971347
7039,0.0019266680659157927
7040,0.0019266705862714532
7041,0.0019266731002258951
7042,0.0019266756076405601
7043,0.001926678108376285
7044,0.0019266806022936037
7045,0.0019266830892524863
7046,0.0019266855691125225
7047,0.0019266880417327045
7048,0.0019266905069718712
7049,0.0019266929646882432
7050,0.0019266954147396807
7051,0.0019266978569836709
7052,0.0019267002912773834
7053,0.0019267027174773817
7054,0.0019267051354401928
7055,0.001926707545021844
7056,0.0019267099460780063
7057,0.0019267123384640904
7058,0.001926714722035158
7059,0.0019267170966459162
7060,0.001926719462150889
7061,0.0019267218184043121
7062,0.0019267241652601722
7063,0.0019267265025720915
7064,0.0019267288301936386
7065,0.0019267311479779653
7066,0.0019267334557781172
7067,0.0019267357534470224
7068,0.0019267380408372573
7069,0.0019267403178012785
7070,0.0019267425841915163
7071,0.0019267448398601265
7072,0.0019267470846590629
7073,0.0019267493184403088
7074,0.001926751541055672
7075,0.0019267537523569183
7076,0.0019267559521956954
7077,0.0019267581404235426
7078,0.001926760316892033
7079,0.0019267624814526558
7080,0.0019267646339569
7081,0.00192676677425616
7082,0.0019267689022020279
7083,0.0019267710176458879
7084,0.0019267731204393437
7085,0.0019267752104338647
7086,0.0019267772874811673
7087,0.0019267793514329012
7088,0.0019267814021409414
7089,0.0019267834394570487
7090,0.0019267854632333164
7091,0.0019267874733219334
7092,0.0019267894695751278
7093,0.001926791451845432
7094,0.0019267934199853516
7095,0.0019267953738477375
7096,0.0019267973132857652
7097,0.0019267992381525793
7098,0.0019268011483016784
7099,0.0019268030435868437
7100,0.0019268049238619618
7101,0.0019268067889814465
7102,0.0019268086387997684
7103,0.0019268104731718833
7104,0.0019268122919530134
7105,0.0019268140949986537
7106,0.0019268158821646954
7107,0.0019268176533074474
7108,0.0019268194082835335
7109,0.0019268211469500114
7110,0.0019268228691643777
7111,0.0019268245747845738
7112,0.0019268262636688625
7113,0.0019268279356760584
7114,0.0019268295906655364
7115,0.0019268312284969349
7116,0.0019268328490304534
7117,0.0019268344521270611
7118,0.0019268360376479515
7119,0.0019268376054551164
7120,0.0019268391554108767
7121,0.0019268406873782292
7122,0.001926842201220807
7123,0.001926843696802814
7124,0.0019268451739890946
7125,0.0019268466326450065
7126,0.0019268480726367537
7127,0.0019268494938311062
7128,0.0019268508960955252
7129,0.001926852279298161
7130,0.0019268536433078632
7131,0.0019268549879941745
7132,0.0019268563132274947
7133,0.001926857618878839
7134,0.0019268589048200009
7135,0.0019268601709236668
7136,0.0019268614170631926
7137,0.001926862643112877
7138,0.0019268638489477045
7139,0.0019268650344434523
7140,0.0019268661994770169
7141,0.0019268673439258846
7142,0.0019268684676685991
7143,0.0019268695705845001
7144,0.0019268706525537912
7145,0.0019268717134576937
7146,0.001926872753178245
7147,0.00192687377159853
7148,0.0019268747686025565
7149,0.0019268757440752847
7150,0.001926876697902673
7151,0.0019268776299716705
7152,0.0019268785401702342
7153,0.0019268794283873343
7154,0.001926880294512943
7155,0.0019268811384381512
7156,0.001926881960055113
7157,0.0019268827592568297
7158,0.0019268835359377149
7159,0.0019268842899930062
7160,0.0019268850213192026
7161,0.001926885729813877
7162,0.0019268864153756545
7163,0.0019268870779044352
7164,0.0019268877173011288
7165,0.0019268883334678949
7166,0.0019268889263080154
7167,0.0019268894957259952
7168,0.0019268900416274353
7169,0.001926890563919333
7170,0.001926891062509627
7171,0.001926891537307743
7172,0.0019268919882241542
7173,0.00192689241517064
7174,0.0019268928180602163
7175,0.001926893196807217
7176,0.0019268935513271734
7177,0.0019268938815368251
7178,0.0019268941873543722
7179,0.0019268944686992393
7180,0.0019268947254921381
7181,0.0019268949576551188
7182,0.0019268951651114745
7183,0.0019268953477858952
7184,0.0019268955056043655
7185,0.001926895638494296
7186,0.0019268957463844433
7187,0.0019268958292047234
7188,0.0019268958868866592
7189,0.0019268959193630003
7190,0.0019268959265679897
7191,0.0019268959084371038
7192,0.0019268958649072997
7193,0.0019268957959169908
7194,0.0019268957014059347
7195,0.0019268955813152126
7196,0.001926895435587477
7197,0.0019268952641666643
7198,0.0019268950669981838
7199,0.0019268948440288854
7200,0.0019268945952070316
7201,0.00192689432048246
7202,0.0019268940198062618
7203,0.0019268936931309366
7204,0.0019268933404106633
7205,0.001926892961600831
7206,0.001926892556658466
7207,0.001926892125542009
7208,0.0019268916682112533
7209,0.001926891184627584
7210,0.0019268906747538918
7211,0.0019268901385543007
7212,0.0019268895759946675
7213,0.0019268889870421636
7214,0.0019268883716654969
7215,0.0019268877298348236
7216,0.0019268870615218405
7217,0.0019268863666995976
7218,0.001926885645342741
7219,0.0019268848974273395
7220,0.0019268841229309718
7221,0.0019268833218326132
7222,0.0019268824941128136
7223,0.00192688163975365
7224,0.0019268807587384735
7225,0.0019268798510522125
7226,0.0019268789166813588
7227,0.0019268779556137377
7228,0.0019268769678387368
7229,0.001926875953347189
7230,0.0019268749121313141
7231,0.001926873844184951
7232,0.0019268727495032195
7233,0.0019268716280829476
7234,0.0019268704799221149
7235,0.0019268693050203897
7236,0.001926868103378706
7237,0.0019268668749996105
7238,0.0019268656198870434
7239,0.0019268643380463061
7240,0.0019268630294841684
7241,0.0019268616942087898
7242,0.0019268603322298787
7243,0.0019268589435584302
7244,0.001926857528206902
7245,0.0019268560861891674
7246,0.0019268546175204397
7247,0.0019268531222173678
7248,0.0019268516002980299
7249,0.0019268500517817294
7250,0.0019268484766894163
7251,0.0019268468750431064
7252,0.001926845246866344
7253,0.0019268435921839131
7254,0.0019268419110220916
7255,0.0019268402034084218
7256,0.0019268384693717085
7257,0.0019268367089421326
7258,0.0019268349221511515
7259,0.0019268331090315494
7260,0.001926831269617459
7261,0.0019268294039442321
7262,0.0019268275120484654
7263,0.0019268255939680315
7264,0.0019268236497421093
7265,0.001926821679411044
7266,0.0019268196830163947
7267,0.00192681766060113
7268,0.001926815612209224
7269,0.0019268135378859349
7270,0.0019268114376776561
7271,0.0019268093116320052
7272,0.0019268071597977588
7273,0.0019268049822249006
7274,0.0019268027789644078
7275,0.0019268005500686078
7276,0.0019267982955907645
7277,0.001926796015585135
7278,0.0019267937101073922
7279,0.0019267913792141624
7280,0.0019267890229630374
7281,0.0019267866414126947
7282,0.0019267842346230085
7283,0.0019267818026546398
7284,0.0019267793455693205
7285,0.0019267768634300486
7286,0.0019267743563003937
7287,0.0019267718242455528
7288,0.0019267692673328241
7289,0.0019267666856288537
7290,0.0019267640792012702
7291,0.0019267614481184676
7292,0.0019267587924498362
7293,0.0019267561122657208
7294,0.0019267534076372293
7295,0.001926750678636305
7296,0.0019267479253359222
7297,0.0019267451478096177
7298,0.0019267423461318447
7299,0.001926739520377868
7300,0.001926736670623767
7301,0.0019267337969462723
7302,0.001926730899422921
7303,0.0019267279781319442
7304,0.0019267250331523524
7305,0.0019267220645638173
7306,0.0019267190724466905
7307,0.0019267160568819488
7308,0.001926713017951255
7309,0.0019267099557369214
7310,0.0019267068703217969
7311,0.0019267037617894654
7312,0.0019267006302239405
7313,0.00192669747570991
7314,0.001926694298332518
7315,0.001926691098177497
7316,0.0019266878753310737
7317,0.0019266846298800838
7318,0.0019266813619116176
7319,0.0019266780715134425
7320,0.0019266747587737285
7321,0.001926671423780966
7322,0.0019266680666241438
7323,0.0019266646873927148
7324,0.001926661286176372
7325,0.0019266578630652382
7326,0.0019266544181498503
7327,0.0019266509515209354
7328,0.0019266474632696645
7329,0.0019266439534874151
7330,0.0019266404222659215
7331,0.0019266368696971839
7332,0.0019266332958733667
7333,0.0019266297008869782
7334,0.0019266260848307079
7335,0.0019266224477972628
7336,0.001926618789879835
7337,0.0019266151111716682
7338,0.001926611411766089
7339,0.0019266076917566321
7340,0.0019266039512369846
7341,0.0019266001903007635
7342,0.0019265964090418909
7343,0.0019265926075543226
7344,0.001926588785931847
7345,0.0019265849442686948
7346,0.001926581082658784
7347,0.0019265772011962542
7348,0.0019265732999751116
7349,0.0019265693790893419
7350,0.0019265654386330677
7351,0.0019265614787001097
7352,0.0019265574993845248
7353,0.001926553500780124
7354,0.001926549482980597
7355,0.001926545446079663
7356,0.0019265413901708884
7357,0.0019265373153476717
7358,0.0019265332217032153
7359,0.0019265291093306855
7360,0.0019265249783230855
7361,0.0019265208287730783
7362,0.0019265166607733196
7363,0.001926512474416228
7364,0.0019265082697939532
7365,0.0019265040469984523
7366,0.0019264998061213799
7367,0.001926495547254191
7368,0.0019264912704881434
7369,0.0019264869759140157
7370,0.001926482663622639
7371,0.0019264783337042104
7372,0.0019264739862487428
7373,0.001926469621346074
7374,0.0019264652390854988
7375,0.001926460839556173
7376,0.0019264564228466646
7377,0.0019264519890455141
7378,0.0019264475382405957
7379,0.0019264430705195727
7380,0.001926438585969645
7381,0.0019264340846777337
7382,0.0019264295667303093
7383,0.0019264250322134095
7384,0.0019264204812126783
7385,0.0019264159138133578
7386,0.0019264113301001894
7387,0.0019264067298155028
7388,0.0019264021127891632
7389,0.0019263974791106765
7390,0.0019263928288690397
7391,0.0019263881621527689
7392,0.0019263834790501282
7393,0.001926378779648566
7394,0.0019263740640353317
7395,0.001926369332297057
7396,0.0019263645845198599
7397,0.0019263598207894896
7398,0.0019263550411911354
7399,0.0019263502458093896
7400,0.0019263454347284996
7401,0.001926340608031936
7402,0.0019263357658029748
7403,0.0019263309081241366
7404,0.001926326035077448
7405,0.0019263211467444958
7406,0.0019263162432062734
7407,0.0019263113245432217
7408,0.0019263063908352964
7409,0.0019263014421618781
7410,0.001926296478601789
7411,0.0019262915002333295
7412,0.0019262865071342213
7413,0.0019262814993816707
7414,0.001926276477052342
7415,0.001926271440222416
7416,0.001926266388967349
7417,0.0019262613233621952
7418,0.00192625624348137
7419,0.0019262511493988899
7420,0.0019262460411880193
7421,0.0019262409189215212
7422,0.0019262357826718625
7423,0.0019262306325105447
7424,0.0019262254685087307
7425,0.0019262202907371047
7426,0.0019262150992658286
7427,0.0019262098941643937
7428,0.0019262046755018842
7429,0.0019261994433466855
7430,0.0019261941977666611
7431,0.001926188938829394
7432,0.0019261836666016924
7433,0.0019261783811498716
7434,0.001926173082539884
7435,0.0019261677708369545
7436,0.0019261624461059544
7437,0.0019261571084111299
7438,0.0019261517578163818
7439,0.0019261463943849393
7440,0.0019261410181796214
7441,0.0019261356292627485
7442,0.001926130227696118
7443,0.0019261248135411056
7444,0.001926119386858615
7445,0.0019261139477089132
7446,0.0019261084961519875
7447,0.001926103032247324
7448,0.0019260975560539564
7449,0.001926092067630477
7450,0.001926086567034954
7451,0.0019260810543251488
7452,0.0019260755295583067
7453,0.0019260699927913143
7454,0.0019260644440805864
7455,0.0019260588834820727
7456,0.0019260533110514115
7457,0.0019260477268438795
7458,0.001926042130914304
7459,0.0019260365233172083
7460,0.001926030904106638
7461,0.0019260252733363558
7462,0.0019260196310596997
7463,0.0019260139773296448
7464,0.0019260083121988413
7465,0.0019260026357196393
7466,0.0019259969479439776
7467,0.0019259912489235887
7468,0.0019259855387097887
7469,0.0019259798173535115
7470,0.0019259740849056051
7471,0.0019259683414165377
7472,0.0019259625869365523
7473,0.001925956821515456
7474,0.00192595104520292
7475,0.0019259452580482614
7476,0.0019259394601006301
7477,0.001925933651408975
7478,0.0019259278320219592
7479,0.0019259220019879916
7480,0.0019259161613553399
7481,0.0019259103101719973
7482,0.0019259044484857474
7483,0.0019258985763442257
7484,0.0019258926937948439
7485,0.0019258868008849843
7486,0.0019258808976617262
7487,0.0019258749841720262
7488,0.001925869060462645
7489,0.0019258631265803453
7490,0.0019258571825716182
7491,0.001925851228482892
7492,0.0019258452643605864
7493,0.001925839290250838
7494,0.0019258333061997807
7495,0.0019258273122534828
7496,0.0019258213084578357
7497,0.0019258152948587828
7498,0.001925809271502141
7499,0.0019258032384336643
7500,0.0019257971956991634
7501,0.0019257911433443093
7502,0.0019257850814148627
7503,0.0019257790099564537
7504,0.0019257729290146864
7505,0.0019257668386352823
7506,0.0019257607388638751
7507,0.0019257546297461736
7508,0.0019257485113279163
7509,0.0019257423836548373
7510,0.0019257362467726949
7511,0.0019257301007273595
7512,0.0019257239455647284
7513,0.0019257177813307917
7514,0.0019257116080715225
7515,0.0019257054258332367
7516,0.0019256992346619937
7517,0.0019256930346041334
7518,0.001925686825706119
7519,0.0019256806080145984
7520,0.00192567438157602
7521,0.0019256681464373743
7522,0.0019256619026454566
7523,0.0019256556502475258
7524,0.001925649389290719
7525,0.0019256431198224012
7526,0.0019256368418902952
7527,0.001925630555542031
7528,0.0019256242608255926
7529,0.0019256179577890483
7530,0.0019256116464808973
7531,0.0019256053269495785
7532,0.0019255989992438272
7533,0.0019255926634125721
7534,0.00192558631950521
7535,0.0019255799675710348
7536,0.0019255736076597618
7537,0.0019255672398213442
7538,0.0019255608641059552
7539,0.0019255544805641463
7540,0.0019255480892464232
7541,0.0019255416902039955
7542,0.0019255352834880474
7543,0.001925528869150192
7544,0.0019255224472424504
7545,0.0019255160178169725
7546,0.001925509580926206
7547,0.0019255031366230695
7548,0.0019254966849605788
7549,0.001925490225992309
7550,0.0019254837597719532
7551,0.0019254772863537334
7552,0.0019254708057920501
7553,0.001925464318141806
7554,0.0019254578234581556
7555,0.0019254513217967703
7556,0.001925444813213377
7557,0.0019254382977644683
7558,0.0019254317755066687
7559,0.0019254252464970902
7560,0.001925418710793171
7561,0.001925412168452881
7562,0.0019254056195343499
7563,0.0019253990640964154
7564,0.0019253925021980574
7565,0.0019253859338989026
7566,0.0019253793592588497
7567,0.0019253727783382617
7568,0.0019253661911980814
7569,0.0019253595978994537
7570,0.0019253529985041175
7571,0.0019253463930742948
7572,0.0019253397816724757
7573,0.001925333164361804
7574,0.0019253265412058278
7575,0.0019253199122685374
7576,0.0019253132776144326
7577,0.0019253066373175524
7578,0.0019252999914538258
7579,0.0019252933400891997
7580,0.0019252866832900543
7581,0.0019252800211234152
7582,0.0019252733536565404
7583,0.0019252666809574672
7584,0.0019252600030946374
7585,0.0019252533201370252
7586,0.0019252466321539909
7587,0.0019252399392155515
7588,0.0019252332413922596
7589,0.0019252265387551407
7590,0.0019252198313758264
7591,0.0019252131193262878
7592,0.0019252064026792455
7593,0.0019251996815078537
7594,0.0019251929558858837
7595,0.0019251862258876404
7596,0.001925179491587968
7597,0.0019251727530621952
7598,0.0019251660103863223
7599,0.0019251592636367978
7600,0.001925152512890738
7601,0.0019251457582257839
7602,0.001925138999720129
7603,0.0019251322374526892
7604,0.0019251254715026316
7605,0.0019251187019500083
7606,0.0019251119288754297
7607,0.0019251051523599407
7608,0.0019250983724851416
7609,0.0019250915893334866
7610,0.0019250848029877723
7611,0.0019250780135315105
7612,0.001925071221048791
7613,0.0019250644256243391
7614,0.0019250576273433235
7615,0.0019250508262917555
7616,0.0019250440225561
7617,0.0019250372162234214
7618,0.001925030407381444
7619,0.0019250235961185479
7620,0.0019250167825236944
7621,0.0019250099666863636
7622,0.0019250031486967197
7623,0.0019249963286455689
7624,0.0019249895066243954
7625,0.001924982682725273
7626,0.0019249758570408023
7627,0.0019249690296642044
7628,0.001924962200689529
7629,0.001924955370211347
7630,0.0019249485383246747
7631,0.0019249417051254694
7632,0.0019249348707102336
7633,0.0019249280351759802
7634,0.0019249211986203797
7635,0.0019249143611418454
7636,0.001924907522839405
7637,0.001924900683812705
7638,0.0019248938441619701
7639,0.0019248870039880529
7640,0.0019248801633926006
7641,0.0019248733224777638
7642,0.0019248664813464413
7643,0.0019248596401020973
7644,0.0019248527988489652
7645,0.0019248459576917088
7646,0.00192483911673577
7647,0.0019248322760873303
7648,0.0019248254358529835
7649,0.0019248185961402084
7650,0.0019248117570568885
7651,0.0019248049187117885
7652,0.001924798081214204
7653,0.0019247912446740498
7654,0.0019247844092020617
7655,0.001924777574909423
7656,0.0019247707419080763
7657,0.0019247639103106018
7658,0.001924757080230117
7659,0.0019247502517805454
7660,0.0019247434250765554
7661,0.0019247366002330781
7662,0.0019247297773661402
7663,0.0019247229565920736
7664,0.0019247161380280683
7665,0.001924709321791827
7666,0.0019247025080019189
7667,0.0019246956967772515
7668,0.0019246888882377426
7669,0.001924682082503663
7670,0.0019246752796959691
7671,0.0019246684799364827
7672,0.0019246616833474815
7673,0.0019246548900518593
7674,0.0019246481001733194
7675,0.0019246413138361389
7676,0.001924634531165218
7677,0.0019246277522861424
7678,0.0019246209773251454
7679,0.0019246142064090377
7680,0.0019246074396653244
7681,0.0019246006772222664
7682,0.0019245939192085565
7683,0.0019245871657537588
7684,0.001924580416987821
7685,0.0019245736730415773
7686,0.0019245669340463623
7687,0.001924560200134118
7688,0.0019245534714376275
7689,0.0019245467480901771
7690,0.0019245400302257474
7691,0.0019245333179788767
7692,0.001924526611484793
7693,0.0019245199108793634
7694,0.0019245132162990378
7695,0.0019245065278810276
7696,0.0019244998457630849
7697,0.0019244931700836056
7698,0.0019244865009816418
7699,0.0019244798385967526
7700,0.0019244731830693402
7701,0.0019244665345403633
7702,0.0019244598931513431
7703,0.0019244532590445142
7704,0.0019244466323626865
7705,0.0019244400132492627
7706,0.0019244334018482972
7707,0.0019244267983044685
7708,0.0019244202027632767
7709,0.0019244136153704486
7710,0.001924407036272705
7711,0.0019244004656172162
7712,0.001924393903551589
7713,0.0019243873502244571
7714,0.001924380805784786
7715,0.001924374270382123
7716,0.0019243677441667737
7717,0.001924361227289677
7718,0.0019243547199022542
7719,0.0019243482221565358
7720,0.0019243417342052053
7721,0.001924335256201665
7722,0.0019243287882995885
7723,0.00192432233065369
7724,0.001924315883418934
7725,0.0019243094467510575
7726,0.0019243030208061678
7727,0.0019242966057411582
7728,0.0019242902017130915
7729,0.0019242838088802195
7730,0.0019242774274011013
7731,0.001924271057434863
7732,0.0019242646991413784
7733,0.0019242583526809093
7734,0.0019242520182143963
7735,0.0019242456959034802
7736,0.0019242393859099727
7737,0.0019242330883968346
7738,0.0019242268035270578
7739,0.001924220531464497
7740,0.0019242142723734233
7741,0.0019242080264186869
7742,0.0019242017937657837
7743,0.0019241955745806514
7744,0.001924189369029812
7745,0.0019241831772803752
7746,0.0019241769994998372
7747,0.001924170835856311
7748,0.0019241646865184293
7749,0.0019241585516554143
7750,0.001924152431436965
7751,0.0019241463260333482
7752,0.0019241402356152452
7753,0.001924134160353789
7754,0.0019241281004208001
7755,0.0019241220559885457
7756,0.0019241160272297003
7757,0.0019241100143174445
7758,0.0019241040174254164
7759,0.0019240980367278713
7760,0.0019240920723994142
7761,0.0019240861246151728
7762,0.0019240801935507734
7763,0.0019240742793821624
7764,0.001924068382285811
7765,0.0019240625024386892
7766,0.0019240566400181072
7767,0.001924050795202009
7768,0.0019240449681685434
7769,0.0019240391587300907
7770,0.0019240333670395597
7771,0.0019240275932795492
7772,0.001924021837633293
7773,0.0019240161002844038
7774,0.0019240103814171883
7775,0.001924004681216206
7776,0.0019239989998664881
7777,0.0019239933375535371
7778,0.0019239876944633614
7779,0.0019239820707822475
7780,0.0019239764666969463
7781,0.0019239708823947444
7782,0.0019239653180631153
7783,0.0019239597738900617
7784,0.0019239542500638588
7785,0.0019239487467732682
7786,0.00192394326420718
7787,0.0019239378025549937
7788,0.0019239323620064497
7789,0.0019239269427515997
7790,0.0019239215449807097
7791,0.0019239161688844706
7792,0.001923910814653615
7793,0.0019239054824795035
7794,0.0019239001725533777
7795,0.0019238948850669405
7796,0.0019238896202120456
7797,0.0019238843781807908
7798,0.0019238791591656011
7799,0.0019238739633587708
7800,0.0019238687909529978
7801,0.0019238636421411075
7802,0.0019238585171160825
7803,0.0019238534160711084
7804,0.0019238483391993016
7805,0.0019238432866940066
7806,0.0019238382587485328
7807,0.0019238332555564718
7808,0.001923828277311395
7809,0.001923823324206746
7810,0.001923818396436055
7811,0.0019238134941929738
7812,0.0019238086176709861
7813,0.0019238037670637434
7814,0.001923798942564807
7815,0.0019237941443674363
7816,0.0019237893726650331
7817,0.0019237846276508475
7818,0.0019237799095179126
7819,0.0019237752184592706
7820,0.0019237705546677007
7821,0.0019237659183358468
7822,0.001923761309656233
7823,0.0019237567288209157
7824,0.0019237521760219754
7825,0.0019237476514511003
7826,0.0019237431552996391
7827,0.0019237386877587268
7828,0.0019237342490192114
7829,0.0019237298392713856
7830,0.0019237254587055744
7831,0.0019237211075113126
7832,0.0019237167858779077
7833,0.0019237124943116582
7834,0.001923708233298549
7835,0.001923704003016966
7836,0.0019236998036449107
7837,0.0019236956353599877
7838,0.0019236914983392895
7839,0.0019236873927594815
7840,0.0019236833187966946
7841,0.0019236792766266137
7842,0.0019236752664242723
7843,0.0019236712883640976
7844,0.0019236673426199326
7845,0.0019236634293652026
7846,0.00192365954877222
7847,0.0019236557010129823
7848,0.0019236518862585515
7849,0.0019236481046793995
7850,0.00192364435644503
7851,0.0019236406417241906
7852,0.0019236369606848004
7853,0.0019236333134940449
7854,0.0019236297003178491
7855,0.0019236261213216354
7856,0.0019236225766696292
7857,0.0019236190665249775
7858,0.001923615591050037
7859,0.0019236121504057826
7860,0.0019236087447523872
7861,0.0019236053742487755
7862,0.0019236020390527096
7863,0.001923598739320791
7864,0.001923595475208282
7865,0.0019235922468694567
7866,0.001923589054457013
7867,0.0019235858981224378
7868,0.0019235827780158161
7869,0.001923579694285909
7870,0.001923576647080105
7871,0.001923573636544143
7872,0.0019235706628223377
7873,0.0019235677260575693
7874,0.0019235648263910643
7875,0.001923561963962399
7876,0.0019235591389096297
7877,0.0019235563513689937
7878,0.0019235536014751728
7879,0.0019235508893610054
7880,0.0019235482151574316
7881,0.0019235455789938453
7882,0.0019235429809976066
7883,0.001923540421294095
7884,0.0019235379000069838
7885,0.0019235354172578245
7886,0.0019235329731661923
7887,0.0019235305678496277
7888,0.001923528201423562
7889,0.0019235258740013797
7890,0.0019235235856942682
7891,0.0019235213366111381
7892,0.0019235191268586849
7893,0.0019235169565414943
7894,0.0019235148257616315
7895,0.0019235127346189723
7896,0.001923510683210866
7897,0.001923508671632477
7898,0.0019235066999762486
7899,0.001923504768332283
7900,0.0019235028767878941
7901,0.0019235010254282077
7902,0.001923499214335364
7903,0.0019234974435891063
7904,0.0019234957132663528
7905,0.0019234940234413268
7906,0.0019234923741854512
7907,0.0019234907655674462
7908,0.0019234891976531025
7909,0.0019234876705052483
7910,0.0019234861841840145
7911,0.001923484738746355
7912,0.0019234833342462738
7913,0.0019234819707347691
7914,0.001923480648259788
7915,0.0019234793668661898
7916,0.0019234781265955725
7917,0.0019234769274863994
7918,0.0019234757695739068
7919,0.0019234746528901117
7920,0.0019234735774637224
7921,0.0019234725433201305
7922,0.0019234715504813438
7923,0.0019234705989657722
7924,0.0019234696887887087
7925,0.0019234688199616773
7926,0.0019234679924929293
7927,0.0019234672063870243
7928,0.001923466461644905
7929,0.0019234657582639784
7930,0.0019234650962380493
7931,0.001923464475557158
7932,0.0019234638962074883
7933,0.0019234633581718423
7934,0.0019234628614287767
7935,0.001923462405953342
7936,0.0019234619917165516
7937,0.0019234616186857806
7938,0.0019234612868240795
7939,0.0019234609960908965
7940,0.0019234607464416304
7941,0.0019234605378275686
7942,0.0019234603701960712
7943,0.0019234602434903315
7944,0.0019234601576494684
7945,0.0019234601126083984
7946,0.0019234601082981416
7947,0.0019234601446450306
7948,0.0019234602215717255
7949,0.0019234603389963357
7950,0.0019234604968328107
7951,0.0019234606949907209
7952,0.0019234609333754673
7953,0.0019234612118878057
7954,0.0019234615304245376
7955,0.001923461888877666
7956,0.0019234622871352645
7957,0.0019234627250804266
7958,0.0019234632025921503
7959,0.001923463719544728
7960,0.0019234642758082403
7961,0.0019234648712479455
7962,0.0019234655057247597
7963,0.0019234661790949782
7964,0.001923466891210292
7965,0.0019234676419180592
7966,0.0019234684310605616
7967,0.0019234692584757047
7968,0.0019234701239970564
7969,0.001923471027453143
7970,0.001923471968667888
7971,0.0019234729474606267
7972,0.0019234739636461917
7973,0.0019234750170345003
7974,0.0019234761074307665
7975,0.0019234772346355129
7976,0.0019234783984448315
7977,0.0019234795986497642
7978,0.0019234808350367854
7979,0.001923482107387632
7980,0.0019234834154794429
7981,0.001923484759084222
7982,0.0019234861379697618
7983,0.0019234875518989159
7984,0.0019234890006298564
7985,0.00192349048391618
7986,0.0019234920015064065
7987,0.0019234935531447232
7988,0.0019234951385705644
7989,0.0019234967575185002
7990,0.0019234984097185907
7991,0.0019235000948961331
7992,0.001923501812771995
7993,0.001923503563062328
7994,0.0019235053454785662
7995,0.001923507159727577
7996,0.0019235090055118196
7997,0.0019235108825289484
7998,0.0019235127904724605
7999,0.0019235147290310023
8000,0.0019235166978888228
8001,0.0019235186967258959
8002,0.0019235207252174605
8003,0.0019235227830348774
8004,0.001923524869844597
8005,0.0019235269853090926
8006,0.0019235291290864535
8007,0.0019235313008305584
8008,0.0019235335001911318
8009,0.0019235357268133101
8010,0.0019235379803387664
8011,0.0019235402604047404
8012,0.001923542566644363
8013,0.0019235448986870938
8014,0.001923547256157986
8015,0.001923549638678644
8016,0.0019235520458665567
8017,0.0019235544773356908
8018,0.0019235569326961552
8019,0.0019235594115545526
8020,0.0019235619135135821
8021,0.0019235644381727177
8022,0.0019235669851276958
8023,0.001923569553971166
8024,0.0019235721442922625
8025,0.0019235747556770094
8026,0.0019235773877189137
8027,0.0019235800400070615
8028,0.0019235827121180903
8029,0.001923585403625728
8030,0.0019235881141003652
8031,0.0019235908431101659
8032,0.0019235935902204198
8033,0.001923596354993575
8034,0.0019235991369896926
8035,0.0019236019357666736
8036,0.001923604750879496
8037,0.0019236075818813896
8038,0.0019236104283231904
8039,0.0019236132897536148
8040,0.0019236161657197057
8041,0.0019236190557663747
8042,0.0019236219594367951
8043,0.0019236248762725492
8044,0.001923627805813613
8045,0.0019236307475986314
8046,0.001923633701164726
8047,0.0019236366660480356
8048,0.0019236396417833222
8049,0.0019236426279045581
8050,0.0019236456239447462
8051,0.0019236486294360497
8052,0.001923651643909974
8053,0.0019236546668976924
8054,0.0019236576979297366
8055,0.0019236607365364117
8056,0.0019236637822477867
8057,0.00192366683459425
8058,0.001923669893105509
8059,0.0019236729573122364
8060,0.0019236760267450036
8061,0.0019236791009348752
8062,0.0019236821794135065
8063,0.0019236852617132059
8064,0.0019236883473673924
8065,0.0019236914359101983
8066,0.0019236945268767693
8067,0.0019236976198034566
8068,0.001923700714228206
8069,0.001923703809690344
8070,0.0019237069057306576
8071,0.0019237100018917428
8072,0.0019237130977180898
8073,0.0019237161927562782
8074,0.00192371928655476
8075,0.0019237223786643211
8076,0.0019237254686383274
8077,0.0019237285560325702
8078,0.0019237316404051212
8079,0.0019237347213173638
8080,0.001923737798333299
8081,0.0019237408710199625
8082,0.0019237439389474854
8083,0.00192374700168938
8084,0.0019237500588226032
8085,0.0019237531099273266
8086,0.0019237561545877228
8087,0.0019237591923914246
8088,0.0019237622229301638
8089,0.0019237652457995856
8090,0.001923768260599433
8091,0.0019237712669336413
8092,0.0019237742644105816
8093,0.0019237772526431052
8094,0.0019237802312482737
8095,0.0019237831998481318
8096,0.001923786158069553
8097,0.001923789105544097
8098,0.0019237920419083651
8099,0.001923794966804169
8100,0.0019237978798780464
8101,0.0019238007807822813
8102,0.001923803669174384
8103,0.0019238065447174024
8104,0.001923809407079569
8105,0.0019238122559350165
8106,0.0019238150909635784
8107,0.0019238179118507169
8108,0.0019238207182880418
8109,0.0019238235099729066
8110,0.0019238262866087849
8111,0.001923829047904765
8112,0.00192383179357679
8113,0.0019238345233465355
8114,0.001923837236942165
8115,0.001923839934098131
8116,0.0019238426145549426
8117,0.001923845278060158
8118,0.0019238479243673136
8119,0.0019238505532365962
8120,0.0019238531644347576
8121,0.0019238557577354644
8122,0.0019238583329185318
8123,0.0019238608897705486
8124,0.001923863428085167
8125,0.0019238659476623577
8126,0.0019238684483092235
8127,0.0019238709298391137
8128,0.001923873392072628
8129,0.0019238758348371046
8130,0.0019238782579664676
8131,0.0019238806613018002
8132,0.001923883044690654
8133,0.001923885407987702
8134,0.0019238877510542349
8135,0.0019238900737584934
8136,0.0019238923759754849
8137,0.00192389465758698
8138,0.001923896918481477
8139,0.0019238991585544805
8140,0.0019239013777078518
8141,0.0019239035758506025
8142,0.00192390575289833
8143,0.0019239079087731115
8144,0.0019239100434037782
8145,0.0019239121567257514
8146,0.0019239142486810917
8147,0.0019239163192184701
8148,0.0019239183682926249
8149,0.0019239203958651468
8150,0.001923922401903844
8151,0.0019239243863830783
8152,0.0019239263492831882
8153,0.0019239282905908878
8154,0.001923930210299127
8155,0.001923932108406905
8156,0.0019239339849193373
8157,0.0019239358398474035
8158,0.0019239376732081612
8159,0.0019239394850244867
8160,0.0019239412753250518
8161,0.0019239430441439051
8162,0.0019239447915215316
8163,0.0019239465175032184
8164,0.0019239482221402398
8165,0.0019239499054889374
8166,0.0019239515676112557
8167,0.0019239532085742255
8168,0.0019239548284501707
8169,0.0019239564273162383
8170,0.0019239580052550975
8171,0.0019239595623535988
8172,0.0019239610987042603
8173,0.00192396261440359
8174,0.0019239641095532692
8175,0.0019239655842591672
8176,0.0019239670386318655
8177,0.0019239684727863583
8178,0.0019239698868416014
8179,0.0019239712809211488
8180,0.0019239726551523004
8181,0.0019239740096666034
8182,0.0019239753445994474
8183,0.001923976660089786
8184,0.0019239779562806958
8185,0.0019239792333187386
8186,0.001923980491353728
8187,0.0019239817305391398
8188,0.0019239829510317825
8189,0.0019239841529917886
8190,0.0019239853365819876
8191,0.0019239865019687681
8192,0.0019239876493213613
8193,0.0019239887788114291
8194,0.001923989890613715
8195,0.0019239909849056646
8196,0.001923992061867275
8197,0.0019239931216809497
8198,0.0019239941645314554
8199,0.001923995190605699
8200,0.0019239962000929499
8201,0.0019239971931847323
8202,0.001923998170074281
8203,0.0019239991309567411
8204,0.0019240000760293529
8205,0.001924001005490893
8206,0.001924001919541891
8207,0.0019240028183842013
8208,0.0019240037022215154
8209,0.0019240045712586792
8210,0.0019240054257017116
8211,0.0019240062657581024
8212,0.0019240070916365058
8213,0.0019240079035464967
8214,0.0019240087016987948
8215,0.0019240094863047508
8216,0.0019240102575767515
8217,0.0019240110157278823
8218,0.0019240117609719183
8219,0.0019240124935234958
8220,0.0019240132135973482
8221,0.0019240139214087135
8222,0.001924014617173425
8223,0.0019240153011075933
8224,0.001924015973427659
8225,0.001924016634350089
8226,0.0019240172840918185
8227,0.0019240179228691783
8228,0.0019240185508992856
8229,0.0019240191683988824
8230,0.0019240197755847944
8231,0.0019240203726731573
8232,0.00192402095988046
8233,0.001924021537422604
8234,0.0019240221055152756
8235,0.0019240226643739088
8236,0.0019240232142136674
8237,0.0019240237552487173
8238,0.0019240242876932714
8239,0.001924024811760733
8240,0.0019240253276640988
8241,0.0019240258356153766
8242,0.001924026335826492
8243,0.0019240268285084757
8244,0.0019240273138713293
8245,0.0019240277921245762
8246,0.001924028263476848
8247,0.0019240287281359605
8248,0.0019240291863089555
8249,0.0019240296382021578
8250,0.001924030084020835
8251,0.0019240305239691846
8252,0.001924030958250495
8253,0.0019240313870673455
8254,0.0019240318106212694
8255,0.0019240322291126381
8256,0.0019240326427409273
8257,0.0019240330517047177
8258,0.0019240334562011182
8259,0.0019240338564266663
8260,0.0019240342525808562
8261,0.001924034644860629
8262,0.0019240350334592182
8263,0.0019240354185682915
8264,0.001924035800379091
8265,0.0019240361790814845
8266,0.0019240365548638255
8267,0.0019240369279141356
8268,0.0019240372984189705
8269,0.0019240376665638796
8270,0.0019240380325330649
8271,0.001924038396509885
8272,0.0019240387586764776
8273,0.001924039119214208
8274,0.0019240394783030734
8275,0.0019240398361218853
8276,0.0019240401928488993
8277,0.0019240405486611167
8278,0.0019240409037341005
8279,0.00192404125824319
8280,0.001924041612361951
8281,0.0019240419662632624
8282,0.00192404232011923
8283,0.0019240426741000205
8284,0.0019240430283753859
8285,0.0019240433831145879
8286,0.001924043738485815
8287,0.0019240440946561937
8288,0.0019240444517922525
8289,0.0019240448100595108
8290,0.0019240451696224384
8291,0.0019240455306450085
8292,0.0019240458932903188
8293,0.0019240462577206072
8294,0.0019240466240973116
8295,0.0019240469925811046
8296,0.0019240473633320755
8297,0.001924047736509464
8298,0.00192404811227212
8299,0.0019240484907779283
8300,0.0019240488721840932
8301,0.0019240492566473786
8302,0.0019240496443237761
8303,0.001924050035369157
8304,0.0019240504299383573
8305,0.0019240508281857147
8306,0.0019240512302652647
8307,0.0019240516363305408
8308,0.0019240520465344136
8309,0.0019240524610295092
8310,0.0019240528799678545
8311,0.0019240533035012055
8312,0.0019240537317809859
8313,0.0019240541649578212
8314,0.001924054603182685
8315,0.0019240550466056716
8316,0.0019240554953768557
8317,0.0019240559496458496
8318,0.0019240564095619182
8319,0.0019240568752744542
8320,0.0019240573469321994
8321,0.001924057824683951
8322,0.0019240583086780948
8323,0.0019240587990628634
8324,0.0019240592959864392
8325,0.0019240597995967563
8326,0.0019240603100414107
8327,0.0019240608274682307
8328,0.0019240613520247669
8329,0.0019240618838581407
8330,0.0019240624231156127
8331,0.0019240629699443857
8332,0.0019240635244914524
8333,0.0019240640869039047
8334,0.0019240646573284398
8335,0.001924065235911838
8336,0.0019240658228008654
8337,0.001924066418141973
8338,0.0019240670220818774
8339,0.0019240676347669228
8340,0.0019240682563434247
8341,0.001924068886957943
8342,0.0019240695267563601
8343,0.0019240701758849708
8344,0.0019240708344897817
8345,0.0019240715027164868
8346,0.0019240721807112534
8347,0.0019240728686194595
8348,0.001924073566586808
8349,0.0019240742747589216
8350,0.001924074993280763
8351,0.0019240757222974553
8352,0.0019240764619540068
8353,0.0019240772123952678
8354,0.0019240779737656514
8355,0.0019240787462094428
8356,0.0019240795298707729
8357,0.001924080324893371
8358,0.0019240811314205873
8359,0.0019240819495955361
8360,0.0019240827795610632
8361,0.0019240836214596652
8362,0.001924084475433282
8363,0.001924085341623384
8364,0.0019240862201711968
8365,0.001924087111217288
8366,0.001924088014901628
8367,0.0019240889313637624
8368,0.0019240898607426442
8369,0.0019240908031766281
8370,0.001924091758803221
8371,0.0019240927277593054
8372,0.0019240937101810138
8373,0.0019240947062037876
8374,0.0019240957159618408
8375,0.0019240967395889267
8376,0.0019240977772177071
8377,0.0019240988289797982
8378,0.0019240998950059171
8379,0.0019241009754254832
8380,0.0019241020703669078
8381,0.0019241031799576962
8382,0.001924104304323634
8383,0.0019241054435896532
8384,0.001924106597879029
8385,0.0019241077673137613
8386,0.0019241089520144002
8387,0.0019241101520998877
8388,0.001924111367687725
8389,0.0019241125988934814
8390,0.001924113845831429
8391,0.0019241151086138752
8392,0.0019241163873514899
8393,0.001924117682152552
8394,0.0019241189931240316
8395,0.001924120320370445
8396,0.0019241216639944998
8397,0.001924123024096332
8398,0.0019241244007744114
8399,0.0019241257941246732
8400,0.0019241272042404838
8401,0.001924128631213225
8402,0.001924130075131119
8403,0.0019241315360806525
8404,0.0019241330141450215
8405,0.0019241345094052028
8406,0.0019241360219390564
8407,0.001924137551821718
8408,0.0019241390991253024
8409,0.0019241406639190731
8410,0.0019241422462689423
8411,0.0019241438462381476
8412,0.0019241454638863388
8413,0.0019241470992700487
8414,0.0019241487524422952
8415,0.0019241504234528619
8416,0.0019241521123477523
8417,0.0019241538191697492
8418,0.0019241555439576555
8419,0.0019241572867465812
8420,0.0019241590475681603
8421,0.0019241608264497058
8422,0.001924162623414696
8423,0.0019241644384831334
8424,0.001924166271670098
8425,0.0019241681229869151
8426,0.001924169992440764
8427,0.0019241718800344298
8428,0.001924173785766047
8429,0.0019241757096298449
8430,0.0019241776516153572
8431,0.0019241796117071097
8432,0.0019241815898855112
8433,0.001924183586126078
8434,0.0019241856003995364
8435,0.0019241876326717238
8436,0.0019241896829034406
8437,0.0019241917510510425
8438,0.0019241938370652117
8439,0.0019241959408920534
8440,0.001924198062472243
8441,0.001924200201741447
8442,0.0019242023586299455
8443,0.0019242045330627078
8444,0.0019242067249592469
8445,0.0019242089342337554
8446,0.0019242111607953368
8447,0.0019242134045466981
8448,0.0019242156653856016
8449,0.0019242179432041244
8450,0.0019242202378883988
8451,0.0019242225493192053
8452,0.001924224877371112
8453,0.0019242272219134637
8454,0.0019242295828093736
8455,0.001924231959915967
8456,0.001924234353084796
8457,0.0019242367621610792
8458,0.0019242391869845597
8459,0.0019242416273886303
8460,0.0019242440832006231
8461,0.0019242465542417596
8462,0.0019242490403275016
8463,0.0019242515412666568
8464,0.0019242540568623514
8465,0.0019242565869112833
8466,0.0019242591312043189
8467,0.0019242616895254817
8468,0.00192426426164984
8469,0.001924266847331843
8470,0.0019242694463386795
8471,0.0019242720584311097
8472,0.0019242746833638001
8473,0.0019242773208850478
8474,0.0019242799707369284
8475,0.0019242826326550185
8476,0.0019242853063691212
8477,0.001924287991602361
8478,0.0019242906880715294
8479,0.0019242933954874894
8480,0.0019242961135546095
8481,0.0019242988419711235
8482,0.0019243015804290711
8483,0.0019243043286139988
8484,0.0019243070862058375
8485,0.0019243098528778303
8486,0.0019243126282972583
8487,0.0019243154121250125
8488,0.0019243182040164946
8489,0.0019243210036204595
8490,0.0019243238105799312
8491,0.0019243266245318042
8492,0.0019243294451068832
8493,0.0019243322719302975
8494,0.0019243351046212688
8495,0.0019243379427929105
8496,0.0019243407860526462
8497,0.0019243436340022951
8498,0.001924346486237669
8499,0.001924349342349241
8500,0.0019243522019214787
8501,0.0019243550645336536
8502,0.0019243579297594413
8503,0.0019243607971668748
8504,0.0019243636663189112
8505,0.0019243665367729929
8506,0.0019243694080813094
8507,0.0019243722797908382
8508,0.001924375151443647
8509,0.0019243780225764978
8510,0.001924380892721367
8511,0.0019243837614053392
8512,0.0019243866281504975
8513,0.0019243894924741353
8514,0.0019243923538894302
8515,0.0019243952119043395
8516,0.0019243980660227711
8517,0.0019244009157439203
8518,0.0019244037605628378
8519,0.0019244065999702786
8520,0.0019244094334529966
8521,0.0019244122604937025
8522,0.0019244150805709436
8523,0.0019244178931596676
8524,0.0019244206977311348
8525,0.0019244234937526986
8526,0.0019244262806883316
8527,0.0019244290579989638
8528,0.0019244318251413815
8529,0.001924434581569841
8530,0.0019244373267354293
8531,0.0019244400600861068
8532,0.0019244427810668821
8533,0.0019244454891203004
8534,0.00192444818368598
8535,0.0019244508642013104
8536,0.001924453530101172
8537,0.0019244561808181048
8538,0.0019244588157826517
8539,0.0019244614344235027
8540,0.0019244640361669042
8541,0.0019244666204379863
8542,0.00192446918666004
8543,0.0019244717342547096
8544,0.0019244742626425217
8545,0.001924476771242536
8546,0.0019244792594730533
8547,0.00192448172675129
8548,0.0019244841724935001
8549,0.0019244865961154736
8550,0.0019244889970325958
8551,0.0019244913746596
8552,0.0019244937284112363
8553,0.0019244960577019616
8554,0.0019244983619463578
8555,0.001924500640559455
8556,0.0019245028929564744
8557,0.001924505118552905
8558,0.001924507316765268
8559,0.0019245094870110448
8560,0.0019245116287080017
8561,0.0019245137412756768
8562,0.0019245158241346335
8563,0.001924517876706983
8564,0.0019245198984161737
8565,0.0019245218886877703
8566,0.0019245238469490506
8567,0.0019245257726294234
8568,0.0019245276651603744
8569,0.00192452952397593
8570,0.001924531348512701
8571,0.0019245331382098387
8572,0.0019245348925095195
8573,0.0019245366108569155
8574,0.0019245382927002574
8575,0.001924539937491224
8576,0.0019245415446851335
8577,0.001924543113740976
8578,0.001924544644121403
8579,0.0019245461352930765
8580,0.0019245475867271033
8581,0.0019245489978986247
8582,0.001924550368287467
8583,0.0019245516973778833
8584,0.0019245529846592755
8585,0.0019245542296257912
8586,0.001924555431776827
8587,0.001924556590617245
8588,0.0019245577056570175
8589,0.0019245587764119352
8590,0.0019245598024035264
8591,0.0019245607831594458
8592,0.0019245617182132746
8593,0.001924562607104966
8594,0.0019245634493807722
8595,0.0019245642445937657
8596,0.0019245649923034444
8597,0.0019245656920763793
8598,0.0019245663434863238
8599,0.0019245669461140215
8600,0.0019245674995474965
8601,0.0019245680033825915
8602,0.0019245684572225948
8603,0.0019245688606786466
8604,0.0019245692133698766
8605,0.0019245695149233129
8606,0.0019245697649747002
8607,0.0019245699631676074
8608,0.001924570109154555
8609,0.00192457020259647
8610,0.0019245702431849331
8611,0.001924570230771616
8612,0.0019245701650410826
8613,0.0019245700456696165
8614,0.0019245698722581794
8615,0.0019245696445178567
8616,0.001924569362169638
8617,0.001924569024944159
8618,0.0019245686325818539
8619,0.0019245681848331863
8620,0.0019245676814587875
8621,0.0019245671222295174
8622,0.0019245665069269557
8623,0.0019245658353334585
8624,0.001924565107233795
8625,0.0019245643224406535
8626,0.0019245634807774125
8627,0.0019245625820784313
8628,0.0019245616261892484
8629,0.0019245606129663225
8630,0.00192455954227716
8631,0.0019245584140008519
8632,0.0019245572280275373
8633,0.0019245559842589704
8634,0.0019245546826085328
8635,0.0019245533230010767
8636,0.0019245519053729628
8637,0.0019245504296728692
8638,0.0019245488958608411
8639,0.001924547303908972
8640,0.0019245456538010575
8641,0.0019245439455331124
8642,0.0019245421791135645
8643,0.0019245403545625247
8644,0.0019245384719123115
8645,0.0019245365312075653
8646,0.0019245345325053227
8647,0.001924532475874751
8648,0.001924530361397671
8649,0.0019245281891677895
8650,0.0019245259592916622
8651,0.0019245236718882265
8652,0.001924521327088733
8653,0.0019245189250371036
8654,0.001924516465889694
8655,0.0019245139498152858
8656,0.0019245113769951988
8657,0.0019245087476235843
8658,0.0019245060619068103
8659,0.0019245033200640431
8660,0.0019245005223267704
8661,0.0019244976689391205
8662,0.0019244947601578539
8663,0.001924491796251956
8664,0.0019244887775031602
8665,0.0019244857042056145
8666,0.001924482576665804
8667,0.0019244793952027442
8668,0.0019244761601477272
8669,0.0019244728718445013
8670,0.0019244695306491182
8671,0.0019244661369298523
8672,0.0019244626910670934
8673,0.0019244591934535382
8674,0.0019244556444939249
8675,0.0019244520446051105
8676,0.001924448394215849
8677,0.0019244446937668287
8678,0.0019244409437107648
8679,0.0019244371445120909
8680,0.0019244332966467078
8681,0.0019244294006025328
8682,0.0019244254568787453
8683,0.0019244214659862283
8684,0.0019244174284468855
8685,0.001924413344794346
8686,0.001924409215573132
8687,0.0019244050413388752
8688,0.001924400822658423
8689,0.0019243965601091688
8690,0.0019243922542795857
8691,0.0019243879057685748
8692,0.0019243835151857203
8693,0.0019243790831510517
8694,0.0019243746102947752
8695,0.0019243700972573358
8696,0.0019243655446892307
8697,0.001924360953250899
8698,0.0019243563236126227
8699,0.0019243516564541395
8700,0.0019243469524649597
8701,0.001924342212343624
8702,0.0019243374367981787
8703,0.0019243326265456176
8704,0.0019243277823119
8705,0.0019243229048318275
8706,0.0019243179948485562
8707,0.0019243130531138846
8708,0.0019243080803878771
8709,0.0019243030774385328
8710,0.0019242980450422278
8711,0.001924292983982653
8712,0.0019242878950513056
8713,0.001924282779047131
8714,0.001924277636776459
8715,0.0019242724690522344
8716,0.00192426727669498
8717,0.0019242620605313084
8718,0.0019242568213946696
8719,0.0019242515601246943
8720,0.0019242462775673939
8721,0.0019242409745744995
8722,0.001924235652003668
8723,0.0019242303107179374
8724,0.001924224951585816
8725,0.0019242195754809685
8726,0.0019242141832821532
8727,0.0019242087758726506
8728,0.0019242033541402618
8729,0.0019241979189775122
8730,0.0019241924712806045
8731,0.001924187011950164
8732,0.001924181541890039
8733,0.001924176062007956
8734,0.001924170573214881
8735,0.0019241650764245898
8736,0.0019241595725541043
8737,0.0019241540625226626
8738,0.0019241485472523468
8739,0.001924143027667222
8740,0.0019241375046935526
8741,0.0019241319792590874
8742,0.001924126452293492
8743,0.0019241209247274967
8744,0.0019241153974929068
8745,0.001924109871522581
8746,0.0019241043477500274
8747,0.0019240988271094041
8748,0.0019240933105344957
8749,0.001924087798959841
8750,0.0019240822933190805
8751,0.0019240767945458898
8752,0.0019240713035730132
8753,0.001924065821332511
8754,0.0019240603487549602
8755,0.0019240548867701804
8756,0.0019240494363059876
8757,0.0019240439982886072
8758,0.0019240385736420892
8759,0.0019240331632884083
8760,0.0019240277681470547
8761,0.0019240223891348574
8762,0.001924017027165832
8763,0.0019240116831506905
8764,0.0019240063579970853
8765,0.0019240010526089995
8766,0.0019239957678865998
8767,0.0019239905047261224
8768,0.0019239852640197785
8769,0.0019239800466553164
8770,0.0019239748535156032
8771,0.0019239696854790897
8772,0.001923964543419011
8773,0.0019239594282034174
8774,0.0019239543406950673
8775,0.0019239492817511676
8776,0.0019239442522228755
8777,0.0019239392529553985
8778,0.0019239342847873053
8779,0.0019239293485511265
8780,0.001923924445072687
8781,0.0019239195751709647
8782,0.001923914739657775
8783,0.0019239099393379183
8784,0.001923905175008705
8785,0.0019239004474599056
8786,0.0019238957574734129
8787,0.0019238911058234319
8788,0.0019238864932757463
8789,0.0019238819205881442
8790,0.0019238773885096904
8791,0.0019238728977809582
8792,0.0019238684491336318
8793,0.0019238640432904179
8794,0.0019238596809650337
8795,0.0019238553628616619
8796,0.0019238510896751214
8797,0.001923846862090803
8798,0.001923842680784033
8799,0.0019238385464204252
8800,0.0019238344596554438
8801,0.0019238304211344822
8802,0.0019238264314922558
8803,0.0019238224913533419
8804,0.0019238186013317172
8805,0.001923814761845702
8806,0.0019238109732474164
8807,0.001923807236115479
8808,0.001923803551017504
8809,0.0019237999185096972
8810,0.001923796339137389
8811,0.0019237928134341205
8812,0.0019237893419217964
8813,0.0019237859251110877
8814,0.0019237825635004518
8815,0.0019237792575763678
8816,0.0019237760078139423
8817,0.0019237728146757132
8818,0.0019237696786121889
8819,0.0019237666000618096
8820,0.0019237635794501098
8821,0.0019237606171910284
8822,0.0019237577136852865
8823,0.0019237548693215494
8824,0.001923752084475305
8825,0.001923749359509817
8826,0.0019237466947753632
8827,0.0019237440906093527
8828,0.0019237415473361706
8829,0.0019237390652673061
8830,0.0019237366447013757
8831,0.0019237342859236967
8832,0.0019237319892064827
8833,0.0019237297548089956
8834,0.001923727582977212
8835,0.0019237254739436036
8836,0.0019237234279274877
8837,0.0019237214451350952
8838,0.0019237195257590849
8839,0.0019237176699786695
8840,0.0019237158779598083
8841,0.0019237141498550765
8842,0.0019237124858032138
8843,0.0019237108859300753
8844,0.0019237093503476986
8845,0.0019237078791546338
8846,0.0019237064724362083
8847,0.0019237051302640569
8848,0.0019237038526961517
8849,0.0019237026397774268
8850,0.0019237014915390374
8851,0.001923700407998735
8852,0.0019236993891605695
8853,0.0019236984350156077
8854,0.001923697545541154
8855,0.0019236967207010769
8856,0.001923695960446013
8857,0.0019236952647131913
8858,0.0019236946334262731
8859,0.0019236940664960447
8860,0.0019236935638194763
8861,0.0019236931252806595
8862,0.0019236927507502483
8863,0.0019236924400857886
8864,0.0019236921931317554
8865,0.0019236920097193385
8866,0.0019236918896668642
8867,0.0019236918327794387
8868,0.0019236918388493968
8869,0.0019236919076560204
8870,0.001923692038965757
8871,0.0019236922325322388
8872,0.0019236924880963067
8873,0.0019236928053860992
8874,0.0019236931841172416
8875,0.0019236936239928695
8876,0.0019236941247031127
8877,0.0019236946859262163
8878,0.001923695307327707
8879,0.0019236959885610496
8880,0.0019236967292673359
8881,0.0019236975290753897
8882,0.0019236983876021775
8883,0.001923699304452356
8884,0.0019237002792190276
8885,0.0019237013114830439
8886,0.0019237024007689567
8887,0.0019237035465971546
8888,0.0019237047485127004
8889,0.0019237060060488358
8890,0.0019237073187276627
8891,0.0019237086860598095
8892,0.0019237101075446103
8893,0.001923711582670246
8894,0.001923713110913916
8895,0.0019237146917418107
8896,0.0019237163246092752
8897,0.0019237180089605281
8898,0.0019237197442296928
8899,0.0019237215298399577
8900,0.001923723365203894
8901,0.0019237252497241858
8902,0.0019237271827925932
8903,0.0019237291637911416
8904,0.0019237311920916964
8905,0.001923733267056119
8906,0.001923735388038545
8907,0.0019237375543825243
8908,0.0019237397654206362
8909,0.0019237420204758556
8910,0.0019237443188617144
8911,0.0019237466598826533
8912,0.0019237490428337483
8913,0.0019237514670009798
8914,0.0019237539316614342
8915,0.0019237564360831969
8916,0.0019237589795258773
8917,0.001923761561240161
8918,0.0019237641804684057
8919,0.001923766836444473
8920,0.0019237695283940324
8921,0.0019237722555344899
8922,0.0019237750170754925
8923,0.0019237778122183045
8924,0.0019237806401569244
8925,0.0019237835000774429
8926,0.0019237863911581723
8927,0.0019237893125703155
8928,0.0019237922634779833
8929,0.0019237952430375097
8930,0.0019237982503988494
8931,0.0019238012847044743
8932,0.0019238043450905123
8933,0.0019238074306862387
8934,0.0019238105406143055
8935,0.0019238136739910124
8936,0.0019238168299265666
8937,0.0019238200075249994
8938,0.001923823205884094
8939,0.0019238264240959365
8940,0.0019238296612472082
8941,0.0019238329164181533
8942,0.0019238361886842177
8943,0.0019238394771152534
8944,0.0019238427807761616
8945,0.0019238460987262827
8946,0.001923849430020514
8947,0.0019238527737085293
8948,0.0019238561288356332
8949,0.0019238594944423822
8950,0.0019238628695651152
8951,0.0019238662532358286
8952,0.0019238696444824044
8953,0.001923873042328681
8954,0.001923876445794714
8955,0.001923879853896923
8956,0.0019238832656480246
8957,0.0019238866800572977
8958,0.0019238900961307578
8959,0.00192389351287151
8960,0.0019238969292793492
8961,0.0019239003443512527
8962,0.001923903757081386
8963,0.0019239071664615233
8964,0.0019239105714806924
8965,0.0019239139711260045
8966,0.0019239173643820354
8967,0.0019239207502314377
8968,0.0019239241276551257
8969,0.0019239274956322342
8970,0.0019239308531400182
8971,0.0019239341991545424
8972,0.0019239375326502684
8973,0.0019239408526008665
8974,0.0019239441579786164
8975,0.0019239474477549454
8976,0.001923950720900818
8977,0.0019239539763860256
8978,0.0019239572131804512
8979,0.0019239604302532928
8980,0.0019239636265736475
8981,0.0019239668011104415
8982,0.0019239699528329358
8983,0.0019239730807102924
8984,0.0019239761837122763
8985,0.0019239792608089917
8986,0.0019239823109712855
8987,0.0019239853331709004
8988,0.0019239883263801
8989,0.0019239912895727136
8990,0.0019239942217234433
8991,0.0019239971218083661
8992,0.0019239999888050058
8993,0.0019240028216926143
8994,0.001924005619452242
8995,0.0019240083810666373
8996,0.0019240111055204502
8997,0.0019240137918009903
8998,0.001924016438897263
8999,0.001924019045801256
9000,0.001924021611507057
9001,0.001924024135011832
9002,0.0019240266153153643
9003,0.0019240290514203444
9004,0.0019240314423325988
9005,0.0019240337870614483
9006,0.0019240360846190338
9007,0.001924038334021761
9008,0.0019240405342888678
9009,0.0019240426844437484
9010,0.0019240447835135366
9011,0.0019240468305294852
9012,0.001924048824527117
9013,0.0019240507645458841
9014,0.0019240526496299144
9015,0.0019240544788275932
9016,0.0019240562511921983
9017,0.0019240579657816067
9018,0.0019240596216585745
9019,0.00192406121789097
9020,0.001924062753551794
9021,0.001924064227719055
9022,0.0019240656394766001
9023,0.0019240669879132075
9024,0.0019240682721236792
9025,0.0019240694912084392
9026,0.0019240706442736637
9027,0.0019240717304315068
9028,0.00192407274880015
9029,0.0019240736985043226
9030,0.0019240745786747251
9031,0.0019240753884482433
9032,0.001924076126968829
9033,0.0019240767933865932
9034,0.0019240773868584864
9035,0.0019240779065485428
9036,0.001924078351627656
9037,0.0019240787212736758
9038,0.0019240790146716382
9039,0.0019240792310140703
9040,0.001924079369500295
9041,0.0019240794293376839
9042,0.0019240794097409517
9043,0.0019240793099324911
9044,0.0019240791291425285
9045,0.0019240788666088579
9046,0.001924078521577801
9047,0.001924078093303182
9048,0.00192407758104725
9049,0.0019240769840806514
9050,0.0019240763016818373
9051,0.0019240755331381336
9052,0.0019240746777451838
9053,0.0019240737348073772
9054,0.001924072703637573
9055,0.0019240715835574464
9056,0.0019240703738977467
9057,0.001924069073997899
9058,0.001924067683206522
9059,0.001924066200881274
9060,0.0019240646263889518
9061,0.001924062959105607
9062,0.001924061198416406
9063,0.001924059343716298
9064,0.0019240573944095307
9065,0.0019240553499099895
9066,0.0019240532096410081
9067,0.0019240509730356703
9068,0.0019240486395368064
9069,0.00192404620859715
9070,0.0019240436796792348
9071,0.0019240410522555673
9072,0.0019240383258086048
9073,0.0019240354998307921
9074,0.0019240325738249617
9075,0.0019240295473039453
9076,0.0019240264197909855
9077,0.001924023190661901
9078,0.0019240198592064247
9079,0.0019240164249756195
9080,0.001924012887531246
9081,0.0019240092464458361
9082,0.001924005501302105
9083,0.0019240016516937533
9084,0.0019239976972250097
9085,0.0019239936375108865
9086,0.0019239894721773585
9087,0.0019239852008612836
9088,0.0019239808232098814
9089,0.001923976338881719
9090,0.001923971747546172
9091,0.0019239670488837423
9092,0.0019239622425854972
9093,0.0019239573283540434
9094,0.0019239523059024902
9095,0.0019239471749552756
9096,0.0019239419352480313
9097,0.0019239365865274622
9098,0.0019239311285512253
9099,0.0019239255610882173
9100,0.0019239198839182856
9101,0.0019239140968325503
9102,0.001923908199633468
9103,0.0019239021921344055
9104,0.0019238960741599104
9105,0.0019238898455456318
9106,0.0019238835061384906
9107,0.0019238770557964526
9108,0.0019238704943887453
9109,0.0019238638217957086
9110,0.001923857037908434
9111,0.0019238501426294225
9112,0.0019238431358721694
9113,0.0019238360175612306
9114,0.001923828787632005
9115,0.0019238214460311303
9116,0.0019238139927159875
9117,0.0019238064276548032
9118,0.0019237987508268703
9119,0.001923790962222229
9120,0.0019237830618416018
9121,0.001923775049696491
9122,0.0019237669258093115
9123,0.001923758690212554
9124,0.0019237503429498522
9125,0.0019237418840748856
9126,0.0019237333136520372
9127,0.0019237246317559812
9128,0.0019237158384713985
9129,0.0019237069338936756
9130,0.001923697918127879
9131,0.0019236887912893127
9132,0.0019236795535030808
9133,0.0019236702049043996
9134,0.001923660745637879
9135,0.0019236511758579313
9136,0.0019236414957286207
9137,0.0019236317054233565
9138,0.0019236218051247218
9139,0.0019236117950247804
9140,0.001923601675324304
9141,0.0019235914462333746
9142,0.0019235811079706335
9143,0.0019235706607633768
9144,0.0019235601048475952
9145,0.001923549440467455
9146,0.0019235386678755947
9147,0.0019235277873326112
9148,0.0019235167991067798
9149,0.0019235057034746165
9150,0.0019234945007199713
9151,0.0019234831911340057
9152,0.0019234717750152095
9153,0.001923460252668872
9154,0.0019234486244076262
9155,0.0019234368905503491
9156,0.001923425051422331
9157,0.0019234131073554888
9158,0.001923401058687582
9159,0.0019233889057622515
9160,0.0019233766489287307
9161,0.001923364288541386
9162,0.0019233518249603054
9163,0.0019233392585499625
9164,0.001923326589679802
9165,0.0019233138187235398
9166,0.001923300946059255
9167,0.0019232879720689703
9168,0.001923274897138076
9169,0.0019232617216557433
9170,0.0019232484460141469
9171,0.0019232350706083164
9172,0.0019232215958356698
9173,0.0019232080220961708
9174,0.001923194349791951
9175,0.0019231805793265225
9176,0.0019231667111051795
9177,0.0019231527455337303
9178,0.001923138683019281
9179,0.0019231245239694009
9180,0.001923110268791652
9181,0.0019230959178934853
9182,0.0019230814716817526
9183,0.0019230669305629158
9184,0.001923052294941917
9185,0.0019230375652220099
9186,0.001923022741805391
9187,0.0019230078250912445
9188,0.0019229928154765564
9189,0.001922977713355488
9190,0.001922962519118732
9191,0.0019229472331534505
9192,0.0019229318558427937
9193,0.0019229163875654379
9194,0.001922900828695323
9195,0.0019228851796012536
9196,0.0019228694406467246
9197,0.0019228536121889271
9198,0.001922837694578961
9199,0.0019228216881611918
9200,0.0019228055932728303
9201,0.0019227894102437553
9202,0.0019227731393956853
9203,0.00192275678104197
9204,0.0019227403354875842
9205,0.0019227238030282367
9206,0.0019227071839496676
9207,0.0019226904785279622
9208,0.0019226736870291685
9209,0.0019226568097077618
9210,0.0019226398468076959
9211,0.0019226227985607563
9212,0.001922605665186994
9213,0.001922588446893726
9214,0.001922571143875473
9215,0.0019225537563133752
9216,0.0019225362843748306
9217,0.0019225187282128151
9218,0.001922501087965955
9219,0.001922483363757757
9220,0.0019224655556960187
9221,0.0019224476638729474
9222,0.00192242968836429
9223,0.0019224116292289217
9224,0.0019223934865088103
9225,0.0019223752602281264
9226,0.0019223569503930488
9227,0.0019223385569914204
9228,0.001922320079992351
9229,0.0019223015193452835
9230,0.0019222828749925086
9231,0.0019222641468482884
9232,0.0019222453348033551
9233,0.0019222264387274276
9234,0.0019222074584688566
9235,0.0019221883938548617
9236,0.0019221692446904938
9237,0.0019221500107583557
9238,0.0019221306918185896
9239,0.0019221112876081112
9240,0.0019220917978405355
9241,0.001922072222205614
9242,0.00192205256036892
9243,0.0019220328119719176
9244,0.0019220129766314067
9245,0.0019219930539383498
9246,0.0019219730434588808
9247,0.0019219529447334562
9248,0.0019219327572762793
9249,0.001921912480575546
9250,0.0019218921140929724
9251,0.001921871657263229
9252,0.0019218511094940241
9253,0.0019218304701659038
9254,0.0019218097386315977
9255,0.0019217889142164324
9256,0.00192176799621769
9257,0.0019217469839044414
9258,0.001921725876517603
9259,0.0019217046732695555
9260,0.001921683373344032
9261,0.0019216619758959457
9262,0.001921640480051358
9263,0.0019216188849077174
9264,0.0019215971895330968
9265,0.0019215753929663114
9266,0.001921553494216997
9267,0.0019215314922658453
9268,0.0019215093860642345
9269,0.0019214871745340412
9270,0.0019214648565678103
9271,0.0019214424310294344
9272,0.001921419896752949
9273,0.0019213972525439177
9274,0.0019213744971782912
9275,0.0019213516294037589
9276,0.0019213286479387566
9277,0.0019213055514734098
9278,0.0019212823386689877
9279,0.0019212590081589852
9280,0.0019212355585486306
9281,0.0019212119884154792
9282,0.0019211882963090451
9283,0.001921164480752314
9284,0.0019211405402407163
9285,0.0019211164732434948
9286,0.0019210922782032412
9287,0.0019210679535368372
9288,0.0019210434976356448
9289,0.0019210189088658069
9290,0.0019209941855688037
9291,0.0019209693260620394
9292,0.0019209443286393197
9293,0.0019209191915713936
9294,0.0019208939131063036
9295,0.0019208684914699646
9296,0.001920842924866496
9297,0.0019208172114796038
9298,0.0019207913494722797
9299,0.001920765336987842
9300,0.0019207391721511174
9301,0.001920712853068725
9302,0.0019206863778293655
9303,0.0019206597445053368
9304,0.0019206329511529266
9305,0.0019206059958133007
9306,0.0019205788765130983
9307,0.0019205515912655978
9308,0.0019205241380714528
9309,0.0019204965149193722
9310,0.001920468719787586
9311,0.0019204407506439446
9312,0.0019204126054478033
9313,0.0019203842821497311
9314,0.0019203557786941655
9315,0.001920327093018713
9316,0.001920298223056301
9317,0.0019202691667354543
9318,0.001920239921982053
9319,0.001920210486719978
9320,0.0019201808588720382
9321,0.001920151036361542
9322,0.0019201210171128453
9323,0.0019200907990529613
9324,0.0019200603801123994
9325,0.0019200297582260227
9326,0.0019199989313347283
9327,0.001919967897385894
9328,0.0019199366543354948
9329,0.0019199052001486762
9330,0.0019198735328007492
9331,0.0019198416502780355
9332,0.0019198095505806917
9333,0.0019197772317217478
9334,0.0019197446917293885
9335,0.0019197119286481024
9336,0.0019196789405397287
9337,0.0019196457254840398
9338,0.0019196122815809684
9339,0.0019195786069510117
9340,0.0019195446997360198
9341,0.0019195105581014192
9342,0.001919476180236113
9343,0.0019194415643547214
9344,0.0019194067086974807
9345,0.0019193716115322506
9346,0.0019193362711550522
9347,0.0019193006858915268
9348,0.0019192648540975379
9349,0.0019192287741600057
9350,0.0019191924444987912
9351,0.0019191558635667189
9352,0.0019191190298509543
9353,0.0019190819418738619
9354,0.0019190445981936836
9355,0.0019190069974057452
9356,0.001918969138143239
9357,0.0019189310190778695
9358,0.001918892638920618
9359,0.001918853996422393
9360,0.001918815090375296
9361,0.0019187759196127299
9362,0.0019187364830105978
9363,0.001918696779487225
9364,0.0019186568080048281
9365,0.0019186165675691594
9366,0.00191857605723049
9367,0.001918535276084777
9368,0.0019184942232729216
9369,0.0019184528979821031
9370,0.001918411299445667
9371,0.0019183694269437413
9372,0.0019183272798032388
9373,0.0019182848573986698
9374,0.0019182421591524901
9375,0.001918199184534277
9376,0.0019181559330620152
9377,0.00191811240430186
9378,0.001918068597867976
9379,0.0019180245134229898
9380,0.0019179801506778132
9381,0.0019179355093919429
9382,0.0019178905893732737
9383,0.0019178453904779593
9384,0.0019177999126101617
9385,0.0019177541557223196
9386,0.0019177081198145
9387,0.0019176618049349102
9388,0.0019176152111784756
9389,0.0019175683386882317
9390,0.0019175211876534103
9391,0.0019174737583103237
9392,0.0019174260509412725
9393,0.0019173780658741386
9394,0.001917329803482748
9395,0.001917281264185469
9396,0.0019172324484453896
9397,0.0019171833567693817
9398,0.001917133989707859
9399,0.0019170843478545252
9400,0.0019170344318448574
9401,0.0019169842423563922
9402,0.0019169337801079218
9403,0.0019168830458586564
9404,0.0019168320404071464
9405,0.0019167807645920545
9406,0.001916729219289982
9407,0.0019166774054149571
9408,0.0019166253239188396
9409,0.0019165729757892294
9410,0.0019165203620495257
9411,0.0019164674837576336
9412,0.0019164143420057208
9413,0.0019163609379193479
9414,0.0019163072726561385
9415,0.0019162533474057178
9416,0.0019161991633880639
9417,0.001916144721853668
9418,0.001916090024082178
9419,0.0019160350713813522
9420,0.001915979865086757
9421,0.0019159244065606363
9422,0.0019158686971918293
9423,0.001915812738393343
9424,0.0019157565316033091
9425,0.0019157000782829604
9426,0.0019156433799168205
9427,0.00191558643801062
9428,0.0019155292540922163
9429,0.001915471829709025
9430,0.0019154141664291708
9431,0.0019153562658389923
9432,0.0019152981295435846
9433,0.0019152397591646688
9434,0.001915181156342161
9435,0.0019151223227314115
9436,0.0019150632600033863
9437,0.0019150039698439935
9438,0.0019149444539533953
9439,0.001914884714045349
9440,0.0019148247518465712
9441,0.0019147645690968484
9442,0.0019147041675476083
9443,0.0019146435489622686
9444,0.0019145827151149624
9445,0.0019145216677903694
9446,0.0019144604087840342
9447,0.001914398939900866
9448,0.0019143372629554258
9449,0.0019142753797718119
9450,0.0019142132921825315
9451,0.0019141510020290174
9452,0.0019140885111612656
9453,0.0019140258214376117
9454,0.0019139629347242045
9455,0.0019138998528958051
9456,0.0019138365778341494
9457,0.0019137731114301586
9458,0.0019137094555813628
9459,0.0019136456121939657
9460,0.0019135815831822821
9461,0.0019135173704680714
9462,0.0019134529759818738
9463,0.001913388401662536
9464,0.0019133236494578926
9465,0.0019132587213242195
9466,0.0019131936192271785
9467,0.0019131283451415942
9468,0.0019130629010529433
9469,0.0019129972889564784
9470,0.0019129315108582178
9471,0.0019128655687757198
9472,0.0019127994647382203
9473,0.0019127332007869745
9474,0.0019126667789764336
9475,0.0019126002013744212
9476,0.0019125334700635106
9477,0.0019124665871402876
9478,0.001912399554717637
9479,0.001912332374924656
9480,0.0019122650499071258
9481,0.0019121975818293905
9482,0.001912129972874634
9483,0.0019120622252447902
9484,0.0019119943411637806
9485,0.001911926322876168
9486,0.0019118581726490509
9487,0.0019117898927737188
9488,0.0019117214855648617
9489,0.0019116529533633026
9490,0.0019115842985363216
9491,0.0019115155234785304
9492,0.0019114466306135182
9493,0.0019113776223942023
9494,0.0019113085013050955
9495,0.0019112392698616128
9496,0.0019111699306129685
9497,0.0019111004861424152
9498,0.0019110309390687047
9499,0.0019109612920466005
9500,0.0019108915477690615
9501,0.0019108217089674495
9502,0.0019107517784129591
9503,0.0019106817589180033
9504,0.001910611653337013
9505,0.0019105414645681842
9506,0.0019104711955535269
9507,0.001910400849280765
9508,0.0019103304287849112
9509,0.0019102599371478603
9510,0.001910189377500238
9511,0.0019101187530228103
9512,0.0019100480669473289
9513,0.001909977322556868
9514,0.001909906523188092
9515,0.0019098356722304201
9516,0.0019097647731288723
9517,0.0019096938293834246
9518,0.0019096228445506754
9519,0.0019095518222443718
9520,0.0019094807661366492
9521,0.0019094096799575576
9522,0.0019093385674971435
9523,0.0019092674326059472
9524,0.0019091962791947929
9525,0.0019091251112359814
9526,0.0019090539327633856
9527,0.0019089827478737482
9528,0.0019089115607263485
9529,0.0019088403755435051
9530,0.0019087691966112536
9531,0.0019086980282790212
9532,0.001908626874960556
9533,0.0019085557411331925
9534,0.001908484631339096
9535,0.0019084135501843372
9536,0.0019083425023393753
9537,0.0019082714925386102
9538,0.0019082005255802355
9539,0.0019081296063269309
9540,0.0019080587397044331
9541,0.0019079879307016836
9542,0.0019079171843708186
9543,0.001907846505825394
9544,0.0019077759002413942
9545,0.0019077053728558885
9546,0.0019076349289660927
9547,0.0019075645739294778
9548,0.0019074943131621065
9549,0.0019074241521379947
9550,0.001907354096388824
9551,0.001907284151501696
9552,0.0019072143231192863
9553,0.0019071446169375106
9554,0.0019070750387057001
9555,0.0019070055942242757
9556,0.0019069362893434276
9557,0.0019068671299616623
9558,0.0019067981220254545
9559,0.0019067292715261638
9560,0.0019066605844993828
9561,0.0019065920670228171
9562,0.001906523725214819
9563,0.0019064555652323278
9564,0.0019063875932692255
9565,0.001906319815554443
9566,0.001906252238349908
9567,0.0019061848679479717
9568,0.0019061177106701338
9569,0.0019060507728647761
9570,0.0019059840609043015
9571,0.001905917581183806
9572,0.0019058513401177127
9573,0.0019057853441386537
9574,0.0019057195996939201
9575,0.001905654113243755
9576,0.0019055888912583128
9577,0.0019055239402161821
9578,0.001905459266600221
9579,0.0019053948768964011
9580,0.0019053307775905332
9581,0.0019052669751655476
9582,0.0019052034760986918
9583,0.001905140286859085
9584,0.0019050774139052792
9585,0.0019050148636812283
9586,0.0019049526426151452
9587,0.0019048907571154931
9588,0.001904829213568218
9589,0.0019047680183348768
9590,0.0019047071777480947
9591,0.0019046466981102574
9592,0.0019045865856897526
9593,0.0019045268467183102
9594,0.0019044674873883046
9595,0.0019044085138492852
9596,0.0019043499322056459
9597,0.0019042917485131918
9598,0.0019042339687764733
9599,0.0019041765989463036
9600,0.001904119644916131
9601,0.0019040631125199342
9602,0.0019040070075287705
9603,0.0019039513356480518
9604,0.001903896102514728
9605,0.0019038413136949054
9606,0.0019037869746807048
9607,0.0019037330908874487
9608,0.001903679667651276
9609,0.0019036267102261596
9610,0.0019035742237812842
9611,0.001903522213398791
9612,0.0019034706840709618
9613,0.0019034196406973118
9614,0.0019033690880832016
9615,0.0019033190309359056
9616,0.0019032694738642625
9617,0.0019032204213737098
9618,0.0019031718778656967
9619,0.00190312384763631
9620,0.0019030763348718586
9621,0.0019030293436482185
9622,0.0019029828779290885
9623,0.0019029369415625571
9624,0.0019028915382805
9625,0.0019028466716964141
9626,0.0019028023453036987
9627,0.0019027585624728888
9628,0.0019027153264520532
9629,0.0019026726403635016
9630,0.0019026305072032152
9631,0.0019025889298392386
9632,0.0019025479110099902
9633,0.0019025074533240496
9634,0.001902467559257873
9635,0.0019024282311545838
9636,0.0019023894712245839
9637,0.0019023512815434952
9638,0.0019023136640514348
9639,0.001902276620552068
9640,0.001902240152712759
9641,0.0019022042620630442
9642,0.0019021689499952987
9643,0.0019021342177633817
9644,0.0019021000664830993
9645,0.001902066497130917
9646,0.001902033510545095
9647,0.0019020011074251518
9648,0.0019019692883317767
9649,0.0019019380536870094
9650,0.001901907403775236
9651,0.0019018773387421766
9652,0.0019018478585965408
9653,0.0019018189632096778
9654,0.0019017906523166744
9655,0.001901762925516408
9656,0.0019017357822734904
9657,0.0019017092219175628
9658,0.001901683243645188
9659,0.001901657846520408
9660,0.0019016330294758864
9661,0.0019016087913140756
9662,0.0019015851307088642
9663,0.0019015620462055009
9664,0.0019015395362228175
9665,0.0019015175990548057
9666,0.001901496232871279
9667,0.0019014754357202235
9668,0.0019014552055285161
9669,0.001901435540103938
9670,0.0019014164371366489
9671,0.0019013978942008162
9672,0.0019013799087566473
9673,0.0019013624781519473
9674,0.001901345599623091
9675,0.0019013292702985674
9676,0.0019013134871987195
9677,0.0019012982472401232
9678,0.001901283547235136
9679,0.001901269383895078
9680,0.00190125575383169
9681,0.0019012426535594837
9682,0.0019012300794976145
9683,0.0019012180279711023
9684,0.0019012064952143425
9685,0.001901195477371678
9686,0.0019011849705001865
9687,0.0019011749705711834
9688,0.0019011654734724577
9689,0.001901156475010737
9690,0.001901147970912928
9691,0.001901139956829509
9692,0.0019011324283336668
9693,0.0019011253809265126
9694,0.0019011188100368855
9695,0.0019011127110248574
9696,0.0019011070791819357
9697,0.0019011019097345129
9698,0.0019010971978449538
9699,0.0019010929386148062
9700,0.0019010891270852274
9701,0.0019010857582395613
9702,0.0019010828270051678
9703,0.0019010803282547505
9704,0.0019010782568097673
9705,0.0019010766074413136
9706,0.0019010753748711128
9707,0.0019010745537750588
9708,0.0019010741387842603
9709,0.0019010741244862752
9710,0.001901074505428336
9711,0.0019010752761179476
9712,0.0019010764310246665
9713,0.0019010779645839187
9714,0.0019010798711963607
9715,0.001901082145230172
9716,0.0019010847810239664
9717,0.001901087772887642
9718,0.0019010911151047128
9719,0.001901094801933901
9720,0.0019010988276114333
9721,0.0019011031863511735
9722,0.0019011078723484374
9723,0.001901112879781306
9724,0.0019011182028113587
9725,0.0019011238355867775
9726,0.0019011297722434121
9727,0.0019011360069077132
9728,0.0019011425336978756
9729,0.0019011493467236266
9730,0.0019011564400925112
9731,0.0019011638079086766
9732,0.001901171444274928
9733,0.0019011793432955903
9734,0.0019011874990776088
9735,0.0019011959057335043
9736,0.001901204557382237
9737,0.0019012134481517873
9738,0.0019012225721801391
9739,0.0019012319236186685
9740,0.0019012414966329558
9741,0.0019012512854055823
9742,0.0019012612841361439
9743,0.001901271487046328
9744,0.00190128188837886
9745,0.0019012924824020672
9746,0.001901303263409073
9747,0.0019013142257220676
9748,0.0019013253636926699
9749,0.001901336671705435
9750,0.0019013481441776266
9751,0.0019013597755626283
9752,0.0019013715603518099
9753,0.0019013834930756048
9754,0.0019013955683063256
9755,0.0019014077806578079
9756,0.0019014201247907253
9757,0.0019014325954117659
9758,0.0019014451872751813
9759,0.0019014578951865176
9760,0.0019014707140020608
9761,0.0019014836386322613
9762,0.0019014966640421426
9763,0.0019015097852530503
9764,0.0019015229973450777
9765,0.0019015362954573616
9766,0.0019015496747902972
9767,0.0019015631306064154
9768,0.0019015766582319935
9769,0.0019015902530584205
9770,0.001901603910543243
9771,0.0019016176262114718
9772,0.0019016313956570553
9773,0.0019016452145422947
9774,0.0019016590786016373
9775,0.0019016729836404823
9776,0.0019016869255364663
9777,0.0019017009002412588
9778,0.001901714903780486
9779,0.0019017289322545243
9780,0.0019017429818387903
9781,0.001901757048785771
9782,0.0019017711294235665
9783,0.0019017852201585407
9784,0.0019017993174745532
9785,0.001901813417932531
9786,0.0019018275181716664
9787,0.0019018416149105724
9788,0.0019018557049453957
9789,0.001901869785151673
9790,0.00190188385248344
9791,0.0019018979039736408
9792,0.00190191193673325
9793,0.0019019259479526901
9794,0.0019019399348999028
9795,0.001901953894921497
9796,0.0019019678254413631
9797,0.0019019817239612497
9798,0.001901995588059759
9799,0.001902009415391498
9800,0.0019020232036879934
9801,0.0019020369507556263
9802,0.001902050654476261
9803,0.0019020643128052838
9804,0.0019020779237716907
9805,0.0019020914854773984
9806,0.0019021049960962872
9807,0.0019021184538736175
9808,0.0019021318571242696
9809,0.0019021452042332846
9810,0.001902158493653699
9811,0.0019021717239064543
9812,0.0019021848935782714
9813,0.0019021980013218692
9814,0.001902211045854246
9815,0.001902224025955946
9816,0.0019022369404698405
9817,0.0019022497882994782
9818,0.0019022625684087702
9819,0.0019022752798200332
9820,0.0019022879216145047
9821,0.001902300492927973
9822,0.001902312992952986
9823,0.0019023254209358299
9824,0.0019023377761752942
9825,0.001902350058021911
9826,0.0019023622658770026
9827,0.0019023743991903837
9828,0.0019023864574601065
9829,0.0019023984402307648
9830,0.0019024103470919734
9831,0.0019024221776783503
9832,0.0019024339316666538
9833,0.0019024456087752936
9834,0.001902457208763784
9835,0.0019024687314302226
9836,0.001902480176610151
9837,0.001902491544176702
9838,0.0019025028340379393
9839,0.0019025140461366786
9840,0.0019025251804484237
9841,0.001902536236980836
9842,0.0019025472157718438
9843,0.0019025581168894317
9844,0.0019025689404300026
9845,0.0019025796865168843
9846,0.0019025903553003005
9847,0.0019026009469546182
9848,0.0019026114616787263
9849,0.0019026218996946631
9850,0.0019026322612463095
9851,0.001902642546597662
9852,0.0019026527560335681
9853,0.0019026628898570427
9854,0.0019026729483890077
9855,0.0019026829319677622
9856,0.0019026928409473242
9857,0.0019027026756966872
9858,0.0019027124365989057
9859,0.0019027221240502106
9860,0.001902731738460157
9861,0.0019027412802489407
9862,0.0019027507498474824
9863,0.0019027601476971875
9864,0.001902769474248523
9865,0.001902778729960118
9866,0.0019027879152983358
9867,0.0019027970307369522
9868,0.0019028060767552525
9869,0.0019028150538390018
9870,0.0019028239624781617
9871,0.00190283280316674
9872,0.001902841576403491
9873,0.001902850282689393
9874,0.0019028589225278622
9875,0.0019028674964248374
9876,0.0019028760048869523
9877,0.001902884448422211
9878,0.0019028928275385008
9879,0.001902901142743826
9880,0.0019029093945456383
9881,0.0019029175834500169
9882,0.0019029257099617827
9883,0.0019029337745835203
9884,0.0019029417778154826
9885,0.0019029497201551895
9886,0.0019029576020972423
9887,0.0019029654241327337
9888,0.0019029731867487305
9889,0.001902980890428051
9890,0.0019029885356494688
9891,0.001902996122886788
9892,0.0019030036526087423
9893,0.0019030111252786132
9894,0.0019030185413545701
9895,0.0019030259012877916
9896,0.0019030332055246229
9897,0.001903040454504861
9898,0.001903047648661373
9899,0.0019030547884204376
9900,0.001903061874201981
9901,0.0019030689064189654
9902,0.0019030758854755982
9903,0.0019030828117708501
9904,0.0019030896856947158
9905,0.0019030965076299875
9906,0.001903103277951924
9907,0.00190310999702769
9908,0.0019031166652165794
9909,0.0019031232828694256
9910,0.0019031298503297863
9911,0.0019031363679320279
9912,0.001903142836002594
9913,0.0019031492548598188
9914,0.0019031556248133687
9915,0.001903161946164378
9916,0.0019031682192057091
9917,0.0019031744442214395
9918,0.00190318062148722
9919,0.0019031867512701837
9920,0.0019031928338286033
9921,0.001903198869412731
9922,0.0019032048582633047
9923,0.0019032108006128846
9924,0.0019032166966856242
9925,0.0019032225466969182
9926,0.0019032283508537721
9927,0.0019032341093544098
9928,0.0019032398223882455
9929,0.0019032454901361368
9930,0.0019032511127719805
9931,0.0019032566904594768
9932,0.0019032622233545926
9933,0.0019032677116051304
9934,0.0019032731553502557
9935,0.0019032785547211533
9936,0.0019032839098406303
9937,0.0019032892208238955
9938,0.0019032944877771705
9939,0.0019032997107996858
9940,0.001903304889981813
9941,0.0019033100254067458
9942,0.0019033151171499677
9943,0.001903320165278497
9944,0.0019033251698525552
9945,0.0019033301309239875
9946,0.0019033350485377057
9947,0.0019033399227312852
9948,0.0019033447535346997
9949,0.0019033495409709247
9950,0.0019033542850552794
9951,0.0019033589857966491
9952,0.001903363643197112
9953,0.0019033682572507282
9954,0.0019033728279458006
9955,0.0019033773552636043
9956,0.0019033818391790492
9957,0.0019033862796603697
9958,0.001903390676669222
9959,0.0019033950301610555
9960,0.0019033993400851485
9961,0.001903403606384638
9962,0.0019034078289965177
9963,0.001903412007852266
9964,0.0019034161428767636
9965,0.0019034202339901613
9966,0.0019034242811061654
9967,0.0019034282841333783
9968,0.0019034322429748564
9969,0.0019034361575283756
9970,0.0019034400276864401
9971,0.0019034438533361584
9972,0.0019034476343601778
9973,0.0019034513706357383
9974,0.0019034550620357976
9975,0.0019034587084278151
9976,0.0019034623096751931
9977,0.0019034658656368552
9978,0.0019034693761674731
9979,0.001903472841116452
9980,0.001903476260329965
9981,0.0019034796336501486
9982,0.001903482960914109
9983,0.0019034862419559095
9984,0.0019034894766057004
9985,0.0019034926646894776
9986,0.0019034958060302814
9987,0.0019034989004472638
9988,0.0019035019477561287
9989,0.001903504947769234
9990,0.0019035079002964592
9991,0.0019035108051434666
9992,0.0019035136621137327
9993,0.0019035164710073315
9994,0.0019035192316221535
9995,0.0019035219437525779
9996,0.0019035246071910134
9997,0.0019035272217269787
9998,0.001903529787148005
9999,0.0019035323032385483
10000,0.0019035347697816275
