optimizer_call,face_rmse_vs_cg
1,0.0025242899761119086
2,0.0025243995126527584
3,0.00252454571809932
4,0.002524728575765258
5,0.0025249479842974327
6,0.002525203753917881
7,0.0025254956030592154
8,0.0025258231554709134
9,0.0025261859378760774
10,0.0025265833782580327
11,0.0025270148048554516
12,0.0025274794459404244
13,0.0025279764304492903
14,0.0025285047895267287
15,0.0025290634590340298
16,0.0025296512830588467
17,0.0025302670184477257
18,0.002530909340365378
19,0.002531576848863403
20,0.0025322680764208617
21,0.0025329814963950437
22,0.002533715532298169
23,0.0025344685677934293
24,0.002535238957281317
25,0.00253602503692904
26,0.002536825135978821
27,0.0025376375881594427
28,0.0025384607430163396
29,0.0025392929769746247
30,0.00254013270395122
31,0.0025409783853406853
32,0.002541828539213975
33,0.0025426817485867696
34,0.0025435366686381183
35,0.00254439203278554
36,0.0025452466575517185
37,0.0025460994461874633
38,0.002546949391045502
39,0.0025477955747277257
40,0.002548637170056146
41,0.0025494734389400393
42,0.0025503037302321905
43,0.00255112747668352
44,0.0025519441911154976
45,0.0025527534619383062
46,0.002553554948144302
47,0.0025543483739075296
48,0.002555133522913124
49,0.0025559102325363493
50,0.0025566783879801395
51,0.002557437916469604
52,0.0025581887815905777
53,0.0025589309778468673
54,0.0025596645254979196
55,0.0025603894657273804
56,0.002561105856180851
57,0.0025618137669011776
58,0.002562513276678933
59,0.002563204469828353
60,0.0025638874333904966
61,0.0025645622547593233
62,0.002565229019720714
63,0.002565887810890394
64,0.002566538706532324
65,0.002567181779736701
66,0.0025678170979343143
67,0.002568444722721874
68,0.002569064709972207
69,0.002569677110201561
70,0.002570281969166244
71,0.002570879328659999
72,0.00257146922748331
73,0.0025720517025561553
74,0.002572626790145383
75,0.0025731945271787716
76,0.0025737549521666287
77,0.002574308107366089
78,0.002574854039953532
79,0.002575392803338692
80,0.0025759244585093558
81,0.002576449075309484
82,0.0025769667336294597
83,0.0025774775244899184
84,0.002577981551002149
85,0.002578478929190856
86,0.0025789697886676117
87,0.002579454273145957
88,0.0025799325407916255
89,0.0025804047644048395
90,0.0025808711314339165
91,0.0025813318438221646
92,0.002581787117692837
93,0.002582237182879421
94,0.0025826822823098055
95,0.002583122671256279
96,0.0025835586164629147
97,0.0025839903951649294
98,0.002584418294013941
99,0.0025848426079247006
100,0.002585263638858074
101,0.002585681694555908
102,0.0025860970872418317
103,0.0025865101323027818
104,0.0025869211469637683
105,0.0025873304489689385
106,0.002587738355278897
107,0.0025881451807959217
108,0.0025885512371242544
109,0.002588956831374215
110,0.00258936226501631
111,0.0025897678327905403
112,0.0025901738216757945
113,0.0025905805099225828
114,0.0025909881661518364
115,0.002591397048522222
116,0.0025918074039668884
117,0.002592219467500886
118,0.0025926334616002103
119,0.002593049595652076
120,0.0025934680654769392
121,0.002593889052922202
122,0.0025943127255268874
123,0.002594739236257562
124,0.002595168723314492
125,0.0025956013100083422
126,0.0025960371047061698
127,0.0025964762008465992
128,0.002596918677023611
129,0.002597364597137862
130,0.0025978140106149954
131,0.002598266952689852
132,0.0025987234447552407
133,0.0025991834947738488
134,0.0025996470977514246
135,0.0026001142362692834
136,0.002600584881073428
137,0.0026010589917175478
138,0.0026015365172565212
139,0.0026020173969864995
140,0.002602501561227734
141,0.002602988932144935
142,0.0026034794246007765
143,0.002603972947035942
144,0.002604469402371072
145,0.0026049686889232557
146,0.0026054707013312014
147,0.0026059753314818823
148,0.0026064824694320555
149,0.0026069920043175258
150,0.002607503825243097
151,0.002608017822146216
152,0.002608533886628266
153,0.002609051912745768
154,0.002609571797757149
155,0.002610093442817513
156,0.0026106167536180105
157,0.0026111416409641797
158,0.002611668021289336
159,0.0026121958171005117
160,0.0026127249573535244
161,0.0026132553777554477
162,0.002613787020994276
163,0.00261431983689371
164,0.002614853782495161
165,0.0026153888220666302
166,0.002615924927040794
167,0.0026164620758844736
168,0.0026170002539021033
169,0.0026175394529768564
170,0.002618079671252565
171,0.002618620912762446
172,0.002619163187007096
173,0.0026197065084875705
174,0.0026202508961985557
175,0.0026207963730869015
176,0.0026213429654808333
177,0.002621890702495347
178,0.0026224396154190337
179,0.0026229897370876145
180,0.0026235411012504027
181,0.002624093741933089
182,0.0026246476928042254
183,0.0026252029865478895
184,0.0026257596542491315
185,0.0026263177247955573
186,0.002626877224299172
187,0.0026274381755433574
188,0.0026280005974571104
189,0.002628564504621498
190,0.002629129906810001
191,0.002629696808566211
192,0.0026302652088211224
193,0.00263083510055228
194,0.0026314064704861524
195,0.00263197929884587
196,0.0026325535591449527
197,0.0026331292180285766
198,0.0026337062351621254
199,0.0026342845631683104
200,0.0026348641476126975
201,0.0026354449270366573
202,0.0026360268330383857
203,0.002636609790400699
204,0.002637193717264701
205,0.0026377785253479686
206,0.0026383641202062363
207,0.0026389504015364574
208,0.002639537263519581
209,0.002640124595200472
210,0.0026407122809034454
211,0.0026413002006799536
212,0.0026418882307865494
213,0.002642476244188971
214,0.0026430641110909542
215,0.0026436516994829337
216,0.0026442388757079004
217,0.0026448255050412345
218,0.0026454114522803003
219,0.002645996582340247
220,0.0026465807608525706
221,0.002647163854762188
222,0.0026477457329198767
223,0.0026483262666655606
224,0.0026489053303990853
225,0.002649482802135358
226,0.0026500585640393203
227,0.0026506325029380185
228,0.002651204510806873
229,0.0026517744852262545
230,0.0026523423298063812
231,0.002652907954577219
232,0.0026534712763423406
233,0.0026540322189930916
234,0.002654590713782972
235,0.0026551466995595485
236,0.0026557001229537656
237,0.002656250938525533
238,0.0026567991088648824
239,0.0026573446046493534
240,0.002657887404657143
241,0.002658427495736802
242,0.0026589648727347688
243,0.002659499538381109
244,0.0026600315031353157
245,0.0026605607849942052
246,0.0026610874092631224
247,0.002661611408292922
248,0.002662132821185288
249,0.0026626516934686226
250,0.0026631680767468862
251,0.0026636820283251488
252,0.002664193610813218
253,0.0026647028917115823
254,0.0026652099429819876
255,0.0026657148406057565
256,0.002666217664132612
257,0.002666718496223451
258,0.0026672174221891035
259,0.002667714529528905
260,0.002668209907470796
261,0.0026687036465162764
262,0.0026691958379921627
263,0.0026696865736117945
264,0.0026701759450476186
265,0.0026706640435175152
266,0.0026711509593860946
267,0.0026716367817834247
268,0.0026721215982418063
269,0.002672605494352733
270,0.002673088553444591
271,0.002673570856282112
272,0.002674052480789049
273,0.002674533501793407
274,0.002675013990797105
275,0.0026754940157694054
276,0.0026759736409646055
277,0.0026764529267641357
278,0.0026769319295427865
279,0.0026774107015589744
280,0.0026778892908687164
281,0.00267836774126262
282,0.002678846092226019
283,0.002679324378920965
284,0.0026798026321900284
285,0.0026802808785805917
286,0.002680759140389396
287,0.002681237435726134
288,0.0026817157785955833
289,0.002682194178997015
290,0.0026826726430400844
291,0.002683151173076311
292,0.0026836297678451294
293,0.002684108422633455
294,0.002684587129447569
295,0.0026850658771969873
296,0.002685544651888102
297,0.0026860234368276305
298,0.0026865022128345004
299,0.0026869809584584865
300,0.0026874596502054196
301,0.002687938262767478
302,0.0026884167692575
303,0.002688895141446284
304,0.0026893733500020596
305,0.002689851364730402
306,0.002690329154814822
307,0.00269080668905559
308,0.0026912839361069533
309,0.0026917608647109713
310,0.0026922374439277033
311,0.0026927136433603565
312,0.0026931894333747067
313,0.002693664785312117
314,0.0026941396716948047
315,0.002694614066423371
316,0.0026950879449652207
317,0.0026955612845336457
318,0.0026960340642566308
319,0.0026965062653349866
320,0.0026969778711894822
321,0.002697448867596128
322,0.002697919242809205
323,0.0026983889876725266
324,0.002698858095717548
325,0.0026993265632485014
326,0.002699794389415185
327,0.0027002615762716977
328,0.0027007281288227926
329,0.0027011940550565965
330,0.00270165936596445
331,0.002702124075547861
332,0.0027025882008123157
333,0.0027030517617490407
334,0.0027035147813041912
335,0.002703977285336114
336,0.0027044393025610967
337,0.0027049008644879574
338,0.0027053620053416622
339,0.002705822761977003
340,0.002706283173782107
341,0.0027067432825730875
342,0.0027072031324796722
343,0.002707662769822726
344,0.0027081222429845403
345,0.002708581602271607
346,0.002709040899771639
347,0.0027095001892044153
348,0.0027099595257677953
349,0.002710418965979341
350,0.0027108785675137295
351,0.002711338389037601
352,0.002711798490041426
353,0.0027122589306693566
354,0.0027127197715483293
355,0.002713181073616209
356,0.0027136428979497324
357,0.0027141053055930557
358,0.002714568357388054
359,0.0027150321138051793
360,0.0027154966347777954
361,0.002715961979538445
362,0.0027164282064589566
363,0.0027168953728941847
364,0.002717363535030218
365,0.002717832747737264
366,0.0027183030644278784
367,0.0027187745369209953
368,0.0027192472153116935
369,0.002719721147847711
370,0.0027201963808128546
371,0.002720672958417058
372,0.0027211509226945253
373,0.002721630313408931
374,0.002722111167967135
375,0.002722593521340768
376,0.002723077405995988
377,0.002723562851832147
378,0.002724049886128943
379,0.002724538533502008
380,0.0027250288158676686
381,0.002725520752416352
382,0.002726014359594677
383,0.0027265096510966998
384,0.0027270066378634592
385,0.002727505328091427
386,0.0027280057272493943
387,0.002728507838103709
388,0.0027290116607516205
389,0.0027295171926626925
390,0.0027300244287279236
391,0.0027305333613162146
392,0.002731043980338024
393,0.00273155627331586
394,0.002732070225461346
395,0.002732585819758318
396,0.002733103037051472
397,0.002733621856140813
398,0.002734142253880304
399,0.002734664205281883
400,0.002735187683622197
401,0.00273571266055444
402,0.0027362391062216527
403,0.0027367669893739455
404,0.002737296277486892
405,0.0027378269368819
406,0.0027383589328475637
407,0.0027388922297617133
408,0.002739426791213732
409,0.002739962580126042
410,0.0027404995588752794
411,0.002741037689411963
412,0.002741576933378471
413,0.0027421172522250005
414,0.0027426586073227067
415,0.002743200960074026
416,0.002743744272019832
417,0.002744288504942686
418,0.002744833620966038
419,0.0027453795826494
420,0.0027459263530786324
421,0.0027464738959512547
422,0.002747022175657106
423,0.002747571157353209
424,0.0027481208070333804
425,0.002748671091592069
426,0.0027492219788823906
427,0.0027497734377682588
428,0.0027503254381704254
429,0.0027508779511065838
430,0.0027514309487252668
431,0.0027519844043334225
432,0.002752538292418193
433,0.0027530925886623974
434,0.002753647269953618
435,0.002754202314388013
436,0.002754757701267546
437,0.0027553134110914882
438,0.0027558694255424535
439,0.0027564257274665894
440,0.0027569823008485685
441,0.0027575391307808183
442,0.0027580962034283734
443,0.0027586535059880425
444,0.002759211026643527
445,0.0027597687545153245
446,0.002760326679607331
447,0.002760884792748057
448,0.002761443085529607
449,0.002762001550241606
450,0.002762560179803039
451,0.002763118967690402
452,0.0027636779078633123
453,0.0027642369946878366
454,0.002764796222857399
455,0.002765355587312238
456,0.002765915083156808
457,0.0027664747055766705
458,0.0027670344497539214
459,0.0027675943107823577
460,0.0027681542835822606
461,0.0027687143628155235
462,0.0027692745428009396
463,0.0027698348174303665
464,0.0027703951800862373
465,0.002770955623560132
466,0.0027715161399733752
467,0.002772076720699597
468,0.002772637356289833
469,0.0027731980364004726
470,0.002773758749723923
471,0.0027743194839228566
472,0.002774880225568464
473,0.002775440960081655
474,0.00277600167167982
475,0.002776562343326882
476,0.002777122956688905
477,0.002777683492094103
478,0.0027782439284983296
479,0.002778804243455969
480,0.002779364413095758
481,0.0027799244121022807
482,0.0027804842137061385
483,0.002781043789676597
484,0.0027816031103212588
485,0.0027821621444923924
486,0.0027827208595985853
487,0.002783279221623697
488,0.0027838371951511
489,0.0027843947433944687
490,0.0027849518282345226
491,0.0027855084102620473
492,0.0027860644488264977
493,0.0027866199020905166
494,0.002787174727090128
495,0.0027877288798005685
496,0.002788282315206864
497,0.00278883498737986
498,0.002789386849556959
499,0.0027899378542271098
500,0.0027904879532203784
501,0.0027910370978012837
502,0.0027915852387654094
503,0.0027921323265398365
504,0.002792678311286033
505,0.0027932231430051763
506,0.002793766771646176
507,0.0027943091472147226
508,0.0027948502198842096
509,0.002795389940107113
510,0.0027959282587274844
511,0.0027964651270928286
512,0.0027970004971662145
513,0.0027975343216373964
514,0.002798066554032759
515,0.0027985971488236733
516,0.0027991260615331747
517,0.00279965324883961
518,0.00280017866867821
519,0.002800702280339098
520,0.002801224044561637
521,0.0028017439236253804
522,0.002802261881436258
523,0.002802777883608397
524,0.00280329189754124
525,0.002803803892491298
526,0.002804313839638074
527,0.0028048217121454315
528,0.0028053274852154536
529,0.002805831136137556
530,0.0028063326443303256
531,0.002806831991377394
532,0.00280732916105636
533,0.0028078241393611324
534,0.0028083169145172765
535,0.002808807476990598
536,0.0028092958194886686
537,0.002809781936955397
538,0.0028102658265587097
539,0.002810747487671141
540,0.0028112269218437897
541,0.0028117041327734766
542,0.0028121791262629824
543,0.0028126519101752605
544,0.002813122494380754
545,0.0028135908906990743
546,0.0028140571128344553
547,0.0028145211763054116
548,0.0028149830983692486
549,0.0028154428979410622
550,0.002815900595508308
551,0.0028163562130401275
552,0.0028168097738931475
553,0.002817261302712765
554,0.0028177108253313694
555,0.002818158368663088
556,0.0028186039605958887
557,0.0028190476298811523
558,0.0028194894060213868
559,0.002819929319156041
560,0.0028203673999465917
561,0.002820803679460207
562,0.0028212381890537616
563,0.002821670960257038
564,0.0028221020246569635
565,0.002822531413782169
566,0.0028229591589893116
567,0.002823385291350351
568,0.002823809841542071
569,0.0028242328397379635
570,0.002824654315502311
571,0.0028250742976878664
572,0.0028254928143363477
573,0.0028259098925825883
574,0.0028263255585625146
575,0.0028267398373254546
576,0.0028271527527505822
577,0.0028275643274679103
578,0.002827974582784179
579,0.002828383538614059
580,0.0028287912134154947
581,0.002829197624131395
582,0.0028296027861361792
583,0.0028300067131878494
584,0.0028304094173858957
585,0.0028308109091343694
586,0.002831211197111228
587,0.002831610288242852
588,0.002832008187684831
589,0.002832404898807789
590,0.0028328004231894174
591,0.0028331947606121304
592,0.0028335879090657166
593,0.00283397986475604
594,0.002834370622119009
595,0.0028347601738396193
596,0.0028351485108763035
597,0.0028355356224903272
598,0.0028359214962800977
599,0.0028363061182198573
600,0.0028366894727033997
601,0.0028370715425918946
602,0.0028374523092660384
603,0.0028378317526819535
604,0.0028382098514312054
605,0.0028385865828042924
606,0.002838961922857257
607,0.0028393358464821146
608,0.0028397083274794275
609,0.0028400793386340827
610,0.002840448851793459
611,0.0028408168379478525
612,0.0028411832673126444
613,0.002841548109412617
614,0.002841911333167552
615,0.0028422729069793214
616,0.0028426327988194558
617,0.002842990976318379
618,0.002843347406854402
619,0.002843702057643499
620,0.0028440548958288013
621,0.002844405888570337
622,0.002844755003133927
623,0.002845102206979687
624,0.0028454474678494246
625,0.0028457907538534813
626,0.002846132033555329
627,0.0028464712760554404
628,0.002846808451073136
629,0.0028471435290260572
630,0.0028474764811081696
631,0.0028478072793649348
632,0.002848135896765776
633,0.0028484623072745335
634,0.002848786485915934
635,0.0028491084088403005
636,0.0028494280533837035
637,0.0028497453981255307
638,0.002850060422942599
639,0.0028503731090592462
640,0.002850683439093746
641,0.0028509913971011516
642,0.002851296968611984
643,0.002851600140666918
644,0.0028519009018474492
645,0.0028521992423022925
646,0.002852495153769862
647,0.002852788629596344
648,0.0028530796647495064
649,0.002853368255828386
650,0.0028536544010686767
651,0.002853938100344093
652,0.0028542193551634835
653,0.002854498168663484
654,0.0028547745455978542
655,0.002855048492321974
656,0.002855320016774434
657,0.0028555891284534987
658,0.0028558558383915875
659,0.0028561201591243333
660,0.002856382104657709
661,0.0028566416904310696
662,0.0028568989332772195
663,0.0028571538513793193
664,0.0028574064642253164
665,0.0028576567925593737
666,0.002857904858330955
667,0.002858150684641602
668,0.0028583942956895017
669,0.0028586357167121983
670,0.0028588749739278207
671,0.0028591120944738593
672,0.0028593471063460027
673,0.0028595800383346883
674,0.0028598109199612985
675,0.002860039781413305
676,0.0028602666534789855
677,0.002860491567482287
678,0.0028607145552163606
679,0.0028609356488783254
680,0.002861154881003647
681,0.002861372284400998
682,0.0028615878920877054
683,0.0028618017372259125
684,0.0028620138530596607
685,0.002862224272853097
686,0.002862433029829613
687,0.002862640157112501
688,0.002862845687667044
689,0.0028630496542441145
690,0.002863252089325484
691,0.002863453025070984
692,0.0028636524932671922
693,0.002863850525278884
694,0.0028640471520012963
695,0.0028642424038157624
696,0.0028644363105466164
697,0.002864628901420927
698,0.002864820205029693
699,0.0028650102492924216
700,0.0028651990614228617
701,0.002865386667898159
702,0.0028655730944296787
703,0.0028657583659360657
704,0.002865942506519278
705,0.0028661255394427155
706,0.002866307487111306
707,0.002866488371054431
708,0.002866668211910939
709,0.002866847029416311
710,0.0028670248423922815
711,0.002867201668738578
712,0.0028673775254266323
713,0.00286755242849563
714,0.0028677263930508086
715,0.0028678994332630753
716,0.0028680715623714084
717,0.002868242792686556
718,0.0028684131355969505
719,0.0028685826015763015
720,0.0028687512001926954
721,0.002868918940119941
722,0.0028690858291496087
723,0.0028692518742056607
724,0.0028694170813597705
725,0.002869581455848343
726,0.0028697450020907915
727,0.002869907723709276
728,0.0028700696235493626
729,0.00287023070370217
730,0.0028703909655269882
731,0.0028705504096757702
732,0.002870709036117708
733,0.002870866844165223
734,0.0028710238325004183
735,0.0028711799992025945
736,0.0028713353417761274
737,0.0028714898571788935
738,0.0028716435418518487
739,0.002871796391748061
740,0.0028719484023630236
741,0.002872099568764929
742,0.002872249885625029
743,0.002872399347248746
744,0.002872547947606179
745,0.00287269568036367
746,0.002872842538914096
747,0.0028729885164085105
748,0.0028731336057867415
749,0.0028732777998079586
750,0.0028734210910814633
751,0.002873563472096752
752,0.0028737049352534523
753,0.0028738454728908886
754,0.00287398507731694
755,0.0028741237408370477
756,0.0028742614557818852
757,0.002874398214535055
758,0.0028745340095598826
759,0.0028746688334256643
760,0.0028748026788328897
761,0.00287493553863816
762,0.0028750674058781013
763,0.002875198273792192
764,0.002875328135845122
765,0.00287545698574812
766,0.0028755848174791838
767,0.002875711625302393
768,0.0028758374037864518
769,0.0028759621478219553
770,0.0028760858526376814
771,0.0028762085138157377
772,0.0028763301273061342
773,0.0028764506894392913
774,0.0028765701969384297
775,0.0028766886469302603
776,0.002876806036954711
777,0.002876922364973625
778,0.0028770376293778595
779,0.0028771518289941434
780,0.002877264963089836
781,0.002877377031377213
782,0.002877488034016394
783,0.002877597971616966
784,0.0028777068452390166
785,0.0028778146563927715
786,0.0028779214070367345
787,0.002878027099575917
788,0.0028781317368579526
789,0.0028782353221686106
790,0.0028783378592264195
791,0.0028784393521763423
792,0.002878539805582484
793,0.0028786392244195837
794,0.0028787376140642917
795,0.0028788349802852035
796,0.002878931329231901
797,0.002879026667424094
798,0.002879121001738977
799,0.002879214339398756
800,0.0028793066879570523
801,0.0028793980552849524
802,0.0028794884495564367
803,0.0028795778792332282
804,0.002879666353049557
805,0.0028797538799956502
806,0.0028798404693020883
807,0.0028799261304224477
808,0.0028800108730170034
809,0.002880094706935019
810,0.002880177642197444
811,0.002880259688979578
812,0.00288034085759323
813,0.0028804211584688697
814,0.0028805006021378732
815,0.0028805791992148845
816,0.002880656960379639
817,0.0028807338963597216
818,0.0028808100179128606
819,0.002880885335809304
820,0.0028809598608148406
821,0.002881033603673634
822,0.0028811065750915296
823,0.002881178785719663
824,0.0028812502461379856
825,0.002881320966839862
826,0.0028813909582163615
827,0.0028814602305412868
828,0.0028815287939563668
829,0.0028815966584574528
830,0.00288166383388037
831,0.0028817303298879016
832,0.002881796155956912
833,0.002881861321366254
834,0.0028819258351850275
835,0.002881989706261317
836,0.0028820529432116906
837,0.002882115554411213
838,0.002882177547983851
839,0.002882238931793837
840,0.0028822997134371163
841,0.0028823599002340697
842,0.0028824194992220164
843,0.0028824785171492266
844,0.002882536960468651
845,0.002882594835332831
846,0.0028826521475895607
847,0.002882708902777413
848,0.0028827651061226816
849,0.0028828207625364
850,0.0028828758766123253
851,0.0028829304526250443
852,0.0028829844945292603
853,0.002883038005958941
854,0.0028830909902280996
855,0.0028831434503307084
856,0.0028831953889425764
857,0.002883246808422914
858,0.002883297710816452
859,0.002883348097856589
860,0.0028833979709687427
861,0.0028834473312738976
862,0.0028834961795931586
863,0.00288354451645267
864,0.002883592342088859
865,0.002883639656453744
866,0.0028836864592215617
867,0.0028837327497950667
868,0.002883778527312503
869,0.002883823790655041
870,0.0028838685384541644
871,0.0028839127691003296
872,0.002883956480750403
873,0.002883999671337218
874,0.0028840423385779364
875,0.002884084479983685
876,0.0028841260928689203
877,0.002884167174361023
878,0.0028842077214105625
879,0.002884247730801269
880,0.0028842871991602986
881,0.0028843261229693057
882,0.002884364498574359
883,0.0028844023221972596
884,0.00288443958994639
885,0.002884476297827764
886,0.0028845124417557224
887,0.0028845480175648
888,0.0028845830210202294
889,0.0028846174478295997
890,0.0028846512936538827
891,0.002884684554118464
892,0.0028847172248248135
893,0.0028847493013612418
894,0.0028847807793136713
895,0.002884811654277203
896,0.0028848419218667496
897,0.002884871577727524
898,0.0028849006175458744
899,0.00288492903705978
900,0.0028849568320690527
901,0.002884983998445362
902,0.002885010532142494
903,0.002885036429205509
904,0.0028850616857808665
905,0.002885086298125086
906,0.002885110262614125
907,0.00288513357575207
908,0.0028851562341795423
909,0.002885178234681751
910,0.002885199574196902
911,0.0028852202498229566
912,0.0028852402588261223
913,0.002885259598646393
914,0.0028852782669054377
915,0.0028852962614121995
916,0.002885313580169067
917,0.0028853302213778095
918,0.0028853461834442524
919,0.002885361464983635
920,0.00288537606482519
921,0.0028853899820161775
922,0.0028854032158257873
923,0.002885415765748692
924,0.0028854276315083663
925,0.0028854388130592433
926,0.0028854493105896937
927,0.002885459124523886
928,0.0028854682555234145
929,0.0028854767044885917
930,0.0028854844725596544
931,0.0028854915611170313
932,0.0028854979717817964
933,0.0028855037064155855
934,0.002885508767120366
935,0.002885513156237323
936,0.002885516876346032
937,0.0028855199302630966
938,0.002885522321040482
939,0.0028855240519632588
940,0.0028855251265478454
941,0.002885525548539049
942,0.0028855253219070075
943,0.0028855244508450314
944,0.002885522939765129
945,0.0028855207932950867
946,0.0028855180162745777
947,0.0028855146137509785
948,0.0028855105909750965
949,0.0028855059533966737
950,0.0028855007066598834
951,0.0028854948565985297
952,0.002885488409230772
953,0.002885481370754032
954,0.0028854737475399353
955,0.002885465546128603
956,0.0028854567732234404
957,0.0028854474356847524
958,0.0028854375405249696
959,0.0028854270949018384
960,0.0028854161061129127
961,0.0028854045815898594
962,0.0028853925288917018
963,0.0028853799556993044
964,0.002885366869808968
965,0.002885353279126274
966,0.002885339191659966
967,0.0028853246155157684
968,0.002885309558890171
969,0.0028852940300644813
970,0.0028852780373983603
971,0.0028852615893239456
972,0.0028852446943396894
973,0.002885227361004601
974,0.00288520959793202
975,0.0028851914137839217
976,0.0028851728172648917
977,0.002885153817116897
978,0.00288513442211323
979,0.0028851146410528677
980,0.0028850944827556384
981,0.002885073956056353
982,0.002885053069799883
983,0.00288503183283589
984,0.0028850102540140983
985,0.002884988342179309
986,0.0028849661061666116
987,0.00288494355479716
988,0.002884920696873158
989,0.002884897541174303
990,0.002884874096453038
991,0.002884850371430866
992,0.002884826374794488
993,0.0028848021151921593
994,0.002884777601229896
995,0.0028847528414684925
996,0.002884727844419924
997,0.0028847026185445544
998,0.0028846771722481693
999,0.00288465151387915
1000,0.002884625651726048
1001,0.0028845995940149412
1002,0.002884573348907353
1003,0.0028845469244980454
1004,0.0028845203288132178
1005,0.002884493569808358
1006,0.0028844666553670627
1007,0.002884439593299109
1008,0.0028844123913393887
1009,0.002884385057146705
1010,0.0028843575983023956
1011,0.0028843300223100423
1012,0.0028843023365939862
1013,0.0028842745484991676
1014,0.0028842466652905284
1015,0.002884218694152621
1016,0.0028841906421890485
1017,0.0028841625164231447
1018,0.002884134323797167
1019,0.0028841060711727123
1020,0.0028840777653311596
1021,0.0028840494129735417
1022,0.0028840210207214177
1023,0.002883992595117224
1024,0.002883964142625136
1025,0.0028839356696308167
1026,0.0028839071824437673
1027,0.0028838786872972377
1028,0.0028838501903489613
1029,0.0028838216976830463
1030,0.00288379321531032
1031,0.0028837647491699527
1032,0.0028837363051301638
1033,0.002883707888990027
1034,0.0028836795064804597
1035,0.0028836511632653163
1036,0.0028836228649434053
1037,0.0028835946170492565
1038,0.0028835664250547034
1039,0.00288353829437058
1040,0.0028835102303474357
1041,0.0028834822382780337
1042,0.0028834543233977722
1043,0.00288342649088663
1044,0.0028833987458702815
1045,0.0028833710934219993
1046,0.0028833435385633866
1047,0.0028833160862658485
1048,0.002883288741452308
1049,0.0028832615089980115
1050,0.0028832343937319365
1051,0.0028832074004378257
1052,0.0028831805338552586
1053,0.0028831537986810296
1054,0.0028831271995697063
1055,0.002883100741134859
1056,0.0028830744279495484
1057,0.0028830482645474053
1058,0.0028830222554232223
1059,0.002882996405033286
1060,0.002882970717796259
1061,0.0028829451980934783
1062,0.0028829198502690542
1063,0.002882894678630552
1064,0.002882869687448386
1065,0.0028828448809563485
1066,0.0028828202633518194
1067,0.002882795838794835
1068,0.0028827716114082206
1069,0.0028827475852771546
1070,0.002882723764448495
1071,0.0028827001529304753
1072,0.002882676754691636
1073,0.0028826535736599353
1074,0.002882630613722193
1075,0.0028826078787227644
1076,0.002882585372462296
1077,0.002882563098696626
1078,0.002882541061135166
1079,0.0028825192634397306
1080,0.002882497709222665
1081,0.002882476402045352
1082,0.0028824553454161865
1083,0.0028824345427890022
1084,0.002882413997560812
1085,0.002882393713069942
1086,0.002882373692593783
1087,0.0028823539393465387
1088,0.002882334456476899
1089,0.002882315247065929
1090,0.0028822963141243896
1091,0.0028822776605900943
1092,0.002882259289325766
1093,0.0028822412031159496
1094,0.00288222340466477
1095,0.0028822058965928743
1096,0.0028821886814349644
1097,0.002882171761636736
1098,0.0028821551395525496
1099,0.002882138817441891
1100,0.002882122797467364
1101,0.0028821070816910455
1102,0.002882091672072324
1103,0.002882076570464699
1104,0.0028820617786128417
1105,0.002882047298150358
1106,0.0028820331305960865
1107,0.002882019277352203
1108,0.0028820057397013162
1109,0.0028819925188030364
1110,0.0028819796156926004
1111,0.0028819670312770144
1112,0.0028819547663336037
1113,0.0028819428215068076
1114,0.0028819311973064124
1115,0.002881919894104044
1116,0.0028819089121328912
1117,0.0028818982514838146
1118,0.002881887912104021
1119,0.0028818778937951795
1120,0.002881868196211183
1121,0.0028818588188570435
1122,0.0028818497610863594
1123,0.0028818410221009656
1124,0.002881832600948314
1125,0.0028818244965211318
1126,0.002881816707555617
1127,0.002881809232631152
1128,0.0028818020701689567
1129,0.0028817952184311754
1130,0.002881788675521
1131,0.002881782439381491
1132,0.0028817765077957472
1133,0.0028817708783867245
1134,0.0028817655486171705
1135,0.0028817605157895887
1136,0.002881755777047134
1137,0.0028817513293736617
1138,0.0028817471695946565
1139,0.0028817432943776316
1140,0.0028817397002339038
1141,0.0028817363835191056
1142,0.002881733340434571
1143,0.0028817305670291947
1144,0.0028817280592006453
1145,0.0028817258126979696
1146,0.0028817238231226387
1147,0.0028817220859313976
1148,0.0028817205964384277
1149,0.0028817193498180175
1150,0.002881718341106825
1151,0.002881717565207265
1152,0.0028817170168902633
1153,0.0028817166907985597
1154,0.00288171658144963
1155,0.0028817166832401367
1156,0.00288171699044878
1157,0.002881717497240253
1158,0.0028817181976695905
1159,0.0028817190856860564
1160,0.0028817201551373114
1161,0.0028817213997743723
1162,0.0028817228132555065
1163,0.0028817243891513227
1164,0.0028817261209496845
1165,0.0028817280020602726
1166,0.002881730025820456
1167,0.0028817321854998786
1168,0.00288173447430562
1169,0.0028817368853884784
1170,0.002881739411847772
1171,0.002881742046737368
1172,0.002881744783071144
1173,0.002881747613829315
1174,0.0028817505319638447
1175,0.002881753530404787
1176,0.0028817566020658313
1177,0.0028817597398511554
1178,0.0028817629366611696
1179,0.0028817661853985095
1180,0.0028817694789747225
1181,0.0028817728103165794
1182,0.002881776172371685
1183,0.0028817795581156207
1184,0.0028817829605578583
1185,0.002881786372748064
1186,0.002881789787782382
1187,0.002881793198809969
1188,0.002881796599038663
1189,0.0028817999817419
1190,0.0028818033402644608
1191,0.002881806668028477
1192,0.002881809958539347
1193,0.0028818132053924383
1194,0.002881816402277994
1195,0.002881819542987476
1196,0.0028818226214187078
1197,0.0028818256315819393
1198,0.0028818285676049976
1199,0.0028818314237384554
1200,0.0028818341943608115
1201,0.0028818368739835314
1202,0.0028818394572557183
1203,0.002881841938968895
1204,0.0028818443140611622
1205,0.0028818465776219338
1206,0.002881848724895444
1207,0.0028818507512850056
1208,0.0028818526523566416
1209,0.0028818544238420033
1210,0.0028818560616423764
1211,0.0028818575618310693
1212,0.0028818589206565577
1213,0.0028818601345445855
1214,0.002881861200100396
1215,0.0028818621141114458
1216,0.002881862873548138
1217,0.0028818634755663356
1218,0.0028818639175077565
1219,0.002881864196901526
1220,0.0028818643114643682
1221,0.002881864259101706
1222,0.0028818640379071666
1223,0.002881863646162968
1224,0.0028818630823394145
1225,0.0028818623450943253
1226,0.0028818614332720843
1227,0.002881860345902378
1228,0.0028818590821991295
1229,0.002881857641558847
1230,0.0028818560235583275
1231,0.002881854227953032
1232,0.0028818522546740174
1233,0.002881850103826237
1234,0.002881847775684982
1235,0.00288184527069302
1236,0.0028818425894574042
1237,0.002881839732745773
1238,0.0028818367014830175
1239,0.0028818334967472114
1240,0.0028818301197650843
1241,0.0028818265719084695
1242,0.0028818228546896923
1243,0.002881818969756759
1244,0.0028818149188887263
1245,0.002881810703991012
1246,0.0028818063270900475
1247,0.0028818017903285923
1248,0.002881797095960234
1249,0.0028817922463442096
1250,0.0028817872439395142
1251,0.0028817820913001977
1252,0.0028817767910692756
1253,0.002881771345973178
1254,0.002881765758815944
1255,0.002881760032474011
1256,0.002881754169890005
1257,0.002881748174066975
1258,0.0028817420480629534
1259,0.0028817357949849757
1260,0.002881729417983101
1261,0.0028817229202453007
1262,0.002881716304991185
1263,0.002881709575466322
1264,0.0028817027349371414
1265,0.002881695786684935
1266,0.002881688733999991
1267,0.0028816815801773216
1268,0.002881674328510032
1269,0.002881666982284653
1270,0.0028816595447760463
1271,0.002881652019241595
1272,0.0028816444089177105
1273,0.002881636717012944
1274,0.00288162894670479
1275,0.0028816211011343743
1276,0.0028816131834020803
1277,0.0028816051965628656
1278,0.0028815971436226048
1279,0.0028815890275332846
1280,0.0028815808511892375
1281,0.0028815726174237248
1282,0.002881564329004346
1283,0.0028815559886303157
1284,0.0028815475989284987
1285,0.0028815391624506807
1286,0.0028815306816698254
1287,0.002881522158977171
1288,0.0028815135966802734
1289,0.0028815049969992904
1290,0.002881496362065023
1291,0.0028814876939165855
1292,0.0028814789944990055
1293,0.002881470265661212
1294,0.002881461509154388
1295,0.0028814527266301055
1296,0.002881443919638593
1297,0.002881435089627361
1298,0.002881426237940489
1299,0.0028814173658164317
1300,0.0028814084743878725
1301,0.00288139956468079
1302,0.0028813906376132558
1303,0.002881381693995616
1304,0.0028813727345293988
1305,0.0028813637598075702
1306,0.0028813547703137915
1307,0.0028813457664230765
1308,0.002881336748401625
1309,0.002881327716406627
1310,0.0028813186704874515
1311,0.0028813096105854163
1312,0.002881300536534807
1313,0.0028812914480633835
1314,0.002881282344793286
1315,0.00288127322624194
1316,0.002881264091823013
1317,0.002881254940848114
1318,0.002881245772526897
1319,0.0028812365859697776
1320,0.002881227380188166
1321,0.0028812181540967597
1322,0.002881208906514891
1323,0.0028811996361682995
1324,0.0028811903416906767
1325,0.0028811810216259883
1326,0.0028811716744298085
1327,0.0028811622984721776
1328,0.00288115289203845
1329,0.0028811434533329377
1330,0.002881133980479794
1331,0.00288112447152624
1332,0.0028811149244440974
1333,0.002881105337132944
1334,0.0028810957074221276
1335,0.0028810860330732374
1336,0.00288107631178291
1337,0.002881066541184895
1338,0.0028810567188536137
1339,0.0028810468423057832
1340,0.002881036909003727
1341,0.0028810269163579605
1342,0.0028810168617301583
1343,0.002881006742435666
1344,0.0028809965557463364
1345,0.0028809862988935643
1346,0.002880975969071117
1347,0.0028809655634378676
1348,0.0028809550791210957
1349,0.0028809445132187543
1350,0.002880933862803047
1351,0.0028809231249230555
1352,0.002880912296607558
1353,0.002880901374868406
1354,0.0028808903567029923
1355,0.002880879239097822
1356,0.0028808680190306134
1357,0.002880856693474114
1358,0.0028808452593985343
1359,0.002880833713774411
1360,0.0028808220535760333
1361,0.002880810275783528
1362,0.0028807983773870014
1363,0.0028807863553878717
1364,0.0028807742068029645
1365,0.002880761928667081
1366,0.002880749518034898
1367,0.0028807369719850784
1368,0.002880724287622076
1369,0.0028807114620793836
1370,0.0028806984925219443
1371,0.002880685376148858
1372,0.0028806721101959426
1373,0.002880658691938414
1374,0.0028806451186933384
1375,0.002880631387822382
1376,0.0028806174967337395
1377,0.00288060344288492
1378,0.0028805892237851955
1379,0.0028805748369976326
1380,0.0028805602801411753
1381,0.002880545550893462
1382,0.0028805306469923547
1383,0.002880515566238324
1384,0.002880500306496382
1385,0.0028804848656980644
1386,0.0028804692418436116
1387,0.002880453433002997
1388,0.0028804374373186175
1389,0.0028804212530065183
1390,0.0028804048783579897
1391,0.002880388311741457
1392,0.0028803715516036135
1393,0.002880354596471051
1394,0.0028803374449516044
1395,0.0028803200957353728
1396,0.0028803025475964777
1397,0.0028802847993935135
1398,0.002880266850071213
1399,0.002880248698660551
1400,0.0028802303442807624
1401,0.0028802117861393235
1402,0.0028801930235330033
1403,0.0028801740558482697
1404,0.0028801548825621933
1405,0.0028801355032426505
1406,0.0028801159175487244
1407,0.0028800961252314003
1408,0.0028800761261329965
1409,0.0028800559201884656
1410,0.0028800355074242267
1411,0.0028800148879591816
1412,0.002879994062003794
1413,0.002879973029860638
1414,0.0028799517919233762
1415,0.002879930348677349
1416,0.002879908700698153
1417,0.0028798868486517083
1418,0.0028798647932938527
1419,0.0028798425354689705
1420,0.0028798200761099295
1421,0.0028797974162370382
1422,0.0028797745569569245
1423,0.002879751499461877
1424,0.0028797282450286803
1425,0.002879704795017658
1426,0.0028796811508710945
1427,0.0028796573141126633
1428,0.002879633286345034
1429,0.0028796090692497964
1430,0.0028795846645851587
1431,0.0028795600741847536
1432,0.002879535299955632
1433,0.0028795103438777696
1434,0.002879485208000749
1435,0.002879459894443844
1436,0.002879434405393071
1437,0.0028794087431013244
1438,0.002879382909883373
1439,0.002879356908115139
1440,0.002879330740231956
1441,0.002879304408727156
1442,0.0028792779161492775
1443,0.002879251265100446
1444,0.0028792244582346873
1445,0.002879197498254791
1446,0.0028791703879112625
1447,0.0028791431299997677
1448,0.002879115727358948
1449,0.002879088182868361
1450,0.00287906049944654
1451,0.002879032680048259
1452,0.0028790047276631807
1453,0.0028789766453130084
1454,0.0028789484360496552
1455,0.002878920102953118
1456,0.002878891649129354
1457,0.0028788630777079566
1458,0.0028788343918404557
1459,0.0028788055946977562
1460,0.002878776689468657
1461,0.0028787476793571357
1462,0.002878718567581137
1463,0.0028786893573701728
1464,0.0028786600519633506
1465,0.0028786306546079252
1466,0.002878601168556724
1467,0.002878571597067256
1468,0.0028785419433994316
1469,0.002878512210813978
1470,0.002878482402570957
1471,0.002878452521927972
1472,0.0028784225721389463
1473,0.002878392556452333
1474,0.0028783624781099646
1475,0.0028783323403460707
1476,0.0028783021463854477
1477,0.0028782718994421874
1478,0.002878241602719736
1479,0.0028782112594086012
1480,0.002878180872685689
1481,0.0028781504457143473
1482,0.0028781199816424585
1483,0.0028780894836022116
1484,0.002878058954709708
1485,0.002878028398064205
1486,0.0028779978167476463
1487,0.0028779672138244477
1488,0.002877936592341174
1489,0.002877905955326446
1490,0.0028778753057907614
1491,0.002877844646726544
1492,0.002877813981108378
1493,0.002877783311892915
1494,0.002877752642019479
1495,0.0028777219744102345
1496,0.0028776913119705934
1497,0.0028776606575903283
1498,0.0028776300141430777
1499,0.0028775993844883385
1500,0.0028775687714714194
1501,0.0028775381779246175
1502,0.0028775076066684777
1503,0.0028774770605121086
1504,0.002877446542254794
1505,0.0028774160546878543
1506,0.0028773856005945104
1507,0.002877355182752367
1508,0.002877324803934305
1509,0.002877294466910377
1510,0.002877264174448904
1511,0.0028772339293183366
1512,0.002877203734289351
1513,0.0028771735921352183
1514,0.002877143505635786
1515,0.002877113477577125
1516,0.002877083510754561
1517,0.0028770536079745397
1518,0.002877023772056055
1519,0.0028769940058333255
1520,0.0028769643121571925
1521,0.0028769346938975265
1522,0.0028769051539450745
1523,0.0028768756952134303
1524,0.0028768463206415113
1525,0.002876817033195387
1526,0.002876787835869844
1527,0.002876758731691369
1528,0.0028767297237195172
1529,0.0028767008150492553
1530,0.0028766720088128665
1531,0.00287664330818167
1532,0.0028766147163685153
1533,0.002876586236628993
1534,0.0028765578722643476
1535,0.0028765296266218135
1536,0.0028765015030977085
1537,0.0028764735051382776
1538,0.002876445636241867
1539,0.0028764178999601793
1540,0.0028763902998998414
1541,0.0028763628397236894
1542,0.0028763355231522887
1543,0.002876308353965119
1544,0.002876281336001494
1545,0.002876254473162183
1546,0.0028762277694098087
1547,0.0028762012287694466
1548,0.0028761748553302715
1549,0.0028761486532457043
1550,0.0028761226267334287
1551,0.002876096780076601
1552,0.002876071117623577
1553,0.002876045643788323
1554,0.0028760203630501984
1555,0.002875995279954175
1556,0.0028759703991101415
1557,0.0028759457251929677
1558,0.002875921262941757
1559,0.0028758970171591817
1560,0.0028758729927109558
1561,0.002875849194524549
1562,0.002875825627588489
1563,0.002875802296951148
1564,0.002875779207719014
1565,0.0028757563650558524
1566,0.0028757337741808207
1567,0.00287571144036636
1568,0.0028756893689374854
1569,0.0028756675652684477
1570,0.00287564603478202
1571,0.002875624782945862
1572,0.0028756038152712654
1573,0.002875583137310692
1574,0.002875562754654405
1575,0.0028755426729284174
1576,0.00287552289779208
1577,0.002875503434933956
1578,0.002875484290070472
1579,0.0028754654689415737
1580,0.002875446977308247
1581,0.0028754288209490927
1582,0.0028754110056570946
1583,0.0028753935372363374
1584,0.002875376421498358
1585,0.0028753596642584196
1586,0.002875343271333292
1587,0.00287532724853561
1588,0.0028753116016721663
1589,0.002875296336538607
1590,0.002875281458917318
1591,0.0028752669745721843
1592,0.0028752528892460956
1593,0.0028752392086560494
1594,0.0028752259384907694
1595,0.002875213084405222
1596,0.002875200652018511
1597,0.002875188646909228
1598,0.0028751770746117786
1599,0.0028751659406126544
1600,0.002875155250347121
1601,0.002875145009195229
1602,0.002875135222478284
1603,0.0028751258954555652
1604,0.0028751170333201044
1605,0.0028751086411959387
1606,0.002875100724134683
1607,0.0028750932871117294
1608,0.002875086335023058
1609,0.0028750798726827095
1610,0.0028750739048188974
1611,0.0028750684360714595
1612,0.002875063470988774
1613,0.0028750590140248994
1614,0.002875055069536847
1615,0.002875051641782073
1616,0.0028750487349157115
1617,0.002875046352988408
1618,0.0028750444999436223
1619,0.0028750431796159535
1620,0.002875042395728499
1621,0.002875042151891334
1622,0.002875042451599125
1623,0.0028750432982303114
1624,0.0028750446950441973
1625,0.0028750466451808363
1626,0.002875049151658382
1627,0.0028750522173730934
1628,0.0028750558450971525
1629,0.002875060037478752
1630,0.0028750647970398704
1631,0.0028750701261774057
1632,0.002875076027160956
1633,0.002875082502133167
1634,0.0028750895531095234
1635,0.002875097181977745
1636,0.0028751053904982186
1637,0.0028751141803037843
1638,0.002875123552900442
1639,0.002875133509666718
1640,0.0028751440518554857
1641,0.002875155180593966
1642,0.0028751668968841015
1643,0.002875179201604469
1644,0.002875192095510315
1645,0.002875205579235841
1646,0.002875219653294044
1647,0.002875234318079611
1648,0.0028752495738696426
1649,0.0028752654208256366
1650,0.002875281858995294
1651,0.002875298888314056
1652,0.0028753165086078435
1653,0.002875334719594506
1654,0.002875353520886914
1655,0.0028753729119945265
1656,0.002875392892326348
1657,0.0028754134611934895
1658,0.002875434617812131
1659,0.002875456361305625
1660,0.0028754786907079096
1661,0.002875501604967053
1662,0.0028755251029470483
1663,0.002875549183432438
1664,0.0028755738451305608
1665,0.0028755990866750725
1666,0.002875624906630473
1667,0.0028756513034938415
1668,0.0028756782757000695
1669,0.002875705821624569
1670,0.0028757339395875624
1671,0.0028757626278572554
1672,0.002875791884654392
1673,0.002875821708156055
1674,0.0028758520964987165
1675,0.0028758830477839978
1676,0.00287591456008101
1677,0.002875946631431244
1678,0.0028759792598527355
1679,0.0028760124433439417
1680,0.002876046179888193
1681,0.0028760804674577063
1682,0.002876115304017625
1683,0.0028761506875307143
1684,0.002876186615960925
1685,0.0028762230872782647
1686,0.002876260099462515
1687,0.0028762976505077678
1688,0.0028763357384261833
1689,0.0028763743612525974
1690,0.0028764135170483876
1691,0.0028764532039056052
1692,0.002876493419951031
1693,0.002876534163350131
1694,0.002876575432311319
1695,0.0028766172250894277
1696,0.002876659539989693
1697,0.0028767023753718097
1698,0.002876745729653555
1699,0.0028767896013138254
1700,0.0028768339888972784
1701,0.0028768788910168964
1702,0.0028769243063578405
1703,0.002876970233680661
1704,0.0028770166718246515
1705,0.0028770636197103677
1706,0.0028771110763437598
1707,0.0028771590408175835
1708,0.0028772075123157494
1709,0.0028772564901142147
1710,0.002877305973585883
1711,0.0028773559622002776
1712,0.0028774064555283484
1713,0.002877457453242897
1714,0.002877508955121343
1715,0.002877560961047466
1716,0.002877613471013378
1717,0.0028776664851209548
1718,0.0028777200035832247
1719,0.002877774026725925
1720,0.002877828554988368
1721,0.0028778835889250393
1722,0.002877939129205824
1723,0.002877995176617328
1724,0.002878051732062967
1725,0.002878108796564292
1726,0.002878166371259973
1727,0.0028782244574071126
1728,0.0028782830563806646
1729,0.002878342169673401
1730,0.002878401798895847
1731,0.002878461945775697
1732,0.0028785226121569155
1733,0.0028785837999994153
1734,0.0028786455113782882
1735,0.002878707748482553
1736,0.0028787705136139917
1737,0.002878833809185797
1738,0.0028788976377217084
1739,0.0028789620018540817
1740,0.0028790269043216894
1741,0.002879092347969162
1742,0.0028791583357441757
1743,0.0028792248706957903
1744,0.002879291955972033
1745,0.002879359594818047
1746,0.0028794277905735237
1747,0.0028794965466703666
1748,0.002879565866629792
1749,0.0028796357540602094
1750,0.0028797062126543834
1751,0.0028797772461865204
1752,0.002879848858508854
1753,0.0028799210535500126
1754,0.0028799938353107016
1755,0.0028800672078613
1756,0.002880141175338289
1757,0.0028802157419417084
1758,0.0028802909119310304
1759,0.0028803666896225462
1760,0.00288044307938528
1761,0.002880520085638716
1762,0.002880597712848258
1763,0.002880675965522137
1764,0.002880754848208387
1765,0.0028808343654908647
1766,0.0028809145219854493
1767,0.0028809953223374297
1768,0.0028810767712171706
1769,0.002881158873316906
1770,0.002881241633347126
1771,0.00288132505603297
1772,0.0028814091461112803
1773,0.0028814939083259164
1774,0.0028815793474254335
1775,0.0028816654681592226
1776,0.0028817522752736194
1777,0.002881839773508959
1778,0.0028819279675965062
1779,0.0028820168622542912
1780,0.0028821064621842784
1781,0.0028821967720690307
1782,0.002882287796568691
1783,0.0028823795403173395
1784,0.0028824720079202375
1785,0.002882565203950769
1786,0.00288265913294713
1787,0.0028827537994095265
1788,0.0028828492077976036
1789,0.0028829453625270453
1790,0.0028830422679669496
1791,0.002883139928437579
1792,0.002883238348207283
1793,0.002883337531490036
1794,0.0028834374824430052
1795,0.002883538205163999
1796,0.0028836397036894066
1797,0.00288374198199182
1798,0.00288384504397755
1799,0.0028839488934853867
1800,0.0028840535342833525
1801,0.0028841589700678186
1802,0.002884265204461397
1803,0.002884372241010861
1804,0.0028844800831857816
1805,0.00288458873437705
1806,0.0028846981978947837
1807,0.002884808476968111
1808,0.0028849195747424816
1809,0.0028850314942793936
1810,0.002885144238555028
1811,0.0028852578104589317
1812,0.0028853722127937112
1813,0.0028854874482734535
1814,0.0028856035195236477
1815,0.0028857204290798967
1816,0.0028858381793882616
1817,0.0028859567728037007
1818,0.0028860762115902826
1819,0.0028861964979213567
1820,0.0028863176338782075
1821,0.00288643962145143
1822,0.002886562462539134
1823,0.0028866861589493266
1824,0.0028868107123978344
1825,0.0028869361245102668
1826,0.002887062396821417
1827,0.002887189530776359
1828,0.0028873175277304946
1829,0.0028874463889506604
1830,0.002887576115615494
1831,0.002887706708816829
1832,0.002887838169559649
1833,0.002887970498764342
1834,0.0028881036972668163
1835,0.0028882377658202177
1836,0.0028883727050959215
1837,0.0028885085156850434
1838,0.002888645198099814
1839,0.0028887827527749417
1840,0.0028889211800699013
1841,0.0028890604802693544
1842,0.002889200653586172
1843,0.002889341700162396
1844,0.002889483620071586
1845,0.0028896264133203755
1846,0.002889770079850984
1847,0.002889914619543053
1848,0.002890060032215697
1849,0.002890206317629758
1850,0.002890353475490268
1851,0.0028905015054484823
1852,0.002890650407104608
1853,0.0028908001800100076
1854,0.0028909508236696496
1855,0.0028911023375446463
1856,0.002891254721054976
1857,0.0028914079735818357
1858,0.00289156209447055
1859,0.0028917170830330473
1860,0.0028918729385506176
1861,0.0028920296602765777
1862,0.0028921872474468855
1863,0.002892345699314079
1864,0.00289250501506422
1865,0.002892665193866444
1866,0.0028928262348762324
1867,0.0028929881372375065
1868,0.002893150900086083
1869,0.002893314522551701
1870,0.002893479003761681
1871,0.002893644342843612
1872,0.0028938105389272736
1873,0.0028939775911485913
1874,0.002894145498651421
1875,0.002894314260590808
1876,0.0028944838761354357
1877,0.0028946543444706326
1878,0.0028948256648004727
1879,0.0028949978363508513
1880,0.0028951708583718054
1881,0.002895344730139737
1882,0.0028955194509605936
1883,0.0028956950201715803
1884,0.0028958714371438744
1885,0.002896048701284767
1886,0.002896226812039614
1887,0.002896405768894852
1888,0.00289658557137871
1889,0.002896766219064397
1890,0.0028969477115717607
1891,0.002897130048568331
1892,0.002897313229772205
1893,0.002897497254953005
1894,0.0028976821239337348
1895,0.0028978678365917054
1896,0.00289805439286075
1897,0.0028982417927320824
1898,0.0028984300362551257
1899,0.002898619123539193
1900,0.0028988090547541288
1901,0.0028989998301308237
1902,0.002899191449962881
1903,0.0028993839146061098
1904,0.0028995772244797794
1905,0.0028997713800665314
1906,0.002899966381913052
1907,0.002900162230629839
1908,0.002900358926891172
1909,0.002900556471435449
1910,0.0029007548650641208
1911,0.002900954108641972
1912,0.002901154203096448
1913,0.0029013551494166227
1914,0.0029015569486527597
1915,0.002901759601915223
1916,0.0029019631103731473
1917,0.002902167475253905
1918,0.0029023726978410383
1919,0.0029025787794726503
1920,0.0029027857215407358
1921,0.0029029935254882267
1922,0.0029032021928075287
1923,0.0029034117250389055
1924,0.0029036221237674813
1925,0.002903833390620934
1926,0.0029040455272679043
1927,0.0029042585354140268
1928,0.0029044724168001655
1929,0.002904687173199101
1930,0.0029049028064122473
1931,0.0029051193182666616
1932,0.002905336710612043
1933,0.0029055549853164073
1934,0.0029057741442633277
1935,0.0029059941893476403
1936,0.0029062151224717035
1937,0.0029064369455414547
1938,0.002906659660462304
1939,0.00290688326913466
1940,0.0029071077734500223
1941,0.0029073331752859223
1942,0.002907559476501511
1943,0.002907786678933329
1944,0.0029080147843895047
1945,0.0029082437946459094
1946,0.0029084737114401147
1947,0.002908704536467328
1948,0.002908936271373913
1949,0.0029091689177534012
1950,0.002909402477140216
1951,0.0029096369510045205
1952,0.0029098723407467615
1953,0.0029101086476919203
1954,0.002910345873083981
1955,0.002910584018079787
1956,0.002910823083744309
1957,0.0029110630710435115
1958,0.0029113039808395615
1959,0.002911545813884681
1960,0.00291178857081462
1961,0.002912032252143756
1962,0.002912276858258639
1963,0.0029125223894119114
1964,0.0029127688457167345
1965,0.0029130162271408687
1966,0.0029132645335003832
1967,0.0029135137644544055
1968,0.0029137639194987556
1969,0.002914014997960322
1970,0.0029142669989920982
1971,0.0029145199215657425
1972,0.0029147737644678513
1973,0.0029150285262935097
1974,0.0029152842054409886
1975,0.0029155408001064562
1976,0.0029157983082783692
1977,0.0029160567277332493
1978,0.002916316056029644
1979,0.002916576290503922
1980,0.0029168374282651575
1981,0.00291709946619078
1982,0.002917362400921692
1983,0.0029176262288586655
1984,0.0029178909461575245
1985,0.0029181565487255584
1986,0.0029184230322175115
1987,0.0029186903920324723
1988,0.0029189586233097967
1989,0.0029192277209262015
1990,0.0029194976794932707
1991,0.0029197684933536324
1992,0.0029200401565794404
1993,0.0029203126629694202
1994,0.0029205860060475017
1995,0.002920860179059728
1996,0.0029211351749739794
1997,0.0029214109864778076
1998,0.0029216876059778604
1999,0.002921965025598273
2000,0.0029222432371811603
2001,0.0029225222322853102
2002,0.002922802002186755
2003,0.0029230825378784575
2004,0.0029233638300718737
2005,0.0029236458691963016
2006,0.0029239286454006102
2007,0.0029242121485550626
2008,0.0029244963682516847
2009,0.002924781293807507
2010,0.002925066914265415
2011,0.0029253532183972494
2012,0.002925640194706673
2013,0.0029259278314316675
2014,0.0029262161165476016
2015,0.002926505037771362
2016,0.002926794582564507
2017,0.0029270847381376052
2018,0.002927375491454181
2019,0.0029276668292352024
2020,0.0029279587379642076
2021,0.0029282512038919413
2022,0.0029285442130417574
2023,0.0029288377512143387
2024,0.0029291318039943726
2025,0.0029294263567556334
2026,0.002929721394667459
2027,0.0029300169027005186
2028,0.002930312865633932
2029,0.0029306092680611347
2030,0.0029309060943967335
2031,0.002931203328884464
2032,0.0029315009556024284
2033,0.0029317989584721257
2034,0.0029320973212649173
2035,0.0029323960276090404
2036,0.002932695060998148
2037,0.002932994404798782
2038,0.0029332940422575607
2039,0.002933593956509343
2040,0.002933894130585488
2041,0.002934194547421685
2042,0.0029344951898652508
2043,0.0029347960406841075
2044,0.0029350970825745104
2045,0.002935398298169198
2046,0.00293569967004511
2047,0.002936001180732397
2048,0.0029363028127209543
2049,0.0029366045484706025
2050,0.002936906370416346
2051,0.002937208260979517
2052,0.0029375102025726053
2053,0.0029378121776093857
2054,0.002938114168510876
2055,0.0029384161577146344
2056,0.002938718127680826
2057,0.0029390200609005278
2058,0.0029393219399025707
2059,0.002939623747261295
2060,0.00293992546560261
2061,0.0029402270776116755
2062,0.002940528566039514
2063,0.00294082991370925
2064,0.0029411311035227074
2065,0.0029414321184664497
2066,0.0029417329416177684
2067,0.0029420335561509883
2068,0.002942333945342333
2069,0.0029426340925756767
2070,0.0029429339813480102
2071,0.0029432335952738536
2072,0.002943532918090215
2073,0.0029438319336616355
2074,0.002944130625983213
2075,0.0029444289791861937
2076,0.002944726977540393
2077,0.0029450246054587253
2078,0.002945321847499822
2079,0.002945618688371782
2080,0.002945915112934366
2081,0.0029462111062020244
2082,0.0029465066533456243
2083,0.002946801739695275
2084,0.002947096350741615
2085,0.0029473904721378187
2086,0.0029476840896998694
2087,0.002947977189409434
2088,0.002948269757412609
2089,0.0029485617800223307
2090,0.0029488532437176394
2091,0.0029491441351439623
2092,0.0029494344411134877
2093,0.002949724148604507
2094,0.0029500132447602785
2095,0.0029503017168898593
2096,0.002950589552465095
2097,0.0029508767391211083
2098,0.0029511632646542743
2099,0.0029514491170206684
2100,0.0029517342843345157
2101,0.0029520187548660527
2102,0.0029523025170397586
2103,0.002952585559432577
2104,0.002952867870770276
2105,0.0029531494399262616
2106,0.0029534302559186707
2107,0.002953710307907875
2108,0.002953989585192573
2109,0.0029542680772090732
2110,0.0029545457735260087
2111,0.0029548226638433156
2112,0.002955098737988075
2113,0.0029553739859119422
2114,0.002955648397687975
2115,0.002955921963507258
2116,0.0029561946736761523
2117,0.002956466518613347
2118,0.0029567374888465688
2119,0.002957007575009658
2120,0.0029572767678395775
2121,0.0029575450581738965
2122,0.002957812436947452
2123,0.0029580788951902278
2124,0.002958344424024371
2125,0.0029586090146623088
2126,0.002958872658403405
2127,0.0029591353466332172
2128,0.002959397070820054
2129,0.002959657822514409
2130,0.002959917593346009
2131,0.0029601763750238858
2132,0.002960434159333798
2133,0.002960690938137691
2134,0.0029609467033729995
2135,0.002961201447052394
2136,0.00296145516126192
2137,0.0029617078381632437
2138,0.00296195946999193
2139,0.002962210049058388
2140,0.002962459567748972
2141,0.0029627080185268394
2142,0.0029629553939330136
2143,0.002963201686587971
2144,0.002963446889193737
2145,0.0029636909945355756
2146,0.0029639339954852404
2147,0.0029641758850027554
2148,0.0029644166561404
2149,0.0029646563020453774
2150,0.0029648948159641075
2151,0.002965132191245467
2152,0.0029653684213452776
2153,0.0029656034998318762
2154,0.0029658374203893685
2155,0.0029660701768240306
2156,0.002966301763069108
2157,0.0029665321731909954
2158,0.0029667614013944186
2159,0.002966989442029927
2160,0.0029672162895993527
2161,0.002967441938762821
2162,0.0029676663843464326
2163,0.002967889621348234
2164,0.0029681116449472847
2165,0.0029683324505094207
2166,0.0029685520335964396
2167,0.002968770389973736
2168,0.00296898751561851
2169,0.002969203406727933
2170,0.002969418059727399
2171,0.002969631471279821
2172,0.002969843638293023
2173,0.002970054557929646
2174,0.002970264227615498
2175,0.0029704726450476165
2176,0.002970679808204105
2177,0.0029708857153526525
2178,0.002971090365058721
2179,0.0029712937561947807
2180,0.002971495887949133
2181,0.0029716967598337305
2182,0.0029718963716931493
2183,0.0029720947237128897
2184,0.0029722918164266096
2185,0.002972487650725424
2186,0.002972682227864562
2187,0.00297287554947165
2188,0.002973067617552247
2189,0.002973258434499117
2190,0.002973448003097102
2191,0.002973636326529971
2192,0.0029738234083863265
2193,0.0029740092526653558
2194,0.0029741938637814626
2195,0.0029743772465694726
2196,0.002974559406288457
2197,0.002974740348626303
2198,0.0029749200797023396
2199,0.0029750986060706214
2200,0.0029752759347219057
2201,0.0029754520730860454
2202,0.002975627029032245
2203,0.0029758008108711287
2204,0.0029759734273537143
2205,0.0029761448876715656
2206,0.0029763152014552824
2207,0.0029764843787736207
2208,0.002976652430130215
2209,0.0029768193664616426
2210,0.0029769851991329754
2211,0.0029771499399344416
2212,0.002977313601076235
2213,0.002977476195183473
2214,0.0029776377352896816
2215,0.0029777982348301296
2216,0.002977957707635486
2217,0.002978116167922492
2218,0.0029782736302864667
2219,0.0029784301096925127
2220,0.002978585621464462
2221,0.0029787401812765638
2222,0.002978893805140179
2223,0.002979046509395451
2224,0.0029791983106968916
2225,0.002979349226002351
2226,0.002979499272559973
2227,0.0029796484678947673
2228,0.002979796829794793
2229,0.0029799443762974715
2230,0.0029800911256744446
2231,0.0029802370964172125
2232,0.0029803823072219217
2233,0.0029805267769733262
2234,0.002980670524729498
2235,0.002980813569706176
2236,0.0029809559312591292
2237,0.0029810976288696285
2238,0.0029812386821266752
2239,0.002981379110710756
2240,0.002981518934376945
2241,0.002981658172938546
2242,0.002981796846249492
2243,0.0029819349741889234
2244,0.002982072576642975
2245,0.0029822096734893173
2246,0.0029823462845802308
2247,0.002982482429726073
2248,0.002982618128679586
2249,0.0029827534011195385
2250,0.002982888266635019
2251,0.0029830227447104852
2252,0.0029831568547104862
2253,0.002983290615864157
2254,0.0029834240472517265
2255,0.0029835571677900474
2256,0.00298368999621876
2257,0.0029838225510873083
2258,0.0029839548507423447
2259,0.00298408691331473
2260,0.0029842187567084484
2261,0.0029843503985891623
2262,0.0029844818563726284
2263,0.002984613147215578
2264,0.0029847442880050284
2265,0.00298487529535027
2266,0.002985006185572784
2267,0.0029851369746993553
2268,0.0029852676784544356
2269,0.0029853983122531676
2270,0.002985528891195421
2271,0.0029856594300596037
2272,0.002985789943298417
2273,0.0029859204450338036
2274,0.0029860509490537523
2275,0.0029861814688086057
2276,0.0029863120174082923
2277,0.0029864426076214178
2278,0.0029865732518724337
2279,0.002986703962241286
2280,0.0029868347504640653
2281,0.002986965627931433
2282,0.0029870966056911607
2283,0.002987227694448463
2284,0.0029873589045679616
2285,0.0029874902460767785
2286,0.002987621728666182
2287,0.0029877533616959424
2288,0.0029878851541975744
2289,0.002988017114878357
2290,0.0029881492521264437
2291,0.002988281574015676
2292,0.002988414088310458
2293,0.0029885468024722223
2294,0.002988679723664787
2295,0.0029888128587608658
2296,0.002988946214348768
2297,0.002989079796739498
2298,0.002989213611972935
2299,0.0029893476658259823
2300,0.0029894819638191777
2301,0.0029896165112252323
2302,0.0029897513130756723
2303,0.0029898863741692934
2304,0.002990021699079878
2305,0.0029901572921640944
2306,0.0029902931575687907
2307,0.0029904292992397807
2308,0.0029905657209289486
2309,0.0029907024262025616
2310,0.002990839418448511
2311,0.0029909767008839865
2312,0.002991114276563315
2313,0.0029912521483841767
2314,0.0029913903190956336
2315,0.0029915287913049476
2316,0.0029916675674835015
2317,0.0029918066499737606
2318,0.0029919460409949332
2319,0.0029920857426493173
2320,0.0029922257569273115
2321,0.0029923660857127292
2322,0.0029925067307878307
2323,0.0029926476938374907
2324,0.0029927889764535596
2325,0.0029929305801383033
2326,0.002993072506308288
2327,0.0029932147562966504
2328,0.0029933573313560002
2329,0.002993500232660794
2330,0.00299364346130872
2331,0.0029937870183219784
2332,0.002993930904648822
2333,0.0029940751211628017
2334,0.002994219668664481
2335,0.0029943645478794725
2336,0.0029945097594593234
2337,0.0029946553039786428
2338,0.00299480118193539
2339,0.0029949473937474626
2340,0.0029950939397515495
2341,0.0029952408201998327
2342,0.0029953880352571703
2343,0.002995535584998217
2344,0.0029956834694029114
2345,0.0029958316883540413
2346,0.002995980241631473
2347,0.002996129128908922
2348,0.002996278349748451
2349,0.002996427903595725
2350,0.0029965777897755772
2351,0.002996728007485881
2352,0.0029968785557923294
2353,0.0029970294336231357
2354,0.0029971806397626898
2355,0.0029973321728464166
2356,0.002997484031354435
2357,0.0029976362136055873
2358,0.0029977887177519112
2359,0.0029979415417718245
2360,0.002998094683464895
2361,0.002998248140445486
2362,0.002998401910136999
2363,0.0029985559897656557
2364,0.0029987103763556935
2365,0.002998865066722252
2366,0.0029990200574670357
2367,0.0029991753449728955
2368,0.002999330925397928
2369,0.002999486794671333
2370,0.002999642948487106
2371,0.0029997993823019636
2372,0.0029999560913280907
2373,0.0030001130705314687
2374,0.003000270314626344
2375,0.0030004278180723633
2376,0.003000585575071335
2377,0.003000743579564009
2378,0.0030009018252271833
2379,0.0030010603054717103
2380,0.0030012190134404903
2381,0.0030013779420058648
2382,0.0030015370837697293
2383,0.003001696431060861
2384,0.0030018559759351204
2385,0.003002015710175623
2386,0.003002175625291237
2387,0.003002335712518391
2388,0.003002495962820942
2389,0.003002656366892466
2390,0.0030028169151560097
2391,0.0030029775977674024
2392,0.0030031384046171746
2393,0.003003299325332796
2394,0.003003460349282247
2395,0.0030036214655771265
2396,0.0030037826630763304
2397,0.003003943930390207
2398,0.003004105255885901
2399,0.0030042666276908973
2400,0.0030044280336990817
2401,0.0030045894615759712
2402,0.003004750898765585
2403,0.0030049123324956055
2404,0.003005073749784584
2405,0.00300523513744936
2406,0.0030053964821112034
2407,0.00300555777020518
2408,0.0030057189879868717
2409,0.003005880121541422
2410,0.0030060411567911045
2411,0.0030062020795058562
2412,0.0030063628753117847
2413,0.0030065235296997286
2414,0.003006684028036796
2415,0.0030068443555749816
2416,0.0030070044974622426
2417,0.0030071644387528944
2418,0.0030073241644182143
2419,0.0030074836593574484
2420,0.003007642908409176
2421,0.0030078018963630403
2422,0.0030079606079697727
2423,0.00300811902795516
2424,0.003008277141030571
2425,0.0030084349319048718
2426,0.0030085923852970057
2427,0.003008749485948411
2428,0.0030089062186347514
2429,0.0030090625681792414
2430,0.0030092185194634685
2431,0.0030093740574419696
2432,0.003009529167153093
2433,0.0030096838337326202
2434,0.00300983804242505
2435,0.0030099917785973837
2436,0.0030101450277506543
2437,0.003010297775532522
2438,0.0030104500077499223
2439,0.003010601710379864
2440,0.0030107528695832208
2441,0.003010903471715037
2442,0.0030110535033371784
2443,0.0030112029512295566
2444,0.003011351802400658
2445,0.003011500044099814
2446,0.0030116476638271713
2447,0.0030117946493442575
2448,0.0030119409886841314
2449,0.0030120866701622124
2450,0.0030122316823845245
2451,0.0030123760142575077
2452,0.003012519654997632
2453,0.0030126625941387314
2454,0.0030128048215406268
2455,0.003012946327397293
2456,0.003013087102243348
2457,0.0030132271369620258
2458,0.003013366422790179
2459,0.0030135049513254917
2460,0.0030136427145315728
2461,0.0030137797047430485
2462,0.003013915914669523
2463,0.003014051337400602
2464,0.0030141859664094624
2465,0.003014319795554842
2466,0.003014452819084707
2467,0.003014585031637867
2468,0.0030147164282454857
2469,0.0030148470043323996
2470,0.0030149767557172955
2471,0.003015105678613504
2472,0.003015233769627168
2473,0.0030153610257578614
2474,0.0030154874443958954
2475,0.003015613023320777
2476,0.0030157377606993864
2477,0.003015861655082244
2478,0.003015984705400206
2479,0.003016106910961201
2480,0.0030162282714457653
2481,0.0030163487869017875
2482,0.0030164684577408444
2483,0.00301658728473074
2484,0.0030167052689914543
2485,0.0030168224119878463
2486,0.0030169387155234034
2487,0.0030170541817333687
2488,0.0030171688130771
2489,0.003017282612331587
2490,0.00301739558258195
2491,0.003017507727214857
2492,0.003017619049909644
2493,0.003017729554629598
2494,0.0030178392456132724
2495,0.003017948127365881
2496,0.0030180562046497484
2497,0.003018163482475267
2498,0.0030182699660915996
2499,0.003018375660976292
2500,0.0030184805728278217
2501,0.0030185847075533214
2502,0.003018688071260525
2503,0.0030187906702476212
2504,0.0030188925109930313
2505,0.0030189936001469454
2506,0.003019093944519667
2507,0.0030191935510731327
2508,0.0030192924269108736
2509,0.00301939057926897
2510,0.0030194880155052545
2511,0.0030195847430908814
2512,0.003019680769601022
2513,0.0030197761027045615
2514,0.0030198707501563
2515,0.003019964719786903
2516,0.003020058019494787
2517,0.0030201506572372257
2518,0.0030202426410216327
2519,0.003020333978897865
2520,0.003020424678948989
2521,0.0030205147492845565
2522,0.0030206041980322847
2523,0.003020693033330091
2524,0.003020781263319958
2525,0.0030208688961393965
2526,0.0030209559399159455
2527,0.0030210424027594164
2528,0.0030211282927561324
2529,0.0030212136179625956
2530,0.0030212983863989367
2531,0.0030213826060446762
2532,0.0030214662848312857
2533,0.0030215494306386117
2534,0.003021632051288756
2535,0.003021714154542096
2536,0.0030217957480924004
2537,0.0030218768395621405
2538,0.003021957436499505
2539,0.0030220375463734022
2540,0.003022117176570366
2541,0.0030221963343915973
2542,0.0030222750270491997
2543,0.0030223532616636675
2544,0.0030224310452607503
2545,0.003022508384769826
2546,0.0030225852870211225
2547,0.0030226617587433154
2548,0.0030227378065621558
2549,0.003022813436999252
2550,0.0030228886564698963
2551,0.0030229634712821323
2552,0.003023037887635965
2553,0.0030231119116220133
2554,0.003023185549221585
2555,0.0030232588063051893
2556,0.00302333168863377
2557,0.0030234042018564716
2558,0.003023476351512797
2559,0.0030235481430312193
2560,0.0030236195817305734
2561,0.003023690672819763
2562,0.003023761421399278
2563,0.0030238318324609203
2564,0.0030239019108897224
2565,0.003023971661464084
2566,0.0030240410888581317
2567,0.0030241101976414414
2568,0.0030241789922822943
2569,0.003024247477147102
2570,0.003024315656504198
2571,0.0030243835345238174
2572,0.0030244511152810625
2573,0.003024518402757287
2574,0.003024585400841764
2575,0.0030246521133348784
2576,0.003024718543949147
2577,0.003024784696312167
2578,0.0030248505739683814
2579,0.0030249161803819207
2580,0.0030249815189390106
2581,0.003025046592949528
2582,0.003025111405651206
2583,0.0030251759602105176
2584,0.0030252402597263756
2585,0.0030253043072322313
2586,0.0030253681056988937
2587,0.0030254316580373645
2588,0.0030254949671012035
2589,0.0030255580356900167
2590,0.0030256208665509683
2591,0.003025683462382684
2592,0.003025745825837526
2593,0.0030258079595245624
2594,0.003025869866011951
2595,0.003025931547829902
2596,0.0030259930074736947
2597,0.0030260542474062186
2598,0.0030261152700604746
2599,0.003026176077842101
2600,0.003026236673133502
2601,0.0030262970582942196
2602,0.0030263572356651496
2603,0.003026417207570971
2604,0.0030264769763218785
2605,0.003026536544217018
2606,0.003026595913546124
2607,0.0030266550865927166
2608,0.003026714065635708
2609,0.0030267728529521495
2610,0.003026831450819595
2611,0.0030268898615178033
2612,0.003026948087331324
2613,0.0030270061305508744
2614,0.0030270639934766694
2615,0.0030271216784188786
2616,0.0030271791877002734
2617,0.0030272365236576945
2618,0.0030272936886443836
2619,0.0030273506850306783
2620,0.0030274075152061284
2621,0.003027464181581112
2622,0.0030275206865879897
2623,0.003027577032682166
2624,0.0030276332223437225
2625,0.0030276892580785694
2626,0.0030277451424193702
2627,0.0030278008779264067
2628,0.0030278564671888213
2629,0.003027911912824738
2630,0.0030279672174830857
2631,0.0030280223838431235
2632,0.0030280774146153244
2633,0.0030281323125424657
2634,0.0030281870803991764
2635,0.0030282417209924776
2636,0.0030282962371618025
2637,0.003028350631779727
2638,0.003028404907751279
2639,0.003028459068014161
2640,0.003028513115538584
2641,0.0030285670533270687
2642,0.0030286208844138027
2643,0.0030286746118646612
2644,0.0030287282387763083
2645,0.003028781768276401
2646,0.003028835203521836
2647,0.0030288885476984933
2648,0.003028941804020562
2649,0.00302899497573032
2650,0.003029048066095264
2651,0.003029101078409059
2652,0.0030291540159890873
2653,0.0030292068821765133
2654,0.0030292596803335953
2655,0.0030293124138437238
2656,0.0030293650861094082
2657,0.003029417700550728
2658,0.003029470260604283
2659,0.0030295227697213372
2660,0.003029575231366712
2661,0.0030296276490165844
2662,0.003029680026156754
2663,0.0030297323662818554
2664,0.0030297846728922564
2665,0.0030298369494939858
2666,0.0030298891995943966
2667,0.0030299414267028163
2668,0.0030299936343275054
2669,0.0030300458259733083
2670,0.0030300980051407226
2671,0.0030301501753227772
2672,0.00303020234000411
2673,0.0030302545026581174
2674,0.003030306666745302
2675,0.003030358835711201
2676,0.0030304110129841565
2677,0.003030463201973499
2678,0.0030305154060669094
2679,0.0030305676286293487
2680,0.0030306198729999037
2681,0.003030672142490141
2682,0.0030307244403824304
2683,0.0030307767699269614
2684,0.003030829134340901
2685,0.0030308815368050926
2686,0.0030309339804630697
2687,0.0030309864684180173
2688,0.0030310390037323405
2689,0.003031091589423837
2690,0.0030311442284653343
2691,0.003031196923781556
2692,0.0030312496782484853
2693,0.0030313024946904987
2694,0.0030313553758790526
2695,0.003031408324530679
2696,0.0030314613433057645
2697,0.0030315144348064637
2698,0.003031567601575003
2699,0.003031620846092222
2700,0.0030316741707765715
2701,0.003031727577981593
2702,0.003031781069994923
2703,0.0030318346490381767
2704,0.003031888317263377
2705,0.0030319420767533386
2706,0.003031995929520281
2707,0.003032049877504166
2708,0.003032103922572029
2709,0.003032158066516993
2710,0.003032212311057265
2711,0.003032266657835396
2712,0.0030323211084172168
2713,0.0030323756642919586
2714,0.003032430326870404
2715,0.0030324850974854825
2716,0.0030325399773910773
2717,0.0030325949677621703
2718,0.0030326500696939715
2719,0.0030327052842019546
2720,0.0030327606122223386
2721,0.0030328160546108174
2722,0.003032871612143603
2723,0.0030329272855169937
2724,0.003032983075347724
2725,0.003033038982173275
2726,0.003033095006452062
2727,0.003033151148564301
2728,0.0030332074088120814
2729,0.0030332637874201907
2730,0.0030333202845366624
2731,0.003033376900234048
2732,0.0030334336345093776
2733,0.003033490487285993
2734,0.0030335474584139484
2735,0.0030336045476717474
2736,0.0030336617547671303
2737,0.0030337190793379757
2738,0.0030337765209546247
2739,0.0030338340791206593
2740,0.0030338917532739297
2741,0.003033949542789755
2742,0.003034007446980376
2743,0.003034065465099033
2744,0.0030341235963393673
2745,0.003034181839839295
2746,0.0030342401946818576
2747,0.0030342986598976534
2748,0.0030343572344661155
2749,0.00303441591731875
2750,0.0030344747073403774
2751,0.0030345336033721702
2752,0.003034592604213021
2753,0.003034651708622147
2754,0.0030347109153220377
2755,0.003034770222999979
2756,0.0030348296303113528
2757,0.0030348891358807388
2758,0.0030349487383061536
2759,0.0030350084361602165
2760,0.003035068227993552
2761,0.0030351281123364385
2762,0.003035188087702326
2763,0.003035248152590158
2764,0.0030353083054864547
2765,0.003035368544868226
2766,0.003035428869206453
2767,0.003035489276966725
2768,0.003035549766613957
2769,0.0030356103366132895
2770,0.0030356709854337718
2771,0.0030357317115506017
2772,0.003035792513446973
2773,0.0030358533896179436
2774,0.003035914338571352
2775,0.003035975358831238
2776,0.003036036448940432
2777,0.0030360976074618883
2778,0.0030361588329816925
2779,0.0030362201241110956
2780,0.003036281479489072
2781,0.0030363428977839713
2782,0.0030364043776954534
2783,0.003036465917957537
2784,0.0030365275173391505
2785,0.0030365891746470188
2786,0.0030366508887269186
2787,0.0030367126584661475
2788,0.0030367744827934488
2789,0.0030368363606831554
2790,0.003036898291153914
2791,0.0030369602732723683
2792,0.003037022306152789
2793,0.0030370843889595757
2794,0.0030371465209071725
2795,0.003037208701261855
2796,0.0030372709293426474
2797,0.0030373332045217586
2798,0.0030373955262254075
2799,0.0030374578939347057
2800,0.0030375203071858928
2801,0.0030375827655707774
2802,0.0030376452687373347
2803,0.0030377078163898383
2804,0.0030377704082883168
2805,0.0030378330442497746
2806,0.0030378957241470285
2807,0.003037958447909336
2808,0.003038021215521244
2809,0.0030380840270232265
2810,0.0030381468825103264
2811,0.0030382097821318494
2812,0.003038272726091111
2813,0.003038335714644464
2814,0.0030383987480998268
2815,0.0030384618268166873
2816,0.003038524951204354
2817,0.0030385881217214698
2818,0.0030386513388740814
2819,0.0030387146032153176
2820,0.003038777915343226
2821,0.0030388412758997683
2822,0.0030389046855687023
2823,0.003038968145075533
2824,0.003039031655183978
2825,0.0030390952166955885
2826,0.003039158830447682
2827,0.003039222497311458
2828,0.0030392862181899127
2829,0.003039349994016824
2830,0.0030394138257534026
2831,0.0030394777143876177
2832,0.00303954166093166
2833,0.0030396056664197374
2834,0.003039669731905979
2835,0.0030397338584629402
2836,0.0030397980471783548
2837,0.0030398622991541944
2838,0.003039926615503446
2839,0.003039990997348831
2840,0.003040055445819637
2841,0.0030401199620507424
2842,0.00304018454717838
2843,0.003040249202340379
2844,0.0030403139286724564
2845,0.003040378727305902
2846,0.003040443599366418
2847,0.0030405085459705963
2848,0.0030405735682244883
2849,0.003040638667222256
2850,0.003040703844041719
2851,0.0030407690997447936
2852,0.0030408344353735368
2853,0.003040899851949079
2854,0.003040965350469122
2855,0.003041030931905958
2856,0.003041096597204895
2857,0.003041162347281281
2858,0.00304122818302016
2859,0.003041294105272698
2860,0.0030413601148557043
2861,0.003041426212549112
2862,0.0030414923990941174
2863,0.003041558675192402
2864,0.0030416250415032466
2865,0.0030416914986424646
2866,0.0030417580471815606
2867,0.0030418246876445297
2868,0.0030418914205084142
2869,0.0030419582461998257
2870,0.003042025165095714
2871,0.0030420921775201693
2872,0.0030421592837440864
2873,0.003042226483983907
2874,0.0030422937784013266
2875,0.0030423611670995143
2876,0.0030424286501254598
2877,0.0030424962274666852
2878,0.003042563899051418
2879,0.003042631664747043
2880,0.003042699524360003
2881,0.003042767477634461
2882,0.003042835524251841
2883,0.0030429036638304017
2884,0.003042971895924497
2885,0.003043040220023947
2886,0.0030431086355533436
2887,0.0030431771418728084
2888,0.0030432457382760024
2889,0.0030433144239913265
2890,0.003043383198180525
2891,0.003043452059939226
2892,0.0030435210082968307
2893,0.003043590042215724
2894,0.003043659160592137
2895,0.0030437283622557565
2896,0.0030437976459698804
2897,0.0030438670104315207
2898,0.003043936454271533
2899,0.003044005976055211
2900,0.003044075574281975
2901,0.003044145247386727
2902,0.003044214993738789
2903,0.0030442848116438545
2904,0.003044354699343301
2905,0.003044424655015633
2906,0.0030444946767762297
2907,0.003044564762678821
2908,0.0030446349107154298
2909,0.003044705118817282
2910,0.00304477538485606
2911,0.00304484570664419
2912,0.003044916081935567
2913,0.0030449865084269173
2914,0.0030450569837581713
2915,0.00304512750551423
2916,0.0030451980712247503
2917,0.003045268678366588
2918,0.0030453393243633727
2919,0.0030454100065881
2920,0.0030454807223629756
2921,0.003045551468961291
2922,0.003045622243608423
2923,0.003045693043483241
2924,0.0030457638657187865
2925,0.0030458347074042496
2926,0.0030459055655857915
2927,0.0030459764372682114
2928,0.003046047319415948
2929,0.003046118208954428
2930,0.003046189102772021
2931,0.0030462599977207935
2932,0.003046330890618288
2933,0.0030464017782490475
2934,0.0030464726573656217
2935,0.003046543524690529
2936,0.0030466143769175983
2937,0.0030466852107133287
2938,0.003046756022718721
2939,0.0030468268095501824
2940,0.003046897567802047
2941,0.0030469682940471306
2942,0.0030470389848388344
2943,0.003047109636712686
2944,0.003047180246187754
2945,0.0030472508097680183
2946,0.003047321323944518
2947,0.0030473917851963216
2948,0.0030474621899922037
2949,0.003047532534792613
2950,0.003047602816050943
2951,0.0030476730302147273
2952,0.003047743173727889
2953,0.0030478132430317465
2954,0.003047883234566538
2955,0.0030479531447734423
2956,0.003048022970095704
2957,0.0030480927069800137
2958,0.003048162351877796
2959,0.003048231901247596
2960,0.0030483013515556477
2961,0.0030483706992775164
2962,0.003048439940899831
2963,0.0030485090729208786
2964,0.003048578091852924
2965,0.0030486469942227583
2966,0.0030487157765738773
2967,0.003048784435466398
2968,0.003048852967479962
2969,0.0030489213692137373
2970,0.003048989637287913
2971,0.0030490577683453595
2972,0.003049125759052339
2973,0.003049193606099241
2974,0.0030492613062028653
2975,0.0030493288561058156
2976,0.0030493962525793773
2977,0.003049463492422358
2978,0.003049530572464353
2979,0.0030495974895644613
2980,0.00304966424061366
2981,0.003049730822535189
2982,0.0030497972322847933
2983,0.003049863466852521
2984,0.0030499295232621904
2985,0.003049995398573391
2986,0.0030500610898809037
2987,0.003050126594315994
2988,0.0030501919090467166
2989,0.003050257031278453
2990,0.003050321958254302
2991,0.0030503866872558785
2992,0.0030504512156026625
2993,0.0030505155406537515
2994,0.0030505796598071927
2995,0.003050643570500562
2996,0.003050707270210573
2997,0.003050770756454428
2998,0.003050834026788773
2999,0.003050897078810296
3000,0.0030509599101558177
3001,0.00305102251850242
3002,0.003051084901566751
3003,0.0030511470571052885
3004,0.003051208982915011
3005,0.0030512706768317413
3006,0.003051332136731108
3007,0.0030513933605276133
3008,0.003051454346175314
3009,0.0030515150916660006
3010,0.0030515755950303713
3011,0.00305163585433696
3012,0.0030516958676915645
3013,0.0030517556332370108
3014,0.003051815149152962
3015,0.0030518744136548534
3016,0.0030519334249938905
3017,0.0030519921814564305
3018,0.0030520506813627576
3019,0.0030521089230673816
3020,0.0030521669049579352
3021,0.0030522246254544782
3022,0.0030522820830091836
3023,0.003052339276104805
3024,0.003052396203255616
3025,0.003052452863004425
3026,0.0030525092539242875
3027,0.003052565374615521
3028,0.0030526212237064992
3029,0.00305267679985226
3030,0.0030527321017336235
3031,0.0030527871280567214
3032,0.0030528418775519497
3033,0.003052896348973713
3034,0.0030529505410983844
3035,0.0030530044527250343
3036,0.003053058082673538
3037,0.0030531114297845208
3038,0.0030531644929176257
3039,0.0030532172709515294
3040,0.003053269762783248
3041,0.0030533219673266276
3042,0.003053373883511827
3043,0.003053425510285368
3044,0.003053476846608245
3045,0.003053527891455695
3046,0.0030535786438168487
3047,0.003053629102693212
3048,0.003053679267098834
3049,0.0030537291360589426
3050,0.0030537787086097764
3051,0.0030538279837981916
3052,0.003053876960680034
3053,0.0030539256383209827
3054,0.003053974015794481
3055,0.0030540220921828746
3056,0.003054069866575346
3057,0.0030541173380690644
3058,0.003054164505767215
3059,0.003054211368779342
3060,0.0030542579262213985
3061,0.003054304177214921
3062,0.0030543501208865147
3063,0.003054395756367936
3064,0.003054441082796243
3065,0.003054486099312924
3066,0.003054530805064253
3067,0.0030545751992007127
3068,0.0030546192808775835
3069,0.0030546630492545475
3070,0.003054706503495355
3071,0.003054749642768744
3072,0.0030547924662478183
3073,0.003054834973110552
3074,0.00305487716254002
3075,0.003054919033723979
3076,0.0030549605858561013
3077,0.003055001818135741
3078,0.003055042729768255
3079,0.0030550833199654934
3080,0.003055123587946668
3081,0.003055163532937885
3082,0.0030552031541736194
3083,0.0030552424508966483
3084,0.0030552814223588206
3085,0.0030553200678221358
3086,0.003055358386558849
3087,0.0030553963778524127
3088,0.0030554340409980605
3089,0.0030554713753041494
3090,0.0030555083800925106
3091,0.0030555450546991495
3092,0.0030555813984759336
3093,0.0030556174107909057
3094,0.0030556530910293292
3095,0.0030556884385948436
3096,0.003055723452910599
3097,0.0030557581334198147
3098,0.0030557924795880324
3099,0.0030558264909026707
3100,0.0030558601668752962
3101,0.003055893507042823
3102,0.0030559265109680197
3103,0.0030559591782409914
3104,0.003055991508481229
3105,0.0030560235013375094
3106,0.003056055156490077
3107,0.0030560864736518764
3108,0.003056117452569696
3109,0.00305614809302549
3110,0.0030561783948373457
3111,0.00305620835786168
3112,0.0030562379819941967
3113,0.003056267267170649
3114,0.0030562962133691605
3115,0.003056324820610743
3116,0.003056353088961208
3117,0.0030563810185319233
3118,0.00305640860948191
3119,0.0030564358620186268
3120,0.0030564627763995196
3121,0.0030564893529325624
3122,0.003056515591979121
3123,0.00305654149395367
3124,0.003056567059325588
3125,0.0030565922886207253
3126,0.0030566171824220104
3127,0.0030566417413710237
3128,0.0030566659661688334
3129,0.0030566898575774544
3130,0.003056713416420561
3131,0.0030567366435847016
3132,0.0030567595400202573
3133,0.0030567821067423576
3134,0.0030568043448318404
3135,0.003056826255436209
3136,0.0030568478397702994
3137,0.0030568690991169423
3138,0.003056890034828125
3139,0.003056910648325241
3140,0.003056930941099854
3141,0.0030569509147143647
3142,0.003056970570802621
3143,0.0030569899110696143
3144,0.003057008937292997
3145,0.003057027651322878
3146,0.0030570460550813773
3147,0.0030570641505647594
3148,0.0030570819398414596
3149,0.00305709942505317
3150,0.0030571166084153653
3151,0.0030571334922163194
3152,0.0030571500788171024
3153,0.0030571663706522017
3154,0.003057182370228688
3155,0.0030571980801257256
3156,0.0030572135029960953
3157,0.0030572286415629225
3158,0.003057243498620166
3159,0.003057258077032069
3160,0.0030572723797326787
3161,0.0030572864097253363
3162,0.003057300170081848
3163,0.0030573136639413783
3164,0.0030573268945101174
3165,0.0030573398650591103
3166,0.0030573525789249815
3167,0.0030573650395075464
3168,0.003057377250268995
3169,0.003057389214733183
3170,0.0030574009364836507
3171,0.0030574124191626076
3172,0.0030574236664696755
3173,0.0030574346821608286
3174,0.003057445470045818
3175,0.003057456033987718
3176,0.0030574663779008838
3177,0.003057476505749728
3178,0.0030574864215461408
3179,0.00305749612934953
3180,0.0030575056332627516
3181,0.003057514937432702
3182,0.0030575240460465453
3183,0.003057532963331512
3184,0.003057541693551781
3185,0.003057550241007143
3186,0.0030575586100309586
3187,0.0030575668049888714
3188,0.0030575748302756403
3189,0.0030575826903138986
3190,0.003057590389552099
3191,0.0030575979324622324
3192,0.003057605323538575
3193,0.0030576125672941486
3194,0.00305761966826058
3195,0.003057626630984333
3196,0.0030576334600261753
3197,0.0030576401599574747
3198,0.0030576467353596965
3199,0.0030576531908216424
3200,0.0030576595309371544
3201,0.0030576657603035356
3202,0.003057671883519963
3203,0.0030576779051838397
3204,0.003057683829891156
3205,0.003057689662232369
3206,0.003057695406791436
3207,0.0030577010681441105
3208,0.0030577066508556605
3209,0.003057712159478921
3210,0.003057717598552303
3211,0.0030577229725984693
3212,0.0030577282861222388
3213,0.003057733543608722
3214,0.0030577387495216222
3215,0.0030577439083017033
3216,0.0030577490243649053
3217,0.003057754102100498
3218,0.003057759145870269
3219,0.0030577641600059062
3220,0.0030577691488080493
3221,0.0030577741165449877
3222,0.003057779067450495
3223,0.0030577840057235996
3224,0.0030577889355254246
3225,0.0030577938609795117
3226,0.0030577987861701425
3227,0.003057803715139871
3228,0.003057808651890581
3229,0.0030578136003797415
3230,0.003057818564521534
3231,0.0030578235481845276
3232,0.003057828555190722
3233,0.0030578335893151043
3234,0.0030578386542842715
3235,0.0030578437537756914
3236,0.0030578488914165805
3237,0.003057854070783813
3238,0.0030578592954022188
3239,0.003057864568744718
3240,0.0030578698942306357
3241,0.003057875275226421
3242,0.0030578807150438096
3243,0.0030578862169401318
3244,0.00305789178411721
3245,0.003057897419721075
3246,0.003057903126842163
3247,0.00305790890851386
3248,0.0030579147677129853
3249,0.0030579207073593044
3250,0.0030579267303146728
3251,0.0030579328393841704
3252,0.003057939037314226
3253,0.003057945326794154
3254,0.0030579517104546232
3255,0.0030579581908686216
3256,0.003057964770550639
3257,0.003057971451957396
3258,0.003057978237487065
3259,0.0030579851294808102
3260,0.0030579921302207225
3261,0.0030579992419316714
3262,0.0030580064667813005
3263,0.003058013806879246
3264,0.0030580212642783494
3265,0.0030580288409743335
3266,0.003058036538906745
3267,0.003058044359958355
3268,0.003058052305956585
3269,0.003058060378672529
3270,0.0030580685798229385
3271,0.003058076911069562
3272,0.0030580853740195028
3273,0.003058093970226454
3274,0.0030581027011910254
3275,0.003058111568360622
3276,0.0030581205731299733
3277,0.0030581297168432997
3278,0.0030581390007930675
3279,0.003058148426220816
3280,0.0030581579943190452
3281,0.003058167706230396
3282,0.003058177563049181
3283,0.003058187565821571
3284,0.0030581977155469363
3285,0.0030582080131774988
3286,0.0030582184596202916
3287,0.0030582290557366262
3288,0.0030582398023439998
3289,0.003058250700215871
3290,0.00305826175008314
3291,0.0030582729526345905
3292,0.0030582843085178307
3293,0.0030582958183397323
3294,0.003058307482667823
3295,0.003058319302030585
3296,0.003058331276918638
3297,0.00305834340778529
3298,0.0030583556950475846
3299,0.003058368139087049
3300,0.0030583807402505
3301,0.0030583934988511656
3302,0.0030584064151692185
3303,0.003058419489452721
3304,0.0030584327219187173
3305,0.0030584461127539865
3306,0.0030584596621156114
3307,0.0030584733701323804
3308,0.00305848723690524
3309,0.0030585012625087525
3310,0.003058515446991158
3311,0.0030585297903757223
3312,0.0030585442926617614
3313,0.0030585589538255084
3314,0.0030585737738205994
3315,0.0030585887525788457
3316,0.003058603890012303
3317,0.0030586191860128152
3318,0.0030586346404534075
3319,0.0030586502531890418
3320,0.0030586660240580848
3321,0.003058681952881991
3322,0.003058698039467213
3323,0.003058714283605972
3324,0.003058730685076057
3325,0.0030587472436432003
3326,0.0030587639590607153
3327,0.003058780831070737
3328,0.0030587978594053913
3329,0.003058815043787143
3330,0.0030588323839293836
3331,0.0030588498795381673
3332,0.003058867530312167
3333,0.0030588853359437116
3334,0.0030589032961197476
3335,0.0030589214105221966
3336,0.0030589396788290543
3337,0.0030589581007152552
3338,0.0030589766758527684
3339,0.0030589954039120276
3340,0.003059014284562229
3341,0.003059033317472333
3342,0.003059052502311554
3343,0.0030590718387499567
3344,0.003059091326459141
3345,0.0030591109651132748
3346,0.003059130754389158
3347,0.003059150693967536
3348,0.0030591707835330145
3349,0.0030591910227752606
3350,0.0030592114113887456
3351,0.0030592319490745025
3352,0.003059252635539756
3353,0.003059273470498647
3354,0.0030592944536735156
3355,0.0030593155847939745
3356,0.0030593368635988554
3357,0.0030593582898356332
3358,0.003059379863261845
3359,0.003059401583644363
3360,0.0030594234507611427
3361,0.0030594454644006027
3362,0.0030594676243626048
3363,0.0030594899304588457
3364,0.003059512382512608
3365,0.0030595349803599517
3366,0.0030595577238499995
3367,0.003059580612844143
3368,0.0030596036472176017
3369,0.0030596268268594067
3370,0.0030596501516726455
3371,0.0030596736215740016
3372,0.0030596972364952553
3373,0.003059720996382632
3374,0.003059744901197481
3375,0.00305976895091579
3376,0.003059793145529608
3377,0.0030598174850456983
3378,0.0030598419694867463
3379,0.0030598665988911217
3380,0.003059891373313044
3381,0.003059916292823072
3382,0.003059941357507036
3383,0.0030599665674673096
3384,0.003059991922822323
3385,0.0030600174237065962
3386,0.00306004307027133
3387,0.0030600688626831293
3388,0.003060094801125444
3389,0.0030601208857977177
3390,0.0030601471169152527
3391,0.0030601734947098298
3392,0.0030602000194287046
3393,0.0030602266913356425
3394,0.0030602535107098817
3395,0.0030602804778463496
3396,0.0030603075930553825
3397,0.0030603348566636958
3398,0.003060362269011894
3399,0.0030603898304563497
3400,0.0030604175413688774
3401,0.003060445402135239
3402,0.0030604734131560634
3403,0.003060501574846583
3404,0.0030605298876354103
3405,0.0030605583519660506
3406,0.00306058696829456
3407,0.0030606157370911577
3408,0.003060644658838516
3409,0.003060673734032858
3410,0.0030607029631825006
3411,0.003060732346807828
3412,0.0030607618854415863
3413,0.003060791579627834
3414,0.0030608214299219266
3415,0.003060851436890449
3416,0.0030608816011106084
3417,0.0030609119231688655
3418,0.0030609424036633767
3419,0.003060973043200701
3420,0.0030610038423967115
3421,0.0030610348018759326
3422,0.0030610659222725604
3423,0.0030610972042269522
3424,0.003061128648389006
3425,0.0030611602554147382
3426,0.0030611920259671272
3427,0.0030612239607165676
3428,0.0030612560603386118
3429,0.003061288325514826
3430,0.0030613207569321252
3431,0.003061353355282447
3432,0.003061386121262086
3433,0.0030614190555709273
3434,0.00306145215891355
3435,0.0030614854319966616
3436,0.003061518875530392
3437,0.0030615524902272407
3438,0.0030615862768016214
3439,0.003061620235969352
3440,0.00306165436844756
3441,0.003061688674953982
3442,0.003061723156206927
3443,0.0030617578129244812
3444,0.0030617926458238083
3445,0.003061827655621827
3446,0.003061862843033808
3447,0.0030618982087731238
3448,0.0030619337535512364
3449,0.00306196947807686
3450,0.003062005383056272
3451,0.0030620414691916167
3452,0.0030620777371820895
3453,0.0030621141877223324
3454,0.0030621508215026025
3455,0.003062187639208225
3456,0.003062224641519574
3457,0.003062261829110948
3458,0.0030622992026510206
3459,0.0030623367628022464
3460,0.0030623745102199558
3461,0.003062412445552603
3462,0.0030624505694418387
3463,0.003062488882520471
3464,0.0030625273854144788
3465,0.0030625660787404834
3466,0.0030626049631070724
3467,0.0030626440391136075
3468,0.0030626833073497915
3469,0.003062722768396624
3470,0.0030627624228244913
3471,0.0030628022711936868
3472,0.003062842314053967
3473,0.0030628825519450685
3474,0.0030629229853947966
3475,0.003062963614920148
3476,0.003063004441026992
3477,0.0030630454642086346
3478,0.0030630866849471715
3479,0.0030631281037120563
3480,0.0030631697209602495
3481,0.0030632115371367783
3482,0.0030632535526730212
3483,0.0030632957679875947
3484,0.0030633381834864176
3485,0.0030633807995611895
3486,0.0030634236165905746
3487,0.0030634666349394824
3488,0.0030635098549586927
3489,0.003063553276985231
3490,0.003063596901341823
3491,0.0030636407283366725
3492,0.003063684758264166
3493,0.0030637289914033573
3494,0.003063773428019523
3495,0.0030638180683623282
3496,0.0030638629126675094
3497,0.003063907961154942
3498,0.003063953214030363
3499,0.0030639986714835372
3500,0.003064044333690146
3501,0.0030640902008098442
3502,0.0030641362729877165
3503,0.0030641825503528756
3504,0.003064229033019898
3505,0.003064275721087684
3506,0.003064322614639907
3507,0.003064369713744783
3508,0.0030644170184551105
3509,0.003064464528808934
3510,0.0030645122448288388
3511,0.0030645601665213085
3512,0.003064608293879056
3513,0.003064656626878252
3514,0.003064705165480698
3515,0.003064753909633051
3516,0.0030648028592666927
3517,0.0030648520142977993
3518,0.0030649013746285856
3519,0.003064950940145565
3520,0.0030650007107210393
3521,0.003065050686212295
3522,0.003065100866462319
3523,0.0030651512512998766
3524,0.003065201840538924
3525,0.0030652526339799216
3526,0.0030653036314084495
3527,0.0030653548325967088
3528,0.003065406237303209
3529,0.0030654578452722933
3530,0.0030655096562351666
3531,0.003065561669909732
3532,0.0030656138860004315
3533,0.003065666304198838
3534,0.0030657189241834384
3535,0.0030657717456209384
3536,0.003065824768163932
3537,0.0030658779914539388
3538,0.0030659314151202225
3539,0.003065985038779303
3540,0.003066038862036748
3541,0.003066092884486406
3542,0.0030661471057103463
3543,0.003066201525280047
3544,0.003066256142755802
3545,0.0030663109576865226
3546,0.003066365969612002
3547,0.003066421178060284
3548,0.0030664765825505697
3549,0.0030665321825913473
3550,0.0030665879776818447
3551,0.0030666439673113534
3552,0.0030667001509611783
3553,0.0030667565281025048
3554,0.003066813098198209
3555,0.0030668698607029493
3556,0.0030669268150629835
3557,0.003066983960716306
3558,0.0030670412970937276
3559,0.0030670988236181852
3560,0.0030671565397049293
3561,0.0030672144447630883
3562,0.003067272538194804
3563,0.0030673308193948324
3564,0.0030673892877525867
3565,0.0030674479426513654
3566,0.0030675067834678195
3567,0.0030675658095737942
3568,0.003067625020335895
3569,0.003067684415114882
3570,0.0030677439932675155
3571,0.0030678037541455056
3572,0.0030678636970962524
3573,0.003067923821462883
3574,0.003067984126584933
3575,0.003068044611797982
3576,0.003068105276434438
3577,0.0030681661198233086
3578,0.0030682271412906855
3579,0.0030682883401598254
3580,0.003068349715751592
3581,0.003068411267384473
3582,0.0030684729943747926
3583,0.0030685348960368063
3584,0.0030685969716837433
3585,0.0030686592206264018
3586,0.0030687216421750757
3587,0.003068784235638884
3588,0.0030688470003253877
3589,0.0030689099355424463
3590,0.0030689730405964832
3591,0.0030690363147941745
3592,0.0030690997574419486
3593,0.0030691633678461626
3594,0.003069227145313231
3595,0.0030692910891502723
3596,0.0030693551986648087
3597,0.0030694194731648236
3598,0.0030694839119590873
3599,0.0030695485143577496
3600,0.0030696132796716857
3601,0.003069678207213096
3602,0.003069743296295518
3603,0.0030698085462342343
3604,0.003069873956345749
3605,0.0030699395259482726
3606,0.003070005254362337
3607,0.003070071140909703
3608,0.0030701371849146033
3609,0.003070203385703296
3610,0.00307026974260423
3611,0.003070336254947905
3612,0.0030704029220673746
3613,0.0030704697432981827
3614,0.003070536717977724
3615,0.003070603845446746
3616,0.003070671125047971
3617,0.003070738556126874
3618,0.0030708061380314384
3619,0.0030708738701125528
3620,0.003070941751723526
3621,0.0030710097822206914
3622,0.0030710779609625324
3623,0.003071146287310972
3624,0.003071214760630143
3625,0.0030712833802865654
3626,0.003071352145650751
3627,0.0030714210560940274
3628,0.003071490110991966
3629,0.0030715593097219644
3630,0.003071628651664093
3631,0.0030716981362010334
3632,0.0030717677627178667
3633,0.0030718375306024556
3634,0.003071907439244696
3635,0.0030719774880365886
3636,0.003072047676372884
3637,0.0030721180036503695
3638,0.003072188469267649
3639,0.0030722590726258623
3640,0.0030723298131273467
3641,0.0030724006901770716
3642,0.0030724717031812687
3643,0.0030725428515478285
3644,0.0030726141346861533
3645,0.003072685552007262
3646,0.003072757102923768
3647,0.003072828786848222
3648,0.0030729006031957884
3649,0.003072972551381623
3650,0.0030730446308219633
3651,0.0030731168409339226
3652,0.003073189181134736
3653,0.0030732616508424965
3654,0.003073334249475159
3655,0.0030734069764509326
3656,0.003073479831188258
3657,0.003073552813105234
3658,0.003073625921619601
3659,0.003073699156148253
3660,0.003073772516108582
3661,0.0030738460009157426
3662,0.0030739196099850872
3663,0.0030739933427302076
3664,0.0030740671985638097
3665,0.0030741411768966786
3666,0.003074215277138714
3667,0.003074289498697607
3668,0.0030743638409789433
3669,0.0030744383033865044
3670,0.0030745128853219682
3671,0.0030745875861843035
3672,0.0030746624053699626
3673,0.0030747373422723647
3674,0.003074812396282493
3675,0.0030748875667881742
3676,0.003074962853173712
3677,0.0030750382548200015
3678,0.0030751137711043913
3679,0.003075189401400753
3680,0.003075265145078608
3681,0.0030753410015039
3682,0.0030754169700377533
3683,0.0030754930500372195
3684,0.0030755692408550982
3685,0.003075645541838907
3686,0.003075721952331469
3687,0.0030757984716709417
3688,0.003075875099190079
3689,0.003075951834216243
3690,0.00307602867607185
3691,0.0030761056240727327
3692,0.0030761826775300826
3693,0.0030762598357483833
3694,0.0030763370980269648
3695,0.0030764144636585477
3696,0.003076491931929583
3697,0.0030765695021199952
3698,0.0030766471735040627
3699,0.003076724945348342
3700,0.003076802816913595
3701,0.003076880787453173
3702,0.003076958856214172
3703,0.0030770370224358842
3704,0.0030771152853509387
3705,0.003077193644184765
3706,0.0030772720981556098
3707,0.003077350646473892
3708,0.0030774292883429775
3709,0.0030775080229584295
3710,0.0030775868495087127
3711,0.0030776657671739965
3712,0.003077744775127332
3713,0.003077823872533327
3714,0.003077903058549697
3715,0.0030779823323253018
3716,0.0030780616930015455
3717,0.0030781411397122387
3718,0.0030782206715825153
3719,0.003078300287729925
3720,0.0030783799872640375
3721,0.0030784597692860376
3722,0.0030785396328895736
3723,0.0030786195771596017
3724,0.0030786996011740214
3725,0.00307877970400126
3726,0.0030788598847031035
3727,0.0030789401423326913
3728,0.003079020475934901
3729,0.0030791008845469005
3730,0.0030791813671983406
3731,0.0030792619229105043
3732,0.0030793425506966806
3733,0.0030794232495630065
3734,0.0030795040185070933
3735,0.0030795848565192963
3736,0.0030796657625824005
3737,0.0030797467356713914
3738,0.0030798277747539323
3739,0.003079908878790172
3740,0.003079990046733249
3741,0.0030800712775286045
3742,0.0030801525701148152
3743,0.0030802339234237072
3744,0.0030803153363797493
3745,0.003080396807900484
3746,0.0030804783368976888
3747,0.003080559922275361
3748,0.003080641562932165
3749,0.0030807232577597706
3750,0.0030808050056439122
3751,0.00308088680546418
3752,0.0030809686560947258
3753,0.0030810505564036797
3754,0.003081132505253257
3755,0.0030812145015008444
3756,0.0030812965439987483
3757,0.0030813786315933675
3758,0.0030814607631273064
3759,0.003081542937437457
3760,0.003081625153357344
3761,0.003081707409714764
3762,0.0030817897053347794
3763,0.0030818720390375716
3764,0.0030819544096399865
3765,0.003082036815955668
3766,0.0030821192567944034
3767,0.003082201730962778
3768,0.003082284237265353
3769,0.003082366774503404
3770,0.0030824493414759275
3771,0.003082531936979933
3772,0.0030826145598099497
3773,0.0030826972087595697
3774,0.003082779882619674
3775,0.0030828625801815764
3776,0.003082945300234129
3777,0.003083028041566525
3778,0.003083110802966352
3779,0.0030831935832219275
3780,0.003083276381121284
3781,0.003083359195452512
3782,0.0030834420250041832
3783,0.0030835248685660227
3784,0.003083607724928678
3785,0.0030836905928836927
3786,0.003083773471225031
3787,0.0030838563587475597
3788,0.003083939254249095
3789,0.0030840221565291803
3790,0.0030841050643903756
3791,0.003084187976638123
3792,0.0030842708920808914
3793,0.0030843538095309112
3794,0.003084436727803608
3795,0.0030845196457195303
3796,0.0030846025621020646
3797,0.0030846854757801715
3798,0.0030847683855873627
3799,0.003084851290362143
3800,0.0030849341889487457
3801,0.0030850170801965007
3802,0.003085099962961132
3803,0.003085182836104249
3804,0.0030852656984940623
3805,0.0030853485490058533
3806,0.0030854313865208262
3807,0.003085514209928679
3808,0.0030855970181257494
3809,0.003085679810016355
3810,0.003085762584513116
3811,0.003085845340536693
3812,0.0030859280770161785
3813,0.003086010792889551
3814,0.0030860934871036498
3815,0.003086176158615033
3816,0.0030862588063892346
3817,0.0030863414294016473
3818,0.0030864240266379227
3819,0.0030865065970934556
3820,0.0030865891397743057
3821,0.0030866716536967487
3822,0.003086754137888861
3823,0.003086836591388778
3824,0.003086919013246501
3825,0.0030870014025232164
3826,0.003087083758291812
3827,0.0030871660796372128
3828,0.0030872483656559768
3829,0.0030873306154572304
3830,0.0030874128281628017
3831,0.00308749500290561
3832,0.0030875771388334883
3833,0.0030876592351054472
3834,0.0030877412908946853
3835,0.003087823305386494
3836,0.0030879052777801827
3837,0.003087987207288868
3838,0.003088069093138332
3839,0.0030881509345684535
3840,0.0030882327308336304
3841,0.003088314481201216
3842,0.0030883961849530986
3843,0.003088477841385307
3844,0.003088559449807918
3845,0.0030886410095460194
3846,0.003088722519937776
3847,0.0030888039803372144
3848,0.0030888853901119943
3849,0.003088966748644515
3850,0.0030890480553321968
3851,0.003089129309587019
3852,0.0030892105108349926
3853,0.0030892916585180323
3854,0.0030893727520920405
3855,0.0030894537910275705
3856,0.0030895347748104806
3857,0.0030896157029407607
3858,0.003089696574934157
3859,0.003089777390320157
3860,0.0030898581486432292
3861,0.003089938849463248
3862,0.003090019492353762
3863,0.0030901000769034547
3864,0.003090180602715749
3865,0.0030902610694077764
3866,0.00309034147661226
3867,0.003090421823975154
3868,0.0030905021111574736
3869,0.0030905823378342984
3870,0.0030906625036942552
3871,0.0030907426084409925
3872,0.003090822651791321
3873,0.0030909026334757033
3874,0.00309098255323905
3875,0.0030910624108391217
3876,0.0030911422060473964
3877,0.003091221938648653
3878,0.003091301608440721
3879,0.0030913812152343415
3880,0.0030914607588535905
3881,0.0030915402391341125
3882,0.0030916196559255013
3883,0.0030916990090884876
3884,0.0030917782984966015
3885,0.003091857524035178
3886,0.0030919366856012346
3887,0.0030920157831035456
3888,0.003092094816462429
3889,0.0030921737856088993
3890,0.0030922526904856042
3891,0.0030923315310453663
3892,0.00309241030725199
3893,0.003092489019079804
3894,0.003092567666512018
3895,0.003092646249543934
3896,0.003092724768178396
3897,0.003092803222429112
3898,0.003092881612318306
3899,0.003092959937877082
3900,0.003093038199145938
3901,0.0030931163961730283
3902,0.003093194529015339
3903,0.0030932725977375563
3904,0.0030933506024123387
3905,0.0030934285431197107
3906,0.0030935064199468587
3907,0.0030935842329874413
3908,0.003093661982342638
3909,0.003093739668119921
3910,0.0030938172904325352
3911,0.0030938948493995696
3912,0.0030939723451467644
3913,0.003094049777803708
3914,0.0030941271475063985
3915,0.0030942044543947277
3916,0.003094281698613976
3917,0.0030943588803131012
3918,0.003094435999645728
3919,0.0030945130567683874
3920,0.0030945900518416806
3921,0.003094666985029433
3922,0.0030947438564986112
3923,0.003094820666418078
3924,0.003094897414959957
3925,0.0030949741022981443
3926,0.0030950507286086875
3927,0.003095127294068714
3928,0.0030952037988571557
3929,0.003095280243154347
3930,0.003095356627140887
3931,0.0030954329509981604
3932,0.003095509214907954
3933,0.003095585419052112
3934,0.0030956615636122094
3935,0.0030957376487695046
3936,0.003095813674704521
3937,0.003095889641596865
3938,0.003095965549624836
3939,0.0030960413989657948
3940,0.0030961171897949755
3941,0.0030961929222855194
3942,0.0030962685966092578
3943,0.0030963442129349522
3944,0.0030964197714287963
3945,0.0030964952722544402
3946,0.0030965707155730824
3947,0.0030966461015413025
3948,0.003096721430313273
3949,0.0030967967020387697
3950,0.003096871916864198
3951,0.0030969470749315823
3952,0.0030970221763788235
3953,0.003097097221339153
3954,0.0030971722099413196
3955,0.00309724714230808
3956,0.00309732201855901
3957,0.0030973968388067767
3958,0.0030974716031593763
3959,0.003097546311718563
3960,0.003097620964580824
3961,0.003097695561836535
3962,0.003097770103569464
3963,0.0030978445898574574
3964,0.0030979190207718163
3965,0.0030979933963767407
3966,0.00309806771673034
3967,0.00309814198188331
3968,0.0030982161918790456
3969,0.003098290346754008
3970,0.003098364446537246
3971,0.003098438491249879
3972,0.003098512480905905
3973,0.0030985864155115665
3974,0.0030986602950640427
3975,0.0030987341195541375
3976,0.003098807888963218
3977,0.003098881603264923
3978,0.0030989552624243856
3979,0.003099028866398072
3980,0.0030991024151344622
3981,0.0030991759085723276
3982,0.003099249346642952
3983,0.0030993227292676374
3984,0.0030993960563592865
3985,0.00309946932782147
3986,0.0030995425435489366
3987,0.0030996157034272514
3988,0.003099688807332223
3989,0.0030997618551306724
3990,0.0030998348466803605
3991,0.0030999077818288766
3992,0.00309998066041479
3993,0.003100053482267105
3994,0.0031001262472053425
3995,0.003100198955038573
3996,0.00310027160556697
3997,0.0031003441985804022
3998,0.00310041673385997
3999,0.0031004892111755815
4000,0.0031005616302883566
4001,0.0031006339909493016
4002,0.0031007062928992096
4003,0.0031007785358695265
4004,0.003100850719581213
4005,0.003100922843745798
4006,0.0031009949080646865
4007,0.003101066912229357
4008,0.0031011388559209563
4009,0.0031012107388117497
4010,0.0031012825605631848
4011,0.0031013543208271333
4012,0.003101426019245714
4013,0.003101497655450408
4014,0.003101569229064032
4015,0.003101640739698764
4016,0.003101712186956789
4017,0.003101783570431385
4018,0.003101854889705138
4019,0.0031019261443516314
4020,0.0031019973339342687
4021,0.0031020684580072852
4022,0.003102139516114655
4023,0.0031022105077917373
4024,0.003102281432563466
4025,0.0031023522899457784
4026,0.0031024230794455513
4027,0.003102493800559239
4028,0.0031025644527754234
4029,0.0031026350355722815
4030,0.003102705548419603
4031,0.0031027759907776417
4032,0.0031028463620976984
4033,0.0031029166618226525
4034,0.003102986889386097
4035,0.003103057044212566
4036,0.003103127125718628
4037,0.0031031971333113496
4038,0.0031032670663901597
4039,0.003103336924345487
4040,0.003103406706559167
4041,0.0031034764124059926
4042,0.0031035460412511683
4043,0.0031036155924524787
4044,0.003103685065359871
4045,0.003103754459315212
4046,0.0031038237736525634
4047,0.0031038930076985015
4048,0.0031039621607719735
4049,0.0031040312321847763
4050,0.0031041002212404624
4051,0.0031041691272367996
4052,0.0031042379494631597
4053,0.0031043066872031995
4054,0.0031043753397323216
4055,0.0031044439063201246
4056,0.003104512386229639
4057,0.003104580778717119
4058,0.003104649083032402
4059,0.0031047172984193247
4060,0.003104785424115642
4061,0.0031048534593532693
4062,0.003104921403358051
4063,0.0031049892553500925
4064,0.003105057014544296
4065,0.003105124680149785
4066,0.003105192251371038
4067,0.003105259727406606
4068,0.003105327107451001
4069,0.0031053943906930843
4070,0.0031054615763174915
4071,0.0031055286635038215
4072,0.0031055956514287656
4073,0.003105662539262515
4074,0.0031057293261730783
4075,0.0031057960113237064
4076,0.00310586259387404
4077,0.0031059290729803825
4078,0.0031059954477949962
4079,0.003106061717467475
4080,0.00310612788114388
4081,0.0031061939379674365
4082,0.0031062598870786064
4083,0.0031063257276149245
4084,0.003106391458712157
4085,0.00310645707950273
4086,0.003106522589117772
4087,0.003106587986685708
4088,0.0031066532713339774
4089,0.0031067184421872526
4090,0.003106783498370139
4091,0.0031068484390045707
4092,0.0031069132632117373
4093,0.003106977970112268
4094,0.0031070425588255843
4095,0.0031071070284702834
4096,0.0031071713781648004
4097,0.0031072356070268848
4098,0.0031072997141747697
4099,0.0031073636987256777
4100,0.0031074275597983815
4101,0.0031074912965104004
4102,0.003107554907980964
4103,0.003107618393329942
4104,0.0031076817516772484
4105,0.003107744982143921
4106,0.003107808083853317
4107,0.003107871055929169
4108,0.003107933897496347
4109,0.003107996607682405
4110,0.0031080591856163546
4111,0.0031081216304290234
4112,0.003108183941253555
4113,0.003108246117225061
4114,0.0031083081574820913
4115,0.003108370061164841
4116,0.0031084318274167745
4117,0.003108493455384491
4118,0.003108554944217294
4119,0.003108616293068569
4120,0.003108677501093877
4121,0.003108738567453415
4122,0.003108799491311001
4123,0.003108860271834037
4124,0.00310892090819409
4125,0.0031089813995671305
4126,0.0031090417451334305
4127,0.003109101944077486
4128,0.0031091619955888232
4129,0.0031092218988617317
4130,0.0031092816530950795
4131,0.0031093412574933303
4132,0.003109400711265584
4133,0.0031094600136268033
4134,0.0031095191637972846
4135,0.0031095781610030663
4136,0.0031096370044755963
4137,0.0031096956934525163
4138,0.0031097542271771765
4139,0.0031098126048999483
4140,0.0031098708258760262
4141,0.0031099288893679505
4142,0.0031099867946449934
4143,0.0031100445409822414
4144,0.0031101021276622506
4145,0.0031101595539741638
4146,0.003110216819213479
4147,0.003110273922683561
4148,0.003110330863694875
4149,0.003110387641564709
4150,0.0031104442556180675
4151,0.0031105007051876027
4152,0.0031105569896128023
4153,0.0031106131082416447
4154,0.0031106690604292397
4155,0.0031107248455392034
4156,0.003110780462941625
4157,0.003110835912016736
4158,0.003110891192150981
4159,0.0031109463027402247
4160,0.0031110012431876293
4161,0.003111056012905154
4162,0.00311111061131319
4163,0.0031111650378395843
4164,0.0031112192919225427
4165,0.003111273373007061
4166,0.0031113272805473164
4167,0.0031113810140066013
4168,0.003111434572856231
4169,0.0031114879565764435
4170,0.0031115411646566943
4171,0.003111594196594571
4172,0.0031116470518974403
4173,0.003111699730080649
4174,0.003111752230668856
4175,0.003111804553195811
4176,0.003111856697203879
4177,0.0031119086622451797
4178,0.0031119604478795763
4179,0.003112012053677467
4180,0.003112063479217612
4181,0.0031121147240872503
4182,0.003112165787883561
4183,0.003112216670212689
4184,0.0031122673706895105
4185,0.003112317888937875
4186,0.0031123682245913905
4187,0.003112418377292162
4188,0.0031124683466916604
4189,0.003112518132449707
4190,0.0031125677342366334
4191,0.0031126171517296994
4192,0.0031126663846168007
4193,0.003112715432594816
4194,0.003112764295367933
4195,0.0031128129726511913
4196,0.0031128614641669464
4197,0.00311290976964754
4198,0.0031129578888333923
4199,0.003113005821474051
4200,0.003113053567327351
4201,0.003113101126160501
4202,0.0031131484977483578
4203,0.0031131956818752017
4204,0.003113242678333544
4205,0.0031132894869239742
4206,0.0031133361074561325
4207,0.003113382539747685
4208,0.0031134287836240373
4209,0.0031134748389199745
4210,0.003113520705477177
4211,0.003113566383146125
4212,0.003113611871785399
4213,0.003113657171261037
4214,0.0031137022814471255
4215,0.0031137472022254443
4216,0.0031137919334854078
4217,0.00311383647512465
4218,0.0031138808270476455
4219,0.0031139249891661857
4220,0.0031139689613999566
4221,0.003114012743675813
4222,0.0031140563359275037
4223,0.003114099738095978
4224,0.0031141429501294195
4225,0.003114185971982429
4226,0.0031142288036170957
4227,0.003114271445001336
4228,0.0031143138961102733
4229,0.003114356156925897
4230,0.0031143982274353015
4231,0.0031144401076330748
4232,0.0031144817975198116
4233,0.003114523297101703
4234,0.003114564606391426
4235,0.003114605725407356
4236,0.003114646654173216
4237,0.003114687392719755
4238,0.003114727941081795
4239,0.003114768299300172
4240,0.0031148084674210872
4241,0.0031148484454963867
4242,0.003114888233582416
4243,0.003114927831740787
4244,0.0031149672400382876
4245,0.0031150064585458797
4246,0.0031150454873398706
4247,0.003115084326500795
4248,0.0031151229761141575
4249,0.0031151614362688895
4250,0.003115199707058934
4251,0.0031152377885821586
4252,0.0031152756809404328
4253,0.0031153133842395865
4254,0.0031153508985893386
4255,0.0031153882241030453
4256,0.003115425360897602
4257,0.003115462309093428
4258,0.0031154990688146223
4259,0.003115535640187726
4260,0.0031155720233434
4261,0.0031156082184149417
4262,0.0031156442255387477
4263,0.0031156800448535723
4264,0.003115715676501581
4265,0.003115751120627531
4266,0.003115786377377769
4267,0.0031158214469028055
4268,0.0031158563293540043
4269,0.0031158910248852557
4270,0.0031159255336535158
4271,0.003115959855816614
4272,0.003115993991534804
4273,0.003116027940970424
4274,0.003116061704287661
4275,0.003116095281651933
4276,0.0031161286732301614
4277,0.003116161879191633
4278,0.00311619489970615
4279,0.0031162277349453932
4280,0.003116260385081735
4281,0.0031162928502896734
4282,0.0031163251307439865
4283,0.00311635722662059
4284,0.003116389138096317
4285,0.0031164208653493442
4286,0.0031164524085582814
4287,0.0031164837679021414
4288,0.003116514943560846
4289,0.003116545935715406
4290,0.0031165767445466104
4291,0.0031166073702362062
4292,0.0031166378129658546
4293,0.003116668072917344
4294,0.0031166981502741384
4295,0.003116728045218535
4296,0.0031167577579331576
4297,0.003116787288601373
4298,0.0031168166374059983
4299,0.0031168458045301136
4300,0.0031168747901568197
4301,0.003116903594468833
4302,0.0031169322176492
4303,0.0031169606598805025
4304,0.0031169889213453206
4305,0.003117017002225639
4306,0.003117044902703772
4307,0.003117072622960853
4308,0.0031171001631783873
4309,0.0031171275235379894
4310,0.0031171547042191687
4311,0.003117181705402784
4312,0.003117208527268662
4313,0.0031172351699960367
4314,0.0031172616337635673
4315,0.0031172879187500455
4316,0.003117314025133351
4317,0.0031173399530908964
4318,0.0031173657027996028
4319,0.0031173912744361354
4320,0.003117416668176332
4321,0.00311744188419588
4322,0.003117466922669411
4323,0.003117491783771962
4324,0.003117516467677139
4325,0.003117540974558867
4326,0.0031175653045895733
4327,0.0031175894579427077
4328,0.0031176134347897003
4329,0.0031176372353029554
4330,0.003117660859653617
4331,0.0031176843080125928
4332,0.0031177075805506084
4333,0.00311773067743797
4334,0.0031177535988449025
4335,0.0031177763449406542
4336,0.003117798915894856
4337,0.0031178213118770864
4338,0.003117843533055971
4339,0.0031178655796009996
4340,0.0031178874516806375
4341,0.0031179091494636713
4342,0.0031179306731189504
4343,0.0031179520228152902
4344,0.0031179731987215245
4345,0.0031179942010065654
4346,0.003118015029839716
4347,0.003118035685390353
4348,0.003118056167827691
4349,0.0031180764773219736
4350,0.0031180966140434197
4351,0.0031181165781629136
4352,0.003118136369851463
4353,0.0031181559892810755
4354,0.003118175436624053
4355,0.003118194712053433
4356,0.0031182138157428204
4357,0.0031182327478671513
4358,0.003118251508601591
4359,0.0031182700981229323
4360,0.00311828851660804
4361,0.0031183067642356743
4362,0.00311832484118534
4363,0.0031183427476375782
4364,0.003118360483774741
4365,0.00311837804978054
4366,0.0031183954458391693
4367,0.0031184126721403834
4368,0.003118429728872544
4369,0.003118446616225226
4370,0.0031184633343900483
4371,0.0031184798835599123
4372,0.0031184962639298945
4373,0.0031185124756966296
4374,0.003118528519059649
4375,0.003118544394219576
4376,0.003118560101379892
4377,0.0031185756407459946
4378,0.0031185910125260726
4379,0.0031186062169302206
4380,0.0031186212541713175
4381,0.003118636124464838
4382,0.0031186508280291363
4383,0.0031186653650846063
4384,0.0031186797358551963
4385,0.0031186939405673923
4386,0.0031187079794506747
4387,0.0031187218527376492
4388,0.0031187355606642347
4389,0.0031187491034694614
4390,0.003118762481395244
4391,0.003118775694687595
4392,0.0031187887435955505
4393,0.003118801628371612
4394,0.00311881434927236
4395,0.0031188269065568234
4396,0.0031188393004899138
4397,0.0031188515313381763
4398,0.0031188635993734735
4399,0.003118875504870917
4400,0.003118887248110274
4401,0.0031188988293746095
4402,0.0031189102489522697
4403,0.003118921507134264
4404,0.003118932604217696
4405,0.003118943540503058
4406,0.0031189543162953815
4407,0.003118964931903956
4408,0.0031189753876436797
4409,0.003118985683832674
4410,0.0031189958207950784
4411,0.003119005798858648
4412,0.0031190156183566963
4413,0.0031190252796272776
4414,0.003119034783013119
4415,0.0031190441288622655
4416,0.003119053317527488
4417,0.0031190623493667392
4418,0.0031190712247432767
4419,0.0031190799440249015
4420,0.003119088507585454
4421,0.0031190969158036326
4422,0.003119105169063305
4423,0.0031191132677540153
4424,0.0031191212122704767
4425,0.0031191290030126396
4426,0.0031191366403862603
4427,0.003119144124802303
4428,0.0031191514566775757
4429,0.00311915863643391
4430,0.0031191656644991156
4431,0.003119172541306678
4432,0.0031191792672951024
4433,0.003119185842909223
4434,0.0031191922685988465
4435,0.003119198544820027
4436,0.003119204672034434
4437,0.003119210650709396
4438,0.0031192164813175125
4439,0.003119222164337134
4440,0.003119227700253537
4441,0.0031192330895560443
4442,0.0031192383327410945
4443,0.0031192434303094095
4444,0.003119248382769394
4445,0.003119253190633393
4446,0.0031192578544203195
4447,0.003119262374654636
4448,0.0031192667518665056
4449,0.003119270986591759
4450,0.0031192750793724946
4451,0.0031192790307552664
4452,0.003119282841293555
4453,0.0031192865115454273
4454,0.0031192900420752784
4455,0.0031192934334530174
4456,0.0031192966862537827
4457,0.00311929980105849
4458,0.003119302778453234
4459,0.0031193056190306173
4460,0.0031193083233872244
4461,0.0031193108921259358
4462,0.003119313325855304
4463,0.003119315625188456
4464,0.0031193177907440648
4465,0.0031193198231465086
4466,0.0031193217230250014
4467,0.0031193234910136558
4468,0.0031193251277526423
4469,0.0031193266338861367
4470,0.003119328010063872
4471,0.0031193292569407444
4472,0.0031193303751762685
4473,0.00311933136543536
4474,0.003119332228386776
4475,0.0031193329647049846
4476,0.0031193335750688846
4477,0.003119334060161926
4478,0.003119334420671731
4479,0.0031193346572917563
4480,0.0031193347707184423
4481,0.0031193347616537415
4482,0.0031193346308031954
4483,0.0031193343788770774
4484,0.003119334006589654
4485,0.003119333514659324
4486,0.0031193329038086844
4487,0.0031193321747644723
4488,0.0031193313282568184
4489,0.003119330365020423
4490,0.0031193292857932538
4491,0.003119328091316906
4492,0.003119326782337135
4493,0.0031193253596027946
4494,0.003119323823866512
4495,0.003119322175884069
4496,0.003119320416414924
4497,0.0031193185462212816
4498,0.003119316566068731
4499,0.0031193144767261956
4500,0.0031193122789655815
4501,0.003119309973561313
4502,0.0031193075612909313
4503,0.0031193050429350515
4504,0.0031193024192762552
4505,0.0031192996911002064
4506,0.003119296859195484
4507,0.0031192939243521265
4508,0.0031192908873633064
4509,0.0031192877490245014
4510,0.0031192845101327216
4511,0.003119281171487618
4512,0.0031192777338907066
4513,0.003119274198145771
4514,0.003119270565057774
4515,0.0031192668354342724
4516,0.003119263010083912
4517,0.00311925908981723
4518,0.003119255075446352
4519,0.0031192509677845366
4520,0.0031192467676471403
4521,0.00311924247584975
4522,0.0031192380932101187
4523,0.0031192336205466045
4524,0.0031192290586788594
4525,0.0031192244084272645
4526,0.0031192196706134605
4527,0.0031192148460596697
4528,0.0031192099355887887
4529,0.003119204940024534
4530,0.0031191998601914164
4531,0.003119194696913489
4532,0.003119189451016669
4533,0.003119184123325751
4534,0.0031191787146675858
4535,0.0031191732258671933
4536,0.0031191676577511747
4537,0.0031191620111456464
4538,0.0031191562868770296
4539,0.0031191504857714
4540,0.0031191446086543525
4541,0.003119138656351976
4542,0.0031191326296896786
4543,0.0031191265294925833
4544,0.0031191203565852058
4545,0.0031191141117916316
4546,0.0031191077959357065
4547,0.003119101409840438
4548,0.003119094954328111
4549,0.003119088430219789
4550,0.003119081838336629
4551,0.0031190751794984736
4552,0.003119068454524542
4553,0.0031190616642323087
4554,0.003119054809438382
4555,0.0031190478909594466
4556,0.0031190409096091996
4557,0.0031190338662013036
4558,0.0031190267615483764
4559,0.003119019596460463
4560,0.0031190123717470745
4561,0.0031190050882163927
4562,0.0031189977466750275
4563,0.003118990347927395
4564,0.0031189828927774108
4565,0.0031189753820264786
4566,0.0031189678164747978
4567,0.003118960196920546
4568,0.0031189525241607234
4569,0.003118944798989517
4570,0.003118937022200147
4571,0.0031189291945837613
4572,0.003118921316929336
4573,0.0031189133900241524
4574,0.0031189054146530584
4575,0.003118897391599544
4576,0.003118889321644377
4577,0.00311888120556646
4578,0.003118873044142852
4579,0.003118864838148065
4580,0.0031188565883541945
4581,0.0031188482955314886
4582,0.003118839960448314
4583,0.0031188315838699947
4584,0.003118823166559464
4585,0.0031188147092782556
4586,0.0031188062127842308
4587,0.0031187976778345016
4588,0.00311878910518201
4589,0.003118780495578326
4590,0.0031187718497724132
4591,0.0031187631685107315
4592,0.003118754452536775
4593,0.003118745702592755
4594,0.003118736919416397
4595,0.003118728103744863
4596,0.003118719256311412
4597,0.0031187103778472698
4598,0.003118701469081315
4599,0.003118692530739035
4600,0.0031186835635442106
4601,0.0031186745682172897
4602,0.003118665545476709
4603,0.0031186564960377114
4604,0.003118647420613181
4605,0.0031186383199132907
4606,0.003118629194645524
4607,0.003118620045514926
4608,0.003118610873223674
4609,0.0031186016784710974
4610,0.0031185924619544173
4611,0.0031185832243676645
4612,0.0031185739664023283
4613,0.003118564688747443
4614,0.003118555392089414
4615,0.003118546077111109
4616,0.0031185367444939625
4617,0.0031185273949157757
4618,0.0031185180290520865
4619,0.003118508647576564
4620,0.003118499251158887
4621,0.0031184898404673944
4622,0.0031184804161669836
4623,0.003118470978919908
4624,0.0031184615293867422
4625,0.0031184520682243336
4626,0.0031184425960877993
4627,0.0031184331136294677
4628,0.0031184236214988744
4629,0.003118414120343274
4630,0.0031184046108071665
4631,0.0031183950935329335
4632,0.003118385569160135
4633,0.0031183760383262783
4634,0.0031183665016658118
4635,0.0031183569598114214
4636,0.0031183474133929584
4637,0.0031183378630378882
4638,0.0031183283093715155
4639,0.0031183187530164583
4640,0.0031183091945938923
4641,0.003118299634721196
4642,0.0031182900740149067
4643,0.0031182805130886403
4644,0.0031182709525536404
4645,0.0031182613930191326
4646,0.0031182518350927175
4647,0.0031182422793787595
4648,0.0031182327264802304
4649,0.003118223176997971
4650,0.003118213631529921
4651,0.0031182040906734946
4652,0.0031181945550226024
4653,0.0031181850251698322
4654,0.0031181755017059233
4655,0.0031181659852198896
4656,0.0031181564762977443
4657,0.0031181469755247786
4658,0.0031181374834836173
4659,0.0031181280007555813
4660,0.0031181185279204916
4661,0.0031181090655557045
4662,0.003118099614237273
4663,0.003118090174538949
4664,0.0031180807470340566
4665,0.003118071332293435
4666,0.003118061930885886
4667,0.003118052543379869
4668,0.0031180431703415642
4669,0.0031180338123360327
4670,0.003118024469926413
4671,0.0031180151436748624
4672,0.003118005834141822
4673,0.003117996541886764
4674,0.00311798726746743
4675,0.003117978011440894
4676,0.003117968774362088
4677,0.003117959556786116
4678,0.0031179503592653887
4679,0.003117941182351986
4680,0.0031179320265970925
4681,0.00311792289255036
4682,0.003117913780760913
4683,0.0031179046917762954
4684,0.003117895626143551
4685,0.003117886584408729
4686,0.003117877567116944
4687,0.0031178685748126113
4688,0.003117859608039273
4689,0.003117850667339577
4690,0.0031178417532558705
4691,0.0031178328663293508
4692,0.0031178240071010493
4693,0.003117815176110517
4694,0.0031178063738980396
4695,0.003117797601002433
4696,0.0031177888579620927
4697,0.003117780145315362
4698,0.0031177714635999324
4699,0.0031177628133531956
4700,0.003117754195112099
4701,0.003117745609412974
4702,0.0031177370567929373
4703,0.0031177285377872945
4704,0.00311772005293272
4705,0.0031177116027645856
4706,0.0031177031878184863
4707,0.003117694808629767
4708,0.0031176864657337993
4709,0.0031176781596665543
4710,0.0031176698909629974
4711,0.003117661660159085
4712,0.0031176534677906805
4713,0.003117645314393319
4714,0.003117637200502719
4715,0.0031176291266557924
4716,0.0031176210933877633
4717,0.0031176131012361826
4718,0.003117605150737757
4719,0.0031175972424295037
4720,0.0031175893768488365
4721,0.003117581554536224
4722,0.0031175737760378787
4723,0.0031175660418924873
4724,0.003117558352639909
4725,0.003117550708819386
4726,0.0031175431109714013
4727,0.003117535559637075
4728,0.003117528055357838
4729,0.0031175205986752265
4730,0.0031175131901327795
4731,0.003117505830273377
4732,0.0031174985196411775
4733,0.0031174912587812863
4734,0.0031174840482385935
4735,0.0031174768885595715
4736,0.003117469780291594
4737,0.0031174627239823993
4738,0.003117455720180545
4739,0.003117448769435502
4740,0.0031174418722976537
4741,0.003117435029318982
4742,0.003117428241051065
4743,0.0031174215080471495
4744,0.0031174148308616804
4745,0.0031174082100495844
4746,0.0031174016461667266
4747,0.0031173951397703297
4748,0.003117388691418691
4749,0.0031173823016707736
4750,0.003117375971086944
4751,0.003117369700228578
4752,0.0031173634896577962
4753,0.0031173573399381886
4754,0.0031173512516342143
4755,0.003117345225311712
4756,0.0031173392615375514
4757,0.0031173333608793545
4758,0.003117327523906733
4759,0.0031173217511898167
4760,0.00311731604329986
4761,0.0031173104008095673
4762,0.0031173048242927955
4763,0.003117299314324363
4764,0.003117293871480849
4765,0.0031172884962994704
4766,0.0031172831893479976
4767,0.0031172779512058687
4768,0.003117272782453701
4769,0.003117267683673523
4770,0.003117262655449177
4771,0.0031172576983644834
4772,0.003117252813005582
4773,0.0031172479999589837
4774,0.003117243259813072
4775,0.0031172385931571072
4776,0.003117234000581585
4777,0.0031172294826781227
4778,0.003117225040039791
4779,0.0031172206732605024
4780,0.003117216382935893
4781,0.003117212169661808
4782,0.0031172080340362935
4783,0.003117203976657517
4784,0.0031171999981265326
4785,0.003117196099043329
4786,0.0031171922800103265
4787,0.003117188541631333
4788,0.003117184884509886
4789,0.003117181309251742
4790,0.003117177816463737
4791,0.0031171744067531692
4792,0.003117171080728675
4793,0.0031171678390000557
4794,0.0031171646821778975
4795,0.0031171616108740564
4796,0.0031171586257009425
4797,0.003117155727271995
4798,0.003117152916202354
4799,0.0031171501931065706
4800,0.0031171475586019605
4801,0.0031171450133052904
4802,0.0031171425578342448
4803,0.003117140192808454
4804,0.0031171379188471627
4805,0.003117135736570923
4806,0.0031171336466012532
4807,0.0031171316495597636
4808,0.003117129746069366
4809,0.003117127936753318
4810,0.003117126222235713
4811,0.00311712460314098
4812,0.003117123080094873
4813,0.003117121653722608
4814,0.003117120324650636
4815,0.0031171190935060065
4816,0.003117117960915764
4817,0.003117116927508073
4818,0.003117115993910662
4819,0.003117115160752044
4820,0.0031171144286616377
4821,0.0031171137982682028
4822,0.0031171132702014696
4823,0.003117112845090716
4824,0.003117112523566215
4825,0.0031171123062581144
4826,0.0031171121937965543
4827,0.00311711218681171
4828,0.0031171122859339775
4829,0.0031171124917940005
4830,0.0031171128050024076
4831,0.0031171132261637673
4832,0.003117113755909524
4833,0.0031171143948691173
4834,0.0031171151436735684
4835,0.003117116002952662
4836,0.0031171169733361886
4837,0.003117118055453708
4838,0.0031171192499342168
4839,0.0031171205574066227
4840,0.0031171219784992435
4841,0.003117123513840273
4842,0.0031171251640564846
4843,0.0031171269297752403
4844,0.0031171288116226023
4845,0.0031171308102238534
4846,0.0031171329262043657
4847,0.0031171351601879315
4848,0.0031171375127979364
4849,0.00311713998465747
4850,0.0031171425763874007
4851,0.0031171452886091175
4852,0.003117148121942033
4853,0.0031171510770046937
4854,0.0031171541544147423
4855,0.0031171573547886726
4856,0.0031171606787416995
4857,0.0031171641268885795
4858,0.0031171676998422346
4859,0.0031171713982141845
4860,0.0031171752226150317
4861,0.003117179173653483
4862,0.0031171832519374986
4863,0.0031171874580727048
4864,0.0031171917926639467
4865,0.003117196256314251
4866,0.003117200849624486
4867,0.003117205573194466
4868,0.0031172104276223096
4869,0.0031172154135036584
4870,0.0031172205314329245
4871,0.0031172257820026123
4872,0.0031172311658030456
4873,0.003117236683422695
4874,0.0031172423354478914
4875,0.0031172481224629803
4876,0.0031172540450514256
4877,0.0031172601037933426
4878,0.0031172662992659224
4879,0.0031172726320453687
4880,0.0031172791027044774
4881,0.0031172857118138358
4882,0.0031172924599417846
4883,0.003117299347654315
4884,0.0031173063755147736
4885,0.003117313544083418
4886,0.003117320853918742
4887,0.0031173283055758506
4888,0.0031173358996076936
4889,0.0031173436365634975
4890,0.0031173515169907857
4891,0.003117359541433634
4892,0.003117367710433018
4893,0.003117376024527307
4894,0.003117384484251638
4895,0.003117393090137899
4896,0.003117401842715272
4897,0.00311741074250978
4898,0.0031174197900433
4899,0.0031174289858358103
4900,0.003117438330402831
4901,0.0031174478242572325
4902,0.003117457467907869
4903,0.0031174672618612016
4904,0.0031174772066187174
4905,0.0031174873026795827
4906,0.0031174975505386168
4907,0.0031175079506875307
4908,0.0031175185036138395
4909,0.003117529209801722
4910,0.0031175400697315307
4911,0.0031175510838795904
4912,0.0031175622527186957
4913,0.0031175735767174284
4914,0.0031175850563403933
4915,0.003117596692048713
4916,0.003117608484299032
4917,0.0031176204335440507
4918,0.00311763254023226
4919,0.003117644804808381
4920,0.003117657227712234
4921,0.003117669809380281
4922,0.0031176825502442517
4923,0.0031176954507311193
4924,0.003117708511264959
4925,0.003117721732263767
4926,0.003117735114142249
4927,0.0031177486573107194
4928,0.003117762362173928
4929,0.003117776229132876
4930,0.0031177902585847387
4931,0.003117804450920846
4932,0.003117818806528629
4933,0.0031178333257904844
4934,0.003117848009084508
4935,0.003117862856783921
4936,0.003117877869256947
4937,0.0031178930468681084
4938,0.0031179083899758775
4939,0.003117923898934395
4940,0.0031179395740933953
4941,0.003117955415797036
4942,0.0031179714243850056
4943,0.0031179876001924084
4944,0.003118003943548475
4945,0.003118020454778685
4946,0.0031180371342022094
4947,0.003118053982134387
4948,0.00311807099888515
4949,0.0031180881847591635
4950,0.003118105540056388
4951,0.0031181230650716785
4952,0.00311814076009443
4953,0.003118158625409689
4954,0.0031181766612965265
4955,0.0031181948680294377
4956,0.0031182132458777902
4957,0.003118231795105772
4958,0.003118250515972164
4959,0.0031182694087308767
4960,0.003118288473630678
4961,0.0031183077109146824
4962,0.00311832712082149
4963,0.003118346703584548
4964,0.0031183664594310353
4965,0.003118386388584209
4966,0.003118406491261439
4967,0.0031184267676749545
4968,0.0031184472180324206
4969,0.0031184678425352167
4970,0.003118488641380546
4971,0.0031185096147598765
4972,0.0031185307628593608
4973,0.0031185520858605853
4974,0.0031185735839396062
4975,0.0031185952572669482
4976,0.0031186171060086005
4977,0.0031186391303252015
4978,0.003118661330372104
4979,0.003118683706299576
4980,0.0031187062582530988
4981,0.00311872898637234
4982,0.003118751890792621
4983,0.0031187749716434744
4984,0.003118798229050175
4985,0.0031188216631326047
4986,0.0031188452740054536
4987,0.003118869061778573
4988,0.0031188930265566147
4989,0.003118917168439794
4990,0.0031189414875227597
4991,0.0031189659838956733
4992,0.003118990657643481
4993,0.0031190155088467795
4994,0.0031190405375805972
4995,0.0031190657439160562
4996,0.0031190911279189433
4997,0.0031191166896501234
4998,0.0031191424291661016
4999,0.003119168346518681
5000,0.0031191944417546373
5001,0.0031192207149166418
5002,0.0031192471660419284
5003,0.003119273795164405
5004,0.003119300602312611
5005,0.0031193275875101567
5006,0.0031193547507774775
5007,0.00311938209212978
5008,0.0031194096115779012
5009,0.003119437309128478
5010,0.003119465184783971
5011,0.0031194932385425443
5012,0.0031195214703981047
5013,0.0031195498803400995
5014,0.0031195784683543475
5015,0.003119607234422476
5016,0.003119636178521973
5017,0.003119665300625948
5018,0.003119694600704319
5019,0.003119724078723004
5020,0.003119753734643242
5021,0.0031197835684234902
5022,0.0031198135800181723
5023,0.003119843769377736
5024,0.0031198741364485273
5025,0.0031199046811749196
5026,0.003119935403496313
5027,0.00311996630334901
5028,0.003119997380665924
5029,0.0031200286353762355
5030,0.0031200600674068718
5031,0.0031200916766799397
5032,0.003120123463115562
5033,0.003120155426630122
5034,0.003120187567136898
5035,0.0031202198845465246
5036,0.003120252378765954
5037,0.0031202850496997595
5038,0.003120317897249535
5039,0.003120350921313498
5040,0.003120384121788222
5041,0.0031204174985662945
5042,0.0031204510515382942
5043,0.003120484780592151
5044,0.0031205186856132754
5045,0.003120552766484315
5046,0.0031205870230861747
5047,0.003120621455296207
5048,0.003120656062990523
5049,0.003120690846042326
5050,0.003120725804323144
5051,0.003120760937701854
5052,0.0031207962460455835
5053,0.003120831729219331
5054,0.003120867387085762
5055,0.003120903219506427
5056,0.0031209392263403385
5057,0.0031209754074448
5058,0.0031210117626757055
5059,0.0031210482918867665
5060,0.003121084994930478
5061,0.0031211218716577327
5062,0.0031211589219172524
5063,0.0031211961455573267
5064,0.003121233542423793
5065,0.0031212711123620456
5066,0.0031213088552158466
5067,0.0031213467708271258
5068,0.0031213848590372125
5069,0.00312142311968658
5070,0.003121461552613509
5071,0.0031215001576564228
5072,0.003121538934651781
5073,0.0031215778834359767
5074,0.003121617003843568
5075,0.0031216562957092422
5076,0.0031216957588657166
5077,0.003121735393146268
5078,0.003121775198382393
5079,0.0031218151744055317
5080,0.0031218553210458993
5081,0.00312189563813386
5082,0.003121936125498848
5083,0.003121976782969758
5084,0.0031220176103752256
5085,0.0031220586075432558
5086,0.0031220997743013315
5087,0.0031221411104775908
5088,0.0031221826158984124
5089,0.003122224290390725
5090,0.003122266133781111
5091,0.0031223081458964515
5092,0.0031223503265625173
5093,0.003122392675605234
5094,0.003122435192851142
5095,0.0031224778781259468
5096,0.003122520731255437
5097,0.003122563752065488
5098,0.0031226069403819967
5099,0.0031226502960312805
5100,0.0031226938188387964
5101,0.003122737508631158
5102,0.0031227813652339796
5103,0.003122825388473898
5104,0.003122869578177352
5105,0.0031229139341712197
5106,0.0031229584562820936
5107,0.0031230031443370116
5108,0.0031230479981634407
5109,0.003123093017588462
5110,0.0031231382024404074
5111,0.0031231835525466155
5112,0.0031232290677359934
5113,0.0031232747478366447
5114,0.0031233205926774815
5115,0.003123366602087555
5116,0.003123412775896495
5117,0.0031234591139337135
5118,0.003123505616029522
5119,0.0031235522820141754
5120,0.003123599111718005
5121,0.0031236461049721546
5122,0.003123693261607726
5123,0.0031237405814562216
5124,0.0031237880643495792
5125,0.0031238357101198333
5126,0.003123883518599461
5127,0.003123931489620945
5128,0.0031239796230171186
5129,0.003124027918621071
5130,0.00312407637626648
5131,0.0031241249957868196
5132,0.0031241737770161125
5133,0.0031242227197880836
5134,0.003124271823937071
5135,0.0031243210892973818
5136,0.003124370515703502
5137,0.00312442010299018
5138,0.0031244698509922376
5139,0.0031245197595442657
5140,0.003124569828481476
5141,0.0031246200576382317
5142,0.0031246704468502174
5143,0.003124720995951629
5144,0.0031247717047779462
5145,0.0031248225731640173
5146,0.003124873600943803
5147,0.0031249247879523846
5148,0.0031249761340245872
5149,0.003125027638993953
5150,0.003125079302695139
5151,0.003125131124961415
5152,0.0031251831056268425
5153,0.003125235244524133
5154,0.0031252875414861897
5155,0.0031253399963459666
5156,0.0031253926089347675
5157,0.003125445379084838
5158,0.003125498306626734
5159,0.0031255513913910874
5160,0.0031256046332081926
5161,0.003125658031907351
5162,0.003125711587316827
5163,0.003125765299265293
5164,0.0031258191675796417
5165,0.0031258731920865493
5166,0.003125927372611759
5167,0.0031259817089800473
5168,0.0031260362010153116
5169,0.0031260908485408385
5170,0.003126145651378671
5171,0.0031262006093495808
5172,0.0031262557222742353
5173,0.003126310989970762
5174,0.0031263664122574467
5175,0.003126421988950788
5176,0.0031264777198660517
5177,0.0031265336048173194
5178,0.003126589643617573
5179,0.003126645836078047
5180,0.0031267021820090613
5181,0.0031267586812188655
5182,0.0031268153335151307
5183,0.0031268721387030644
5184,0.00312692909658717
5185,0.003126986206969188
5186,0.0031270434696509357
5187,0.0031271008844310855
5188,0.003127158451107234
5189,0.003127216169474944
5190,0.003127274039328849
5191,0.0031273320604604145
5192,0.003127390232660138
5193,0.0031274485557164383
5194,0.003127507029415589
5195,0.00312756565354284
5196,0.003127624427879831
5197,0.0031276833522074754
5198,0.0031277424263042443
5199,0.003127801649946507
5200,0.0031278610229081632
5201,0.0031279205449616537
5202,0.0031279802158769633
5203,0.0031280400354216703
5204,0.003128100003361278
5205,0.0031281601194589146
5206,0.003128220383475577
5207,0.0031282807951701665
5208,0.0031283413542988986
5209,0.0031284020606158476
5210,0.0031284629138728453
5211,0.0031285239138185103
5212,0.003128585060200759
5213,0.003128646352763427
5214,0.0031287077912487936
5215,0.003128769375396213
5216,0.00312883110494348
5217,0.0031288929796251413
5218,0.0031289549991733515
5219,0.003129017163318454
5220,0.0031290794717874046
5221,0.0031291419243055494
5222,0.003129204520595013
5223,0.0031292672603759506
5224,0.0031293301433659715
5225,0.003129393169280302
5226,0.0031294563378314643
5227,0.003129519648729839
5228,0.0031295831016829707
5229,0.003129646696396341
5230,0.003129710432573048
5231,0.003129774309912988
5232,0.0031298383281151278
5233,0.0031299024868748646
5234,0.003129966785885628
5235,0.003130031224838947
5236,0.0031300958034231096
5237,0.003130160521324841
5238,0.0031302253782285864
5239,0.0031302903738163732
5240,0.0031303555077684857
5241,0.003130420779762009
5242,0.003130486189473116
5243,0.0031305517365751243
5244,0.0031306174207397595
5245,0.00313068324163614
5246,0.0031307491989326303
5247,0.0031308152922940096
5248,0.0031308815213847646
5249,0.003130947885866511
5250,0.003131014385399411
5251,0.0031310810196422114
5252,0.0031311477882516483
5253,0.0031312146908829236
5254,0.0031312817271896046
5255,0.003131348896824398
5256,0.0031314161994373123
5257,0.0031314836346784374
5258,0.0031315512021954733
5259,0.0031316189016354556
5260,0.0031316867326438825
5261,0.0031317546948661256
5262,0.003131822787944986
5263,0.0031318910115234904
5264,0.0031319593652433778
5265,0.003132027848745542
5266,0.003132096461670787
5267,0.0031321652036583997
5268,0.003132234074347319
5269,0.003132303073376679
5270,0.003132372200384562
5271,0.003132441455008897
5272,0.0031325108368876124
5273,0.003132580345658332
5274,0.003132649980958926
5275,0.0031327197424268595
5276,0.003132789629700449
5277,0.0031328596424175844
5278,0.0031329297802166665
5279,0.0031330000427371896
5280,0.003133070429618206
5281,0.00313314094050065
5282,0.003133211575024773
5283,0.0031332823328326397
5284,0.003133353213567265
5285,0.0031334242168726523
5286,0.0031334953423935675
5287,0.003133566589776729
5288,0.003133637958669471
5289,0.003133709448721154
5290,0.003133781059583202
5291,0.0031338527909074935
5292,0.003133924642348753
5293,0.003133996613563537
5294,0.0031340687042099333
5295,0.0031341409139487813
5296,0.003134213242442775
5297,0.00313428568935728
5298,0.003134358254359922
5299,0.003134430937121123
5300,0.0031345037373137915
5301,0.003134576654614235
5302,0.003134649688700975
5303,0.0031347228392560158
5304,0.0031347961059647266
5305,0.003134869488515084
5306,0.0031349429865989613
5307,0.0031350165999118793
5308,0.003135090328152716
5309,0.003135164171024036
5310,0.0031352381282320732
5311,0.003135312199487805
5312,0.0031353863845055563
5313,0.0031354606830035696
5314,0.003135535094705317
5315,0.003135609619337806
5316,0.0031356842566331333
5317,0.003135759006327479
5318,0.003135833868162079
5319,0.003135908841882716
5320,0.0031359839272401837
5321,0.0031360591239903836
5322,0.003136134431894084
5323,0.003136209850717423
5324,0.0031362853802318533
5325,0.0031363610202136635
5326,0.003136436770445509
5327,0.0031365126307145584
5328,0.0031365886008149512
5329,0.0031366646805456684
5330,0.0031367408697111033
5331,0.0031368171681224514
5332,0.00313689357559646
5333,0.003136970091956258
5334,0.003137046717030563
5335,0.0031371234506546923
5336,0.0031372002926701014
5337,0.00313727724292476
5338,0.003137354301272506
5339,0.00313743146757457
5340,0.0031375087416977295
5341,0.0031375861235163854
5342,0.0031376636129104582
5343,0.0031377412097673228
5344,0.0031378189139811773
5345,0.0031378967254526258
5346,0.003137974644089325
5347,0.003138052669805558
5348,0.0031381308025226744
5349,0.003138209042169125
5350,0.00313828738868044
5351,0.003138365841998995
5352,0.0031384444020739672
5353,0.003138523068862449
5354,0.0031386018423277427
5355,0.00313868072244115
5356,0.0031387597091799085
5357,0.0031388388025294835
5358,0.0031389180024823855
5359,0.003138997309037297
5360,0.0031390767222014685
5361,0.0031391562419881116
5362,0.003139235868418303
5363,0.003139315601520236
5364,0.003139395441328908
5365,0.003139475387886297
5366,0.003139555441242384
5367,0.003139635601453201
5368,0.0031397158685823887
5369,0.0031397962427006437
5370,0.003139876723885286
5371,0.0031399573122209415
5372,0.0031400380077987833
5373,0.003140118810717772
5374,0.003140199721082367
5375,0.0031402807390049745
5376,0.0031403618646042284
5377,0.003140443098005294
5378,0.0031405244393404065
5379,0.0031406058887478157
5380,0.003140687446373337
5381,0.003140769112367456
5382,0.003140850886888925
5383,0.0031409327701015146
5384,0.0031410147621755958
5385,0.0031410968632880204
5386,0.00314117907362103
5387,0.0031412613933633608
5388,0.0031413438227097094
5389,0.003141426361860059
5390,0.003141509011020242
5391,0.0031415917704020095
5392,0.003141674640222325
5393,0.003141757620704099
5394,0.0031418407120745663
5395,0.003141923914566832
5396,0.003142007228419198
5397,0.0031420906538746126
5398,0.003142174191180929
5399,0.003142257840590614
5400,0.003142341602361441
5401,0.0031424254767546643
5402,0.0031425094640367087
5403,0.0031425935644782592
5404,0.003142677778353557
5405,0.003142762105941427
5406,0.0031428465475243357
5407,0.003142931103388563
5408,0.003143015773823931
5409,0.003143100559123478
5410,0.003143185459584602
5411,0.0031432704755065596
5412,0.0031433556071930107
5413,0.003143440854945769
5414,0.003143526219068511
5415,0.0031436116998729427
5416,0.0031436972976727003
5417,0.0031437830127845337
5418,0.0031438688455264646
5419,0.0031439547962196423
5420,0.0031440408651866396
5421,0.003144127052751513
5422,0.0031442133592406506
5423,0.0031442997849815673
5424,0.0031443863303030942
5425,0.003144472995535018
5426,0.003144559781009068
5427,0.003144646687057224
5428,0.0031447337140121713
5429,0.003144820862207159
5430,0.0031449081319769112
5431,0.0031449955236549703
5432,0.003145083037576113
5433,0.0031451706740749244
5434,0.0031452584334855883
5435,0.003145346316142504
5436,0.003145434322379135
5437,0.003145522452529063
5438,0.003145610706924568
5439,0.0031456990858974056
5440,0.003145787589778296
5441,0.0031458762188972763
5442,0.003145964973582466
5443,0.0031460538541612307
5444,0.003146142860958674
5445,0.003146231994299347
5446,0.003146321254504864
5447,0.0031464106418960217
5448,0.003146500156790728
5449,0.003146589799505085
5450,0.0031466795703535733
5451,0.00314676946964707
5452,0.0031468594976942973
5453,0.003146949654802338
5454,0.0031470399412740595
5455,0.0031471303574104902
5456,0.003147220903509459
5457,0.003147311579865387
5458,0.003147402386769844
5459,0.0031474933245110056
5460,0.0031475843933735704
5461,0.0031476755936386347
5462,0.0031477669255842947
5463,0.0031478583894843167
5464,0.0031479499856088855
5465,0.0031480417142242573
5466,0.003148133575592839
5467,0.003148225569973401
5468,0.0031483176976196126
5469,0.0031484099587817675
5470,0.003148502353705364
5471,0.003148594882632191
5472,0.00314868754579902
5473,0.0031487803434384755
5474,0.003148873275778582
5475,0.003148966343042636
5476,0.003149059545449236
5477,0.0031491528832128576
5478,0.0031492463565422728
5479,0.003149339965642419
5480,0.003149433710712658
5481,0.0031495275919479738
5482,0.003149621609537951
5483,0.00314971576366767
5484,0.0031498100545168557
5485,0.003149904482260807
5486,0.003149999047069055
5487,0.0031500937491065334
5488,0.003150188588533026
5489,0.00315028356550339
5490,0.0031503786801670933
5491,0.00315047393266892
5492,0.0031505693231479387
5493,0.003150664851738957
5494,0.0031507605185704785
5495,0.0031508563237679582
5496,0.0031509522674496634
5497,0.003151048349729988
5498,0.0031511445707180365
5499,0.0031512409305178993
5500,0.003151337429228718
5501,0.0031514340669447126
5502,0.003151530843755036
5503,0.0031516277597442386
5504,0.003151724814991814
5505,0.003151822009572601
5506,0.0031519193435569086
5507,0.0031520168170097846
5508,0.0031521144299918014
5509,0.0031522121825595323
5510,0.0031523100747643967
5511,0.003152408106653497
5512,0.0031525062782698857
5513,0.003152604589651458
5514,0.0031527030408331426
5515,0.003152801631844554
5516,0.003152900362711458
5517,0.003152999233456197
5518,0.003153098244096327
5519,0.0031531973946464548
5520,0.003153296685116099
5521,0.0031533961155127414
5522,0.0031534956858394973
5523,0.003153595396095593
5524,0.0031536952462776144
5525,0.0031537952363783358
5526,0.003153895366388141
5527,0.003153995636292917
5528,0.003154096046077159
5529,0.003154196595721627
5530,0.0031542972852047187
5531,0.0031543981145019055
5532,0.003154499083586438
5533,0.0031546001924292176
5534,0.0031547014409983682
5535,0.0031548028292608067
5536,0.003154904357180393
5537,0.0031550060247199307
5538,0.003155107831840005
5539,0.0031552097784998566
5540,0.0031553118646567542
5541,0.003155414090267479
5542,0.003155516455286503
5543,0.003155618959667743
5544,0.003155721603352712
5545,0.003155824386179916
5546,0.0031559273080986722
5547,0.003156030369057911
5548,0.0031561335690059914
5549,0.003156236907890656
5550,0.0031563403856598327
5551,0.003156444002261237
5552,0.00315654775764296
5553,0.003156651651753272
5554,0.003156755684540764
5555,0.003156859855954681
5556,0.00315696416595179
5557,0.003157068614482909
5558,0.003157173201499885
5559,0.0031572779269550912
5560,0.0031573827908027968
5561,0.003157487792997964
5562,0.003157592933497375
5563,0.0031576982122594314
5564,0.0031578036292439033
5565,0.0031579091844130248
5566,0.003158014877730404
5567,0.0031581207091622874
5568,0.0031582266786764563
5569,0.0031583327862435484
5570,0.003158439031836759
5571,0.0031585454154314722
5572,0.0031586519370058997
5573,0.0031587585965409458
5574,0.0031588653940208267
5575,0.0031589723294319426
5576,0.0031590794027647807
5577,0.0031591866140121827
5578,0.003159293963170971
5579,0.0031594014502406044
5580,0.003159509075224727
5581,0.0031596168381303026
5582,0.003159724738967618
5583,0.0031598327777512033
5584,0.0031599409544988337
5585,0.003160049269232667
5586,0.003160157721978595
5587,0.0031602663127663607
5588,0.0031603750416299295
5589,0.0031604839086071474
5590,0.0031605929137406776
5591,0.0031607020570764153
5592,0.0031608113386651956
5593,0.0031609207585621916
5594,0.0031610303168258685
5595,0.0031611400135207676
5596,0.003161249848714336
5597,0.003161359822479212
5598,0.003161469934891612
5599,0.0031615801860331457
5600,0.0031616905759894536
5601,0.003161801104850461
5602,0.0031619117727103192
5603,0.003162022579668301
5604,0.003162133525827173
5605,0.003162244611294732
5606,0.003162355836182691
5607,0.0031624672006072834
5608,0.003162578704689155
5609,0.003162690348552887
5610,0.0031628021323273324
5611,0.003162914056145116
5612,0.003163026120143683
5613,0.0031631383244639143
5614,0.003163250669250928
5615,0.003163363154653267
5616,0.003163475780823704
5617,0.0031635885479183346
5618,0.0031637014560970396
5619,0.003163814505523253
5620,0.003163927696363841
5621,0.003164041028788689
5622,0.0031641545029709303
5623,0.0031642681190869318
5624,0.003164381877315677
5625,0.003164495777839561
5626,0.0031646098208430087
5627,0.003164724006513024
5628,0.0031648383350395422
5629,0.0031649528066142723
5630,0.0031650674214308474
5631,0.003165182179685338
5632,0.0031652970815754843
5633,0.0031654121272998463
5634,0.003165527317059699
5635,0.0031656426510560825
5636,0.0031657581294926625
5637,0.003165873752572555
5638,0.0031659895205001375
5639,0.003166105433480475
5640,0.0031662214917188504
5641,0.003166337695419944
5642,0.0031664540447891064
5643,0.003166570540030989
5644,0.0031666871813492556
5645,0.003166803968947785
5646,0.003166920903028341
5647,0.003167037983792416
5648,0.0031671552114391683
5649,0.0031672725861662276
5650,0.0031673901081695766
5651,0.003167507777642643
5652,0.003167625594777039
5653,0.0031677435597607406
5654,0.0031678616727790036
5655,0.0031679799340148212
5656,0.0031680983436465325
5657,0.0031682169018491073
5658,0.003168335608793814
5659,0.0031684544646472753
5660,0.003168573469571965
5661,0.0031686926237251916
5662,0.003168811927259535
5663,0.003168931380322143
5664,0.003169050983054395
5665,0.003169170735591601
5666,0.0031692906380638678
5667,0.003169410690593691
5668,0.0031695308932976857
5669,0.0031696512462848973
5670,0.0031697717496577023
5671,0.0031698924035103234
5672,0.0031700132079294763
5673,0.0031701341629939528
5674,0.0031702552687733906
5675,0.0031703765253300264
5676,0.0031704979327155623
5677,0.00317061949097393
5678,0.0031707412001388165
5679,0.003170863060233959
5680,0.003170985071273514
5681,0.003171107233260959
5682,0.003171229546189183
5683,0.0031713520100404846
5684,0.0031714746247856287
5685,0.003171597390383902
5686,0.003171720306783339
5687,0.0031718433739192377
5688,0.0031719665917155546
5689,0.0031720899600833044
5690,0.0031722134789202014
5691,0.0031723371481120243
5692,0.00317246096753018
5693,0.003172584937033201
5694,0.0031727090564655893
5695,0.0031728333256579983
5696,0.003172957744426497
5697,0.0031730823125729513
5698,0.003173207029884062
5699,0.0031733318961318607
5700,0.003173456911073026
5701,0.0031735820744487188
5702,0.003173707385984443
5703,0.003173832845389828
5704,0.003173958452358337
5705,0.003174084206567447
5706,0.003174210107677447
5707,0.003174336155332393
5708,0.0031744623491589677
5709,0.0031745886887674544
5710,0.0031747151737501677
5711,0.0031748418036821285
5712,0.0031749685781204684
5713,0.003175095496604951
5714,0.0031752225586570773
5715,0.003175349763779837
5716,0.0031754771114586825
5717,0.0031756046011598474
5718,0.003175732232331363
5719,0.0031758600044023075
5720,0.0031759879167831302
5721,0.003176115968864871
5722,0.003176244160019864
5723,0.0031763724896008596
5724,0.003176500956941349
5725,0.0031766295613559394
5726,0.00317675830213887
5727,0.0031768871785650458
5728,0.003177016189889861
5729,0.0031771453353490135
5730,0.003177274614158136
5731,0.003177404025513115
5732,0.0031775335685895515
5733,0.0031776632425437085
5734,0.0031777930465111035
5735,0.003177922979608225
5736,0.003178053040930225
5737,0.003178183229553335
5738,0.0031783135445332005
5739,0.003178443984905407
5740,0.0031785745496851945
5741,0.0031787052378686085
5742,0.0031788360484309307
5743,0.0031789669803278984
5744,0.0031790980324949104
5745,0.0031792292038476237
5746,0.0031793604932823473
5747,0.003179491899675033
5748,0.003179623421882321
5749,0.0031797550587409334
5750,0.0031798868090683894
5751,0.0031800186716626714
5752,0.0031801506453023962
5753,0.0031802827287470987
5754,0.003180414920737624
5755,0.0031805472199952236
5756,0.0031806796252225613
5757,0.0031808121351038113
5758,0.003180944748305028
5759,0.0031810774634731423
5760,0.003181210279237445
5761,0.003181343194209296
5762,0.003181476206982398
5763,0.0031816093161320903
5764,0.003181742520217575
5765,0.003181875817779923
5766,0.003182009207343604
5767,0.003182142687416354
5768,0.0031822762564897907
5769,0.0031824099130386536
5770,0.0031825436555225992
5771,0.0031826774823846644
5772,0.0031828113920525838
5773,0.003182945382939762
5774,0.003183079453443866
5775,0.0031832136019482177
5776,0.003183347826821976
5777,0.003183482126420035
5778,0.003183616499084043
5779,0.003183750943141837
5780,0.003183885456908406
5781,0.0031840200386861295
5782,0.0031841546867646385
5783,0.003184289399421944
5784,0.0031844241749243657
5785,0.003184559011526459
5786,0.0031846939074726393
5787,0.003184828860995519
5788,0.003184963870318536
5789,0.0031850989336549237
5790,0.00318523404920851
5791,0.003185369215173639
5792,0.0031855044297366343
5793,0.0031856396910751377
5794,0.003185774997358913
5795,0.0031859103467503772
5796,0.0031860457374049377
5797,0.003186181167470956
5798,0.0031863166350911674
5799,0.003186452138402193
5800,0.003186587675534754
5801,0.0031867232446156713
5802,0.0031868588437667473
5803,0.0031869944711052037
5804,0.003187130124745474
5805,0.003187265802797848
5806,0.0031874015033706974
5807,0.0031875372245697207
5808,0.003187672964498758
5809,0.003187808721259954
5810,0.0031879444929548543
5811,0.0031880802776843215
5812,0.0031882160734200498
5813,0.003188351878008917
5814,0.003188487689553628
5815,0.0031886235061585073
5816,0.0031887593259293328
5817,0.003188895146974307
5818,0.003189030967403735
5819,0.0031891667853316125
5820,0.003189302598875119
5821,0.0031894384061554376
5822,0.003189574205298217
5823,0.003189709994433767
5824,0.003189845771697882
5825,0.0031899815352320615
5826,0.003190117283183415
5827,0.0031902530137064423
5828,0.003190388724961871
5829,0.0031905244151184753
5830,0.0031906600823522055
5831,0.0031907957248476803
5832,0.003190931340798003
5833,0.003191066928405155
5834,0.003191202485880935
5835,0.0031913380114466333
5836,0.003191473503333847
5837,0.003191608959784408
5838,0.0031917443790519064
5839,0.0031918797594004933
5840,0.0031920150991067236
5841,0.0031921503964582967
5842,0.0031922856497558997
5843,0.0031924208573130097
5844,0.003192556017456046
5845,0.0031926911285246897
5846,0.0031928261888724933
5847,0.0031929611968672545
5848,0.0031930961508908383
5849,0.0031932310493397575
5850,0.0031933658906256445
5851,0.0031935006731751655
5852,0.003193635395430452
5853,0.0031937700558499343
5854,0.0031939046529073385
5855,0.0031940391850932117
5856,0.003194173650914023
5857,0.00319430804889379
5858,0.003194442377572987
5859,0.0031945766355090982
5860,0.003194710821277231
5861,0.0031948449334703462
5862,0.0031949789706988683
5863,0.003195112931590754
5864,0.003195246814793003
5865,0.003195380618970387
5866,0.003195514342805923
5867,0.0031956479850013143
5868,0.003195781544277217
5869,0.0031959150193728463
5870,0.003196048409045943
5871,0.0031961817120740228
5872,0.0031963149272533635
5873,0.003196448053399448
5874,0.0031965810893466932
5875,0.0031967140339494446
5876,0.0031968468860808247
5877,0.003196979644633774
5878,0.003197112308520484
5879,0.0031972448766727727
5880,0.0031973773480416727
5881,0.003197509721597916
5882,0.00319764199633192
5883,0.003197774171252798
5884,0.003197906245390114
5885,0.0031980382177922333
5886,0.0031981700875270214
5887,0.0031983018536815844
5888,0.0031984335153623106
5889,0.003198565071695255
5890,0.0031986965218247566
5891,0.003198827864914958
5892,0.003198959100148584
5893,0.0031990902267272476
5894,0.003199221243871278
5895,0.0031993521508198587
5896,0.003199482946830294
5897,0.003199613631178657
5898,0.0031997442031587134
5899,0.003199874662083255
5900,0.0032000050072819356
5901,0.0032001352381027634
5902,0.003200265353911549
5903,0.0032003953540908655
5904,0.003200525238041144
5905,0.0032006550051793875
5906,0.0032007846549403536
5907,0.0032009141867742033
5908,0.0032010436001486593
5909,0.003201172894547233
5910,0.003201302069469579
5911,0.0032014311244308283
5912,0.0032015600589626785
5913,0.0032016888726109547
5914,0.003201817564937738
5915,0.0032019461355190966
5916,0.003202074583946581
5917,0.003202202909825349
5918,0.0032023311127754193
5919,0.0032024591924304444
5920,0.0032025871484376214
5921,0.0032027149804572607
5922,0.00320284268816365
5923,0.0032029702712432517
5924,0.00320309772939549
5925,0.003203225062331428
5926,0.0032033522697753752
5927,0.0032034793514619376
5928,0.003203606307138464
5929,0.0032037331365625584
5930,0.0032038598395035273
5931,0.003203986415740673
5932,0.003204112865064234
5933,0.0032042391872738694
5934,0.0032043653821796406
5935,0.003204491449600645
5936,0.0032046173893652335
5937,0.003204743201311242
5938,0.0032048688852842552
5939,0.0032049944411384097
5940,0.0032051198687367394
5941,0.003205245167948846
5942,0.0032053703386526774
5943,0.0032054953807329934
5944,0.0032056202940812335
5945,0.003205745078596177
5946,0.0032058697341821344
5947,0.003205994260749971
5948,0.0032061186582163503
5949,0.0032062429265030104
5950,0.003206367065537333
5951,0.0032064910752512134
5952,0.0032066149555817565
5953,0.0032067387064702822
5954,0.0032068623278619125
5955,0.003206985819706243
5956,0.003207109181955594
5957,0.0032072324145665278
5958,0.0032073555174983
5959,0.00320747849071291
5960,0.003207601334175086
5961,0.003207724047851948
5962,0.0032078466317125892
5963,0.0032079690857281943
5964,0.0032080914098710717
5965,0.0032082136041153217
5966,0.003208335668436323
5967,0.003208457602809731
5968,0.0032085794072125805
5969,0.003208701081622096
5970,0.003208822626015893
5971,0.003208944040371509
5972,0.003209065324666589
5973,0.003209186478877959
5974,0.0032093075029825504
5975,0.003209428396956262
5976,0.003209549160773796
5977,0.003209669794409389
5978,0.003209790297835522
5979,0.0032099106710233457
5980,0.0032100309139428476
5981,0.0032101510265613357
5982,0.003210271008844942
5983,0.003210390860757727
5984,0.0032105105822611015
5985,0.0032106301733145068
5986,0.0032107496338745424
5987,0.003210868963895496
5988,0.0032109881633287526
5989,0.0032111072321231084
5990,0.0032112261702237676
5991,0.0032113449775627084
5992,0.003211463654077568
5993,0.0032115821997053136
5994,0.0032117006143780103
5995,0.003211818898025913
5996,0.0032119370505748713
5997,0.003212055071947099
5998,0.0032121729620611344
5999,0.0032122907208324753
6000,0.0032124083481719643
6001,0.0032125258439866635
6002,0.0032126432081799306
6003,0.0032127604406515936
6004,0.003212877541296579
6005,0.0032129945100066084
6006,0.0032131113466689633
6007,0.0032132280511666437
6008,0.003213344623379021
6009,0.0032134610631816556
6010,0.0032135773704450297
6011,0.0032136935450363196
6012,0.0032138095868184794
6013,0.003213925495650365
6014,0.003214041271386706
6015,0.0032141569138783676
6016,0.003214272422972127
6017,0.0032143877985109145
6018,0.003214503040333753
6019,0.003214618148275485
6020,0.0032147331221676584
6021,0.00321484796183796
6022,0.003214962667109954
6023,0.003215077237804073
6024,0.0032151916737368307
6025,0.0032153059747219207
6026,0.003215420140568611
6027,0.0032155341710839455
6028,0.003215648066070934
6029,0.0032157618253298797
6030,0.003215875448658022
6031,0.0032159889358495
6032,0.003216102286695903
6033,0.003216215500986224
6034,0.0032163285785063948
6035,0.0032164415190400366
6036,0.003216554322368943
6037,0.0032166669882722405
6038,0.0032167795165269574
6039,0.0032168919069085196
6040,0.0032170041591905348
6041,0.003217116273144461
6042,0.0032172282485410037
6043,0.0032173400851488393
6044,0.0032174517827361507
6045,0.0032175633410695625
6046,0.0032176747599149016
6047,0.003217786039037566
6048,0.0032178971782019904
6049,0.003218008177173006
6050,0.0032181190357143336
6051,0.0032182297535904535
6052,0.0032183403305655195
6053,0.0032184507664039315
6054,0.0032185610608713847
6055,0.0032186712137329565
6056,0.003218781224756262
6057,0.003218891093708893
6058,0.0032190008203596275
6059,0.0032191104044796727
6060,0.003219219845840581
6061,0.003219329144216984
6062,0.003219438299384607
6063,0.0032195473111223546
6064,0.0032196561792104846
6065,0.0032197649034329252
6066,0.0032198734835756798
6067,0.003219981919428037
6068,0.0032200902107827113
6069,0.003220198357435721
6070,0.003220306359186416
6071,0.0032204142158384725
6072,0.0032205219271993157
6073,0.0032206294930806345
6074,0.0032207369132984244
6075,0.0032208441876736423
6076,0.0032209513160318805
6077,0.0032210582982040493
6078,0.003221165134027141
6079,0.003221271823342415
6080,0.0032213783659967125
6081,0.003221484761842434
6082,0.0032215910107384945
6083,0.0032216971125494853
6084,0.0032218030671468403
6085,0.003221908874407892
6086,0.0032220145342177677
6087,0.0032221200464673853
6088,0.003222225411055177
6089,0.0032223306279558785
6090,0.0032224356970989238
6091,0.0032225406184049404
6092,0.0032226453918021
6093,0.0032227500172268275
6094,0.0032228544946232333
6095,0.003222958823944393
6096,0.0032230630051511507
6097,0.003223167038213644
6098,0.0032232709231101394
6099,0.0032233746598281463
6100,0.0032234782483641683
6101,0.0032235816887240584
6102,0.003223684980922725
6103,0.003223788124984899
6104,0.0032238911209447746
6105,0.0032239939688460816
6106,0.0032240966687427782
6107,0.003224199220698635
6108,0.003224301624787627
6109,0.0032244038810933504
6110,0.0032245059897108865
6111,0.0032246079507446033
6112,0.0032247097643101023
6113,0.0032248114305334745
6114,0.0032249129495512114
6115,0.0032250143215109286
6116,0.003225115546570954
6117,0.0032252166249007973
6118,0.0032253175566808157
6119,0.003225418342102422
6120,0.003225518981368323
6121,0.003225619474692497
6122,0.0032257198222999653
6123,0.0032258200244273914
6124,0.0032259200813224177
6125,0.0032260199932445032
6126,0.003226119760464331
6127,0.0032262193832642808
6128,0.0032263188619378108
6129,0.0032264181967901866
6130,0.003226517388138564
6131,0.0032266164363108844
6132,0.00322671534164724
6133,0.0032268141044990567
6134,0.0032269127252293923
6135,0.0032270112042127328
6136,0.0032271095418354373
6137,0.0032272077384950253
6138,0.0032273057946006238
6139,0.0032274037105729423
6140,0.0032275014868439664
6141,0.003227599123857274
6142,0.0032276966220676083
6143,0.003227793981941327
6144,0.0032278912039558284
6145,0.0032279882885996383
6146,0.003228085236372793
6147,0.0032281820477862
6148,0.003228278723361722
6149,0.0032283752636325168
6150,0.0032284716691422456
6151,0.00322856794044572
6152,0.003228664078108248
6153,0.003228760082705475
6154,0.0032288559548247424
6155,0.003228951695062486
6156,0.003229047304026275
6157,0.003229142782333447
6158,0.003229238130612404
6159,0.003229333349500388
6160,0.003229428439645239
6161,0.003229523401704718
6162,0.003229618236345846
6163,0.003229712944245574
6164,0.003229807526089807
6165,0.0032299019825745446
6166,0.0032299963144040503
6167,0.0032300905222923853
6168,0.0032301846069618316
6169,0.003230278569144091
6170,0.0032303724095792013
6171,0.0032304661290152976
6172,0.0032305597282094
6173,0.003230653207926176
6174,0.0032307465689389845
6175,0.0032308398120283223
6176,0.003230932937982673
6177,0.003231025947598135
6178,0.0032311188416779576
6179,0.003231211621033034
6180,0.0032313042864807445
6181,0.003231396838845557
6182,0.003231489278958759
6183,0.0032315816076579204
6184,0.0032316738257870486
6185,0.0032317659341966143
6186,0.0032318579337427106
6187,0.003231949825287282
6188,0.003232041609698081
6189,0.0032321332878482234
6190,0.0032322248606162464
6191,0.0032323163288855592
6192,0.0032324076935444897
6193,0.0032324989554865877
6194,0.0032325901156090653
6195,0.0032326811748143213
6196,0.0032327721340087356
6197,0.0032328629941022736
6198,0.003232953756009227
6199,0.0032330444206473156
6200,0.0032331349889374345
6201,0.0032332254618041463
6202,0.003233315840174875
6203,0.0032334061249799755
6204,0.003233496317152536
6205,0.0032335864176279193
6206,0.003233676427344303
6207,0.0032337663472412387
6208,0.003233856178261174
6209,0.003233945921347697
6210,0.0032340355774458
6211,0.00323412514750262
6212,0.0032342146324660682
6213,0.0032343040332851345
6214,0.0032343933509095643
6215,0.0032344825862898464
6216,0.0032345717403774654
6217,0.003234660814123516
6218,0.0032347498084795002
6219,0.0032348387243973605
6220,0.0032349275628279785
6221,0.0032350163247226453
6222,0.0032351050110316333
6223,0.003235193622705093
6224,0.003235282160691346
6225,0.0032353706259387245
6226,0.0032354590193936833
6227,0.003235547342001549
6228,0.0032356355947060936
6229,0.0032357237784494982
6230,0.003235811894171826
6231,0.0032358999428116135
6232,0.003235987925304764
6233,0.0032360758425852613
6234,0.003236163695584278
6235,0.003236251485230729
6236,0.003236339212450316
6237,0.0032364268781667365
6238,0.0032365144832999194
6239,0.0032366020287665125
6240,0.003236689515480243
6241,0.003236776944351598
6242,0.0032368643162870693
6243,0.003236951632189236
6244,0.0032370388929575155
6245,0.0032371260994869975
6246,0.0032372132526687267
6247,0.003237300353389367
6248,0.0032373874025316066
6249,0.00323747440097344
6250,0.0032375613495885863
6251,0.003237648249245695
6252,0.0032377351008087978
6253,0.003237821905137356
6254,0.003237908663085474
6255,0.0032379953755021494
6256,0.0032380820432315444
6257,0.003238168667112238
6258,0.003238255247977545
6259,0.0032383417866553178
6260,0.0032384282839679978
6261,0.0032385147407319125
6262,0.003238601157758368
6263,0.003238687535852192
6264,0.0032387738758128696
6265,0.0032388601784335523
6266,0.003238946444501662
6267,0.0032390326747983064
6268,0.003239118870098417
6269,0.0032392050311708938
6270,0.003239291158778321
6271,0.0032393772536766685
6272,0.0032394633166157503
6273,0.003239549348338955
6274,0.003239635349583206
6275,0.0032397213210784356
6276,0.003239807263548391
6277,0.0032398931777101723
6278,0.003239979064274039
6279,0.0032400649239434165
6280,0.0032401507574155992
6281,0.0032402365653801525
6282,0.0032403223485203874
6283,0.003240408107512975
6284,0.0032404938430271413
6285,0.0032405795557257314
6286,0.0032406652462642718
6287,0.003240750915291766
6288,0.0032408365634498267
6289,0.0032409221913736724
6290,0.0032410077996910583
6291,0.0032410933890229523
6292,0.003241178959983485
6293,0.003241264513179604
6294,0.003241350049211426
6295,0.0032414355686720543
6296,0.0032415210721477294
6297,0.0032416065602177617
6298,0.0032416920334541488
6299,0.003241777492422539
6300,0.00324186293768111
6301,0.003241948369781427
6302,0.0032420337892683747
6303,0.0032421191966796937
6304,0.0032422045925463946
6305,0.0032422899773926666
6306,0.0032423753517359603
6307,0.003242460716087205
6308,0.003242546070949969
6309,0.0032426314168221395
6310,0.0032427167541940532
6311,0.0032428020835501593
6312,0.003242887405367849
6313,0.003242972720118157
6314,0.0032430580282659703
6315,0.0032431433302693687
6316,0.0032432286265804983
6317,0.0032433139176444308
6318,0.003243399203901017
6319,0.0032434844857831195
6320,0.003243569763717691
6321,0.0032436550381258833
6322,0.003243740309422531
6323,0.003243825578016311
6324,0.0032439108443105664
6325,0.0032439961087025264
6326,0.0032440813715832223
6327,0.003244166633339172
6328,0.0032442518943496374
6329,0.0032443371549899735
6330,0.0032444224156288177
6331,0.003244507676629992
6332,0.0032445929383521717
6333,0.0032446782011478653
6334,0.003244763465365402
6335,0.0032448487313476025
6336,0.003244933999432327
6337,0.0032450192699522034
6338,0.0032451045432355
6339,0.003245189819605221
6340,0.0032452750993802572
6341,0.0032453603828742437
6342,0.0032454456703967824
6343,0.0032455309622529565
6344,0.0032456162587431313
6345,0.00324570156016401
6346,0.0032457868668077
6347,0.00324587217896216
6348,0.0032459574969117546
6349,0.0032460428209366075
6350,0.003246128151313168
6351,0.0032462134883142137
6352,0.00324629883220872
6353,0.003246384183262387
6354,0.0032464695415895593
6355,0.003246554906344561
6356,0.0032466402778007428
6357,0.0032467256562280482
6358,0.003246811041893668
6359,0.0032468964350614374
6360,0.0032469818359922506
6361,0.0032470672449444508
6362,0.003247152662173815
6363,0.003247238087932544
6364,0.0032473235224714115
6365,0.0032474089660380246
6366,0.003247494418873561
6367,0.0032475798812167545
6368,0.003247665353308109
6369,0.0032477508353867895
6370,0.003247836327689624
6371,0.003247921830451465
6372,0.0032480073439055076
6373,0.003248092868283079
6374,0.0032481784038142594
6375,0.0032482639507266766
6376,0.0032483495092476564
6377,0.0032484350796021548
6378,0.0032485206620140117
6379,0.003248606256706536
6380,0.003248691863901028
6381,0.0032487774838184332
6382,0.0032488631166780997
6383,0.0032489487626991363
6384,0.0032490344220992818
6385,0.0032491200950958547
6386,0.0032492057819055674
6387,0.003249291482744235
6388,0.003249377197827915
6389,0.003249462927371278
6390,0.0032495486715894304
6391,0.003249634430696877
6392,0.0032497202049078986
6393,0.0032498059944367852
6394,0.003249891799497722
6395,0.003249977620304978
6396,0.0032500634570728436
6397,0.0032501493100155934
6398,0.0032502351793473033
6399,0.003250321065281722
6400,0.0032504069680345153
6401,0.003250492887821159
6402,0.003250578824858101
6403,0.0032506647793616745
6404,0.0032507507515493936
6405,0.003250836741638993
6406,0.0032509227498493014
6407,0.003251008776399511
6408,0.0032510948215099386
6409,0.00325118088540137
6410,0.0032512669682956247
6411,0.0032513530704158023
6412,0.0032514391919854844
6413,0.003251525333229426
6414,0.00325161149437372
6415,0.0032516976756452286
6416,0.003251783877272295
6417,0.0032518700994842
6418,0.0032519563425115086
6419,0.0032520426065860584
6420,0.0032521288919411173
6421,0.0032522151988110554
6422,0.0032523015274316695
6423,0.0032523878780404652
6424,0.0032524742508758283
6425,0.0032525606461781126
6426,0.003252647064188472
6427,0.0032527335051503346
6428,0.003252819969308136
6429,0.0032529064569082828
6430,0.003252992968198299
6431,0.0032530795034271965
6432,0.0032531660628461368
6433,0.0032532526467076855
6434,0.003253339255265824
6435,0.0032534258887762365
6436,0.0032535125474964805
6437,0.0032535992316853916
6438,0.003253685941604114
6439,0.0032537726775148574
6440,0.003253859439681625
6441,0.0032539462283703636
6442,0.0032540330438485085
6443,0.0032541198863856855
6444,0.0032542067562524165
6445,0.003254293653721455
6446,0.003254380579067231
6447,0.0032544675325658474
6448,0.0032545545144950557
6449,0.0032546415251344307
6450,0.0032547285647652763
6451,0.0032548156336703635
6452,0.003254902732134468
6453,0.00325498986044384
6454,0.0032550770188865285
6455,0.003255164207752309
6456,0.0032552514273326886
6457,0.0032553386779204385
6458,0.0032554259598107324
6459,0.003255513273299285
6460,0.0032556006186850272
6461,0.0032556879962669714
6462,0.0032557754063466562
6463,0.003255862849226954
6464,0.0032559503252124933
6465,0.003256037834609269
6466,0.0032561253777248734
6467,0.00325621295486899
6468,0.003256300566351947
6469,0.003256388212486091
6470,0.0032564758935858086
6471,0.003256563609966198
6472,0.0032566513619442464
6473,0.003256739149838164
6474,0.003256826973968214
6475,0.0032569148346552174
6476,0.0032570027322222127
6477,0.003257090666993718
6478,0.0032571786392948257
6479,0.0032572666494529064
6480,0.0032573546977962674
6481,0.0032574427846548096
6482,0.003257530910359702
6483,0.0032576190752435824
6484,0.0032577072796404058
6485,0.0032577955238852164
6486,0.0032578838083144623
6487,0.0032579721332663745
6488,0.0032580604990799576
6489,0.0032581489060955916
6490,0.0032582373546550455
6491,0.003258325845101332
6492,0.0032584143777787023
6493,0.0032585029530328574
6494,0.003258591571210382
6495,0.0032586802326592893
6496,0.003258768937728809
6497,0.0032588576867696815
6498,0.0032589464801332747
6499,0.0032590353181726965
6500,0.003259124201241916
6501,0.0032592131296964514
6502,0.0032593021038927407
6503,0.0032593911241884993
6504,0.0032594801909430326
6505,0.0032595693045161366
6506,0.003259658465269509
6507,0.003259747673565793
6508,0.003259836929768576
6509,0.0032599262342429694
6510,0.0032600155873557146
6511,0.003260104989473831
6512,0.003260194440966503
6513,0.0032602839422036416
6514,0.0032603734935564123
6515,0.0032604630953976857
6516,0.0032605527481012002
6517,0.00326064245204231
6518,0.003260732207597302
6519,0.003260822015144244
6520,0.003260911875062401
6521,0.0032610017877322305
6522,0.003261091753535749
6523,0.003261181772856404
6524,0.003261271846078949
6525,0.003261361973589717
6526,0.003261452155776555
6527,0.0032615423930287667
6528,0.0032616326857367586
6529,0.003261723034293584
6530,0.0032618134390927493
6531,0.0032619039005301062
6532,0.003261994419002744
6533,0.0032620849949098222
6534,0.0032621756286521004
6535,0.0032622663206316447
6536,0.0032623570712533192
6537,0.0032624478809225696
6538,0.00326253875004773
6539,0.00326262967903897
6540,0.0032627206683075935
6541,0.003262811718268091
6542,0.0032629028293358867
6543,0.0032629940019294435
6544,0.003263085236468819
6545,0.003263176533376289
6546,0.0032632678930766467
6547,0.0032633593159969014
6548,0.0032634508025663513
6549,0.003263542353216631
6550,0.003263633968382027
6551,0.003263725648499246
6552,0.003263817394007737
6553,0.003263909205349074
6554,0.0032640010829683465
6555,0.003264093027312687
6556,0.003264185038832529
6557,0.003264277117980777
6558,0.003264369265213684
6559,0.003264461480990431
6560,0.0032645537657728946
6561,0.0032646461200265937
6562,0.00326473854422014
6563,0.0032648310388255254
6564,0.003264923604317533
6565,0.0032650162411753717
6566,0.0032651089498810307
6567,0.0032652017309201388
6568,0.0032652945847820945
6569,0.003265387511960097
6570,0.0032654805129512677
6571,0.0032655735882561178
6572,0.0032656667383799084
6573,0.0032657599638310675
6574,0.0032658532651228195
6575,0.003265946642773425
6576,0.003266040097310255
6577,0.0032661336292591566
6578,0.003266227239150193
6579,0.0032663209275185455
6580,0.003266414694903489
6581,0.0032665085418490006
6582,0.0032666024689042114
6583,0.003266696476622288
6584,0.003266790565562434
6585,0.0032668847362881874
6586,0.003266978989367929
6587,0.0032670733253761667
6588,0.003267167744891762
6589,0.0032672622484993005
6590,0.003267356836788917
6591,0.0032674515103560844
6592,0.0032675462698019938
6593,0.003267641115733388
6594,0.003267736048762596
6595,0.0032678310695085726
6596,0.0032679261785953677
6597,0.003268021376653621
6598,0.003268116664319519
6599,0.003268212042235856
6600,0.0032683075110518218
6601,0.003268403071422375
6602,0.0032684987240094417
6603,0.003268594469481248
6604,0.003268690308512602
6605,0.003268786241784974
6606,0.0032688822699865495
6607,0.003268978393812541
6608,0.003269074613964598
6609,0.003269170931152008
6610,0.0032692673460905553
6611,0.0032693638595032866
6612,0.003269460472120428
6613,0.0032695571846797357
6614,0.0032696539979256765
6615,0.003269750912611071
6616,0.0032698479294954556
6617,0.003269945049345935
6618,0.003270042272937508
6619,0.0032701396010529128
6620,0.003270237034482107
6621,0.003270334574023419
6622,0.0032704322204825135
6623,0.0032705299746733593
6624,0.0032706278374180662
6625,0.0032707258095458764
6626,0.003270823891895054
6627,0.003270922085311491
6628,0.0032710203906491818
6629,0.0032711188087708484
6630,0.00327121734054688
6631,0.003271315986856653
6632,0.0032714147485869705
6633,0.0032715136266341428
6634,0.003271612621901815
6635,0.0032717117353028772
6636,0.0032718109677584628
6637,0.0032719103201981053
6638,0.0032720097935602277
6639,0.003272109388791545
6640,0.0032722091068476504
6641,0.0032723089486924642
6642,0.0032724089152989123
6643,0.003272509007648382
6644,0.0032726092267214056
6645,0.0032727095734820092
6646,0.003272810048936441
6647,0.0032729106540999903
6648,0.00327301138999613
6649,0.0032731122576574326
6650,0.00327321325812518
6651,0.0032733143924493077
6652,0.0032734156616882797
6653,0.0032735170669099217
6654,0.0032736186091904453
6655,0.003273720289614228
6656,0.0032738221092753206
6657,0.0032739240692760195
6658,0.0032740261707269965
6659,0.0032741284147479134
6660,0.003274230802467283
6661,0.0032743333350221454
6662,0.003274436013557653
6663,0.0032745388392281644
6664,0.0032746418131957117
6665,0.003274744936631993
6666,0.0032748482107162013
6667,0.00327495163663641
6668,0.0032750552155888122
6669,0.0032751589487782754
6670,0.003275262837417623
6671,0.0032753668827281246
6672,0.0032754710859390205
6673,0.003275575448288101
6674,0.0032756799710209955
6675,0.003275784655391025
6676,0.0032758895026601003
6677,0.003275994514097529
6678,0.003276099690980847
6679,0.0032762050345949713
6680,0.00327631054623299
6681,0.003276416227195164
6682,0.00327652207878931
6683,0.0032766281023311997
6684,0.003276734299143612
6685,0.0032768406705567265
6686,0.0032769472179079717
6687,0.0032770539425421566
6688,0.003277160845810363
6689,0.003277267929071797
6690,0.0032773751936917774
6691,0.0032774826410426274
6692,0.003277590272503141
6693,0.0032776980894592862
6694,0.003277806093302996
6695,0.0032779142854327727
6696,0.003278022667253457
6697,0.0032781312401759795
6698,0.0032782400056177744
6699,0.00327834896500161
6700,0.003278458119756909
6701,0.003278567471317945
6702,0.0032786770211254714
6703,0.003278786770625347
6704,0.003278896721268921
6705,0.0032790068745133577
6706,0.003279117231819721
6707,0.0032792277946557175
6708,0.003279338564493239
6709,0.0032794495428089122
6710,0.003279560731084271
6711,0.0032796721308056285
6712,0.0032797837434635733
6713,0.003279895570552805
6714,0.0032800076135730254
6715,0.0032801198740268806
6716,0.003280232353442468
6717,0.003280345053336704
6718,0.003280457975225009
6719,0.0032805711206254206
6720,0.0032806844910596945
6721,0.0032807980880533378
6722,0.0032809119131347797
6723,0.003281025967835073
6724,0.00328114025368909
6725,0.0032812547722335422
6726,0.003281369525008444
6727,0.0032814845135562625
6728,0.0032815997394215215
6729,0.00328171520415152
6730,0.003281830909294927
6731,0.003281946856403404
6732,0.003282063047029475
6733,0.0032821794827282715
6734,0.003282296165055592
6735,0.003282413095569407
6736,0.0032825302758290034
6737,0.00328264770739409
6738,0.003282765391826447
6739,0.0032828833306880055
6740,0.003283001525541732
6741,0.0032831199779513763
6742,0.003283238689480841
6743,0.003283357661694878
6744,0.0032834768961580033
6745,0.003283596394435296
6746,0.003283716158091443
6747,0.003283836188691206
6748,0.0032839564877990414
6749,0.0032840770569788295
6750,0.003284197897794177
6751,0.0032843190118074265
6752,0.0032844404005813142
6753,0.003284562065676281
6754,0.003284684008652769
6755,0.0032848062310691555
6756,0.0032849287344833282
6757,0.00328505152045129
6758,0.003285174590527426
6759,0.0032852979462647627
6760,0.0032854215892144005
6761,0.0032855455209253766
6762,0.003285669742944808
6763,0.0032857942568177514
6764,0.0032859190640867016
6765,0.003286044166292148
6766,0.0032861695649717376
6767,0.0032862952616608556
6768,0.003286421257891532
6769,0.0032865475551935816
6770,0.003286674155093596
6771,0.0032868010591151522
6772,0.003286928268778679
6773,0.0032870557856012218
6774,0.003287183611096455
6775,0.0032873117467744134
6776,0.003287440194142125
6777,0.003287568954702274
6778,0.003287698029953618
6779,0.003287827421392127
6780,0.003287957130508531
6781,0.0032880871587901315
6782,0.003288217507719693
6783,0.0032883481787761098
6784,0.0032884791734333805
6785,0.0032886104931620207
6786,0.0032887421394262916
6787,0.0032888741136875644
6788,0.0032890064174016884
6789,0.003289139052019544
6790,0.0032892720189873718
6791,0.0032894053197467512
6792,0.003289538955733522
6793,0.003289672928379047
6794,0.003289807239109048
6795,0.0032899418893442465
6796,0.0032900768804997125
6797,0.003290212213985512
6798,0.003290347891205721
6799,0.0032904839135592828
6800,0.0032906202824393655
6801,0.0032907569992333924
6802,0.003290894065323352
6803,0.0032910314820847626
6804,0.0032911692508878526
6805,0.003291307373096776
6806,0.0032914458500698375
6807,0.0032915846831586618
6808,0.003291723873709687
6809,0.003291863423062648
6810,0.0032920033325512608
6811,0.003292143603503057
6812,0.003292284237239176
6813,0.003292425235074488
6814,0.0032925665983174614
6815,0.0032927083282703073
6816,0.00329285042622868
6817,0.0032929928934815095
6818,0.0032931357313118344
6819,0.00329327894099577
6820,0.003293422523802427
6821,0.003293566480995464
6822,0.0032937108138306683
6823,0.003293855523558149
6824,0.003294000611420753
6825,0.0032941460786547285
6826,0.0032942919264895088
6827,0.0032944381561482968
6828,0.003294584768847179
6829,0.0032947317657950623
6830,0.0032948791481949022
6831,0.0032950269172423293
6832,0.0032951750741261753
6833,0.00329532362002895
6834,0.003295472556125568
6835,0.0032956218835846402
6836,0.00329577160356782
6837,0.0032959217172299146
6838,0.003296072225718868
6839,0.0032962231301760948
6840,0.00329637443173551
6841,0.0032965261315248727
6842,0.003296678230665008
6843,0.0032968307302695438
6844,0.00329698363144546
6845,0.0032971369352933198
6846,0.0032972906429064334
6847,0.003297444755371547
6848,0.0032975992737685573
6849,0.0032977541991708785
6850,0.003297909532644796
6851,0.0032980652752502625
6852,0.0032982214280401463
6853,0.003298377992090707
6854,0.003298534968477228
6855,0.003298692358232461
6856,0.0032988501623830067
6857,0.0032990083819487053
6858,0.0032991670179426747
6859,0.003299326071371698
6860,0.0032994855432361614
6861,0.003299645434529647
6862,0.003299805746239365
6863,0.0032999664793466822
6864,0.003300127634825804
6865,0.003300289213645383
6866,0.0033004512167671067
6867,0.003300613645146501
6868,0.003300776499733528
6869,0.003300939781470974
6870,0.00330110349129635
6871,0.003301267630140465
6872,0.003301432198927944
6873,0.003301597198578381
6874,0.003301762630004022
6875,0.0033019284941121613
6876,0.0033020947918036884
6877,0.00330226152397348
6878,0.0033024286915112793
6879,0.0033025962953003056
6880,0.003302764336218228
6881,0.003302932815137372
6882,0.003303101732924037
6883,0.003303271090438828
6884,0.0033034408885368374
6885,0.003303611128068131
6886,0.0033037818098767204
6887,0.003303952934801155
6888,0.0033041245036747246
6889,0.003304296517325679
6890,0.003304468976576517
6891,0.0033046418822448164
6892,0.0033048152351425023
6893,0.0033049890360770254
6894,0.003305163285849913
6895,0.0033053379852582554
6896,0.0033055131350939178
6897,0.003305688736143469
6898,0.003305864789189167
6899,0.0033060412950074248
6900,0.003306218254371392
6901,0.0033063956680477106
6902,0.0033065735367991318
6903,0.0033067518613835063
6904,0.0033069306425545994
6905,0.003307109881060611
6906,0.003307289577645676
6907,0.0033074697330496474
6908,0.003307650348007314
6909,0.0033078314232495103
6910,0.0033080129595025017
6911,0.00330819495748835
6912,0.0033083774179244606
6913,0.0033085603415245256
6914,0.0033087437289974863
6915,0.003308927581048829
6916,0.003309111898378887
6917,0.003309296681685157
6918,0.003309481931660098
6919,0.003309667648992875
6920,0.0033098538343680653
6921,0.003310040488466871
6922,0.0033102276119667193
6923,0.003310415205540705
6924,0.003310603269858468
6925,0.003310791805586223
6926,0.003310980813385857
6927,0.0033111702939159853
6928,0.0033113602478319244
6929,0.0033115506757849366
6930,0.003311741578422824
6931,0.003311932956390529
6932,0.003312124810328806
6933,0.003312317140875483
6934,0.0033125099486646568
6935,0.0033127032343278494
6936,0.0033128969984924897
6937,0.0033130912417836645
6938,0.0033132859648222004
6939,0.003313481168226984
6940,0.0033136768526131925
6941,0.0033138730185930105
6942,0.0033140696667754953
6943,0.003314266797767239
6944,0.0033144644121714515
6945,0.003314662510588686
6946,0.0033148610936164996
6947,0.003315060161849907
6948,0.003315259715881127
6949,0.00331545975629972
6950,0.0033156602836924036
6951,0.0033158612986433585
6952,0.003316062801734559
6953,0.003316264793545046
6954,0.003316467274651327
6955,0.003316670245627788
6956,0.0033168737070465395
6957,0.003317077659476793
6958,0.003317282103486079
6959,0.003317487039639444
6960,0.0033176924684997283
6961,0.003317898390627449
6962,0.0033181048065814684
6963,0.003318311716917994
6964,0.003318519122192187
6965,0.0033187270229558556
6966,0.00331893541976028
6967,0.003319144313154149
6968,0.003319353703684258
6969,0.0033195635918963854
6970,0.0033197739783334904
6971,0.003319984863537997
6972,0.0033201962480498733
6973,0.0033204081324082913
6974,0.003320620517150043
6975,0.0033208334028114518
6976,0.003321046789926576
6977,0.0033212606790286574
6978,0.0033214750706496094
6979,0.003321689965319911
6980,0.0033219053635692945
6981,0.0033221212659256074
6982,0.0033223376729166025
6983,0.003322554585068367
6984,0.0033227720029060715
6985,0.003322989926954416
6986,0.0033232083577370147
6987,0.003323427295776737
6988,0.0033236467415956083
6989,0.0033238666957156318
6990,0.0033240871586573562
6991,0.0033243081309411392
6992,0.003324529613087101
6993,0.0033247516056149912
6994,0.003324974109043843
6995,0.003325197123892754
6996,0.003325420650680571
6997,0.003325644689925896
6998,0.0033258692421471022
6999,0.003326094307863098
7000,0.0033263198875920956
7001,0.0033265459818531858
7002,0.003326772591165128
7003,0.003326999716046942
7004,0.0033272273570183713
7005,0.003327455514599094
7006,0.003327684189309563
7007,0.003327913381670378
7008,0.0033281430922034658
7009,0.0033283733214301797
7010,0.0033286040698738088
7011,0.003328835338057931
7012,0.003329067126506618
7013,0.003329299435745824
7014,0.0033295322663014514
7015,0.0033297656187011374
7016,0.0033299994934733474
7017,0.0033302338911477365
7018,0.0033304688122555307
7019,0.0033307042573288204
7020,0.003330940226901682
7021,0.0033311767215091935
7022,0.0033314137416876623
7023,0.003331651287973222
7024,0.003331889360905768
7025,0.0033321279610275746
7026,0.0033323670888820173
7027,0.0033326067450144404
7028,0.0033328469299724367
7029,0.0033330876443053792
7030,0.003333328888564742
7031,0.0033335706633042545
7032,0.003333812969079759
7033,0.0033340558064491733
7034,0.0033342991759730198
7035,0.0033345430782142156
7036,0.0033347875137378813
7037,0.0033350324831120676
7038,0.0033352779869067796
7039,0.0033355240256952553
7040,0.0033357706000531184
7041,0.003336017710558858
7042,0.0033362653577936525
7043,0.0033365135423416336
7044,0.0033367622647901326
7045,0.003337011525728743
7046,0.003337261325750889
7047,0.0033375116654525776
7048,0.0033377625454332127
7049,0.0033380139662952924
7050,0.003338265928644157
7051,0.003338518433089583
7052,0.003338771480243314
7053,0.003339025070721297
7054,0.003339279205142955
7055,0.0033395338841307105
7056,0.003339789108310825
7057,0.0033400448783129687
7058,0.003340301194770706
7059,0.0033405580583209518
7060,0.003340815469604546
7061,0.003341073429265749
7062,0.0033413319379525883
7063,0.003341590996317338
7064,0.003341850605015785
7065,0.0033421107647074095
7066,0.003342371476055711
7067,0.003342632739728365
7068,0.003342894556396605
7069,0.003343156926735787
7070,0.0033434198514254703
7071,0.003343683331148567
7072,0.0033439473665930215
7073,0.0033442119584498244
7074,0.003344477107414959
7075,0.003344742814187426
7076,0.0033450090794714315
7077,0.003345275903974737
7078,0.003345543288409077
7079,0.003345811233490839
7080,0.0033460797399399995
7081,0.0033463488084809778
7082,0.0033466184398421505
7083,0.003346888634756668
7084,0.003347159393961041
7085,0.0033474307181964205
7086,0.003347702608207942
7087,0.0033479750647447994
7088,0.0033482480885606842
7089,0.003348521680412977
7090,0.0033487958410636396
7091,0.003349070571278462
7092,0.003349345871827245
7093,0.0033496217434843926
7094,0.0033498981870278095
7095,0.0033501752032398537
7096,0.003350452792906824
7097,0.003350730956818961
7098,0.0033510096957705612
7099,0.0033512890105600697
7100,0.0033515689019896237
7101,0.0033518493708654873
7102,0.003352130417997895
7103,0.003352412044200669
7104,0.0033526942502916626
7105,0.0033529770370926237
7106,0.0033532604054290495
7107,0.0033535443561304623
7108,0.0033538288900289578
7109,0.003354114007962146
7110,0.003354399710769941
7111,0.0033546859992958323
7112,0.003354972874387944
7113,0.003355260336896893
7114,0.0033555483876773528
7115,0.0033558370275871842
7116,0.003356126257487549
7117,0.003356416078243475
7118,0.00335670649072278
7119,0.0033569974957969573
7120,0.00335728909434037
7121,0.003357581287221935
7122,0.0033578740753200586
7123,0.003358167459518327
7124,0.0033584614407037813
7125,0.0033587560197664993
7126,0.003359051197601324
7127,0.0033593469751041927
7128,0.0033596433531738914
7129,0.0033599403327114774
7130,0.003360237914621049
7131,0.0033605360998093304
7132,0.003360834889185284
7133,0.003361134283661155
7134,0.0033614342841510885
7135,0.0033617348915716077
7136,0.0033620361068424256
7137,0.0033623379308844897
7138,0.003362640364607526
7139,0.0033629434089334203
7140,0.0033632470647903937
7141,0.003363551333109292
7142,0.0033638562148224273
7143,0.003364161710864481
7144,0.003364467822172131
7145,0.0033647745496835787
7146,0.0033650818943399114
7147,0.003365389857082589
7148,0.003365698438856195
7149,0.003366007640606399
7150,0.00336631746328032
7151,0.003366627907827427
7152,0.0033669389751979817
7153,0.003367250666344605
7154,0.0033675629822205477
7155,0.0033678759237815437
7156,0.0033681894919836176
7157,0.0033685036877847815
7158,0.0033688185121444007
7159,0.003369133966023037
7160,0.0033694500503823935
7161,0.00336976676618539
7162,0.0033700841143960306
7163,0.0033704020959796446
7164,0.003370720711902782
7165,0.00337103996313243
7166,0.003371359850637244
7167,0.0033716803753863628
7168,0.0033720015383502584
7169,0.003372323340500317
7170,0.003372645782808375
7171,0.0033729688662476895
7172,0.0033732925917918733
7173,0.003373616960415471
7174,0.003373941973093927
7175,0.0033742676308038365
7176,0.003374593934521698
7177,0.0033749208852248778
7178,0.0033752484852099716
7179,0.003375576740498911
7180,0.003375905652114347
7181,0.003376235221078626
7182,0.0033765654484150948
7183,0.0033768963351465853
7184,0.0033772278822960843
7185,0.003377560090886591
7186,0.0033778929619414835
7187,0.0033782264964842637
7188,0.003378560695538181
7189,0.0033788955601269962
7190,0.003379231091274179
7191,0.003379567290003352
7192,0.0033799041573385562
7193,0.0033802416943026514
7194,0.0033805799019205737
7195,0.0033809187812151426
7196,0.003381258333210664
7197,0.003381598558930788
7198,0.0033819394593997566
7199,0.0033822810356411845
7200,0.003382623288679293
7201,0.0033829662195377077
7202,0.003383309829240709
7203,0.003383654118812331
7204,0.003383999089276383
7205,0.0033843447416573953
7206,0.003384691076979155
7207,0.0033850380962659977
7208,0.0033853858005423163
7209,0.003385734190832142
7210,0.0033860832681598227
7211,0.0033864330335495697
7212,0.0033867834880261863
7213,0.003387134632613838
7214,0.0033874864683371346
7215,0.0033878389962202454
7216,0.0033881922172882186
7217,0.003388546132565372
7218,0.003388900743076518
7219,0.0033892560498462567
7220,0.0033896120538964465
7221,0.0033899687562497526
7222,0.003390326157930943
7223,0.003390684259964696
7224,0.003391043063376222
7225,0.0033914025691899777
7226,0.0033917627784309165
7227,0.003392123692123634
7228,0.0033924853112932214
7229,0.0033928476369641343
7230,0.003393210670160979
7231,0.003393574411908461
7232,0.0033939388632309594
7233,0.0033943040251527886
7234,0.0033946698986980243
7235,0.0033950364848907744
7236,0.0033954037847548344
7237,0.003395771799313696
7238,0.003396140529590764
7239,0.0033965099766088097
7240,0.0033968801413910028
7241,0.0033972510249592625
7242,0.003397622628335789
7243,0.003397994952541894
7244,0.0033983679985987994
7245,0.003398741767526855
7246,0.003399116260345974
7247,0.003399491478075239
7248,0.003399867421733638
7249,0.003400244092338569
7250,0.0034006214909077697
7251,0.003400999618456745
7252,0.003401378476001395
7253,0.003401758064555423
7254,0.003402138385132654
7255,0.003402519438745103
7256,0.0034029012264035915
7257,0.0034032837491179135
7258,0.003403667007896658
7259,0.0034040510037463383
7260,0.003404435737672803
7261,0.0034048212106797034
7262,0.003405207423769486
7263,0.0034055943779419963
7264,0.003405982074196508
7265,0.003406370513529181
7266,0.0034067596969349226
7267,0.0034071496254056764
7268,0.0034075402999322003
7269,0.0034079317215021106
7270,0.0034083238911008402
7271,0.0034087168097110196
7272,0.003409110478313086
7273,0.0034095048978840105
7274,0.003409900069398602
7275,0.0034102959938284217
7276,0.003410692672141651
7277,0.0034110901053031185
7278,0.003411488294274711
7279,0.0034118872400149933
7280,0.0034122869434781876
7281,0.0034126874056151996
7282,0.0034130886273728888
7283,0.0034134906096945326
7284,0.003413893353518589
7285,0.0034142968597802056
7286,0.003414701129408921
7287,0.0034151061633310763
7288,0.003415511962467098
7289,0.0034159185277334776
7290,0.0034163258600414955
7291,0.003416733960297217
7292,0.0034171428294017844
7293,0.003417552468250812
7294,0.0034179628777346047
7295,0.003418374058737527
7296,0.003418786012138584
7297,0.003419198738810528
7298,0.003419612239620489
7299,0.003420026515428955
7300,0.003420441567090568
7301,0.0034208573954531913
7302,0.0034212740013584105
7303,0.0034216913856408415
7304,0.003422109549128253
7305,0.003422528492642106
7306,0.003422948216995698
7307,0.003423368722995708
7308,0.0034237900114416266
7309,0.003424212083124748
7310,0.003424634938829533
7311,0.0034250585793322054
7312,0.0034254830054016553
7313,0.0034259082177979816
7314,0.0034263342172739966
7315,0.0034267610045735377
7316,0.00342718858043302
7317,0.0034276169455795475
7318,0.0034280461007321797
7319,0.0034284760466011645
7320,0.0034289067838884886
7321,0.003429338313285943
7322,0.0034297706354780057
7323,0.0034302037511389424
7324,0.003430637660934541
7325,0.0034310723655209376
7326,0.003431507865544915
7327,0.003431944161644736
7328,0.0034323812544478616
7329,0.003432819144573136
7330,0.003433257832629466
7331,0.003433697319216147
7332,0.0034341376049225087
7333,0.0034345786903284313
7334,0.003435020576003617
7335,0.003435463262507657
7336,0.0034359067503910434
7337,0.0034363510401932353
7338,0.003436796132443953
7339,0.00343724202766334
7340,0.003437688726360219
7341,0.0034381362290345783
7342,0.003438584536175372
7343,0.0034390336482614165
7344,0.0034394835657615124
7345,0.003439934289134042
7346,0.003440385818827018
7347,0.003440838155278483
7348,0.003441291298916179
7349,0.003441745250157123
7350,0.0034422000094081412
7351,0.0034426555770661876
7352,0.00344311195351746
7353,0.0034435691391383823
7354,0.0034440271342944745
7355,0.0034444859393416966
7356,0.00344494555462548
7357,0.0034454059804808917
7358,0.0034458672172329938
7359,0.0034463292651967185
7360,0.003446792124677208
7361,0.0034472557959689286
7362,0.0034477202793568662
7363,0.003448185575115297
7364,0.003448651683509266
7365,0.0034491186047938107
7366,0.0034495863392137146
7367,0.003450054887004186
7368,0.0034505242483904423
7369,0.0034509944235887138
7370,0.0034514654128041562
7371,0.0034519372162338186
7372,0.0034524098340640527
7373,0.0034528832664720843
7374,0.003453357513625883
7375,0.003453832575683778
7376,0.0034543084527942558
7377,0.003454785145097389
7378,0.003455262652723231
7379,0.003455740975792838
7380,0.003456220114418496
7381,0.0034567000687025637
7382,0.0034571808387384197
7383,0.003457662424611267
7384,0.0034581448263963704
7385,0.003458628044160364
7386,0.003459112077960783
7387,0.0034595969278464465
7388,0.003460082593857112
7389,0.0034605690760232248
7390,0.0034610563743659047
7391,0.003461544488898524
7392,0.0034620334196257783
7393,0.003462523166543238
7394,0.0034630137296377673
7395,0.0034635051088879373
7396,0.0034639973042630613
7397,0.0034644903157234124
7398,0.003464984143221108
7399,0.0034654787866992927
7400,0.003465974246091907
7401,0.0034664705213242352
7402,0.0034669676123129357
7403,0.003467465518965179
7404,0.003467964241179523
7405,0.003468463778845455
7406,0.0034689641318431173
7407,0.003469465300043555
7408,0.003469967283309012
7409,0.0034704700814917767
7410,0.003470973694434944
7411,0.003471478121972005
7412,0.003471983363927053
7413,0.0034724894201143552
7414,0.0034729962903382663
7415,0.0034735039743927798
7416,0.003474012472062857
7417,0.0034745217831218334
7418,0.0034750319073337246
7419,0.003475542844451324
7420,0.0034760545942169705
7421,0.0034765671563618357
7422,0.0034770805306067296
7423,0.0034775947166599715
7424,0.0034781097142192762
7425,0.003478625522970417
7426,0.003479142142587426
7427,0.0034796595727318814
7428,0.0034801778130530174
7429,0.003480696863187774
7430,0.0034812167227599848
7431,0.003481737391380459
7432,0.0034822588686465776
7433,0.0034827811541421156
7434,0.0034833042474370197
7435,0.003483828148104087
7436,0.00348435285570631
7437,0.003484878369769624
7438,0.0034854046898050257
7439,0.003485931815309316
7440,0.0034864597457614677
7441,0.0034869884806266694
7442,0.0034875180193523125
7443,0.0034880483613692736
7444,0.0034885795060919157
7445,0.003489111452917014
7446,0.0034896442012234395
7447,0.003490177750372293
7448,0.0034907120997057484
7449,0.0034912472485481923
7450,0.003491783196203961
7451,0.003492319941958418
7452,0.0034928574850724673
7453,0.0034933958247856368
7454,0.0034939349603226337
7455,0.0034944748908868387
7456,0.003495015615660706
7457,0.00349555713380483
7458,0.003496099444457975
7459,0.003496642546736166
7460,0.0034971864397329187
7461,0.003497731122518761
7462,0.003498276594140295
7463,0.0034988228536208363
7464,0.0034993698999592733
7465,0.0034999177321297105
7466,0.0035004663490819385
7467,0.0035010157497398745
7468,0.0035015659330025406
7469,0.0035021168977426437
7470,0.0035026686428065138
7471,0.0035032211670148147
7472,0.003503774469160665
7473,0.003504328548009872
7474,0.0035048834023019304
7475,0.00350543903074755
7476,0.003505995432030186
7477,0.0035065526048044544
7478,0.0035071105476972143
7479,0.003507669259306123
7480,0.0035082287382002452
7481,0.003508788982919068
7482,0.0035093499919735226
7483,0.003509911763843935
7484,0.003510474296981966
7485,0.0035110375898088244
7486,0.003511601640715614
7487,0.0035121664480638444
7488,0.003512732010184366
7489,0.0035132983253777497
7490,0.003513865391914128
7491,0.0035144332080332633
7492,0.003515001771944355
7493,0.003515571081825805
7494,0.003516141135825674
7495,0.0035167119320612013
7496,0.0035172834686194006
7497,0.0035178557435569455
7498,0.0035184287548988566
7499,0.003519002500641292
7500,0.003519576978749313
7501,0.003520152187157821
7502,0.0035207281237721803
7503,0.0035213047864679162
7504,0.003521882173090145
7505,0.0035224602814552244
7506,0.0035230391093503946
7507,0.0035236186545332614
7508,0.003524198914733234
7509,0.0035247798876513656
7510,0.003525361570960464
7511,0.0035259439623052664
7512,0.003526527059303899
7513,0.00352711085954641
7514,0.0035276953605969485
7515,0.003528280559993262
7516,0.003528866455247165
7517,0.003529453043845266
7518,0.00353004032324934
7519,0.003530628290896682
7520,0.003531216944200989
7521,0.0035318062805522765
7522,0.0035323962973179126
7523,0.003532986991843831
7524,0.003533578361453337
7525,0.003534170403449019
7526,0.003534763115113559
7527,0.0035353564937099843
7528,0.0035359505364819335
7529,0.0035365452406548666
7530,0.003537140603436184
7531,0.0035377366220171254
7532,0.003538333293572493
7533,0.003538930615261258
7534,0.0035395285842281863
7535,0.0035401271976034186
7536,0.0035407264525046684
7537,0.003541326346036855
7538,0.003541926875293648
7539,0.0035425280373577216
7540,0.0035431298293016034
7541,0.0035437322481890435
7542,0.00354433529107545
7543,0.0035449389550088473
7544,0.003545543237030312
7545,0.0035461481341755004
7546,0.0035467536434750442
7547,0.0035473597619556847
7548,0.0035479664866405027
7549,0.0035485738145511155
7550,0.003549181742706869
7551,0.003549790268126576
7552,0.0035503993878298183
7553,0.003551009098836872
7554,0.003551619398170036
7555,0.003552230282854304
7556,0.003552841749918382
7557,0.003553453796395566
7558,0.0035540664193242266
7559,0.003554679615748823
7560,0.0035552933827209974
7561,0.003555907717299767
7562,0.0035565226165525893
7563,0.00355713807755641
7564,0.003557754097397969
7565,0.003558370673175076
7566,0.00355898780199633
7567,0.003559605480983396
7568,0.0035602237072698485
7569,0.0035608424780033876
7570,0.0035614617903460865
7571,0.0035620816414741086
7572,0.003562702028579826
7573,0.0035633229488711902
7574,0.0035639443995726405
7575,0.0035645663779262787
7576,0.0035651888811915715
7577,0.0035658119066456764
7578,0.003566435451585418
7579,0.003567059513325914
7580,0.0035676840892022803
7581,0.0035683091765693177
7582,0.00356893477280166
7583,0.0035695608752959545
7584,0.003570187481468016
7585,0.0035708145887562324
7586,0.003571442194620025
7587,0.003572070296540311
7588,0.0035726988920206037
7589,0.003573327978601103
7590,0.0035739575538394647
7591,0.0035745876153057037
7592,0.0035752181605920785
7593,0.003575849187312801
7594,0.003576480693105801
7595,0.0035771126756306906
7596,0.003577745132569171
7597,0.0035783780616258348
7598,0.003579011460527942
7599,0.003579645327024165
7600,0.0035802796588854193
7601,0.003580914453904279
7602,0.0035815497098953463
7603,0.0035821854246939943
7604,0.003582821596157153
7605,0.003583458222162203
7606,0.0035840953006064545
7607,0.0035847328294086865
7608,0.00358537080650603
7609,0.0035860092298550857
7610,0.003586648097432284
7611,0.0035872874072313435
7612,0.0035879271572644496
7613,0.0035885673455607124
7614,0.0035892079701666784
7615,0.003589849029144992
7616,0.0035904905205737447
7617,0.0035911324425466993
7618,0.0035917747931718475
7619,0.003592417570570939
7620,0.003593060772879325
7621,0.0035937043982450173
7622,0.0035943484448274178
7623,0.0035949929107976283
7624,0.003595637794337103
7625,0.003596283093637416
7626,0.003596928806898459
7627,0.0035975749323290634
7628,0.0035982214681453983
7629,0.0035988684125704963
7630,0.003599515763833638
7631,0.00360016352016892
7632,0.0036008116798150885
7633,0.0036014602410148595
7634,0.00360210920201313
7635,0.003602758561058153
7636,0.0036034083163980204
7637,0.003604058466282426
7638,0.0036047090089602234
7639,0.003605359942679572
7640,0.0036060112656864105
7641,0.0036066629762245167
7642,0.003607315072533776
7643,0.00360796755285043
7644,0.003608620415404933
7645,0.003609273658423197
7646,0.003609927280123397
7647,0.0036105812787179657
7648,0.003611235652410531
7649,0.0036118903993966533
7650,0.0036125455178619543
7651,0.003613201005982849
7652,0.003613856861924997
7653,0.0036145130838423347
7654,0.003615169669877501
7655,0.0036158266181604112
7656,0.0036164839268078433
7657,0.003617141593923255
7658,0.0036177996175952493
7659,0.0036184579958985314
7660,0.0036191167268924446
7661,0.0036197758086200424
7662,0.0036204352391091483
7663,0.003621095016370014
7664,0.0036217551383971418
7665,0.003622415603166746
7666,0.0036230764086379215
7667,0.003623737552751535
7668,0.00362439903343007
7669,0.0036250608485777153
7670,0.0036257229960801017
7671,0.003626385473802724
7672,0.003627048279593866
7673,0.0036277114112810314
7674,0.0036283748666724766
7675,0.0036290386435576124
7676,0.0036297027397055696
7677,0.0036303671528667572
7678,0.0036310318807714365
7679,0.0036316969211304772
7680,0.0036323622716356017
7681,0.0036330279299587043
7682,0.0036336938937529483
7683,0.0036343601606528076
7684,0.003635026728273158
7685,0.0036356935942108404
7686,0.0036363607560445026
7687,0.003637028211334198
7688,0.0036376959615530887
7689,0.0036383640048606595
7690,0.0036390323387856926
7691,0.0036397009608399498
7692,0.003640369868519488
7693,0.0036410390593037615
7694,0.003641708530657378
7695,0.0036423782800294948
7696,0.003643048304855595
7697,0.0036437186025567196
7698,0.003644389170541579
7699,0.0036450600062065183
7700,0.003645731106935121
7701,0.0036464024701013185
7702,0.003647074093067816
7703,0.003647745973188252
7704,0.0036484181078070433
7705,0.003649090494261423
7706,0.003649763129880423
7707,0.0036504360119878156
7708,0.0036511091379013575
7709,0.003651782504934363
7710,0.00365245611039664
7711,0.0036531299515951835
7712,0.0036538040258353105
7713,0.0036544783304207074
7714,0.003655152862656161
7715,0.0036558276198474455
7716,0.0036565025993019213
7717,0.003657177798330245
7718,0.003657853214247144
7719,0.0036585288443725154
7720,0.0036592046860321322
7721,0.0036598807365594084
7722,0.003660556993295799
7723,0.003661233453591756
7724,0.0036619101148082206
7725,0.0036625869743189036
7726,0.0036632640295102686
7727,0.0036639412777807615
7728,0.0036646187165430087
7729,0.0036652963432253324
7730,0.0036659741552726795
7731,0.003666652150148093
7732,0.0036673303253325325
7733,0.003668008678327485
7734,0.003668687206654854
7735,0.0036693659078588575
7736,0.0036700447795061327
7737,0.0036707238191876247
7738,0.0036714030245188745
7739,0.0036720823931414423
7740,0.003672761922723582
7741,0.0036734416109622066
7742,0.0036741214555817366
7743,0.0036748014543373764
7744,0.003675481605014726
7745,0.0036761619054305967
7746,0.003676842353434673
7747,0.0036775229469099887
7748,0.0036782036837737036
7749,0.003678884561977942
7750,0.0036795655795107763
7751,0.003680246734397082
7752,0.003680928024698953
7753,0.003681609448516855
7754,0.0036822910039900937
7755,0.0036829726893030687
7756,0.0036836545026758065
7757,0.0036843364423681086
7758,0.0036850185066823822
7759,0.003685700693962662
7760,0.003686383002596505
7761,0.0036870654310146266
7762,0.0036877479776913622
7763,0.003688430641145908
7764,0.003689113419942567
7765,0.0036897963126906953
7766,0.003690479318046184
7767,0.0036911624347103524
7768,0.0036918456614325476
7769,0.0036925289970072017
7770,0.0036932124402784734
7771,0.0036938959901364624
7772,0.0036945796455199104
7773,0.003695263405416326
7774,0.003695947268860777
7775,0.0036966312349376576
7776,0.003697315302779941
7777,0.0036979994715697693
7778,0.003698683740538838
7779,0.003699368108967207
7780,0.0037000525761851917
7781,0.0037007371415719893
7782,0.003701421804556457
7783,0.0037021065646170867
7784,0.003702791421281263
7785,0.0037034763741263218
7786,0.0037041614227785917
7787,0.003704846566913638
7788,0.0037055318062564945
7789,0.003706217140581057
7790,0.003706902569710234
7791,0.0037075880935147918
7792,0.0037082737119156143
7793,0.0037089594248801093
7794,0.003709645232425425
7795,0.003710331134615354
7796,0.0037110171315618006
7797,0.00371170322342393
7798,0.0037123894104078925
7799,0.0037130756927664125
7800,0.0037137620707988622
7801,0.003714448544850528
7802,0.0037151351153123357
7803,0.003715821782620793
7804,0.0037165085472571193
7805,0.0037171954097471385
7806,0.0037178823706608554
7807,0.0037185694306125436
7808,0.0037192565902585788
7809,0.0037199438502996257
7810,0.0037206312114781447
7811,0.0037213186745788957
7812,0.0037220062404279565
7813,0.0037226939098928533
7814,0.003723381683881962
7815,0.0037240695633430736
7816,0.0037247575492646546
7817,0.0037254456426739275
7818,0.0037261338446372364
7819,0.0037268221562593816
7820,0.003727510578682624
7821,0.0037281991130866314
7822,0.0037288877606884074
7823,0.0037295765227411616
7824,0.0037302654005339315
7825,0.0037309543953917674
7826,0.0037316435086739478
7827,0.0037323327417751245
7828,0.0037330220961235756
7829,0.0037337115731904532
7830,0.0037344011744727705
7831,0.003735090901498867
7832,0.003735780755828608
7833,0.003736470739053775
7834,0.00373716085279859
7835,0.003737851098717243
7836,0.003738541478494745
7837,0.0037392319938466486
7838,0.0037399226465178645
7839,0.0037406134382831756
7840,0.00374130437094584
7841,0.0037419954463383458
7842,0.003742686666320689
7843,0.003743378032781844
7844,0.003744069547637806
7845,0.0037447612128311976
7846,0.003745453030333295
7847,0.003746145002140248
7848,0.0037468371302754547
7849,0.0037475294167882292
7850,0.003748221863753603
7851,0.0037489144732721857
7852,0.003749607247469859
7853,0.003750300188497554
7854,0.0037509932985309398
7855,0.0037516865797699705
7856,0.0037523800344395385
7857,0.003753073664788165
7858,0.0037537674730893076
7859,0.003754461461638844
7860,0.003755155632757703
7861,0.003755849988789347
7862,0.003756544532101404
7863,0.0037572392650841863
7864,0.0037579341901516896
7865,0.003758629309740467
7866,0.003759324626310359
7867,0.003760020142343755
7868,0.0037607158603470124
7869,0.0037614117828478127
7870,0.0037621079123974807
7871,0.0037628042515698372
7872,0.0037635008029611255
7873,0.0037641975691909088
7874,0.0037648945529006345
7875,0.0037655917567550653
7876,0.003766289183440934
7877,0.0037669868356682737
7878,0.003767684716170206
7879,0.003768382827701428
7880,0.0037690811730398664
7881,0.0037697797549872537
7882,0.0037704785763667576
7883,0.003771177640025128
7884,0.003771876948832754
7885,0.003772576505682116
7886,0.0037732763134897367
7887,0.0037739763751944364
7888,0.0037746766937592894
7889,0.00377537727217014
7890,0.0037760781134366823
7891,0.0037767792205912307
7892,0.0037774805966914833
7893,0.0037781822448174156
7894,0.003778884168074014
7895,0.0037795863695896945
7896,0.003780288852517247
7897,0.003780991620033558
7898,0.0037816946753397853
7899,0.0037823980216614354
7900,0.0037831016622488695
7901,0.0037838056003764438
7902,0.0037845098393435844
7903,0.0037852143824742878
7904,0.0037859192331175947
7905,0.0037866243946477252
7906,0.003787329870463076
7907,0.0037880356639879765
7908,0.00378874177867163
7909,0.003789448217988422
7910,0.0037901549854383243
7911,0.0037908620845460844
7912,0.003791569518862488
7913,0.003792277291963628
7914,0.0037929854074507984
7915,0.003793693868951464
7916,0.00379440268011793
7917,0.0037951118446286126
7918,0.003795821366187205
7919,0.00379653124852323
7920,0.0037972414953918576
7921,0.003797952110573813
7922,0.00379866309787521
7923,0.003799374461127507
7924,0.003800086204188679
7925,0.0038007983309411323
7926,0.0038015108452931086
7927,0.003802223751178296
7928,0.003802937052555262
7929,0.003803650753408664
7930,0.003804364857747319
7931,0.0038050793696054173
7932,0.0038057942930423585
7933,0.0038065096321419434
7934,0.003807225391012886
7935,0.0038079415737887305
7936,0.0038086581846267973
7937,0.0038093752277087636
7938,0.0038100927072412154
7939,0.0038108106274533453
7940,0.003811528992599605
7941,0.003812247806956738
7942,0.003812967074825563
7943,0.003813686800529499
7944,0.0038144069884159543
7945,0.003815127642853732
7946,0.003815848768235118
7947,0.0038165703689741074
7948,0.003817292449507049
7949,0.0038180150142923053
7950,0.00381873806780877
7951,0.0038194616145576944
7952,0.0038201856590601483
7953,0.00382091020585901
7954,0.0038216352595172995
7955,0.0038223608246174125
7956,0.0038230869057617987
7957,0.00382381350757332
7958,0.0038245406346928785
7959,0.003825268291780597
7960,0.003825996483515378
7961,0.0038267252145941224
7962,0.0038274544897316594
7963,0.003828184313660497
7964,0.0038289146911295903
7965,0.003829645626905546
7966,0.003830377125771735
7967,0.0038311091925267745
7968,0.0038318418319854084
7969,0.0038325750489780204
7970,0.0038333088483498124
7971,0.003834043234961022
7972,0.003834778213685792
7973,0.0038355137894126898
7974,0.003836249967043137
7975,0.003836986751493163
7976,0.003837724147690541
7977,0.0038384621605754123
7978,0.0038392007951012783
7979,0.0038399400562323274
7980,0.003840679948943962
7981,0.0038414204782239946
7982,0.00384216164906947
7983,0.003842903466488092
7984,0.0038436459354984354
7985,0.003844389061127217
7986,0.00384513284841143
7987,0.003845877302396443
7988,0.003846622428136076
7989,0.00384736823069293
7990,0.00384811471513602
7991,0.0038488618865435537
7992,0.003849609749999483
7993,0.0038503583105948323
7994,0.0038511075734276694
7995,0.0038518575436013516
7996,0.003852608226225362
7997,0.0038533596264149895
7998,0.003854111749289496
7999,0.0038548645999743314
8000,0.003855618183598332
8001,0.003856372505294956
8002,0.0038571275702018763
8003,0.003857883383459888
8004,0.003858639950212842
8005,0.0038593972756082915
8006,0.003860155364796074
8007,0.003860914222928474
8008,0.003861673855160171
8009,0.003862434266647824
8010,0.003863195462549277
8011,0.003863957448284955
8012,0.003864720229034781
8013,0.003865483809964302
8014,0.003866248196240055
8015,0.0038670133930295766
8016,0.003867779405499574
8017,0.003868546238817625
8018,0.0038693138981512635
8019,0.0038700823886670724
8020,0.0038708517155316264
8021,0.0038716218839107133
8022,0.0038723928989690447
8023,0.003873164765870365
8024,0.003873937489777216
8025,0.0038747110758506867
8026,0.003875485529250467
8027,0.003876260855134482
8028,0.0038770370586587305
8029,0.003877814144977457
8030,0.0038785921192421
8031,0.003879370986603144
8032,0.003880150752207811
8033,0.003880931421200686
8034,0.0038817129987245434
8035,0.003882495489918997
8036,0.0038832788999208956
8037,0.0038840632338649514
8038,0.0038848484968818167
8039,0.003885634694099847
8040,0.003886421830644233
8041,0.003887209911637102
8042,0.003887998942197008
8043,0.0038887889274398387
8044,0.003889579872477473
8045,0.0038903717824189496
8046,0.0038911646623696556
8047,0.003891958517431583
8048,0.003892753352703438
8049,0.0038935491732801472
8050,0.003894345984253254
8051,0.0038951437907103824
8052,0.0038959425977364054
8053,0.0038967424104118346
8054,0.0038975432338136484
8055,0.003898345073016039
8056,0.0038991479330881596
8057,0.003899951819096872
8058,0.0039007567361050268
8059,0.0039015626891711103
8060,0.003902369683351362
8061,0.0039031777236970136
8062,0.0039039868152569196
8063,0.003904796963075568
8064,0.003905608172193988
8065,0.003906420447650294
8066,0.003907233794481814
8067,0.003908048217737464
8068,0.003908863722443689
8069,0.003909680313624649
8070,0.003910497996299923
8071,0.003911316775486923
8072,0.003912136656198626
8073,0.0039129576434449595
8074,0.003913779742232732
8075,0.003914602957565667
8076,0.003915427294442657
8077,0.003916252757861568
8078,0.003917079352815316
8079,0.003917907084294199
8080,0.003918735957285377
8081,0.00391956597677269
8082,0.003920397147736864
8083,0.003921229475155128
8084,0.003922062964002117
8085,0.003922897619249136
8086,0.003923733445864726
8087,0.00392457044881338
8088,0.003925408633057814
8089,0.00392624800355647
8090,0.003927088565265755
8091,0.003927930323138366
8092,0.003928773282124457
8093,0.003929617447170666
8094,0.003930462823221397
8095,0.00393130941521699
8096,0.003932157228095349
8097,0.00393300626679175
8098,0.003933856536237651
8099,0.003934708041361801
8100,0.003935560787089901
8101,0.003936414778344572
8102,0.003937270020045443
8103,0.003938126517108791
8104,0.003938984274448272
8105,0.003939843296973376
8106,0.003940703589591647
8107,0.003941565157206501
8108,0.003942428004718572
8109,0.003943292137024591
8110,0.003944157559018709
8111,0.0039450242755912045
8112,0.003945892291629307
8113,0.003946761612016118
8114,0.003947632241631863
8115,0.003948504185353066
8116,0.00394937744805182
8117,0.0039502520345974035
8118,0.003951127949854883
8119,0.003952005198685974
8120,0.003952883785947381
8121,0.003953763716492731
8122,0.003954644995170926
8123,0.003955527626827297
8124,0.003956411616302331
8125,0.00395729696843255
8126,0.0039581836880497046
8127,0.0039590717799813735
8128,0.003959961249049481
8129,0.003960852100072462
8130,0.003961744337863235
8131,0.003962637967229625
8132,0.003963532992973981
8133,0.003964429419895115
8134,0.003965327252784286
8135,0.0039662264964283635
8136,0.003967127155608887
8137,0.003968029235101111
8138,0.003968932739674242
8139,0.00396983767409264
8140,0.003970744043112973
8141,0.0039716518514862865
8142,0.003972561103957566
8143,0.003973471805264776
8144,0.003974383960138989
8145,0.0039752975733049895
8146,0.003976212649479772
8147,0.0039771291933731944
8148,0.003978047209689003
8149,0.00397896670312128
8150,0.003979887678357786
8151,0.00398081014007855
8152,0.0039817340929542006
8153,0.00398265954164873
8154,0.00398358649081654
8155,0.003984514945104007
8156,0.003985444909148198
8157,0.003986376387577847
8158,0.003987309385012338
8159,0.003988243906060972
8160,0.003989179955324115
8161,0.003990117537392877
8162,0.003991056656856251
8163,0.0039919973182959735
8164,0.003992939526271921
8165,0.003993883285333833
8166,0.00399482860002027
8167,0.003995775474859542
8168,0.0039967239143671755
8169,0.003997673923048923
8170,0.00399862550539814
8171,0.003999578665895757
8172,0.0040005334090104094
8173,0.004001489739198735
8174,0.004002447660905643
8175,0.004003407178562504
8176,0.004004368296587967
8177,0.004005331019387544
8178,0.00400629535135292
8179,0.004007261296862494
8180,0.004008228860279888
8181,0.004009198045955516
8182,0.0040101688582244365
8183,0.004011141301406981
8184,0.004012115379809305
8185,0.004013091097721334
8186,0.004014068459417924
8187,0.00401504746915843
8188,0.004016028131185344
8189,0.004017010449725843
8190,0.0040179944289898085
8191,0.0040189800731701125
8192,0.004019967386443391
8193,0.004020956372967748
8194,0.00402194703688501
8195,0.004022939382317416
8196,0.004023933413370155
8197,0.004024929134129053
8198,0.004025926548661612
8199,0.00402692566101622
8200,0.00402792647522128
8201,0.004028928995285894
8202,0.004029933225199285
8203,0.0040309391689295785
8204,0.004031946830425586
8205,0.004032956213613301
8206,0.004033967322398583
8207,0.00403498016066601
8208,0.004035994732276932
8209,0.004037011041071728
8210,0.004038029090867458
8211,0.004039048885458395
8212,0.004040070428614862
8213,0.004041093724095258
8214,0.0040421187756231524
8215,0.004043145586897917
8216,0.0040441741615937065
8217,0.004045204503359544
8218,0.0040462366158200355
8219,0.004047270502572808
8220,0.004048306167189902
8221,0.004049343613217535
8222,0.004050382844176873
8223,0.00405142386355911
8224,0.004052466674828375
8225,0.004053511281419825
8226,0.004054557686741289
8227,0.004055605894171186
8228,0.004056655907058562
8229,0.004057707728723385
8230,0.00405876136245518
8231,0.004059816811513274
8232,0.0040608740791263425
8233,0.004061933168490441
8234,0.004062994082772133
8235,0.0040640568251041394
8236,0.004065121398587071
8237,0.0040661878062888904
8238,0.0040672560512435675
8239,0.004068326136451707
8240,0.004069398064879148
8241,0.004070471839456836
8242,0.004071547463081402
8243,0.004072624938612714
8244,0.004073704268874651
8245,0.0040747854566548156
8246,0.004075868504703785
8247,0.004076953415733818
8248,0.0040780401924199
8249,0.0040791288373976204
8250,0.004080219353264522
8251,0.004081311742577659
8252,0.004082406007854994
8253,0.004083502151572559
8254,0.004084600176167083
8255,0.004085700084032404
8256,0.004086801877521062
8257,0.004087905558942426
8258,0.0040890111305636415
8259,0.004090118594607394
8260,0.004091227953252835
8261,0.004092339208634338
8262,0.004093452362841178
8263,0.0040945674179167935
8264,0.004095684375858321
8265,0.00409680323861709
8266,0.004097924008096077
8267,0.004099046686150919
8268,0.004100171274588643
8269,0.004101297775168319
8270,0.004102426189599073
8271,0.004103556519539461
8272,0.0041046887665986635
8273,0.004105822932334566
8274,0.00410695901825314
8275,0.00410809702580864
8276,0.004109236956403061
8277,0.004110378811384496
8278,0.004111522592047825
8279,0.004112668299633915
8280,0.004113815935328493
8281,0.004114965500262383
8282,0.004116116995523626
8283,0.0041172704223074634
8284,0.004118425781579469
8285,0.004119583074248849
8286,0.0041207423011649725
8287,0.004121903463120919
8288,0.004123066560849641
8289,0.004124231595025101
8290,0.00412539856626079
8291,0.004126567475110807
8292,0.004127738322066985
8293,0.0041289111075608394
8294,0.004130085831961402
8295,0.0041312624955749605
8296,0.004132441098645825
8297,0.004133621641353983
8298,0.004134804123816119
8299,0.004135988546084014
8300,0.0041371749081452955
8301,0.004138363209921623
8302,0.004139553451269433
8303,0.0041407456320077096
8304,0.004141939751891842
8305,0.004143135810578269
8306,0.0041443338076560315
8307,0.004145533742646136
8308,0.004146735615001388
8309,0.004147939424105597
8310,0.004149145169273522
8311,0.004150352849750582
8312,0.004151562464711694
8313,0.004152774013262026
8314,0.004153987494435853
8315,0.004155202907195613
8316,0.004156420250433211
8317,0.00415763952296871
8318,0.004158860723548784
8319,0.004160083850849644
8320,0.004161308903472294
8321,0.00416253587994674
8322,0.004163764778727608
8323,0.004164995598196745
8324,0.004166228336661913
8325,0.004167462992355654
8326,0.0041686995634364855
8327,0.004169938047987496
8328,0.004171178444016241
8329,0.004172420749455476
8330,0.00417366496216125
8331,0.004174911079913755
8332,0.004176159100417068
8333,0.00417740902129789
8334,0.00417866084010679
8335,0.004179914554316612
8336,0.004181170161323159
8337,0.004182427658443776
8338,0.004183687042919297
8339,0.004184948311911554
8340,0.004186211462462466
8341,0.004187476491532682
8342,0.004188743396047947
8343,0.004190012172854593
8344,0.00419128281871988
8345,0.004192555330331607
8346,0.004193829704545675
8347,0.004195105938002237
8348,0.004196384027148867
8349,0.004197663968352695
8350,0.004198945757900404
8351,0.004200229391997635
8352,0.00420151486676971
8353,0.004202802178260533
8354,0.00420409132243264
8355,0.00420538229516648
8356,0.004206675092262001
8357,0.0042079697094356975
8358,0.004209266142322597
8359,0.004210564386474908
8360,0.004211864437362676
8361,0.004213166290372178
8362,0.00421446994080668
8363,0.0042157753838864215
8364,0.00421708261474744
8365,0.004218391628442013
8366,0.0042197024199377865
8367,0.004221014984117746
8368,0.004222329315781122
8369,0.004223645409640546
8370,0.004224963260323879
8371,0.004226282862372832
8372,0.004227604210243456
8373,0.0042289272983050425
8374,0.004230252120839814
8375,0.004231578672043805
8376,0.0042329069460240116
8377,0.004234236936800791
8378,0.004235568638305583
8379,0.0042369020443810594
8380,0.004238237148781215
8381,0.004239573945170134
8382,0.004240912427122121
8383,0.00424225258812069
8384,0.004243594421558969
8385,0.004244937920738661
8386,0.004246283078869776
8387,0.004247629889069568
8388,0.0042489783443623525
8389,0.004250328437680607
8390,0.004251680161861424
8391,0.00425303350964803
8392,0.004254388473689586
8393,0.004255745046538761
8394,0.004257103220653227
8395,0.004258462988393054
8396,0.004259824342022755
8397,0.004261187273707924
8398,0.004262551775516678
8399,0.004263917839418644
8400,0.004265285457283686
8401,0.0042666546208821226
8402,0.004268025321883875
8403,0.004269397551858156
8404,0.004270771302271845
8405,0.004272146564490766
8406,0.004273523329777354
8407,0.004274901589290901
8408,0.004276281334087463
8409,0.0042776625551179245
8410,0.004279045243229325
8411,0.00428042938916271
8412,0.004281814983553837
8413,0.004283202016931372
8414,0.004284590479718218
8415,0.004285980362229962
8416,0.004287371654673623
8417,0.004288764347149032
8418,0.004290158429646879
8419,0.004291553892050685
8420,0.004292950724132939
8421,0.004294348915558396
8422,0.004295748455881435
8423,0.004297149334546189
8424,0.004298551540888303
8425,0.004299955064131662
8426,0.004301359893390985
8427,0.004302766017670037
8428,0.004304173425863385
8429,0.004305582106754206
8430,0.004306992049016236
8431,0.004308403241212719
8432,0.00430981567179794
8433,0.004311229329116226
8434,0.004312644201402423
8435,0.004314060276783519
8436,0.004315477543277399
8437,0.004316895988794741
8438,0.004318315601139022
8439,0.004319736368006758
8440,0.004321158276989229
8441,0.004322581315572904
8442,0.004324005471139351
8443,0.004325430730969004
8444,0.004326857082238417
8445,0.0043282845120243005
8446,0.00432971300730415
8447,0.004331142554956491
8448,0.004332573141763981
8449,0.004334004754413151
8450,0.004335437379497524
8451,0.004336871003519064
8452,0.004338305612888467
8453,0.0043397411939297866
8454,0.004341177732879401
8455,0.004342615215890226
8456,0.004344053629033939
8457,0.004345492958302007
8458,0.004346933189628216
8459,0.004348374308888195
8460,0.004349816301849092
8461,0.004351259154210176
8462,0.004352702851603235
8463,0.004354147379597139
8464,0.004355592723699683
8465,0.004357038869362603
8466,0.0043584858019815416
8467,0.004359933506903067
8468,0.004361381969425251
8469,0.0043628311748033265
8470,0.004364281108251155
8471,0.004365731754947236
8472,0.004367183100036782
8473,0.00436863512863667
8474,0.004370087825839377
8475,0.004371541176715281
8476,0.004372995166319686
8477,0.004374449779695458
8478,0.004375905001877379
8479,0.004377360817896956
8480,0.004378817212786632
8481,0.0043802741715849485
8482,0.004381731679339886
8483,0.004383189721114975
8484,0.004384648281993261
8485,0.004386107347082584
8486,0.004387566901519952
8487,0.004389026930476214
8488,0.004390487419161954
8489,0.004391948352832496
8490,0.0043934097167909044
8491,0.004394871496395821
8492,0.004396333677064865
8493,0.0043977962442799485
8494,0.0043992591835928145
8495,0.00440072248062945
8496,0.0044021861210960305
8497,0.004403650090783199
8498,0.004405114375572095
8499,0.004406578961438811
8500,0.004408043834458895
8501,0.004409508980813825
8502,0.0044109743867955286
8503,0.004412440038809818
8504,0.0044139059233844246
8505,0.004415372027170642
8506,0.004416838336949817
8507,0.004418304839638382
8508,0.004419771522291886
8509,0.004421238372110267
8510,0.004422705376440517
8511,0.0044241725227845575
8512,0.004425639798800436
8513,0.0044271071923086824
8514,0.004428574691294796
8515,0.004430042283915059
8516,0.00443150995849972
8517,0.004432977703557019
8518,0.004434445507776133
8519,0.004435913360032837
8520,0.004437381249390807
8521,0.004438849165106143
8522,0.004440317096631032
8523,0.004441785033616204
8524,0.004443252965913796
8525,0.00444472088358039
8526,0.004446188776880509
8527,0.004447656636287784
8528,0.004449124452489405
8529,0.004450592216389066
8530,0.004452059919103425
8531,0.00445352755196957
8532,0.004454995106542802
8533,0.004456462574601203
8534,0.004457929948147067
8535,0.0044593972194063485
8536,0.004460864380831775
8537,0.0044623314251021895
8538,0.004463798345124415
8539,0.004465265134034302
8540,0.004466731785196008
8541,0.004468198292203041
8542,0.004469664648878144
8543,0.004471130849274377
8544,0.004472596887672567
8545,0.004474062758584635
8546,0.004475528456749073
8547,0.004476993977134484
8548,0.004478459314935106
8549,0.004479924465572724
8550,0.0044813894246942
8551,0.004482854188170919
8552,0.004484318752097035
8553,0.004485783112788611
8554,0.00448724726678253
8555,0.004488711210832789
8556,0.004490174941911579
8557,0.004491638457204818
8558,0.0044931017541124975
8559,0.004494564830244796
8560,0.004496027683420647
8561,0.004497490311666136
8562,0.004498952713210326
8563,0.0045004148864848815
8564,0.004501876830120973
8565,0.004503338542945566
8566,0.004504800023980366
8567,0.004506261272437863
8568,0.004507722287720114
8569,0.004509183069418347
8570,0.004510643617302582
8571,0.0045121039313238045
8572,0.004513564011610903
8573,0.004515023858467028
8574,0.004516483472366651
8575,0.004517942853954111
8576,0.004519402004039173
8577,0.004520860923594463
8578,0.004522319613753361
8579,0.004523778075806568
8580,0.0045252363111990875
8581,0.00452669432152821
8582,0.004528152108539422
8583,0.0045296096741257955
8584,0.004531067020322568
8585,0.004532524149307127
8586,0.004533981063394632
8587,0.004535437765036552
8588,0.004536894256817404
8589,0.00453835054145375
8590,0.0045398066217902065
8591,0.004541262500798583
8592,0.004542718181574629
8593,0.004544173667336853
8594,0.004545628961423503
8595,0.004547084067292424
8596,0.004548538988517369
8597,0.004549993728787328
8598,0.004551448291905128
8599,0.0045529026817843245
8600,0.004554356902450206
8601,0.00455581095803642
8602,0.004557264852785198
8603,0.0045587185910449315
8604,0.004560172177269952
8605,0.0045616256160198295
8606,0.004563078911957667
8607,0.004564532069850215
8608,0.004565985094566928
8609,0.004567437991079089
8610,0.004568890764460768
8611,0.004570343419886004
8612,0.004571795962631462
8613,0.004573248398073087
8614,0.004574700731689528
8615,0.004576152969050375
8616,0.004577605115835348
8617,0.00457905717782505
8618,0.004580509160901524
8619,0.004581961071049382
8620,0.004583412914354632
8621,0.004584864697006538
8622,0.004586316425296208
8623,0.004587768105619449
8624,0.004589219744475427
8625,0.0045906713484681946
8626,0.004592122924307352
8627,0.004593574478808358
8628,0.004595026018893743
8629,0.004596477551592719
8630,0.004597929084041559
8631,0.004599380623487487
8632,0.004600832177285868
8633,0.004602283752903318
8634,0.004603735357917164
8635,0.004605187000015964
8636,0.00460663868700055
8637,0.004608090426784633
8638,0.004609542227395571
8639,0.004610994096974253
8640,0.004612446043775907
8641,0.004613898076170161
8642,0.0046153502026420575
8643,0.004616802431791248
8644,0.0046182547723240186
8645,0.004619707233071492
8646,0.004621159822980569
8647,0.004622612551112486
8648,0.004624065426645004
8649,0.004625518458869551
8650,0.00462697165719219
8651,0.004628425031133669
8652,0.004629878590326964
8653,0.004631332344517603
8654,0.004632786303563144
8655,0.00463424047743048
8656,0.004635694876196765
8657,0.004637149510046154
8658,0.004638604389269926
8659,0.004640059524262917
8660,0.004641514925523933
8661,0.0046429706036519814
8662,0.004644426569345472
8663,0.004645882833399431
8664,0.004647339406697318
8665,0.00464879630021725
8666,0.004650253525029277
8667,0.004651711092287907
8668,0.0046531690132319455
8669,0.004654627299178285
8670,0.004656085961537297
8671,0.004657545011873803
8672,0.004659004461723448
8673,0.0046604643226877285
8674,0.004661924606429456
8675,0.004663385324668576
8676,0.00466484648917787
8677,0.0046663081117782855
8678,0.0046677702043346515
8679,0.0046692327787502055
8680,0.004670695846962984
8681,0.004672159420939711
8682,0.004673623512670424
8683,0.00467508813416471
8684,0.004676553297444898
8685,0.0046780190145407855
8686,0.004679485297484821
8687,0.004680952158305959
8688,0.004682419609026312
8689,0.004683887661649465
8690,0.0046853563281572105
8691,0.004686825620504438
8692,0.0046882955506109825
8693,0.0046897661303581025
8694,0.00469123737157966
8695,0.004692709286056821
8696,0.004694181885511385
8697,0.004695655181599526
8698,0.004697129185905073
8699,0.00469860390993236
8700,0.0047000793651003825
8701,0.004701555562735734
8702,0.004703032514066063
8703,0.004704510230212848
8704,0.004705988722185243
8705,0.004707468000873171
8706,0.004708948077040664
8707,0.004710428961318556
8708,0.004711910664198473
8709,0.0047133931960257865
8710,0.004714876567000854
8711,0.004716360787185962
8712,0.0047178458664506
8713,0.004719331814487895
8714,0.0047208186408116345
8715,0.004722306354750354
8716,0.0047237949654388494
8717,0.004725284481813619
8718,0.004726774912605984
8719,0.004728266266334324
8720,0.004729758551300151
8721,0.004731251775579486
8722,0.004732745947019477
8723,0.0047342410732287244
8724,0.004735737161573658
8725,0.004737234219173063
8726,0.004738732252889227
8727,0.004740231269324842
8728,0.004741731274815927
8729,0.004743232275426613
8730,0.004744734276943656
8731,0.004746237284869942
8732,0.00474774130442031
8733,0.004749246340514298
8734,0.004750752397772309
8735,0.004752259480509485
8736,0.004753767592730765
8737,0.004755276738125243
8738,0.004756786920061813
8739,0.0047582981415804195
8740,0.004759810405288233
8741,0.004761323713562016
8742,0.00476283806843718
8743,0.004764353471603642
8744,0.00476586992440092
8745,0.0047673874278131995
8746,0.004768905982465576
8747,0.004770425588617868
8748,0.004771946246161692
8749,0.004773467954613548
8750,0.004774990713112445
8751,0.004776514520414796
8752,0.004778039374888788
8753,0.00477956527451118
8754,0.004781092216863009
8755,0.004782620199123071
8756,0.004784149218067071
8757,0.0047856792700590595
8758,0.004787210351050949
8759,0.004788742456575873
8760,0.004790275581744112
8761,0.004791809721213737
8762,0.0047933448692331895
8763,0.004794881019620019
8764,0.0047964181657518925
8765,0.004797956300562514
8766,0.004799495416537676
8767,0.004801035505711854
8768,0.004802576559662016
8769,0.004804118569505647
8770,0.004805661525895229
8771,0.004807205419015475
8772,0.004808750238577942
8773,0.004810295973818462
8774,0.004811842613492039
8775,0.004813390145870369
8776,0.004814938558736622
8777,0.004816487839382874
8778,0.004818037974606046
8779,0.004819588950704491
8780,0.004821140753474993
8781,0.004822693368208378
8782,0.004824246779687957
8783,0.004825800972184822
8784,0.00482735592945645
8785,0.00482891163474258
8786,0.004830468070763674
8787,0.004832025219718642
8788,0.004833583063281517
8789,0.004835141582600367
8790,0.004836700758295428
8791,0.004838260570456742
8792,0.00483982099864484
8793,0.004841382021887426
8794,0.0048429436186796125
8795,0.004844505766984646
8796,0.0048460684442570515
8797,0.004847631627407084
8798,0.004849195292798943
8799,0.004850759416264734
8800,0.0048523239731065254
8801,0.004853888938097629
8802,0.004855454285484981
8803,0.004857019988991431
8804,0.004858586021818284
8805,0.00486015235665781
8806,0.004861718965703604
8807,0.0048632858205224835
8808,0.004864852892269704
8809,0.004866420151600875
8810,0.004867987568677452
8811,0.004869555113174248
8812,0.004871122754285473
8813,0.00487269046073217
8814,0.004874258200770444
8815,0.004875825942200628
8816,0.0048773936523749326
8817,0.004878961298208995
8818,0.004880528846191577
8819,0.0048820962623949546
8820,0.004883663512486213
8821,0.004885230561741971
8822,0.004886797375057719
8823,0.004888363916962471
8824,0.0048899301516345806
8825,0.004891496042913107
8826,0.004893061554314693
8827,0.004894626649049815
8828,0.0048961912900374535
8829,0.004897755439923692
8830,0.004899319061096843
8831,0.004900882115708019
8832,0.004902444565687632
8833,0.004904006372765151
8834,0.004905567498488734
8835,0.004907127904244299
8836,0.004908687551276139
8837,0.004910246400709945
8838,0.004911804413569319
8839,0.004913361550801821
8840,0.004914917773299083
8841,0.004916473041918741
8842,0.004918027317503846
8843,0.004919580560905482
8844,0.004921132733016654
8845,0.0049226837947889766
8846,0.004924233707255067
8847,0.004925782431553602
8848,0.004927329928951577
8849,0.00492887616086718
8850,0.00493042108889697
8851,0.00493196467483519
8852,0.004933506880701135
8853,0.004935047668760236
8854,0.004936587001549267
8855,0.004938124841898876
8856,0.004939661152955157
8857,0.004941195898206217
8858,0.004942729041500763
8859,0.004944260547072938
8860,0.004945790379563221
8861,0.004947318504039969
8862,0.004948844886020189
8863,0.0049503694914915675
8864,0.00495189228693068
8865,0.004953413239323404
8866,0.004954932316184364
8867,0.004956449485574736
8868,0.004957964716119815
8869,0.00495947797702744
8870,0.004960989238102315
8871,0.004962498469763421
8872,0.0049640056430586225
8873,0.004965510729678374
8874,0.004967013701969683
8875,0.004968514532948931
8876,0.004970013196312638
8877,0.004971509666449962
8878,0.0049730039184507375
8879,0.004974495928117587
8880,0.004975985671971551
8881,0.004977473127415467
8882,0.0049789582726261885
8883,0.004980441086322587
8884,0.00498192154796783
8885,0.004983399637774065
8886,0.004984875336703627
8887,0.0049863486264730755
8888,0.0049878194895538654
8889,0.004989287909172032
8890,0.004990753869309335
8891,0.004992217354698654
8892,0.0049936783508242365
8893,0.004995136843920137
8894,0.0049965928209645735
8895,0.004998046269674623
8896,0.004999497178502562
8897,0.005000945536628098
8898,0.005002391333952137
8899,0.005003834561088727
8900,0.005005275209357224
8901,0.0050067132707735116
8902,0.005008148738038387
8903,0.005009581604529974
8904,0.005011011864290811
8905,0.0050124395120173275
8906,0.005013864543047509
8907,0.00501528695334862
8908,0.0050167067395039695
8909,0.005018123898699766
8910,0.005019538428710781
8911,0.005020950327887192
8912,0.005022359595138146
8913,0.005023766229919223
8914,0.005025170232215388
8915,0.005026571602526115
8916,0.005027970341850133
8917,0.005029366451668841
8918,0.005030759933931116
8919,0.005032150791036894
8920,0.005033539025820051
8921,0.005034924641473245
8922,0.00503630764155445
8923,0.005037688030103761
8924,0.005039065811531222
8925,0.005040440990598634
8926,0.005041813572403913
8927,0.005043183562365649
8928,0.005044550966207011
8929,0.005045915789938678
8930,0.005047278039844803
8931,0.005048637722465421
8932,0.005049994844582715
8933,0.005051349413205933
8934,0.005052701435554684
8935,0.005054050919046088
8936,0.005055397871280788
8937,0.005056742300010208
8938,0.005058084213153965
8939,0.005059423618775452
8940,0.005060760525067705
8941,0.005062094940339281
8942,0.005063426873001869
8943,0.005064756331558669
8944,0.00506608332459238
8945,0.005067407860754712
8946,0.0050687299487551145
8947,0.005070049597349708
8948,0.005071366815333313
8949,0.005072681611528463
8950,0.005073993994775544
8951,0.005075303973926008
8952,0.005076611557833093
8953,0.005077916755343341
8954,0.005079219575290533
8955,0.005080520026487703
8956,0.0050818181177203214
8957,0.005083113857741726
8958,0.005084407255264361
8959,0.0050856983189583056
8960,0.005086987057442378
8961,0.005088273479282859
8962,0.005089557592986535
8963,0.00509083940699886
8964,0.005092118929700395
8965,0.005093396169401713
8966,0.005094671134343198
8967,0.005095943832691666
8968,0.005097214272537866
8969,0.005098482461894713
8970,0.005099748408698024
8971,0.005101012120801839
8972,0.0051022736059808
8973,0.005103532871928164
8974,0.00510478992625577
8975,0.005106044776493765
8976,0.005107297430091697
8977,0.005108547894418579
8978,0.005109796176790207
8979,0.005111042284422977
8980,0.005112286224449767
8981,0.005113528003926722
8982,0.005114767629835042
8983,0.005116005109082257
8984,0.005117240448505251
8985,0.005118473654876021
8986,0.005119704734909418
8987,0.005120933695235738
8988,0.005122160542423042
8989,0.0051233852829780345
8990,0.005124607923350742
8991,0.005125828469935173
8992,0.005127046929071942
8993,0.005128263307053789
8994,0.005129477610123856
8995,0.00513068984448251
8996,0.0051319000162875095
8997,0.00513310813165789
8998,0.005134314196676735
8999,0.00513551821739329
9000,0.0051367201998265034
9001,0.005137920149968088
9002,0.0051391180737836275
9003,0.005140313977217223
9004,0.005141507866192476
9005,0.005142699746616724
9006,0.005143889624381867
9007,0.005145077505368156
9008,0.005146263395446919
9009,0.005147447300481005
9010,0.005148629226328457
9011,0.005149809178845794
9012,0.005150987163887624
9013,0.005152163187310627
9014,0.005153337254974375
9015,0.005154509372744442
9016,0.0051556795464929766
9017,0.005156847782101147
9018,0.00515801408546008
9019,0.005159178462473121
9020,0.005160340919056997
9021,0.005161501461142184
9022,0.005162660094675983
9023,0.005163816825622033
9024,0.005164971659961044
9025,0.005166124603694555
9026,0.005167275662841085
9027,0.005168424843441956
9028,0.005169572151556523
9029,0.005170717593268315
9030,0.005171861174681449
9031,0.0051730029019215066
9032,0.0051741427811374105
9033,0.005175280818500076
9034,0.005176417020203363
9035,0.005177551392463444
9036,0.005178683941518764
9037,0.005179814673629925
9038,0.00518094359508005
9039,0.0051820707121731984
9040,0.005183196031234895
9041,0.005184319558611363
9042,0.005185441300669163
9043,0.0051865612637934265
9044,0.0051876794543893705
9045,0.0051887958788795875
9046,0.005189910543703781
9047,0.005191023455319154
9048,0.0051921346201970545
9049,0.005193244044824006
9050,0.005194351735700717
9051,0.00519545769933942
9052,0.005196561942265174
9053,0.005197664471012245
9054,0.005198765292125247
9055,0.005199864412156247
9056,0.005200961837664504
9057,0.00520205757521551
9058,0.005203151631378846
9059,0.005204244012727912
9060,0.005205334725838154
9061,0.005206423777286006
9062,0.0052075111736467295
9063,0.005208596921496082
9064,0.005209681027404711
9065,0.0052107634979408814
9066,0.005211844339666452
9067,0.0052129235591376125
9068,0.0052140011629022145
9069,0.005215077157499921
9070,0.005216151549459128
9071,0.005217224345298148
9072,0.005218295551521674
9073,0.00521936517462245
9074,0.005220433221076161
9075,0.005221499697345291
9076,0.0052225646098734806
9077,0.0052236279650876094
9078,0.005224689769395552
9079,0.005225750029185511
9080,0.005226808750824359
9081,0.005227865940657835
9082,0.0052289216050097785
9083,0.005229975750179454
9084,0.005231028382443014
9085,0.00523207950805188
9086,0.005233129133231838
9087,0.005234177264182523
9088,0.005235223907077178
9089,0.005236269068061806
9090,0.005237312753254197
9091,0.005238354968744572
9092,0.0052393957205942535
9093,0.005240435014835852
9094,0.005241472857472355
9095,0.005242509254477687
9096,0.005243544211795316
9097,0.005244577735339816
9098,0.005245609830995296
9099,0.005246640504615127
9100,0.005247669762023711
9101,0.005248697609012166
9102,0.005249724051342594
9103,0.005250749094749615
9104,0.0052517727449363834
9105,0.005252795007579551
9106,0.0052538158883239155
9107,0.005254835392786835
9108,0.005255853526557202
9109,0.005256870295194927
9110,0.0052578857042342554
9111,0.005258899759180819
9112,0.005259912465513433
9113,0.005260923828681987
9114,0.005261933854115633
9115,0.00526294254721817
9116,0.005263949913370446
9117,0.00526495595793045
9118,0.005265960686233679
9119,0.005266964103594697
9120,0.005267966215307633
9121,0.005268967026647453
9122,0.0052699665428702774
9123,0.005270964769215713
9124,0.005271961710905783
9125,0.005272957373148967
9126,0.005273951761138036
9127,0.005274944880054276
9128,0.0052759367350653456
9129,0.005276927331330328
9130,0.005277916673997676
9131,0.005278904768208086
9132,0.005279891619095341
9133,0.005280877231787858
9134,0.005281861611409991
9135,0.005282844763083371
9136,0.005283826691927132
9137,0.005284807403061448
9138,0.005285786901607599
9139,0.005286765192688581
9140,0.005287742281433193
9141,0.005288718172974158
9142,0.0052896928724516365
9143,0.0052906663850149395
9144,0.005291638715822466
9145,0.005292609870043927
9146,0.005293579852862264
9147,0.005294548669473906
9148,0.00529551632509147
9149,0.005296482824945227
9150,0.005297448174282659
9151,0.005298412378372857
9152,0.005299375442504705
9153,0.005300337371990972
9154,0.005301298172168898
9155,0.005302257848400619
9156,0.005303216406076147
9157,0.005304173850613381
9158,0.005305130187460532
9159,0.005306085422096623
9160,0.005307039560033178
9161,0.005307992606815808
9162,0.005308944568025746
9163,0.005309895449278577
9164,0.005310845256230201
9165,0.00531179399457337
9166,0.005312741670097739
9167,0.005313688288610781
9168,0.005314633855928993
9169,0.005315578377914208
9170,0.005316521860470685
9171,0.005317464309548871
9172,0.0053184057311462295
9173,0.00531934613131093
9174,0.00532028551623278
9175,0.005321223892054286
9176,0.005322161264968111
9177,0.005323097641218016
9178,0.005324033027098793
9179,0.005324967428958687
9180,0.0053259008531988325
9181,0.005326833306274044
9182,0.005327764794694504
9183,0.005328695325024629
9184,0.005329624903884816
9185,0.005330553537952067
9186,0.005331481233958769
9187,0.005332407998696182
9188,0.005333333839011236
9189,0.00533425876180971
9190,0.0053351827740546745
9191,0.005336105882768038
9192,0.005337028095029328
9193,0.005337949417977265
9194,0.005338869858808816
9195,0.005339789424779783
9196,0.005340708123204314
9197,0.005341625961455781
9198,0.005342542946965367
9199,0.005343459087222739
9200,0.00534437438977673
9201,0.005345288862231856
9202,0.005346202512252897
9203,0.0053471153475602
9204,0.005348027375931469
9205,0.00534893860520105
9206,0.005349849043259269
9207,0.005350758698052401
9208,0.005351667577580629
9209,0.0053525756898993755
9210,0.005353483043117601
9211,0.005354389645396893
9212,0.005355295504951769
9213,0.005356200630047654
9214,0.005357105029001109
9215,0.005358008710178158
9216,0.0053589116819942224
9217,0.005359813952911774
9218,0.005360715531441524
9219,0.005361616426138983
9220,0.0053625166456056595
9221,0.0053634161984856795
9222,0.005364315093466421
9223,0.00536521333927725
9224,0.00536611094468671
9225,0.005367007918502883
9226,0.005367904269572513
9227,0.005368800006777179
9228,0.0053696951390343715
9229,0.005370589675295388
9230,0.005371483624542778
9231,0.005372376995791784
9232,0.005373269798085273
9233,0.005374162040495085
9234,0.00537505373211846
9235,0.00537594488207825
9236,0.005376835499519869
9237,0.0053777255936110005
9238,0.005378615173538557
9239,0.005379504248508482
9240,0.005380392827742323
9241,0.005381280920477813
9242,0.005382168535965018
9243,0.005383055683465251
9244,0.005383942372251115
9245,0.005384828611600789
9246,0.005385714410800452
9247,0.005386599779140231
9248,0.0053874847259119145
9249,0.0053883692604089215
9250,0.005389253391922887
9251,0.005390137129743731
9252,0.005391020483153855
9253,0.005391903461431635
9254,0.005392786073845197
9255,0.005393668329621962
9256,0.005394550237950774
9257,0.005395431808075148
9258,0.005396313049222452
9259,0.005397193970601057
9260,0.005398074581400671
9261,0.005398954890788698
9262,0.005399834907908775
9263,0.00540071464187787
9264,0.005401594101786533
9265,0.005402473296695614
9266,0.005403352235633845
9267,0.005404230927596532
9268,0.005405109381543813
9269,0.0054059876063988445
9270,0.005406865611045363
9271,0.00540774340432582
9272,0.005408620995040112
9273,0.005409498391942981
9274,0.005410375603742545
9275,0.0054112526390985545
9276,0.005412129506619706
9277,0.00541300621486352
9278,0.005413882772332636
9279,0.005414759187474055
9280,0.005415635468677101
9281,0.005416511624272352
9282,0.005417387662528341
9283,0.005418263591651298
9284,0.0054191394197820805
9285,0.005420015154996191
9286,0.005420890805300117
9287,0.0054217663786317325
9288,0.0054226418828560476
9289,0.005423517325767139
9290,0.005424392715083093
9291,0.005425268058446361
9292,0.005426143363421772
9293,0.005427018637495642
9294,0.005427893888072889
9295,0.005428769122343448
9296,0.00542964434752208
9297,0.005430519570763023
9298,0.0054313947991338945
9299,0.005432270039587923
9300,0.0054331452990141055
9301,0.0054340205842137185
9302,0.005434895901894417
9303,0.005435771258672635
9304,0.005436646661070335
9305,0.005437522115514144
9306,0.0054383976283340785
9307,0.00543927320576231
9308,0.005440148853932654
9309,0.0054410245788785346
9310,0.005441900386533667
9311,0.005442776282729151
9312,0.00544365227322916
9313,0.005444528363669699
9314,0.00544540455957103
9315,0.005446280866348895
9316,0.005447157289312154
9317,0.0054480338336625545
9318,0.005448910504494372
9319,0.005449787306792779
9320,0.005450664245433974
9321,0.005451541325183791
9322,0.0054524185506971135
9323,0.005453295926518013
9324,0.005454173457078565
9325,0.00545505114669831
9326,0.005455928999583226
9327,0.005456807019826621
9328,0.005457685211415881
9329,0.0054585635782181735
9330,0.005459442123982771
9331,0.005460320852345154
9332,0.005461199766823957
9333,0.005462078870822637
9334,0.005462958167628368
9335,0.00546383766041203
9336,0.005464717352228256
9337,0.005465597246015033
9338,0.0054664773446088345
9339,0.005467357650712558
9340,0.005468238166913386
9341,0.005469118895680317
9342,0.005469999839365574
9343,0.005470881000203174
9344,0.00547176238031087
9345,0.005472643981691109
9346,0.005473525806237574
9347,0.0054744078557158555
9348,0.005475290131774116
9349,0.005476172635943773
9350,0.005477055369638961
9351,0.005477938334157745
9352,0.005478821530681311
9353,0.005479704960274347
9354,0.005480588623886078
9355,0.005481472522349332
9356,0.005482356656381691
9357,0.005483241026584975
9358,0.00548412563344707
9359,0.005485010477340233
9360,0.005485895558522471
9361,0.0054867808771383855
9362,0.005487666433218658
9363,0.005488552226681136
9364,0.005489438257330629
9365,0.005490324524859159
9366,0.005491211028847788
9367,0.005492097768765369
9368,0.005492984743970651
9369,0.005493871953710454
9370,0.005494759397123381
9371,0.005495647073236931
9372,0.005496534980970564
9373,0.005497423119135218
9374,0.005498311486433669
9375,0.005499200081461484
9376,0.005500088902707515
9377,0.005500977948554715
9378,0.005501867217279243
9379,0.00550275670705371
9380,0.005503646415945898
9381,0.005504536341919244
9382,0.005505426482834676
9383,0.005506316836450282
9384,0.005507207400422215
9385,0.005508098172306431
9386,0.005508989149556402
9387,0.00550988032952738
9388,0.005510771709474493
9389,0.00551166328655527
9390,0.005512555057828252
9391,0.005513447020255863
9392,0.005514339170703552
9393,0.005515231505941044
9394,0.005516124022643537
9395,0.005517016717392053
9396,0.005517909586672646
9397,0.005518802626881109
9398,0.005519695834319424
9399,0.005520589205198365
9400,0.005521482735639364
9401,0.005522376421673016
9402,0.005523270259241685
9403,0.005524164244199708
9404,0.005525058372313388
9405,0.0055259526392634995
9406,0.005526847040644012
9407,0.005527741571965395
9408,0.005528636228653109
9409,0.005529531006049396
9410,0.005530425899414996
9411,0.005531320903928602
9412,0.005532216014688118
9413,0.005533111226712029
9414,0.005534006534940422
9415,0.005534901934234818
9416,0.00553579741937968
9417,0.005536692985083669
9418,0.005537588625980769
9419,0.005538484336629736
9420,0.005539380111516436
9421,0.005540275945054749
9422,0.005541171831587255
9423,0.005542067765385638
9424,0.005542963740652464
9425,0.005543859751521748
9426,0.005544755792061163
9427,0.005545651856270713
9428,0.005546547938085859
9429,0.0055474440313784765
9430,0.005548340129955577
9431,0.005549236227563801
9432,0.005550132317888324
9433,0.005551028394554349
9434,0.0055519244511287175
9435,0.005552820481120073
9436,0.0055537164779813335
9437,0.005554612435109532
9438,0.005555508345848664
9439,0.005556404203488822
9440,0.005557300001268503
9441,0.00555819573237639
9442,0.00555909138995168
9443,0.005559986967085341
9444,0.005560882456822227
9445,0.0055617778521605665
9446,0.005562673146056702
9447,0.005563568331421064
9448,0.005564463401125404
9449,0.005565358347999675
9450,0.00556625316483585
9451,0.00556714784438719
9452,0.005568042379372354
9453,0.005568936762474208
9454,0.005569830986342607
9455,0.005570725043595405
9456,0.005571618926819751
9457,0.00557251262857451
9458,0.005573406141389085
9459,0.005574299457769046
9460,0.005575192570193337
9461,0.005576085471118155
9462,0.00557697815297768
9463,0.005577870608185911
9464,0.00557876282913815
9465,0.005579654808211904
9466,0.005580546537769182
9467,0.005581438010157306
9468,0.0055823292177106
9469,0.00558322015275269
9470,0.005584110807596239
9471,0.005585001174547128
9472,0.005585891245902627
9473,0.005586781013956191
9474,0.005587670470996931
9475,0.005588559609311562
9476,0.005589448421186151
9477,0.00559033689890818
9478,0.005591225034766819
9479,0.005592112821054657
9480,0.0055930002500709656
9481,0.005593887314121082
9482,0.0055947740055180654
9483,0.005595660316586053
9484,0.00559654623965964
9485,0.005597431767086523
9486,0.005598316891228479
9487,0.00559920160446381
9488,0.005600085899186616
9489,0.005600969767810282
9490,0.005601853202768393
9491,0.005602736196515638
9492,0.005603618741529425
9493,0.005604500830311505
9494,0.005605382455389088
9495,0.005606263609316168
9496,0.0056071442846747244
9497,0.005608024474077672
9498,0.005608904170166774
9499,0.005609783365616753
9500,0.005610662053134678
9501,0.005611540225462481
9502,0.005612417875377078
9503,0.005613294995692605
9504,0.005614171579261601
9505,0.005615047618974189
9506,0.005615923107761185
9507,0.005616798038594904
9508,0.0056176724044888285
9509,0.00561854619850059
9510,0.005619419413731129
9511,0.005620292043326241
9512,0.005621164080478352
9513,0.0056220355184261345
9514,0.005622906350455529
9515,0.005623776569901382
9516,0.005624646170147524
9517,0.005625515144627467
9518,0.0056263834868258535
9519,0.005627251190277648
9520,0.0056281182485704165
9521,0.005628984655343923
9522,0.005629850404291439
9523,0.005630715489158684
9524,0.005631579903747054
9525,0.0056324436419111015
9526,0.005633306697560096
9527,0.005634169064660835
9528,0.005635030737233019
9529,0.005635891709354375
9530,0.005636751975157761
9531,0.0056376115288325635
9532,0.005638470364625724
9533,0.005639328476840808
9534,0.005640185859837711
9535,0.005641042508033998
9536,0.005641898415904442
9537,0.00564275357798132
9538,0.0056436079888534
9539,0.005644461643167156
9540,0.00564531453562622
9541,0.005646166660991093
9542,0.00564701801407922
9543,0.005647868589765361
9544,0.005648718382979782
9545,0.005649567388709819
9546,0.005650415601998512
9547,0.00565126301794533
9548,0.005652109631704389
9549,0.005652955438485487
9550,0.005653800433553293
9551,0.005654644612226589
9552,0.00565548796987815
9553,0.0056563305019347206
9554,0.005657172203875523
9555,0.005658013071232325
9556,0.005658853099589892
9557,0.005659692284583551
9558,0.00566053062190043
9559,0.00566136810727705
9560,0.005662204736500735
9561,0.005663040505407512
9562,0.00566387540988272
9563,0.005664709445858542
9564,0.005665542609315096
9565,0.005666374896279335
9566,0.005667206302823813
9567,0.005668036825066018
9568,0.0056688664591690975
9569,0.0056696952013390554
9570,0.005670523047825531
9571,0.005671349994919933
9572,0.005672176038956388
9573,0.005673001176308636
9574,0.005673825403391915
9575,0.005674648716659737
9576,0.005675471112604834
9577,0.005676292587758126
9578,0.005677113138687086
9579,0.005677932761995492
9580,0.0056787514543233724
9581,0.005679569212345543
9582,0.00568038603277035
9583,0.005681201912340372
9584,0.005682016847830064
9585,0.005682830836046504
9586,0.005683643873826938
9587,0.0056844559580403724
9588,0.005685267085584321
9589,0.005686077253386557
9590,0.005686886458402203
9591,0.005687694697614456
9592,0.005688501968033759
9593,0.005689308266696362
9594,0.005690113590664451
9595,0.005690917937025576
9596,0.005691721302891605
9597,0.005692523685397912
9598,0.005693325081703341
9599,0.005694125488989442
9600,0.005694924904459992
9601,0.005695723325340551
9602,0.005696520748877273
9603,0.005697317172337292
9604,0.005698112593007994
9605,0.005698907008195856
9606,0.005699700415227091
9607,0.005700492811446302
9608,0.005701284194217197
9609,0.005702074560920839
9610,0.005702863908956044
9611,0.005703652235739338
9612,0.005704439538704004
9613,0.005705225815300214
9614,0.005706011062994513
9615,0.005706795279269604
9616,0.005707578461624399
9617,0.005708360607573541
9618,0.005709141714647137
9619,0.005709921780391243
9620,0.005710700802373574
9621,0.005711478778174984
9622,0.0057122557053875065
9623,0.005713031581617255
9624,0.005713806404486553
9625,0.005714580171631387
9626,0.00571535288070373
9627,0.005716124529371074
9628,0.005716895115315046
9629,0.005717664636232599
9630,0.0057184330898368265
9631,0.005719200473855296
9632,0.00571996678603128
9633,0.005720732024124323
9634,0.005721496185909449
9635,0.005722259269178003
9636,0.005723021271737457
9637,0.005723782191411202
9638,0.0057245420260411475
9639,0.005725300773484358
9640,0.005726058431616704
9641,0.005726814998330762
9642,0.0057275704715376505
9643,0.005728324849166681
9644,0.005729078129165912
9645,0.005729830309502251
9646,0.005730581388163103
9647,0.005731331363153967
9648,0.005732080232502437
9649,0.005732827994255879
9650,0.005733574646482892
9651,0.005734320187273773
9652,0.005735064614741702
9653,0.00573580792702117
9654,0.00573655012227075
9655,0.005737291198672132
9656,0.005738031154431283
9657,0.005738769987778606
9658,0.005739507696970153
9659,0.005740244280286588
9660,0.005740979736036193
9661,0.005741714062429566
9662,0.005742447257707207
9663,0.005743179320259093
9664,0.005743910248503408
9665,0.005744640040886912
9666,0.00574536869588677
9667,0.005746096212008812
9668,0.005746822587791437
9669,0.005747547821803349
9670,0.0057482719126444376
9671,0.005748994858947737
9672,0.005749716659379326
9673,0.005750437312638423
9674,0.0057511568174584155
9675,0.005751875172607715
9676,0.005752592376888776
9677,0.005753308429141036
9678,0.005754023328239824
9679,0.005754737073096368
9680,0.005755449662660937
9681,0.005756161095920506
9682,0.00575687137189971
9683,0.005757580489663537
9684,0.005758288448316062
9685,0.005758995247000031
9686,0.005759700884900042
9687,0.005760405361201759
9688,0.0057611086751388875
9689,0.00576181082601945
9690,0.005762511813193985
9691,0.00576321163605388
9692,0.005763910294035775
9693,0.005764607786618791
9694,0.005765304113325293
9695,0.005765999273722105
9696,0.005766693267421083
9697,0.005767386094077804
9698,0.005768077753394755
9699,0.005768768245117998
9700,0.0057694575690406215
9701,0.005770145725001242
9702,0.005770832712884751
9703,0.0057715185326231025
9704,0.005772203184194746
9705,0.0057728866676252715
9706,0.00577356898298698
9707,0.005774250130400575
9708,0.005774930110033864
9709,0.005775608922102036
9710,0.005776286566868623
9711,0.00577696304464494
9712,0.005777638355791121
9713,0.005778312500714251
9714,0.00577898547987005
9715,0.005779657293763312
9716,0.005780327942946148
9717,0.005780997428019032
9718,0.0057816657496308
9719,0.00578233290847903
9720,0.005782998905309141
9721,0.005783663740915718
9722,0.005784327416140434
9723,0.005784989931873153
9724,0.0057856512890523725
9725,0.005786311488663281
9726,0.005786970531739195
9727,0.0057876284193615355
9728,0.005788285152657763
9729,0.005788940732803261
9730,0.005789595161020608
9731,0.005790248438577403
9732,0.0057909005667898744
9733,0.00579155154701863
9734,0.005792201380670989
9735,0.0057928500691991425
9736,0.005793497614101436
9737,0.005794144016920501
9738,0.005794789279243626
9739,0.005795433402702285
9740,0.005796076388972497
9741,0.005796718239772548
9742,0.005797358956864158
9743,0.005797998542052776
9744,0.005798636997184521
9745,0.0057992743241486195
9746,0.005799910524874568
9747,0.005800545601333759
9748,0.005801179555537032
9749,0.005801812389535853
9750,0.005802444105420603
9751,0.005803074705320916
9752,0.0058037041914048085
9753,0.005804332565878487
9754,0.005804959830984177
9755,0.0058055859890027125
9756,0.005806211042249475
9757,0.00580683499307682
9758,0.005807457843870905
9759,0.005808079597054046
9760,0.005808700255080415
9761,0.005809319820439546
9762,0.005809938295651712
9763,0.0058105556832713364
9764,0.005811171985882333
9765,0.005811787206099953
9766,0.005812401346570917
9767,0.0058130144099701846
9768,0.0058136263990020195
9769,0.005814237316398959
9770,0.005814847164920798
9771,0.005815455947355433
9772,0.005816063666516175
9773,0.005816670325241062
9774,0.005817275926395523
9775,0.00581788047286688
9776,0.005818483967567884
9777,0.005819086413433115
9778,0.005819687813420134
9779,0.0058202881705074535
9780,0.005820887487695427
9781,0.005821485768003846
9782,0.005822083014450757
9783,0.0058226792300910876
9784,0.005823274418001576
9785,0.005823868581275669
9786,0.00582446172302543
9787,0.005825053846377656
9788,0.005825644954475518
9789,0.005826235050476193
9790,0.005826824137552418
9791,0.005827412218889432
9792,0.005827999297686092
9793,0.005828585377152452
9794,0.00582917046051141
9795,0.0058297545509957025
9796,0.005830337651849307
9797,0.005830919766325192
9798,0.005831500897685507
9799,0.005832081049201222
9800,0.005832660224150076
9801,0.005833238425817865
9802,0.005833815657496274
9803,0.005834391922483358
9804,0.005834967224082084
9805,0.005835541565600079
9806,0.00583611495034909
9807,0.005836687381643755
9808,0.005837258862801705
9809,0.005837829397143117
9810,0.005838398987990356
9811,0.00583896763866723
9812,0.005839535352497235
9813,0.005840102132804484
9814,0.005840667982912685
9815,0.005841232906144398
9816,0.005841796905820298
9817,0.005842359985259697
9818,0.005842922147778671
9819,0.005843483396690276
9820,0.005844043735304282
9821,0.00584460316692586
9822,0.005845161694856313
9823,0.005845719322391279
9824,0.005846276052820544
9825,0.005846831889428912
9826,0.005847386835494193
9827,0.005847940894286753
9828,0.00584849406907057
9829,0.005849046363101368
9830,0.005849597779626393
9831,0.005850148321884748
9832,0.005850697993106584
9833,0.00585124679651258
9834,0.005851794735313039
9835,0.005852341812708901
9836,0.00585288803189001
9837,0.0058534333960358
9838,0.005853977908314103
9839,0.005854521571880741
9840,0.005855064389880449
9841,0.00585560636544555
9842,0.005856147501695077
9843,0.005856687801735697
9844,0.005857227268661109
9845,0.00585776590555118
9846,0.0058583037154534045
9847,0.005858840701393411
9848,0.005859376866409653
9849,0.005859912213524799
9850,0.005860446745747823
9851,0.005860980466072691
9852,0.0058615133774769105
9853,0.005862045482923471
9854,0.005862576785359013
9855,0.005863107287714472
9856,0.005863636992904868
9857,0.005864165903828363
9858,0.0058646940233664175
9859,0.005865221354383973
9860,0.0058657478997296425
9861,0.0058662736622337765
9862,0.0058667986447102
9863,0.005867322849955203
9864,0.005867846280747711
9865,0.005868368939848635
9866,0.005868890830000921
9867,0.00586941195393006
9868,0.0058699323143438
9869,0.005870451913930329
9870,0.005870970755360724
9871,0.0058714888412875355
9872,0.005872006174344798
9873,0.005872522757147867
9874,0.0058730385922936236
9875,0.005873553682360177
9876,0.005874068029907077
9877,0.005874581637475067
9878,0.005875094507585759
9879,0.005875606642742481
9880,0.005876118045428823
9881,0.005876628718110177
9882,0.005877138663232759
9883,0.005877647883212479
9884,0.00587815638045202
9885,0.0058786641573408205
9886,0.005879171216248548
9887,0.005879677559526738
9888,0.0058801831895068535
9889,0.0058806881085025145
9890,0.005881192318807602
9891,0.0058816958226972915
9892,0.005882198622427486
9893,0.005882700720235823
9894,0.005883202118340453
9895,0.005883702818940763
9896,0.005884202824217742
9897,0.005884702136333269
9898,0.005885200757431062
9899,0.00588569868963538
9900,0.005886195935052466
9901,0.005886692495769874
9902,0.005887188373857066
9903,0.005887683571364925
9904,0.0058881780903255855
9905,0.0058886719327536155
9906,0.005889165100644934
9907,0.005889657595977827
9908,0.0058901494207132055
9909,0.005890640576792491
9910,0.005891131066140855
9911,0.005891620890665076
9912,0.005892110052254333
9913,0.005892598552780946
9914,0.005893086394099367
9915,0.005893573578046406
9916,0.005894060106443008
9917,0.005894545981092095
9918,0.005895031203779525
9919,0.0058955157762757065
9920,0.00589599970033285
9921,0.005896482977687567
9922,0.00589696561005953
9923,0.005897447599152682
9924,0.0058979289466543515
9925,0.005898409654235969
9926,0.005898889723553651
9927,0.005899369156246336
9928,0.005899847953939008
9929,0.0059003261182401425
9930,0.0059008036507432705
9931,0.00590128055302649
9932,0.005901756826652866
9933,0.005902232473170874
9934,0.005902707494113984
9935,0.005903181891000918
9936,0.005903655665335973
9937,0.0059041288186092175
9938,0.005904601352296845
9939,0.0059050732678601605
9940,0.005905544566747798
9941,0.005906015250392962
9942,0.005906485320216982
9943,0.005906954777626785
9944,0.005907423624016388
9945,0.0059078918607664375
9946,0.005908359489244531
9947,0.005908826510806315
9948,0.005909292926792676
9949,0.0059097587385348645
9950,0.005910223947349297
9951,0.0059106885545412826
9952,0.005911152561404342
9953,0.0059116159692193795
9954,0.005912078779255307
9955,0.0059125409927711006
9956,0.0059130026110119326
9957,0.0059134636352135865
9958,0.005913924066599892
9959,0.005914383906384175
9960,0.0059148431557674444
9961,0.005915301815941959
9962,0.005915759888088539
9963,0.005916217373377607
9964,0.005916674272969335
9965,0.005917130588014113
9966,0.005917586319651871
9967,0.0059180414690134815
9968,0.005918496037219733
9969,0.005918950025381452
9970,0.005919403434601422
9971,0.005919856265972191
9972,0.005920308520577128
9973,0.005920760199491448
9974,0.0059212113037813595
9975,0.005921661834504178
9976,0.005922111792709049
9977,0.005922561179436672
9978,0.005923009995719542
9979,0.005923458242582198
9980,0.00592390592104107
9981,0.005924353032104782
9982,0.0059247995767749105
9983,0.00592524555604503
9984,0.005925690970901221
9985,0.005926135822322729
9986,0.005926580111281537
9987,0.005927023838742718
9988,0.005927467005664344
9989,0.005927909612998165
9990,0.005928351661688823
9991,0.005928793152675052
9992,0.005929234086888786
9993,0.005929674465256225
9994,0.005930114288697641
9995,0.005930553558126338
9996,0.005930992274450398
9997,0.0059314304385734
9998,0.005931868051390866
9999,0.005932305113795298
10000,0.005932741626672418
