optimizer_call,face_rmse_vs_cg
1,0.0025260527184056726
2,0.0025280096736862096
3,0.0025258381069025717
4,0.0025255974741626944
5,0.0025248157814633547
6,0.0025246594279841484
7,0.002524343903843332
8,0.0025241337353625473
9,0.002523831825063454
10,0.0025234521240012748
11,0.0025226257898949343
12,0.0025230466749297745
13,0.0025222004318810397
14,0.002521688632826034
15,0.0025213205877656626
16,0.0025209495759108682
17,0.002520431026995343
18,0.0025198208555806565
19,0.0025193594050553756
20,0.0025189362843535054
21,0.0025183702558039893
22,0.0025174031139758523
23,0.002519113032790182
24,0.002516989449234916
25,0.0025162705287729297
26,0.002515689102626767
27,0.00251495472591965
28,0.0025139548501319775
29,0.0025141120830608674
30,0.002513373023361719
31,0.002512630180906181
32,0.00251207167734349
33,0.00251115195986337
34,0.002510075470343393
35,0.002509345357950689
36,0.0025085678642452545
37,0.0025079511175246437
38,0.002507296922280075
39,0.0025063852369390125
40,0.0025055801650927614
41,0.0025048754739338073
42,0.0025042709949033826
43,0.0025033953856669665
44,0.002502360730454069
45,0.0025016911771241213
46,0.0025007205531788635
47,0.002500055349588062
48,0.0024992767122368215
49,0.0024986515111077253
50,0.002498267543219269
51,0.0024974011039941763
52,0.0024969078018384065
53,0.0024957718981245694
54,0.002495171358344092
55,0.0024946319725173936
56,0.0024937992924858442
57,0.002492106517533021
58,0.0024987188973903366
59,0.0024916487327199597
60,0.002490582881033881
61,0.0024906962144800398
62,0.0024902221284478472
63,0.0024899062187127706
64,0.0024893680219891245
65,0.002490355169497321
66,0.002489083508199422
67,0.0024884850996298447
68,0.002487858850790962
69,0.002487356517903975
70,0.0024868014813979058
71,0.002486189494564455
72,0.002485825337779445
73,0.0024850643025719214
74,0.0024858068219784655
75,0.0024847690583381485
76,0.002484339044133244
77,0.002483792431061354
78,0.002483253918816051
79,0.0024822015352346997
80,0.002482084050240891
81,0.002481495213214443
82,0.0024807966286732666
83,0.0024804176608054845
84,0.002480102187765032
85,0.002479689726187335
86,0.002479062856160763
87,0.0024786082813768266
88,0.0024776164977289013
89,0.0024771693221482096
90,0.0024767416343227768
91,0.0024761779526202912
92,0.002474957268547113
93,0.002476704975257517
94,0.002474556361195779
95,0.002473808040603933
96,0.002473206067126383
97,0.002472673570324284
98,0.0024719187499161236
99,0.0024714627660816363
100,0.002470920013739313
101,0.0024702238853308678
102,0.0024688571932788114
103,0.0024706977088219916
104,0.0024683220911779656
105,0.0024673824749509693
106,0.002466696403054244
107,0.0024660687816920566
108,0.002465407088492937
109,0.0024646070527390676
110,0.0024639816444330023
111,0.0024633619702202564
112,0.0024627419836835084
113,0.0024620640706407926
114,0.002461422389865781
115,0.002460830556516476
116,0.002459985816055753
117,0.002459513101002975
118,0.0024591509147575256
119,0.002458692465327508
120,0.002458298662922642
121,0.002458056278245189
122,0.002457371655189591
123,0.0024594780605488036
124,0.0024571045993183466
125,0.002456611198740585
126,0.0024560975666356346
127,0.002455667456744459
128,0.0024556953886619255
129,0.002455400088269945
130,0.002454951236433947
131,0.00245452060444842
132,0.002454037096301315
133,0.0024543276303588854
134,0.002453834672445036
135,0.002453493753162266
136,0.002453121987357132
137,0.0024526522383517546
138,0.0024520989433023973
139,0.002452103827027982
140,0.002451751523560693
141,0.0024511559333479415
142,0.002450690435946772
143,0.0024501597082968616
144,0.00244966366153141
145,0.0024490921272422453
146,0.00244853335693728
147,0.0024481062206292933
148,0.002447757423418118
149,0.002447164062334774
150,0.0024468531076611644
151,0.0024459807969927777
152,0.002446072258798829
153,0.0024455881457160237
154,0.0024448591528388537
155,0.0024441480784755647
156,0.0024435963832590384
157,0.0024431011986778685
158,0.00244256149477795
159,0.0024417866965420884
160,0.002441290069760769
161,0.0024407702881265904
162,0.002439845540769542
163,0.0024395000119475587
164,0.002438757343150894
165,0.002438141660084647
166,0.0024373015377511646
167,0.002436627627096804
168,0.00243611411933001
169,0.00243556439627281
170,0.0024348936391001964
171,0.002434246144095
172,0.0024335699087605542
173,0.002433232156838541
174,0.002432542172754105
175,0.002434529191955276
176,0.0024323761404110226
177,0.002431940508338727
178,0.0024315298235236707
179,0.0024309720990993555
180,0.002430335402309725
181,0.0024299187850089572
182,0.002429498619130994
183,0.0024290493544100395
184,0.00242885268026842
185,0.002428665021025463
186,0.0024283131775682666
187,0.0024280794685083247
188,0.0024275834191912946
189,0.002427326957278938
190,0.002427069015853075
191,0.0024274835306515217
192,0.0024269086362445186
193,0.0024266065318540283
194,0.0024262464235366692
195,0.002425840680132001
196,0.002425341684343789
197,0.002426291294305628
198,0.0024251380176156844
199,0.002424655396744851
200,0.002424291025048495
201,0.002423799397073937
202,0.0024233726609278823
203,0.0024233439637290546
204,0.0024230297579313923
205,0.00242264029966455
206,0.002422282409215798
207,0.0024219548775194547
208,0.0024215175731123594
209,0.002420992178528661
210,0.0024202955197182145
211,0.002421964457920963
212,0.0024199930606015915
213,0.0024194312692412756
214,0.0024189463165447053
215,0.002418524994662286
216,0.0024180592673985805
217,0.0024175707477119075
218,0.002417117031907083
219,0.0024167688682292647
220,0.0024161733898263394
221,0.002415843100082328
222,0.0024153668552514803
223,0.0024147544065011525
224,0.002414086864216544
225,0.002413587363559937
226,0.0024129099005539504
227,0.0024123976380451017
228,0.002411649695059027
229,0.0024110849039987183
230,0.002410527159901965
231,0.0024100950653607486
232,0.0024097292644918765
233,0.0024091721865402067
234,0.0024089039644950875
235,0.0024084989490795973
236,0.002407939264790023
237,0.002409247571995169
238,0.002407682630839228
239,0.0024071450306502023
240,0.0024068895345301573
241,0.00240660931381018
242,0.0024062218997396904
243,0.0024052667773261393
244,0.0024056149281176486
245,0.0024047748040901622
246,0.0024040931071629243
247,0.0024038354723936776
248,0.0024033753762922193
249,0.002404861425593641
250,0.00240323128871545
251,0.002402925305068917
252,0.002402533986739279
253,0.0024020341708031415
254,0.002401329797903618
255,0.0024013953291609053
256,0.0024009411330583952
257,0.002400449278931571
258,0.0024001261283977168
259,0.00239959822709953
260,0.0023989507815295754
261,0.0023983731517251555
262,0.0023982220891947586
263,0.002397642786633017
264,0.002397451514731932
265,0.002397011364088517
266,0.0023967051625519084
267,0.0023963245599751704
268,0.0023958195168046785
269,0.0023954372145492835
270,0.002394511591944485
271,0.002395318169143135
272,0.002394113554397897
273,0.00239346738344424
274,0.0023930604200816494
275,0.0023925968983367083
276,0.0023921497803149868
277,0.0023916519773276466
278,0.002391242768745894
279,0.0023908426425933898
280,0.002390159789987188
281,0.0023895831190415095
282,0.002389068550559857
283,0.0023885910934593026
284,0.0023880599985835536
285,0.002387862584388221
286,0.002387169212039585
287,0.0023867225370470062
288,0.0023861689886008723
289,0.0023858887167520454
290,0.002385606709461249
291,0.0023854871138637413
292,0.002385109418732084
293,0.0023847026246676998
294,0.0023849435638196225
295,0.0023844858780573547
296,0.0023840606560357976
297,0.0023837843130791914
298,0.002383486697329867
299,0.0023831981998649544
300,0.0023828276832197665
301,0.002382421257988944
302,0.002382225168013037
303,0.002381704224710433
304,0.002381472957193418
305,0.002381124239166554
306,0.002380872799227186
307,0.002380501188280532
308,0.0023802206097190766
309,0.002379946659835658
310,0.002379494830761116
311,0.0023808261606617846
312,0.002379301977399695
313,0.0023788961307102557
314,0.002378603508184876
315,0.002378197606984161
316,0.0023777867773218326
317,0.002377546989509023
318,0.0023769627138440076
319,0.0023766840988140433
320,0.0023764041318946228
321,0.0023760501565136473
322,0.002375679736933583
323,0.0023752634029925944
324,0.0023748591810602675
325,0.0023744288953264684
326,0.0023737874914749576
327,0.0023734467340643904
328,0.002373136774577035
329,0.002372551409623663
330,0.002372236519896365
331,0.002371906433673875
332,0.0023714933946285214
333,0.0023712112941440804
334,0.002370900444227765
335,0.002370079951307342
336,0.002370146314641707
337,0.0023698051353952185
338,0.002369379744085794
339,0.002368862319803228
340,0.002368379745111183
341,0.002368002001117282
342,0.0023676451383920797
343,0.0023672048343493742
344,0.0023667873183476507
345,0.0023668194365752764
346,0.0023664266217412063
347,0.0023659577733792744
348,0.0023657458277967073
349,0.0023654716745277783
350,0.002365291569718649
351,0.002364929717910503
352,0.002364646903347187
353,0.002364451801647016
354,0.002364107091510805
355,0.002364161010548387
356,0.0023638526933381916
357,0.00236351819223577
358,0.0023633381424642353
359,0.0023630699477941892
360,0.0023628213884332324
361,0.002362504261113225
362,0.0023620714632872717
363,0.0023618875333808794
364,0.0023614368468942793
365,0.0023609440561976726
366,0.0023607347070298463
367,0.002360478818943197
368,0.0023601849535918027
369,0.002359663892998301
370,0.0023591820369478884
371,0.002358855251230773
372,0.002358500030749287
373,0.0023581661535561726
374,0.0023576709564537136
375,0.002357251236413651
376,0.002356980620734334
377,0.0023567589519997534
378,0.002356464914186255
379,0.0023563405318813915
380,0.00235581334757254
381,0.0023556250187567176
382,0.0023553614024269917
383,0.0023549947744902957
384,0.002354537579232768
385,0.0023540138814765487
386,0.0023537465796239156
387,0.0023534283203182067
388,0.0023531077997089533
389,0.002352734373719739
390,0.002352154859835451
391,0.002351932695963121
392,0.002351648424495021
393,0.002351206318015769
394,0.0023509017511996466
395,0.0023506564046184256
396,0.002350170049735014
397,0.0023499187621616397
398,0.0023496290122329245
399,0.0023493570121892507
400,0.00234898869878372
401,0.0023487339029237167
402,0.002348374142857106
403,0.0023482720928478078
404,0.002347920908143536
405,0.002347766571252998
406,0.0023476157966036337
407,0.0023473955104392325
408,0.0023469575917352743
409,0.002346957658496871
410,0.002346663856318278
411,0.0023463435261433466
412,0.0023460324767820995
413,0.0023458086304067064
414,0.0023456607463734043
415,0.002345470778871448
416,0.002345334197679297
417,0.002345000797193589
418,0.002346012320133443
419,0.002344856716583057
420,0.002344597667203597
421,0.0023444179060466254
422,0.0023440929533458162
423,0.0023440025549088936
424,0.0023436057955720305
425,0.002343446389278603
426,0.002343231683317445
427,0.0023430223937961985
428,0.0023427342887852674
429,0.0023423044400978305
430,0.0023420927052253955
431,0.0023415862426046383
432,0.0023415419922086706
433,0.0023413048913701203
434,0.002340801205059148
435,0.0023404551426756516
436,0.0023401271468834277
437,0.0023398362377251495
438,0.002339537713346837
439,0.002339216424077299
440,0.002338961456299353
441,0.002338684982786289
442,0.0023382035063964726
443,0.0023378996009944587
444,0.0023375122902849223
445,0.0023371771834073073
446,0.002336867358760572
447,0.002336506410204401
448,0.0023362816863187175
449,0.0023358599346430895
450,0.002335632701540736
451,0.002335307583907231
452,0.002334812951867345
453,0.0023360305405929504
454,0.0023346261785578896
455,0.002334241944764728
456,0.0023339294421120234
457,0.0023338045163351466
458,0.0023333654297911684
459,0.002333200594437181
460,0.0023329607573580723
461,0.002332999346204351
462,0.0023328660553500243
463,0.002332697896133132
464,0.0023324185824768638
465,0.002332135780179744
466,0.0023317208415372043
467,0.0023311846149883463
468,0.0023313466695855027
469,0.0023309640876220516
470,0.0023307050265249795
471,0.002330526463138614
472,0.0023302582524457904
473,0.002329920906375459
474,0.0023296473242364495
475,0.00233001692673605
476,0.002329563297418502
477,0.002329405286865097
478,0.002329210011080187
479,0.0023288664036830212
480,0.0023285293317977795
481,0.0023286640952108265
482,0.002328326301815766
483,0.0023279642575974994
484,0.002327688879618453
485,0.0023273550137598953
486,0.002327296415127047
487,0.002326973748319906
488,0.0023268486153597543
489,0.0023266328173858373
490,0.0023263547681932396
491,0.0023264657526168215
492,0.002326165320638802
493,0.002325862216079916
494,0.00232567846685395
495,0.0023254471055199066
496,0.0023252441872962087
497,0.0023250068904904723
498,0.002324740974465927
499,0.002324538885889323
500,0.002324109733168698
501,0.0023245514877668107
502,0.0023239126963232838
503,0.0023236424706145745
504,0.0023234500731505554
505,0.002323233730226275
506,0.00232298504952433
507,0.0023227033941207367
508,0.0023223857411197642
509,0.0023221482197600674
510,0.002321730872393672
511,0.002321288869790029
512,0.002321027855396303
513,0.0023206780290214355
514,0.0023204368508648915
515,0.002320220789111979
516,0.002319954372532852
517,0.0023198147284173624
518,0.0023197163610331256
519,0.0023195655339076603
520,0.002319383247388524
521,0.0023191900953628544
522,0.0023191201094750536
523,0.0023188298709133238
524,0.002318689530685142
525,0.0023185328768435664
526,0.002318328433399176
527,0.0023179601438841806
528,0.002317784379320763
529,0.002317492190396618
530,0.002317334124166866
531,0.002317152614612701
532,0.0023168007417908006
533,0.002318764981985906
534,0.0023166901921101
535,0.0023164417825862816
536,0.0023162157497677856
537,0.0023158917243900445
538,0.0023156846002632342
539,0.0023154471108614077
540,0.0023152632125068174
541,0.002315092594076616
542,0.002314795846577349
543,0.002314461528734877
544,0.0023142605596868414
545,0.00231391668180889
546,0.002313611841639682
547,0.002313281513591217
548,0.0023129910664092448
549,0.0023127664416159807
550,0.0023126339116960252
551,0.002312170088745077
552,0.0023121878438441368
553,0.002312030564328106
554,0.0023118665881719717
555,0.0023114912962362705
556,0.002311116385684759
557,0.0023114360224957033
558,0.0023109349590595043
559,0.002310559409562973
560,0.00231027659346414
561,0.0023099531480206326
562,0.002309684203312867
563,0.002309488351807798
564,0.0023091840407917777
565,0.0023088136849972623
566,0.002308385072924469
567,0.0023080244666511904
568,0.0023076976453853155
569,0.0023074212533069397
570,0.002307072189322606
571,0.002306526824850315
572,0.0023067483896856964
573,0.002306292356705262
574,0.0023060198158205156
575,0.002305843654772489
576,0.0023055774653033758
577,0.0023053063640776604
578,0.002305089391602847
579,0.0023049009120808877
580,0.002304751657221287
581,0.0023045847235079616
582,0.0023042879379535
583,0.002304095281588391
584,0.002303628726258556
585,0.0023043868082004214
586,0.0023034742753479456
587,0.002303302781904577
588,0.0023031520539564462
589,0.0023029439025612623
590,0.002302746930799169
591,0.002302492533335592
592,0.0023023560659586628
593,0.0023021746087350903
594,0.002301966832685336
595,0.002301516126208189
596,0.0023019141425061652
597,0.0023013251492544576
598,0.002300930254888816
599,0.002300696398776428
600,0.002300493462684954
601,0.002300331516462912
602,0.0023001441094633555
603,0.0023000053507674163
604,0.0022996434463620186
605,0.002299956378220708
606,0.002299498434352383
607,0.002299196954819999
608,0.002298993005626762
609,0.002298815265750917
610,0.002298661562819603
611,0.002298340182408208
612,0.0022982113825404564
613,0.002297954638438591
614,0.0022977803350166734
615,0.002297579127853319
616,0.002297271528819783
617,0.0022974179089517237
618,0.0022971151139439686
619,0.0022968363311028288
620,0.002296662670237062
621,0.0022964342100578765
622,0.002296188344105282
623,0.0022958634793848573
624,0.0022955518567973907
625,0.002295229309925532
626,0.002294972229079126
627,0.0022946407026123825
628,0.002294405063328184
629,0.002294186419774323
630,0.0022939609067697815
631,0.002293811610228041
632,0.002293666491642963
633,0.0022934112963802628
634,0.0022931531827052286
635,0.0022929242934379623
636,0.002292731793551162
637,0.002292576723805948
638,0.0022923011013818366
639,0.0022919481227019574
640,0.0022919208888527187
641,0.002291636568465807
642,0.002291534551332362
643,0.0022913583891239317
644,0.0022911068024435892
645,0.002291305983980632
646,0.0022909613873466953
647,0.0022907673655299123
648,0.0022906574305211753
649,0.0022904450625859094
650,0.002290059624694284
651,0.0022904876603546762
652,0.0022898710574282746
653,0.002289563460345339
654,0.002289369419792064
655,0.0022891879079271803
656,0.002288956544631293
657,0.0022887393838467098
658,0.0022885598670784367
659,0.0022884244960807844
660,0.0022880319906547603
661,0.002287672003373419
662,0.002287454001212465
663,0.0022872168153033343
664,0.0022870692852208817
665,0.002286899069239172
666,0.002286670157903538
667,0.002286429166849313
668,0.002286172974404125
669,0.0022859622510297876
670,0.0022857405737839124
671,0.0022855223044559447
672,0.0022853237815678275
673,0.0022849498769063606
674,0.0022846490441642345
675,0.00228437258060652
676,0.0022841552631243443
677,0.002283931562197523
678,0.002283744168450706
679,0.0022834258508440917
680,0.0022831854429834616
681,0.002283017892308883
682,0.0022827552127507376
683,0.0022826142289877997
684,0.0022823946695681354
685,0.0022822528564079066
686,0.0022820813685819575
687,0.002281758819495931
688,0.002281455160372464
689,0.002281271172020557
690,0.0022810910017490604
691,0.0022809729836930784
692,0.0022807562944384308
693,0.002280487150548146
694,0.002280305015881736
695,0.0022800228369812183
696,0.0022799129007765287
697,0.002279728900414155
698,0.0022795541178193207
699,0.0022795028482623584
700,0.0022791259718354688
701,0.0022790030620460284
702,0.0022788503342218843
703,0.0022786357350949244
704,0.0022783442018622997
705,0.002278165925556589
706,0.002278016965946461
707,0.0022778110417292136
708,0.0022776607410978406
709,0.0022773745921841706
710,0.0022772248139944166
711,0.0022769907296633445
712,0.002276838385922896
713,0.0022766598106082423
714,0.002276335605473426
715,0.0022769113453183104
716,0.0022762050768220543
717,0.0022758831427802896
718,0.002275606917658742
719,0.0022752246766032285
720,0.002274892422544435
721,0.0022746663020954336
722,0.0022743763406159836
723,0.00227422088206076
724,0.0022740231862047144
725,0.0022737605404801135
726,0.0022734598761962503
727,0.0022732192129556066
728,0.0022730104179204194
729,0.0022727657548732897
730,0.002272507132202271
731,0.0022723260097520914
732,0.0022721268957688625
733,0.0022719772176184832
734,0.0022717702373183683
735,0.002271565208272984
736,0.0022713487229789344
737,0.0022712016587175285
738,0.0022710532702917125
739,0.002270848007287322
740,0.0022704764012817496
741,0.0022704917360642602
742,0.0022703465826077046
743,0.0022701763460052406
744,0.002270010437282144
745,0.0022698809978109018
746,0.002269738884959838
747,0.0022695057247306433
748,0.0022693908292756963
749,0.0022691147951850957
750,0.0022690155767024424
751,0.0022688329199726264
752,0.00226858805912754
753,0.002268141798233917
754,0.002269197699021229
755,0.002268013739392016
756,0.002267776884203631
757,0.0022675523879129157
758,0.0022673474704674153
759,0.002267064732409976
760,0.0022667661405515144
761,0.0022665951749103242
762,0.0022664730535674024
763,0.002266244576374376
764,0.0022659581711496194
765,0.002265866020648699
766,0.0022656535798734278
767,0.0022655641103822236
768,0.002265440081171033
769,0.0022652325899932308
770,0.0022651877413724228
771,0.002264852618990809
772,0.0022647498535851847
773,0.002264528154739906
774,0.0022643078098837795
775,0.002264086256687666
776,0.0022638669815420423
777,0.002263663919503395
778,0.0022634732367080405
779,0.0022632950710342894
780,0.0022631228009147505
781,0.0022629352530502424
782,0.002262709529475013
783,0.002262370922153881
784,0.0022622174725276984
785,0.00226204834736174
786,0.002261862745576016
787,0.002261620093839197
788,0.0022613414053338074
789,0.002261165889625173
790,0.0022609253133574945
791,0.0022610566887665638
792,0.0022607829295791843
793,0.002260549424783142
794,0.0022603841405669225
795,0.002260098675902346
796,0.0022599610433437617
797,0.0022597248137389827
798,0.0022596058425598162
799,0.002259424140303547
800,0.002259155000744825
801,0.0022590358707782355
802,0.0022587531060807363
803,0.0022586202198707117
804,0.0022584882055463394
805,0.002258352425452274
806,0.0022581248528660367
807,0.0022578289022825142
808,0.0022576049767834066
809,0.0022573754127174594
810,0.00225723640044869
811,0.002257151480543014
812,0.0022570326995306903
813,0.0022567699914067016
814,0.002257454853857525
815,0.0022566626267403666
816,0.0022564280414484293
817,0.0022562847337022373
818,0.002256110917233629
819,0.002255938904939056
820,0.002255732452139815
821,0.0022555703864589175
822,0.002255395179274286
823,0.0022552484397902017
824,0.002255069648095009
825,0.002254925937777453
826,0.002254615113922013
827,0.002255203732786232
828,0.002254524648402694
829,0.002254272378596237
830,0.0022540750456450406
831,0.00225388159188585
832,0.002253781498326703
833,0.002253680034017242
834,0.0022535318161996994
835,0.002253383128215259
836,0.002253068439185787
837,0.0022532868775052783
838,0.002252882544643745
839,0.002252637225956708
840,0.002252406171131594
841,0.0022521834063085598
842,0.0022520905752783085
843,0.002251818378600874
844,0.0022516783973453676
845,0.002251533921253141
846,0.002251304045462422
847,0.002251590645980512
848,0.00225117285026572
849,0.0022509019014216106
850,0.002250734692536118
851,0.0022505994076313846
852,0.0022504860652382214
853,0.0022503402194169572
854,0.0022501903579406992
855,0.0022499608434202157
856,0.002249838757413006
857,0.0022495289158213578
858,0.0022493578055683638
859,0.0022491763427280776
860,0.002248933922573267
861,0.0022508911761513315
862,0.002248880734121281
863,0.0022486890955042862
864,0.0022485465173561134
865,0.0022482391776228097
866,0.002248415671013739
867,0.0022481432938564637
868,0.002248011253184898
869,0.002247878764954264
870,0.0022477201474591924
871,0.0022475257377787207
872,0.002247396740142608
873,0.0022472502967505305
874,0.002247152782928457
875,0.002247082478608569
876,0.002246892455722285
877,0.0022466354521969243
878,0.0022463959247686163
879,0.002246225707172875
880,0.0022461013967456423
881,0.0022458894060526633
882,0.0022456072139479598
883,0.002245391677151188
884,0.0022452393053449438
885,0.0022450924523190925
886,0.0022449677418429352
887,0.00224479171216841
888,0.0022445724885263455
889,0.002244604506124578
890,0.0022444067707308077
891,0.0022442030296227914
892,0.002244057005397235
893,0.0022437854472970665
894,0.0022436147761896114
895,0.002243435460641141
896,0.0022432530901087423
897,0.0022430815097023017
898,0.0022427815787741862
899,0.002242534222647959
900,0.0022423714818153406
901,0.0022421849062340773
902,0.002241992457664476
903,0.0022417407196621635
904,0.0022416038465550097
905,0.002241497798020908
906,0.0022413882334386768
907,0.0022412593389803757
908,0.002241095121585622
909,0.0022409557501800034
910,0.0022408065841959734
911,0.0022405957482496495
912,0.0022402730065167555
913,0.0022410240701657043
914,0.0022401566517673078
915,0.002239914683668595
916,0.0022397398876427377
917,0.0022395747902664983
918,0.0022393994424049694
919,0.002239308189386058
920,0.002239131997684817
921,0.002239043374124348
922,0.0022389025790777836
923,0.0022387425831903235
924,0.0022386108365971095
925,0.0022384115778119116
926,0.0022381931676492516
927,0.0022379370318343765
928,0.0022378126285592637
929,0.002237659146265027
930,0.0022375242975605694
931,0.002237378831565428
932,0.0022372356602148678
933,0.002237118162447788
934,0.0022369242533479467
935,0.002236737072604694
936,0.002236608754625087
937,0.0022363779785036387
938,0.002236197599708235
939,0.0022359904033726636
940,0.0022358263243535464
941,0.002235716042770748
942,0.002235517112021507
943,0.0022352978293638842
944,0.0022350859492860707
945,0.0022349490055567434
946,0.0022347169120998734
947,0.0022344712546849563
948,0.0022342473199938226
949,0.0022340477603294473
950,0.0022338802014324507
951,0.002233679480732377
952,0.002233362459495182
953,0.0022330901627060982
954,0.0022329358213041862
955,0.002232758937251437
956,0.0022325973122073748
957,0.0022323663140584636
958,0.0022320868495494268
959,0.002231962662044725
960,0.0022318410047527195
961,0.002231614523921547
962,0.0022315989790559474
963,0.002231438397163237
964,0.002231357460823659
965,0.0022312512369062013
966,0.0022311128222054517
967,0.0022308133357244846
968,0.002230683303549672
969,0.0022304568370303747
970,0.002230386094561167
971,0.00223032739928855
972,0.002230215859700277
973,0.002230069738170665
974,0.0022298334271577407
975,0.0022297598869428273
976,0.002229569285003328
977,0.0022295168493115932
978,0.002229431329491357
979,0.002229257013070987
980,0.002229391970886811
981,0.0022291595356249425
982,0.0022289596881186003
983,0.002228831720744031
984,0.0022286936477561034
985,0.0022286332415480735
986,0.002228478564586927
987,0.0022283711726891623
988,0.0022282852032157858
989,0.0022281658698837747
990,0.002227903821982256
991,0.0022286320689783503
992,0.0022278298162057356
993,0.0022277053201815965
994,0.002227621104377441
995,0.0022274781100386307
996,0.0022273066656728546
997,0.0022271140193817003
998,0.0022269534620623383
999,0.002226838831872529
1000,0.0022267317291758243
1001,0.002226448118340946
1002,0.002226221783963395
1003,0.0022259746051373716
1004,0.00222580235224197
1005,0.002225622409453853
1006,0.002225438416789973
1007,0.002225219855507437
1008,0.0022250877298645977
1009,0.002224942636511566
1010,0.0022247494187634044
1011,0.002224571714474883
1012,0.0022242994051596236
1013,0.0022240761809308755
1014,0.002223930060801497
1015,0.002223798932514684
1016,0.002223696515498875
1017,0.0022235056112440833
1018,0.0022233563532982966
1019,0.0022232785416310833
1020,0.002223200393526056
1021,0.0022230894661644106
1022,0.0022228736818311148
1023,0.002222627949405321
1024,0.002222384661156031
1025,0.0022222261793377156
1026,0.0022220718981316116
1027,0.002221900714893405
1028,0.002221660665005272
1029,0.00222203576196257
1030,0.002221601363901734
1031,0.002221482385689507
1032,0.0022213931296759136
1033,0.002221234815564263
1034,0.0022210232376411953
1035,0.0022207482131758557
1036,0.002220649684915245
1037,0.0022204218230784615
1038,0.0022203427603437144
1039,0.002220206683954478
1040,0.002220121635653772
1041,0.002219895609942249
1042,0.0022197980297665567
1043,0.0022197059117723323
1044,0.002219567913307983
1045,0.002219274916071269
1046,0.002219440956326172
1047,0.002219157671754152
1048,0.0022190298893905295
1049,0.002218957945682687
1050,0.002218861723362058
1051,0.0022187201491967305
1052,0.002218583834690105
1053,0.00221845213081458
1054,0.0022183294330649595
1055,0.002218162887075764
1056,0.002218002357502662
1057,0.002217837234429798
1058,0.0022176744730878347
1059,0.0022174735420545165
1060,0.0022172348127418653
1061,0.0022171407958979546
1062,0.0022169445232747545
1063,0.0022168343885184336
1064,0.002216690035808669
1065,0.0022164734928960044
1066,0.002216305288884553
1067,0.0022159913811639503
1068,0.0022158621268368746
1069,0.0027388296379594213
1070,0.002737753995748655
1071,0.002710734973521618
1072,0.0026837683838559358
1073,0.0026670947099362904
1074,0.0026540459145338725
1075,0.0026411198244607383
1076,0.002630251965949699
1077,0.002617628670323399
1078,0.002602834440376329
1079,0.002586488225058291
1080,0.0025744195346257322
1081,0.002562156733812676
1082,0.002551426796260729
1083,0.002538942492262159
1084,0.0025222392522121556
1085,0.002500063936647649
1086,0.0024908371751366605
1087,0.0024789251353848837
1088,0.0024740238907215383
1089,0.0024670656047357997
1090,0.0024552138504175206
1091,0.0024446242117372695
1092,0.0024383017192691116
1093,0.0024319620591996354
1094,0.0024242192578479995
1095,0.0024155451122437107
1096,0.0024112053309500807
1097,0.0024072859315289255
1098,0.002402084136637106
1099,0.0023967282358357397
1100,0.0023938645316011345
1101,0.002387185206373969
1102,0.0023846289118288513
1103,0.0023808457522817993
1104,0.0023749026563258994
1105,0.0023776983428766487
1106,0.0023715211060786924
1107,0.0023671173632792324
1108,0.0023642565835762493
1109,0.002360869800284759
1110,0.002358019491916067
1111,0.0023546284005205205
1112,0.002351736993822799
1113,0.0023489563378170193
1114,0.0023447749459211105
1115,0.0023416126199927497
1116,0.0023398050545018418
1117,0.0023378030858415373
1118,0.0023357810348194922
1119,0.002332007990480717
1120,0.0023291689810860865
1121,0.002327314717165671
1122,0.0023255807121208517
1123,0.002323865866271398
1124,0.0023212355616424396
1125,0.0023191811443734477
1126,0.00231787365425473
1127,0.0023171130053773266
1128,0.002316572355904593
1129,0.0023158411027810505
1130,0.0023148089874257534
1131,0.0023133320940805406
1132,0.002313841229811255
1133,0.002312813349293112
1134,0.0023121673032677793
1135,0.0023111432930973887
1136,0.002310257716908499
1137,0.0023093312279656953
1138,0.002308572455892649
1139,0.0023073483841269614
1140,0.0023063953216634243
1141,0.0023043302226670556
1142,0.0023035747205647442
1143,0.0023020259548265846
1144,0.0023012752762531638
1145,0.00230038736742586
1146,0.0023001785923613127
1147,0.002298901734135754
1148,0.0022982484003859186
1149,0.002297433555346454
1150,0.002296381914054768
1151,0.002296969403803853
1152,0.0022956209850065173
1153,0.002294169456049832
1154,0.0022933492367975795
1155,0.0022924019585882417
1156,0.0022915729285377926
1157,0.002290631317365833
1158,0.0022898059077717543
1159,0.0022890939053749927
1160,0.00228837966869814
1161,0.0022873331737554474
1162,0.00228662422668784
1163,0.002286066406670831
1164,0.0022853094156837683
1165,0.002284410190698589
1166,0.002283848495702275
1167,0.002282646406646926
1168,0.0022821623887173013
1169,0.00228157858937514
1170,0.002280811233204051
1171,0.0022810033892517426
1172,0.002280279151239213
1173,0.0022794330922587193
1174,0.0022787776599250773
1175,0.002277847336468612
1176,0.0022772214293786414
1177,0.0022762631783738575
1178,0.0022755525593208545
1179,0.0022748370010698717
1180,0.0022747370188578044
1181,0.0022738927749177333
1182,0.002273538847514771
1183,0.0022730926069002956
1184,0.0022733768752397424
1185,0.0022729254242761566
1186,0.0022726001373394476
1187,0.002271897292470216
1188,0.0022713891959930993
1189,0.002271174694493352
1190,0.0022707589061127732
1191,0.002270496417966022
1192,0.0022700942852416474
1193,0.002269525627615487
1194,0.00227061307409983
1195,0.00226928194155629
1196,0.0022689583496217297
1197,0.002268715672641702
1198,0.0022682980782038208
1199,0.0022677607101189686
1200,0.002268173611044465
1201,0.002267430100653337
1202,0.002266895465288367
1203,0.002266569135692461
1204,0.002266209789736073
1205,0.002265617524810836
1206,0.0022660131906679665
1207,0.002265247103941928
1208,0.00226465627568855
1209,0.0022642751788878607
1210,0.002263822852675787
1211,0.0022637590568810777
1212,0.0022630939152451937
1213,0.002262838569770865
1214,0.0022624553974653515
1215,0.002261931807617596
1216,0.0022618218769202
1217,0.0022607494231514555
1218,0.0022604325723292484
1219,0.002259986061308725
1220,0.002259611794603512
1221,0.0022591626180104656
1222,0.002258793183584807
1223,0.002258447076227369
1224,0.002258052636524269
1225,0.0022575679625842795
1226,0.002257135657182306
1227,0.002256586091967912
1228,0.0022561247054427
1229,0.0022555887132560013
1230,0.002255139289474984
1231,0.0022545847847691824
1232,0.002254223281283067
1233,0.0022538735407364847
1234,0.0022533928848503066
1235,0.0022531840197562254
1236,0.00225291671026199
1237,0.0022528963352144264
1238,0.002252614217959443
1239,0.0022523072910235796
1240,0.0022521959807666
1241,0.0022517632807885794
1242,0.0022517299250605165
1243,0.0022515386441868683
1244,0.0022513420811932274
1245,0.002251090550223838
1246,0.002250931842173454
1247,0.00225050252564792
1248,0.0022541010796485435
1249,0.0022504181182189187
1250,0.002250193863991142
1251,0.0022499535156502537
1252,0.0022496799957784923
1253,0.0022495018664368876
1254,0.0022493327196472673
1255,0.002249130043279409
1256,0.0022489596845985745
1257,0.0022485549610093453
1258,0.0022487267777622074
1259,0.002248358265246778
1260,0.002248134410231622
1261,0.002247899534066262
1262,0.002247676227108556
1263,0.002247254983117042
1264,0.0022467423899445735
1265,0.0022469234810000484
1266,0.0022464735181035173
1267,0.0022462129719971633
1268,0.002246002175120707
1269,0.00224582341978775
1270,0.0022455701301006734
1271,0.0022453585677533173
1272,0.0022451447354252174
1273,0.0022448655710336413
1274,0.002244510290579401
1275,0.0022442176929714994
1276,0.0022439677572346846
1277,0.0022436617041729817
1278,0.0022434828258539414
1279,0.0022432313519424167
1280,0.0022428890289686197
1281,0.0022427086049648256
1282,0.0022424968383150273
1283,0.002242162895569046
1284,0.0022419694418382846
1285,0.002241796821494088
1286,0.0022414719753099024
1287,0.0022412778161741017
1288,0.0022407837757256114
1289,0.0022417598119605516
1290,0.0022406564344090558
1291,0.002240395975167341
1292,0.0022401786955285967
1293,0.002239900810698981
1294,0.0022396439724883125
1295,0.0022394056331217654
1296,0.002239368511669244
1297,0.0022391930151870586
1298,0.0022391158914730107
1299,0.002238977002409996
1300,0.002238868369128411
1301,0.0022387187222794465
1302,0.0022386070333397508
1303,0.0022384666962665775
1304,0.0022382931395465333
1305,0.0022385860867466033
1306,0.0022381892540896692
1307,0.0022379698063407422
1308,0.002237821689547878
1309,0.002237635908292414
1310,0.002237558794620582
1311,0.0022373785389526984
1312,0.0022372636289252376
1313,0.0022371627135960295
1314,0.0022369884880450762
1315,0.0022366422375398242
1316,0.002238982863762766
1317,0.002236572919084704
1318,0.0022363468460756615
1319,0.002236146153252705
1320,0.002235819291850562
1321,0.002235760666974689
1322,0.0022355082852441328
1323,0.0022354080685567943
1324,0.002235259608229588
1325,0.0022352525633616335
1326,0.0022351643446455005
1327,0.002235040939849619
1328,0.002234816160442239
1329,0.0022346183189958808
1330,0.002234386762653752
1331,0.002234193050640398
1332,0.002233996770391527
1333,0.002233791675122085
1334,0.0022337551992181025
1335,0.0022334959171382727
1336,0.0022334058622089947
1337,0.0022332734454325845
1338,0.0022331412050822673
1339,0.0022329626721970483
1340,0.0022327805102375065
1341,0.0022326517226678917
1342,0.002232484935173325
1343,0.0022323029651303374
1344,0.002232146858663694
1345,0.002231975865461386
1346,0.0022318262806933476
1347,0.002231588705655955
1348,0.0022312425863294746
1349,0.002231356297548941
1350,0.002231102797365026
1351,0.002230942907077583
1352,0.0022307845542065864
1353,0.002230708973625154
1354,0.002230535443588909
1355,0.002230451449098033
1356,0.002230350813147906
1357,0.0022302192845384534
1358,0.0022300918186199136
1359,0.0022299867283811026
1360,0.0022299015230212017
1361,0.0022298181983525333
1362,0.0022296656445447123
1363,0.0022294897527460468
1364,0.0022294275419672506
1365,0.002229325909184983
1366,0.002229202558507546
1367,0.002228971502518399
1368,0.0022296419608372315
1369,0.0022288800365763673
1370,0.002228749229460414
1371,0.002228664782219511
1372,0.00222859165472998
1373,0.00222845740665596
1374,0.002228317670844217
1375,0.0022282200504916403
1376,0.002228096234569074
1377,0.0022279920877205884
1378,0.0022277735645812734
1379,0.0022280133089637526
1380,0.0022276808758554356
1381,0.0022275505795164765
1382,0.00222745564204872
1383,0.002227369273653848
1384,0.002227253626457756
1385,0.0022271672179149738
1386,0.0022270444940747755
1387,0.0022269828594374003
1388,0.002226899007733823
1389,0.0022267521384324515
1390,0.002226574194497815
1391,0.0022263895184865307
1392,0.0022262897820250786
1393,0.0022261484346354165
1394,0.0022260511793024025
1395,0.0022259203736857006
1396,0.0022257773053210284
1397,0.002225659484822595
1398,0.0022254986388374268
1399,0.002225331622512596
1400,0.0022251959442628065
1401,0.0022250993555734816
1402,0.0022249648382334725
1403,0.0022248254877499847
1404,0.0022246632783140016
1405,0.002224541906141704
1406,0.0022244000361272523
1407,0.0022242663094066547
1408,0.0022241389315567203
1409,0.002224014876849994
1410,0.002223954604549391
1411,0.0022239011642510827
1412,0.002223839030438756
1413,0.0022237431453629767
1414,0.002223694514122598
1415,0.002223606996590806
1416,0.0022234448345299254
1417,0.0022235182902263814
1418,0.0022233583996826897
1419,0.002223278526296808
1420,0.0022232232973764116
1421,0.0022231492511368303
1422,0.0022230093383893636
1423,0.002222983575094809
1424,0.0022227499400677584
1425,0.00222266784401693
1426,0.0022225785149799166
1427,0.002222475097636293
1428,0.002222237258964772
1429,0.002222070522054694
1430,0.0022219445766664056
1431,0.0022218613277773715
1432,0.002221760422599343
1433,0.0022216288845105315
1434,0.0022215533876143497
1435,0.0022214036128247795
1436,0.0022213281342155222
1437,0.002221243263556445
1438,0.0022210679515265183
1439,0.0022213584670660357
1440,0.002220993791107797
1441,0.0022208686078669807
1442,0.0022207655468921284
1443,0.0022206322070953545
1444,0.0022204925989683768
1445,0.002220322579868422
1446,0.0022202121703427252
1447,0.002220112998876136
1448,0.0022199529052970733
1449,0.0022198897262891305
1450,0.0022197627022136866
1451,0.0022196405138078974
1452,0.002219550865554665
1453,0.002219356281403717
1454,0.0022192256969172874
1455,0.0022189196887811356
1456,0.002218806263174465
1457,0.002218701888047006
1458,0.002218591615838179
1459,0.0022184678508295626
1460,0.0022182400232509765
1461,0.002218153674949743
1462,0.002218051378145235
1463,0.0022179216534339284
1464,0.0022178231173225604
1465,0.002217760992627749
1466,0.002217576550784441
1467,0.002217486258404871
1468,0.0022173767791889734
1469,0.0022173976159339543
1470,0.002217335477998127
1471,0.002217265386919664
1472,0.002217184239269127
1473,0.0022171264446317895
1474,0.002217065771197205
1475,0.0022169647348017386
1476,0.002216864393507492
1477,0.00221669572390152
1478,0.0022169563890151534
1479,0.0022166321814993087
1480,0.0022165187679941078
1481,0.002216430175637741
1482,0.0022163035386517636
1483,0.0022161222464590837
1484,0.002216289027844714
1485,0.0022160189008747465
1486,0.002215849911865649
1487,0.0022157694403375726
1488,0.0022156828506163366
1489,0.002215612683946031
1490,0.002215451218786454
1491,0.0022152903549105506
1492,0.0022152514048810468
1493,0.00221502830613834
1494,0.002214955806211669
1495,0.002214856911094014
1496,0.0022147081963574183
1497,0.002214657978489424
1498,0.002214409967837178
1499,0.002214329334015966
1500,0.0022141983767887475
1501,0.0022141124221875404
1502,0.002213955502850755
1503,0.0022138241332973884
1504,0.0022137308076474044
1505,0.002213583367438444
1506,0.002213506581606036
1507,0.002213399668448015
1508,0.002213341526135362
1509,0.0022132345734419434
1510,0.002213068046022808
1511,0.0022130599662969134
1512,0.0022129605183082057
1513,0.0022128372446166902
1514,0.002212720741775052
1515,0.002212608150079342
1516,0.002212439099170316
1517,0.0022122620129506076
1518,0.002212077455528225
1519,0.002211959033527294
1520,0.002211852417430853
1521,0.0022117635881600097
1522,0.002211709324488605
1523,0.0022116577749363943
1524,0.0022115885642924283
1525,0.002211522377321952
1526,0.0022114225376185133
1527,0.0022113901620820493
1528,0.0022112786150353687
1529,0.002211235264014533
1530,0.0022111770919460046
1531,0.0022111702827377617
1532,0.0022111325359314717
1533,0.002211074129122273
1534,0.002210996941265624
1535,0.002210956075739992
1536,0.0022109073820636978
1537,0.0022108553656246316
1538,0.0022107826056059505
1539,0.0022106921714562474
1540,0.0022105153804571048
1541,0.002210814394283448
1542,0.002210435777494163
1543,0.0022103052060442867
1544,0.00221024591845629
1545,0.002210184200760729
1546,0.0022101048207098565
1547,0.00221001703144456
1548,0.0022098793520701336
1549,0.002209815074400624
1550,0.002209724552490538
1551,0.0022096069925989312
1552,0.0022094790217613656
1553,0.0022093341081427273
1554,0.0022092788798458115
1555,0.0022091477769823585
1556,0.0022090882634606887
1557,0.0022089766259220955
1558,0.0022088407600562854
1559,0.002208741320762047
1560,0.0022086428757954572
1561,0.0022085464622956094
1562,0.0022084425384365125
1563,0.0022084995600357344
1564,0.0022083642877520947
1565,0.0022082297238990227
1566,0.0022081431624296276
1567,0.002208007894169031
1568,0.0022078753402402537
1569,0.0022078533398567904
1570,0.00220762362937784
1571,0.0022075634593372324
1572,0.0022074656657454115
1573,0.0022073535499975232
1574,0.0022072285002480907
1575,0.002207116523959628
1576,0.0022069930391006103
1577,0.0022068822259603557
1578,0.0022067754619375605
1579,0.002206668099609757
1580,0.0022066070905630195
1581,0.0022064899352324738
1582,0.0022063496309445894
1583,0.0022063416775497707
1584,0.0022062873512312046
1585,0.002206233950590123
1586,0.002206169355604113
1587,0.002206082914087963
1588,0.0022061516087488564
1589,0.0022060360886075494
1590,0.0022059412133812804
1591,0.0022058759707888572
1592,0.0022058118773266677
1593,0.0022057442541912713
1594,0.0022056932226618463
1595,0.0022056306928363114
1596,0.0022055539309828757
1597,0.002205436556291299
1598,0.0022054139337114925
1599,0.002205291132607465
1600,0.002205248381671954
1601,0.002205194904148535
1602,0.0022051111477310497
1603,0.002204978730558693
1604,0.002204886870526601
1605,0.002204811561802835
1606,0.0022047688418758943
1607,0.0022047171520288467
1608,0.002204682219398459
1609,0.002204528161377906
1610,0.00220453101897904
1611,0.0022044807124100207
1612,0.0022044457593151144
1613,0.002204417236363619
1614,0.0022042691605410527
1615,0.0022041822624831774
1616,0.0022041120324314684
1617,0.0022039860559170403
1618,0.002203939877973345
1619,0.002203909582214323
1620,0.0022038841620882375
1621,0.0022037368170664626
1622,0.0022036171017270345
1623,0.0022035224936887534
1624,0.002203434718732212
1625,0.002203352159679442
1626,0.002203261394887078
1627,0.0022031511834808056
1628,0.0022029913430637164
1629,0.0022029140119264315
1630,0.0022028181646265277
1631,0.00220273906735764
1632,0.00220263663083695
1633,0.002202538742121009
1634,0.002202488879673857
1635,0.002202455753580681
1636,0.002202297399013989
1637,0.002202219249343155
1638,0.0022021211656709353
1639,0.002201989689029147
1640,0.002201889741783571
1641,0.0022017694649543026
1642,0.0022016944520396233
1643,0.0022015983278178726
1644,0.002201548432344099
1645,0.0022014740663759925
1646,0.002201337131933705
1647,0.002201614303880289
1648,0.0022012859963934568
1649,0.0022012110784247053
1650,0.0022011493979624637
1651,0.0022010802268576683
1652,0.0022009609237132522
1653,0.0022011715154231708
1654,0.0022009218650669766
1655,0.0022008175297092655
1656,0.0022007325984868906
1657,0.002200618586528137
1658,0.002200599254454195
1659,0.0022005035956869723
1660,0.0022004635079223536
1661,0.0022004145885954856
1662,0.002200344001983552
1663,0.0022002515366727165
1664,0.002200165491943166
1665,0.002200110470060225
1666,0.002200028021651686
1667,0.002199938409093818
1668,0.0021998275770925132
1669,0.0021997572089679845
1670,0.0021996751483282506
1671,0.0021996173607116863
1672,0.0021995299450079356
1673,0.0021994610634391986
1674,0.0021993575640271014
1675,0.0021993164319558103
1676,0.0021992663018370767
1677,0.0021991959165493465
1678,0.0021991327211994386
1679,0.0021990246831692694
1680,0.0021989557162385666
1681,0.002198866680191977
1682,0.0021987972351430922
1683,0.0021987014958327654
1684,0.0021986116060286292
1685,0.0021985437344115804
1686,0.002198428249872807
1687,0.0021983183219464533
1688,0.002198253810467608
1689,0.002198187664468426
1690,0.0021981382222269657
1691,0.0021980775949335513
1692,0.002198040152850435
1693,0.0021980127080462215
1694,0.0021979904825284472
1695,0.002197876836367766
1696,0.002197770877750896
1697,0.002197706273408583
1698,0.0021974992166617466
1699,0.0021974429203241606
1700,0.002197406358581767
1701,0.002197378033652814
1702,0.0021973528827005247
1703,0.0021973306972833053
1704,0.0021973121836557892
1705,0.002197285784061033
1706,0.002197158329356821
1707,0.0021970646037173017
1708,0.0021969568576238135
1709,0.0021969062055901814
1710,0.0021968399320743764
1711,0.002196848893199904
1712,0.0021967969599060253
1713,0.002196722275705349
1714,0.0021966443507689844
1715,0.0021965539374144234
1716,0.0021964729225740862
1717,0.0021963983049614203
1718,0.002196343390034949
1719,0.0021962743725283678
1720,0.002196207759103661
1721,0.0021960544918343834
1722,0.002196238706560125
1723,0.0021959876944412783
1724,0.0021959261740860463
1725,0.002195868478540337
1726,0.002195808344391562
1727,0.0021956842804529454
1728,0.0021957353759418548
1729,0.0021956127638491714
1730,0.002195536516133
1731,0.0021954563948614154
1732,0.0021953657922976007
1733,0.002195349030641006
1734,0.002195186350996442
1735,0.002195123566994521
1736,0.0021950441064693205
1737,0.002194963982939141
1738,0.002194888998036088
1739,0.002194785912058057
1740,0.0021947232797950044
1741,0.0021946487538232686
1742,0.00219455931890326
1743,0.0021944654342273373
1744,0.0021943225158294432
1745,0.0021944146425053462
1746,0.002194272895853212
1747,0.0021941894834032983
1748,0.0021941202414501
1749,0.0021940418175047612
1750,0.0021939609303278217
1751,0.0021938791942122545
1752,0.0021937761103228547
1753,0.0021936575702782768
1754,0.002193639314335572
1755,0.002193488170558288
1756,0.0021934455473010196
1757,0.0021933647071866597
1758,0.00219332586496197
1759,0.002193242998618804
1760,0.002193190491648322
1761,0.002193127067510034
1762,0.002192989541352844
1763,0.002193596087665466
1764,0.002192945529475971
1765,0.00219283139633432
1766,0.002192758767130886
1767,0.0021926644722788553
1768,0.002192580724236168
1769,0.0021925094369121194
1770,0.0021924449913586145
1771,0.0021923646132414264
1772,0.0021922532584341243
1773,0.002192318425208954
1774,0.0021922120292704184
1775,0.002192142061371679
1776,0.0021920724550733516
1777,0.0021919750053051483
1778,0.0021918663862798052
1779,0.0021917959118374583
1780,0.0021916582721601308
1781,0.00219159451874715
1782,0.002191533758101832
1783,0.0021914582158439654
1784,0.002191371415781364
1785,0.0021912723665375514
1786,0.0021912052651161186
1787,0.002191134560406225
1788,0.0021910392758362324
1789,0.0021908739251879318
1790,0.0021916301039124645
1791,0.002190824803596951
1792,0.0021907205684856927
1793,0.002190657625082175
1794,0.0021905874828869842
1795,0.002190527003977581
1796,0.0021903933719573995
1797,0.002190337597704623
1798,0.0021902693238416366
1799,0.002190223793619923
1800,0.0021901661295009468
1801,0.002190049157899298
1802,0.0021900398871701294
1803,0.0021899650249344095
1804,0.002189860402763735
1805,0.0021897793616473403
1806,0.0021896900053398173
1807,0.0021895878230904857
1808,0.002189510488493132
1809,0.0021893863733927796
1810,0.0021892554078247403
1811,0.002189202649439394
1812,0.0021890158226357784
1813,0.002188956072276801
1814,0.002188866324963347
1815,0.0021887523593958993
1816,0.002188626106530322
1817,0.002188526358411097
1818,0.002188387460297498
1819,0.0021883564149966974
1820,0.0021882557793106707
1821,0.0021882012708855387
1822,0.0021881600417493403
1823,0.0021880797097350805
1824,0.0021880206584813035
1825,0.002187837317317403
1826,0.002187778060887365
1827,0.0021876825096944696
1828,0.002187921784611412
1829,0.002187650082174681
1830,0.002187574717308699
1831,0.0021874753411401156
1832,0.0021873758998897427
1833,0.00218731201996618
1834,0.00218725847102945
1835,0.002187181088042327
1836,0.002187125387225959
1837,0.002187048863260668
1838,0.0021869871639624947
1839,0.0021869446554029933
1840,0.00218688847006343
1841,0.0021868497722519163
1842,0.00218682451513508
1843,0.0021868039302872923
1844,0.002186697006621037
1845,0.0021865890081456175
1846,0.002186519525207876
1847,0.002186410403131456
1848,0.002186359729198118
1849,0.00218625304054117
1850,0.002186278531747257
1851,0.0021862029490653215
1852,0.0021861290716257403
1853,0.0021860371778116916
1854,0.00218595203693219
1855,0.002185869500552684
1856,0.002185797018589912
1857,0.002185708700214502
1858,0.002185607548108872
1859,0.0021855244347439504
1860,0.002185427598363339
1861,0.0021853577540719552
1862,0.002185282974748739
1863,0.0021851595148994303
1864,0.0021850900572196307
1865,0.00218508005440512
1866,0.002185016512923299
1867,0.0021849333007736027
1868,0.0021848760375511103
1869,0.0021847519482815236
1870,0.0021845794032681986
1871,0.0021849745804223635
1872,0.0021845024366227484
1873,0.0021843328899698857
1874,0.002184251705227966
1875,0.0021841699025076733
1876,0.0021840925643929676
1877,0.0021839813817282885
1878,0.0021838739417412018
1879,0.002183778248008475
1880,0.0021836617372716226
1881,0.002183603986964277
1882,0.002183488567081757
1883,0.002183344425664156
1884,0.002184037679093601
1885,0.002183315360416637
1886,0.002183212250026679
1887,0.0021831376699971775
1888,0.002183037996684595
1889,0.002182967251885121
1890,0.002182898347253408
1891,0.0021827909394586797
1892,0.0021827186580161387
1893,0.0021826358075326875
1894,0.0021825582178938213
1895,0.0021824837084426165
1896,0.0021824247829151907
1897,0.0021823127884527775
1898,0.0021822679404540973
1899,0.0021822024107838343
1900,0.002182144997901512
1901,0.0021820920300280274
1902,0.0021820612105150168
1903,0.0021820386511712487
1904,0.0021820205136166473
1905,0.002181931945661968
1906,0.002181841549801679
1907,0.00218168535203062
1908,0.002181619977249673
1909,0.0021815544733578907
1910,0.0021814815816089263
1911,0.002181409574805979
1912,0.002181300330510278
1913,0.0021811778000689615
1914,0.0021811065056479757
1915,0.0021810373686171726
1916,0.0021809522859019873
1917,0.002180906078273988
1918,0.002180874898827114
1919,0.0021808505551620637
1920,0.002180746677786211
1921,0.0021806344843689155
1922,0.0021805024526549985
1923,0.0021804093988283695
1924,0.00218032987139854
1925,0.002180275614534286
1926,0.0021802341357198816
1927,0.0021802001076622066
1928,0.002180024444024834
1929,0.0021798635009468797
1930,0.0021800301325229734
1931,0.0021797713461319647
1932,0.0021796638941028717
1933,0.002179612255850763
1934,0.002179495500567257
1935,0.002179384422084451
1936,0.0021792680834890415
1937,0.002179171235595193
1938,0.0021790593420629957
1939,0.002178948599470604
1940,0.0021788711472040586
1941,0.002178772313455041
1942,0.0021786989434263524
1943,0.0021786312825651964
1944,0.0021785233101055275
1945,0.0021784526734934325
1946,0.0021784010249930844
1947,0.0021783297331841793
1948,0.002178260944897024
1949,0.00217823025184318
1950,0.002178112397146299
1951,0.0021780681541348768
1952,0.0021780038376226552
1953,0.0021779192827345636
1954,0.0021778283518239716
1955,0.0021777509381611057
1956,0.002177704803134949
1957,0.002177650484548513
1958,0.0021775949207778586
1959,0.0021774795226682103
1960,0.0021774263958480467
1961,0.002177371225219679
1962,0.002177300793624406
1963,0.0021772122997799643
1964,0.002177152979628539
1965,0.0021770886396980573
1966,0.0021770248246304534
1967,0.002176962721322935
1968,0.002176844038634032
1969,0.0021767331362703363
1970,0.0021766342781973204
1971,0.0021765843874997533
1972,0.0021765110153284476
1973,0.00217645241250632
1974,0.0021763663832276617
1975,0.0021762694863562
1976,0.002176227617616433
1977,0.002176165553011683
1978,0.00217608750149598
1979,0.002175939559969575
1980,0.0021760516022220084
1981,0.0021758983203581743
1982,0.002175830247480292
1983,0.0021757410900208767
1984,0.0021756181754350764
1985,0.002175619442405973
1986,0.002175550487149503
1987,0.0021754619485966193
1988,0.002175373567586376
1989,0.0021752853804314037
1990,0.002175168180059764
1991,0.0021750732971859334
1992,0.0021749944024305177
1993,0.0021748997251981412
1994,0.002174834549111578
1995,0.002174730792273491
1996,0.0021746306059930304
1997,0.0021745589807202963
1998,0.002174446952539729
1999,0.0021743830118243347
2000,0.0021743095994240665
2001,0.002174249427530082
2002,0.0021741953575326266
2003,0.002174091687338073
2004,0.0021740627362784753
2005,0.002173980743723528
2006,0.0021739486397106948
2007,0.002173900221072644
2008,0.0021738272823704054
2009,0.0021737489221318224
2010,0.0021736767231681085
2011,0.002173606599260992
2012,0.002173500333373936
2013,0.0021734367159520537
2014,0.0021733282914350675
2015,0.002173286934628483
2016,0.0021732605280049464
2017,0.0021732387427490516
2018,0.0021731196917269134
2019,0.0021729515371125903
2020,0.0021729938623936827
2021,0.0021728827360019093
2022,0.0021728101485046776
2023,0.0021727575124332434
2024,0.0021726650411343865
2025,0.002172591589622144
2026,0.002172517095299051
2027,0.002172392668713032
2028,0.0021722980728215604
2029,0.002172343749469965
2030,0.0021722332533090894
2031,0.0021721406372544054
2032,0.0021720523035000327
2033,0.0021719309189045617
2034,0.002171851440414565
2035,0.002171745558190558
2036,0.002171676855072285
2037,0.0021716062888049274
2038,0.0021715117508946
2039,0.0021713608009233942
2040,0.002171202652848893
2041,0.0021712452264766088
2042,0.0021711135708050323
2043,0.0021709901500344833
2044,0.0021709085408992967
2045,0.0021707989240514914
2046,0.0021706884470832463
2047,0.0021706126205942844
2048,0.0021705160760920133
2049,0.0021703870351845937
2050,0.002170225151798711
2051,0.002170053180812171
2052,0.0021699660944939953
2053,0.0021698605160471963
2054,0.002169797491726926
2055,0.002169703205352147
2056,0.0021695831205301675
2057,0.0021695276825920724
2058,0.002169469757089041
2059,0.002169346750233562
2060,0.0021692943137564024
2061,0.002169185068858551
2062,0.002169084224908813
2063,0.002168972974257971
2064,0.0021688770190649125
2065,0.002168801189892029
2066,0.0021687442122055476
2067,0.002168651309421201
2068,0.0021685644917085016
2069,0.002168511206774808
2070,0.0021683986149088692
2071,0.0021687530821499056
2072,0.0021683518413196604
2073,0.002168266134930182
2074,0.0021682190864916358
2075,0.0021681627279576967
2076,0.0021680945691570667
2077,0.0021680161049429042
2078,0.0021679631957948983
2079,0.0021678712439052524
2080,0.00216777338649035
2081,0.002167720789849558
2082,0.0021676264101357233
2083,0.0021675190651551887
2084,0.002167445299073217
2085,0.00216732072760987
2086,0.0021672614822113917
2087,0.0021671619980631884
2088,0.0021669649952518327
2089,0.002167102640654072
2090,0.0021668611512741824
2091,0.002166702747620915
2092,0.0021665967698703986
2093,0.0021665005716425623
2094,0.0021664045491322833
2095,0.0021662996995112298
2096,0.0021662049761228077
2097,0.0021660317566549172
2098,0.002166352754653085
2099,0.002165962433518688
2100,0.002165861016841246
2101,0.002165766196023908
2102,0.0021656720566536306
2103,0.0021655614862218257
2104,0.002165419279801129
2105,0.002165315854067273
2106,0.002165160831866332
2107,0.0021651170263617715
2108,0.0021649269573892323
2109,0.002164858676340436
2110,0.002164762483762954
2111,0.002164764299858519
2112,0.0021647051375638126
2113,0.002164617394270519
2114,0.0021644823411592507
2115,0.0021645065589134
2116,0.0021644360377812088
2117,0.0021643631834208166
2118,0.002164293169535778
2119,0.0021642113853461314
2120,0.0021640982834349918
2121,0.0021641676617143463
2122,0.002164038614587522
2123,0.0021639267167838506
2124,0.0021638529661989056
2125,0.0021637722477992173
2126,0.0021636900215363697
2127,0.002163558243799822
2128,0.0021634062028958343
2129,0.0021635440026663644
2130,0.002163329732412424
2131,0.0021632125974135057
2132,0.002163151378748369
2133,0.0021630141310497956
2134,0.002163111415509923
2135,0.002162969698297792
2136,0.0021628777828825037
2137,0.002162799366764452
2138,0.0021626958133987946
2139,0.0021625632034396984
2140,0.002163118694937091
2141,0.0021625329245160752
2142,0.002162441913537271
2143,0.00216237278226941
2144,0.002550796179762632
2145,0.002532047073669877
2146,0.0025163689637163
2147,0.00250972107733183
2148,0.0025013020349748303
2149,0.002494777338154146
2150,0.0024847871629293246
2151,0.0024768540028287924
2152,0.0024697597100683884
2153,0.0024615991879416745
2154,0.002454618888367922
2155,0.0024444229643572546
2156,0.0024337627585527106
2157,0.002427957352950174
2158,0.0024198956380304636
2159,0.002414355097054311
2160,0.002409364774847044
2161,0.0024018987077370378
2162,0.002397702717591076
2163,0.0023903705495374604
2164,0.0023866516602101253
2165,0.002380564254329651
2166,0.0023772277524403223
2167,0.0023729719680596123
2168,0.002365749633884219
2169,0.002373132738024705
2170,0.002361099986953005
2171,0.002353489675995251
2172,0.0023491868467149343
2173,0.002343532615782538
2174,0.002338992559637666
2175,0.0023342007765619448
2176,0.002331008758692062
2177,0.0023277103337907257
2178,0.002324554404841492
2179,0.0023212840733264437
2180,0.0023168285205590173
2181,0.002314270389783428
2182,0.0023109199442503466
2183,0.0023085176018189896
2184,0.0023064079625361483
2185,0.0023039191488033873
2186,0.0023010109357877967
2187,0.0022985119660633904
2188,0.002296742100122456
2189,0.002293649836378724
2190,0.0022905498716162486
2191,0.002287489273716553
2192,0.002285299690744299
2193,0.002281265822151568
2194,0.002278162747132194
2195,0.0022747530852598747
2196,0.002272384681717414
2197,0.0022705847646420953
2198,0.0022687405473563135
2199,0.0022682854561361255
2200,0.0022660501004572397
2201,0.0022653061223854073
2202,0.0022643560468024767
2203,0.002265586756087325
2204,0.0022638940371056218
2205,0.002263015816254895
2206,0.002261647396639817
2207,0.002260903881121048
2208,0.002260002145501485
2209,0.0022594172614474233
2210,0.0022586082423315234
2211,0.002257374161287826
2212,0.0022623921127172225
2213,0.0022569333986767553
2214,0.0022558184669377434
2215,0.0022550973249873207
2216,0.002254701010228241
2217,0.002253815370765112
2218,0.002253340333557176
2219,0.0022527472146144437
2220,0.002251979189262436
2221,0.0022503724219049993
2222,0.0022507725326823534
2223,0.002249554981877314
2224,0.002248529100991975
2225,0.00224768922823336
2226,0.0022466242911315165
2227,0.0022470921891289057
2228,0.0022459534842445
2229,0.0022449614638232027
2230,0.00224435042987
2231,0.002243507797312945
2232,0.0022435621722283767
2233,0.00224300318836791
2234,0.002242230709798419
2235,0.0022413007830358084
2236,0.0022405220734065773
2237,0.0022395960077564894
2238,0.002238612991350375
2239,0.0022378575965953658
2240,0.0022367509244284175
2241,0.0022360312818305206
2242,0.0022351342107631124
2243,0.002233937679307206
2244,0.002233321953766924
2245,0.0022326158001071926
2246,0.0022318506314090167
2247,0.0022311779874964574
2248,0.0022305178192408813
2249,0.002229808321432671
2250,0.0022291703848030574
2251,0.0022286848994341416
2252,0.0022278194498164816
2253,0.0022269606054135874
2254,0.0022260411911219006
2255,0.002225146377747472
2256,0.0022245937601625323
2257,0.0022244214867945524
2258,0.002223807596971992
2259,0.0022235479600085646
2260,0.002223221202167909
2261,0.002223053225562515
2262,0.002222478827746997
2263,0.0022221131674687597
2264,0.0022217773007799113
2265,0.002221305412570565
2266,0.002222843650129511
2267,0.0022210137445209887
2268,0.0022203144039046334
2269,0.0022199236046910103
2270,0.0022198099075124824
2271,0.0022192129009164004
2272,0.002219035414453093
2273,0.002218613424188699
2274,0.0022181940471997304
2275,0.0022177576560574665
2276,0.002217423733982635
2277,0.002217060935391033
2278,0.0022166799388399928
2279,0.0022158343726392865
2280,0.002216782126680629
2281,0.0022154610018440576
2282,0.0022149000229962977
2283,0.002214452747650813
2284,0.0022139588129070544
2285,0.0022134968985073724
2286,0.0022130296419017037
2287,0.0022127386846999162
2288,0.0022123448280878324
2289,0.002211952402235308
2290,0.0022111389272387837
2291,0.002210736440217347
2292,0.0022103099131463235
2293,0.0022097412915449014
2294,0.0022088261294892185
2295,0.002208590631876509
2296,0.0022078960473202367
2297,0.0022076983232814542
2298,0.002207335515307593
2299,0.0022070577215020557
2300,0.0022065344672333085
2301,0.002206192106342899
2302,0.002205880503943821
2303,0.002205758492254638
2304,0.0022051945104003155
2305,0.0022049391689332783
2306,0.0022046823446088973
2307,0.0022043116298250927
2308,0.0022036444525968552
2309,0.0022035655435443946
2310,0.0022032283242390655
2311,0.0022028847055769463
2312,0.0022025574888774675
2313,0.0022024229070750187
2314,0.0022021946336376642
2315,0.0022018273045033825
2316,0.002201619423276563
2317,0.0022020042205279197
2318,0.0022014926073149884
2319,0.0022011974886234605
2320,0.002200935856981301
2321,0.0022006424692151967
2322,0.002200282812821973
2323,0.002199932066134162
2324,0.0021994152087996773
2325,0.0021992421647422647
2326,0.002198846381480206
2327,0.0021989395581244334
2328,0.002198689790170584
2329,0.002198508296929673
2330,0.0021982516578353812
2331,0.002198275009955983
2332,0.0021981583815153293
2333,0.002198022519890477
2334,0.002197851753012216
2335,0.002197644210537011
2336,0.0021973222655505996
2337,0.002197032635116297
2338,0.002196648414732069
2339,0.0021964706642730804
2340,0.0021962439728283336
2341,0.0021960037875362374
2342,0.00219573944317494
2343,0.002195523577255854
2344,0.0021953421554904685
2345,0.0021951207400114753
2346,0.0021948417357845877
2347,0.002194549416506099
2348,0.0021943823836034935
2349,0.0021940965716233515
2350,0.002193790795804497
2351,0.0021934858406744084
2352,0.0021931384890277288
2353,0.0021929725198001166
2354,0.002192774055090706
2355,0.0021924979127131527
2356,0.0021920814165010166
2357,0.0021919324496309962
2358,0.0021916366241140238
2359,0.0021914735423955753
2360,0.002191267545583441
2361,0.0021909917256675198
2362,0.002190733080344862
2363,0.002190452317758801
2364,0.002190296465274066
2365,0.0021901061214158095
2366,0.0021898422875585542
2367,0.0021896750148749484
2368,0.002189576677804158
2369,0.002189272241473934
2370,0.002189156724674468
2371,0.002188968668897348
2372,0.0021887550034804114
2373,0.002188962214957769
2374,0.002188600587393445
2375,0.002188423886778573
2376,0.002188327917832214
2377,0.0021882061110169663
2378,0.0021878885538701193
2379,0.002188317985770884
2380,0.002187767130170595
2381,0.002187561141720362
2382,0.0021875049924612935
2383,0.0021873818825687914
2384,0.0021873080360763956
2385,0.002187168296495176
2386,0.002186968906023149
2387,0.0021875118832185994
2388,0.002186869423226959
2389,0.002186687392763088
2390,0.002186567340659592
2391,0.0021864878116480734
2392,0.0021863963015424748
2393,0.002186316201943364
2394,0.0021862409115716657
2395,0.0021860851892368206
2396,0.0021858428590899757
2397,0.0021859666912670173
2398,0.0021856904247600987
2399,0.00218548392618347
2400,0.0021853044905527337
2401,0.002185105548773253
2402,0.0021849791462964264
2403,0.0021846966962535365
2404,0.0021845772710327267
2405,0.0021844288188672674
2406,0.002184324218063184
2407,0.002184157131512956
2408,0.0021840260403880513
2409,0.0021839270242940013
2410,0.0021837551469217425
2411,0.002183528731882754
2412,0.0021832909859364016
2413,0.0021831497593666634
2414,0.0021829167905461568
2415,0.0021827464806805676
2416,0.0021825119480518153
2417,0.0021822820957132375
2418,0.0021821300439917634
2419,0.0021819719146336006
2420,0.0021816661203141272
2421,0.00218152082910198
2422,0.002181323175524982
2423,0.002181168486011296
2424,0.0021810107638865163
2425,0.0021812240134744094
2426,0.0021809431674683693
2427,0.0021808218778302767
2428,0.002180694722517677
2429,0.002180514978550834
2430,0.002180323830338812
2431,0.0021807613111829677
2432,0.0021802652440114233
2433,0.0021801477159127435
2434,0.0021800488647902537
2435,0.0021798906552611117
2436,0.0021796628479168255
2437,0.002179576620589225
2438,0.002179358914205575
2439,0.0021792788526851284
2440,0.0021791429648439875
2441,0.0021789918047247225
2442,0.0021788466854808677
2443,0.0021787377892698973
2444,0.00217870761130949
2445,0.002178633764166516
2446,0.0021785291334136
2447,0.002178422655686136
2448,0.002178291545675314
2449,0.002178811426684755
2450,0.002178237003436447
2451,0.0021781256275894873
2452,0.002178053858526305
2453,0.0021779542989132164
2454,0.0021777761675849383
2455,0.002177771055116988
2456,0.0021776488661395337
2457,0.0021774423236384515
2458,0.0021773407201745574
2459,0.002177223962319345
2460,0.00217711674531495
2461,0.002177009015404618
2462,0.0021768425257930645
2463,0.0021766358879070444
2464,0.0021765902213560515
2465,0.0021763817021825194
2466,0.002176326458247915
2467,0.00217622738599113
2468,0.0021760274906994373
2469,0.0021760392782022614
2470,0.0021759038926919025
2471,0.0021756973953165866
2472,0.0021755601567870746
2473,0.002175439645463499
2474,0.002175314885300739
2475,0.0021751585299631692
2476,0.0021750328212642384
2477,0.0021749241691922153
2478,0.0021747837772281616
2479,0.0021746670539823498
2480,0.002174557702770331
2481,0.002174378763016867
2482,0.002174365489567591
2483,0.0021742201538982034
2484,0.0021741550711979222
2485,0.002174070412516044
2486,0.002173949653015031
2487,0.002174173116010836
2488,0.0021738837459353982
2489,0.002173725794280966
2490,0.00217363716991446
2491,0.002173514165037543
2492,0.0021733752606147155
2493,0.0021734433283587162
2494,0.002173297699745364
2495,0.0021731577197626147
2496,0.002173070171169745
2497,0.002172979792930729
2498,0.002172887027748202
2499,0.002172798093265962
2500,0.0021727026338688353
2501,0.0021726038472684485
2502,0.0021725060900862235
2503,0.0021725196120695165
2504,0.0021724302206599013
2505,0.002172331790252129
2506,0.0021722433043288745
2507,0.0021721563805912653
2508,0.002172135687949023
2509,0.0021719874454086217
2510,0.0021719381723166453
2511,0.0021718558913207727
2512,0.0021717255103916706
2513,0.0021716916039835844
2514,0.002171500239994476
2515,0.002171446651255823
2516,0.0021713727489567004
2517,0.0021712741785871585
2518,0.0021711863481917023
2519,0.0021710574959324263
2520,0.002170978157318899
2521,0.0021708918783268764
2522,0.0021706981729081726
2523,0.0021708067121876356
2524,0.002170580483239889
2525,0.002170459924581732
2526,0.002170365395525918
2527,0.0021702331698124824
2528,0.002170058377363061
2529,0.002169925809286935
2530,0.002169799834415948
2531,0.002169695999371596
2532,0.0021695827831436877
2533,0.0021694297412164698
2534,0.002169310119215772
2535,0.002169173073459695
2536,0.0021690525816911123
2537,0.0021689070113274007
2538,0.0021687638482692367
2539,0.0021686960332313386
2540,0.0021686006304533463
2541,0.0021684845562736452
2542,0.0021683750853365505
2543,0.002168336054979017
2544,0.0021682121996588104
2545,0.0021681511203227753
2546,0.0021680841533452217
2547,0.002167995767253125
2548,0.002167910386838194
2549,0.0021678143386541066
2550,0.0021677669996273694
2551,0.002167683496440844
2552,0.002167495781795927
2553,0.0021678371725896584
2554,0.0021674280178519264
2555,0.0021672713458305236
2556,0.002167173421721099
2557,0.0021670729988011693
2558,0.002166994098314163
2559,0.002166921726038699
2560,0.0021668561764412505
2561,0.0021667650459600736
2562,0.0021669279293554254
2563,0.0021667135265037796
2564,0.0021666122732049136
2565,0.002166518536037612
2566,0.0021664274492104465
2567,0.002166346511388064
2568,0.002166266811986149
2569,0.0021661831605345803
2570,0.0021661109817626718
2571,0.0021660380479425387
2572,0.002165970427887773
2573,0.0021659117799825815
2574,0.0021658010285822834
2575,0.0021659880148538436
2576,0.002165729504091651
2577,0.002165602726912414
2578,0.002165472941949157
2579,0.002165355217187369
2580,0.0021651973610531954
2581,0.0021651949917719975
2582,0.002165099385143567
2583,0.00216500343643874
2584,0.0021649141005519804
2585,0.0021648191095898794
2586,0.0021646237550969906
2587,0.0021648291972971214
2588,0.0021645344004304497
2589,0.0021644050695343036
2590,0.002164314754917543
2591,0.002164225512622778
2592,0.002164122113465622
2593,0.0021640018922311007
2594,0.00216386835779702
2595,0.0021637481602841025
2596,0.0021636355540498183
2597,0.002163570371942594
2598,0.0021634597733008435
2599,0.0021634246274678704
2600,0.0021634001200001797
2601,0.0021632792839554184
2602,0.0021631521457661884
2603,0.0021632178140486217
2604,0.00216304705517875
2605,0.002162970403394601
2606,0.002162942732606
2607,0.002162919513030519
2608,0.0021627744422206053
2609,0.0021625989306706677
2610,0.002162614252884647
2611,0.0021625167894365376
2612,0.002162444134798898
2613,0.00216238506481886
2614,0.0021622691575004043
2615,0.0021621370049241086
2616,0.0021619652212504065
2617,0.0021618990020929258
2618,0.002161767524046158
2619,0.0021617041607610767
2620,0.002161623203627142
2621,0.002161685172626384
2622,0.0021615748795918936
2623,0.0021614857189223317
2624,0.0021614099073645147
2625,0.0021613435087090775
2626,0.0021612978403808066
2627,0.002161240398967599
2628,0.002161173119391137
2629,0.0021611173039045475
2630,0.0021609896270631417
2631,0.002160884927633415
2632,0.002160699240045406
2633,0.0021606109967927207
2634,0.0021604906513171436
2635,0.002160450577528147
2636,0.002160324579029104
2637,0.0021602475381634454
2638,0.0021601596206934945
2639,0.002160064333810497
2640,0.0021599286854269615
2641,0.0021598438807300807
2642,0.0021597337402255966
2643,0.0021596241928247568
2644,0.0021595089530905913
2645,0.0021594454938465533
2646,0.0021593406203956785
2647,0.0021592093217654095
2648,0.002159050456158309
2649,0.0021588488901139687
2650,0.002158756900326646
2651,0.0021586136590889407
2652,0.0021585251680450233
2653,0.002158395958277505
2654,0.0021583645131177235
2655,0.0021582387128890913
2656,0.0021581716525042966
2657,0.0021580835513275373
2658,0.0021579813319414095
2659,0.002157867911268571
2660,0.002157800041829342
2661,0.002157738374922195
2662,0.0021576855423734854
2663,0.0021576222281843253
2664,0.0021575191617623445
2665,0.002157407243709414
2666,0.0021572864158898152
2667,0.002157205116512491
2668,0.002157100363857017
2669,0.002157011745225228
2670,0.002156880591772077
2671,0.0021567584275666825
2672,0.002156696225757786
2673,0.002156597180113415
2674,0.0021565299297559098
2675,0.0021564531054819322
2676,0.002156384218382513
2677,0.002156337941258504
2678,0.0021562816950989575
2679,0.0021563773365185193
2680,0.002156238072824901
2681,0.002156150695500455
2682,0.0021560973749212347
2683,0.0021560220223390413
2684,0.002155930142837734
2685,0.002155941337965157
2686,0.002155865187022561
2687,0.002155775127024249
2688,0.0021556966771189043
2689,0.002155620307055541
2690,0.0021556055767041633
2691,0.0021554837193772125
2692,0.0021554334127059536
2693,0.002155366894791986
2694,0.0021552820931531017
2695,0.002155249011783434
2696,0.002155069873250536
2697,0.002155022136282692
2698,0.00215496460736063
2699,0.002154897122149313
2700,0.0021548092376351053
2701,0.0021547361392888977
2702,0.0021546461871506883
2703,0.0021545572188914515
2704,0.0021544825889278805
2705,0.0021543713113313886
2706,0.0021542962974357743
2707,0.0021542267473308513
2708,0.002154133061136013
2709,0.0021540744813839897
2710,0.0021539460966965907
2711,0.0021538950908973785
2712,0.0021538210979990353
2713,0.002153790250332078
2714,0.0021537608264326894
2715,0.0021537187006648744
2716,0.002153647105001079
2717,0.0021535485607094723
2718,0.0021534518009069413
2719,0.002153386027365501
2720,0.002153322723415441
2721,0.0021532939218578393
2722,0.0021532777547708217
2723,0.002153202583490331
2724,0.00215312141462788
2725,0.0021529906610027643
2726,0.0021529187416772315
2727,0.0021528086356607445
2728,0.002152721062523047
2729,0.002152640911158614
2730,0.002152589629421643
2731,0.0021525517486160393
2732,0.0021525063859458874
2733,0.002152430590528093
2734,0.002152291887405605
2735,0.002152689042621082
2736,0.002152268004536458
2737,0.002152197297487294
2738,0.0021521304186379055
2739,0.0021520238125035773
2740,0.0021519331755054396
2741,0.002151827640995748
2742,0.0021517586612481462
2743,0.0021516980315850944
2744,0.00215165074493096
2745,0.0021515441703619967
2746,0.002151445819564744
2747,0.002151399584725787
2748,0.0021513278685915027
2749,0.0021512940766596402
2750,0.0021512561911338963
2751,0.00215123345380443
2752,0.002151214450717439
2753,0.0021511977402036524
2754,0.0021511826261584135
2755,0.0021511687512864946
2756,0.002151155946004922
2757,0.002151144178088153
2758,0.0021511335573761135
2759,0.002151124386816227
2760,0.0021511158180893483
2761,0.002151108488293597
2762,0.002151050618466113
2763,0.002151044477420202
2764,0.002151010468862974
2765,0.0021509571283053084
2766,0.0021509194924433134
2767,0.002150887766668276
2768,0.002150711194965557
2769,0.0021507270666100433
2770,0.002150654959963386
2771,0.002150604001452196
2772,0.002150528860443793
2773,0.0021504699244375516
2774,0.0021503803934815793
2775,0.0021503304463336257
2776,0.002150279156569295
2777,0.0021502006043200004
2778,0.002150198707681305
2779,0.002150144490920554
2780,0.0021500669981249334
2781,0.0021499859093101854
2782,0.0021499099834416378
2783,0.002149874658155642
2784,0.0021497854169496605
2785,0.0021497556561385304
2786,0.0021497401653905682
2787,0.0021497277645638486
2788,0.0021496581814967825
2789,0.0021496198345413086
2790,0.0021495551317880436
2791,0.002149519711889545
2792,0.0021494831173918733
2793,0.002149460635741108
2794,0.0021494412211524516
2795,0.0021494239142559424
2796,0.0021493371938139565
2797,0.0021492577693847173
2798,0.0021492253837845443
2799,0.002149205601152928
2800,0.0021491080300058943
2801,0.0021490517427141705
2802,0.0021489802890044315
2803,0.002148930877536278
2804,0.0021488933910818633
2805,0.002148855516051407
2806,0.0021488306738843177
2807,0.0021488119497095047
2808,0.0021487968333929984
2809,0.0021487236206788117
2810,0.0021486511088574497
2811,0.0021485716454146256
2812,0.0021484489522177103
2813,0.0021484145076482563
2814,0.0021483909590968393
2815,0.0021483715480827715
2816,0.002148271083049444
2817,0.0021481957031902225
2818,0.0021481861256304685
2819,0.0021481425404573317
2820,0.0021481274274730983
2821,0.002148116184057931
2822,0.0021480509629432285
2823,0.0021480243619664495
2824,0.0021479672415544017
2825,0.002147939862697541
2826,0.002147913202434853
2827,0.002147894648714671
2828,0.0021478797177901113
2829,0.002147806502583466
2830,0.0021477118636200033
2831,0.002147641265251765
2832,0.0021475976629247826
2833,0.0021475603405334887
2834,0.0021475227097944257
2835,0.002147489114654428
2836,0.0021474684041986425
2837,0.0021474509926246665
2838,0.0021473482104824404
2839,0.002147227300553635
2840,0.002147168332701228
2841,0.002147093891145795
2842,0.002147050071836929
2843,0.0021470030228762224
2844,0.002146956228636997
2845,0.0021469119036792634
2846,0.0021468733615064768
2847,0.00214681545311205
2848,0.002146712225368126
2849,0.002146676373850479
2850,0.002146572121559114
2851,0.002146536901832286
2852,0.0021464966244124574
2853,0.002146449871994577
2854,0.002146404579955233
2855,0.00214633073161952
2856,0.002146318888666076
2857,0.0021462227839830162
2858,0.0021461890490871616
2859,0.0021461718521257186
2860,0.0021461588440011086
2861,0.0021461028788621514
2862,0.002146023585506651
2863,0.002146021006807309
2864,0.002145955147468041
2865,0.0021458917101570317
2866,0.002145867379117426
2867,0.0021458541623630045
2868,0.00214583699266095
2869,0.0021458268186919528
2870,0.0021458190670528435
2871,0.002145784425535436
2872,0.0021457412806346007
2873,0.0021456989288121857
2874,0.0021456812870734904
2875,0.002145622488697818
2876,0.002145596925700895
2877,0.002145583941539769
2878,0.002145573425702361
2879,0.0021455148675535844
2880,0.0021454356444411274
2881,0.002145361811469769
2882,0.002145349993175373
2883,0.00214528030203522
2884,0.0021452604089158265
2885,0.002145246631407382
2886,0.002145184033209903
2887,0.0021450954930075897
2888,0.0021450294105440316
2889,0.0021449751000907516
2890,0.0021448936457581077
2891,0.0021448404521944536
2892,0.002144795136346547
2893,0.002144760236402822
2894,0.0021447294964509317
2895,0.0021446927651236863
2896,0.0021446724438049236
2897,0.0021446572427025116
2898,0.002144648375145006
2899,0.0021446364121255126
2900,0.0021446270310685883
2901,0.0021445734434447613
2902,0.002144512752334597
2903,0.0021444488763795117
2904,0.0021443776076259173
2905,0.002144342249435438
2906,0.0021443212585507613
2907,0.002144304737687567
2908,0.0021442258146946278
2909,0.0021441490206287376
2910,0.002144094656405635
2911,0.0021440354803009395
2912,0.002144004759413276
2913,0.0021439858584583185
2914,0.0021439704958136044
2915,0.0021438942603329305
2916,0.0021438118467633047
2917,0.0021437137802186763
2918,0.0021436677682878866
2919,0.002143624235254389
2920,0.0021435875657922565
2921,0.002143554112910122
2922,0.0021435106547832605
2923,0.002143468765651743
2924,0.0021434447639899087
2925,0.002143426312713478
2926,0.0021434110100528032
2927,0.0021433289787673782
2928,0.0021432560322660345
2929,0.0021431889999123793
2930,0.002143144065217095
2931,0.0021431042467889056
2932,0.0021430808712874093
2933,0.0021430623527172506
2934,0.002142974843037728
2935,0.0021429530101885843
2936,0.0021428770672115302
2937,0.0021428407059934955
2938,0.002142791564782313
2939,0.002142716475018978
2940,0.002142648537072523
2941,0.0021426084598380455
2942,0.0021425526279253856
2943,0.0021424972270439055
2944,0.0021424520203290995
2945,0.002142406238283012
2946,0.002142363514810642
2947,0.002142332467545176
2948,0.002142316849368284
2949,0.00214230480674227
2950,0.0021422515197884323
2951,0.0021421875400714943
2952,0.002142135454768868
2953,0.0021420937883500817
2954,0.0021420641116347765
2955,0.0021420455859125324
2956,0.00214203081379457
2957,0.002141962625726351
2958,0.002141901399599129
2959,0.0021418646005057023
2960,0.0021418431599701426
2961,0.002141826761643821
2962,0.002141814845581089
2963,0.002141804940417593
2964,0.002141751315411291
2965,0.0021417062339767713
2966,0.002141653428820924
2967,0.0021416041856501746
2968,0.0021415519153334685
2969,0.0021414788098185655
2970,0.0021414417691624815
2971,0.002141396099552632
2972,0.002141378421515216
2973,0.002141368943800448
2974,0.0021413609734216603
2975,0.0021413107050772587
2976,0.002141236578695315
2977,0.0021412197391061684
2978,0.0021411739876457574
2979,0.002141159964747857
2980,0.002141151015310607
2981,0.002141099333464311
2982,0.0021410280078172123
2983,0.0021409849112834067
2984,0.0021409399389174188
2985,0.002140905015448381
2986,0.0021408574785930705
2987,0.0021408221548265853
2988,0.002140772217922315
2989,0.00214073663900273
2990,0.002140690924838011
2991,0.002140636115289535
2992,0.002140581130567734
2993,0.002140543232375837
2994,0.0021405105186813036
2995,0.0021404894938249776
2996,0.0021404716978280602
2997,0.0021404563959107822
2998,0.0021404441086580925
2999,0.0021404379355537614
3000,0.002140424999578381
3001,0.002140416661301365
3002,0.0021403527449295905
3003,0.0021402036561040394
3004,0.0021402980972267806
3005,0.0021401648267927406
3006,0.0021401323878908144
3007,0.0021401124071046954
3008,0.002140097070658381
3009,0.0021400843401499746
3010,0.002140014892309078
3011,0.0021399358556822945
3012,0.0021398607925333314
3013,0.0021397864825121954
3014,0.002139739900894173
3015,0.002139710959702147
3016,0.002139687868472572
3017,0.002139668520171573
3018,0.0021395702072919956
3019,0.0021396520565218446
3020,0.002139541716495553
3021,0.0021395196349602913
3022,0.0021395032679620766
3023,0.002139413228745255
3024,0.002139334101833833
3025,0.002139281567603798
3026,0.0021392290376852307
3027,0.0021391939224011335
3028,0.002139174039409172
3029,0.0021391579713974005
3030,0.0021390771269691952
3031,0.0021390069434351357
3032,0.002138938820920226
3033,0.002138907064115006
3034,0.0021388738375525255
3035,0.002138860360547147
3036,0.0021388525413307217
3037,0.0021388461262496637
3038,0.0021388103157439706
3039,0.0021387554374942613
3040,0.0021386892887369914
3041,0.0021386350425513794
3042,0.002138594199758098
3043,0.002138545591017679
3044,0.002138489034438036
3045,0.0021385485983386006
3046,0.0021384680241895424
3047,0.002138419282305938
3048,0.0021383740568651074
3049,0.0021383464989668454
3050,0.002138323672494329
3051,0.002138197202071658
3052,0.002138297886299151
3053,0.002138155457969031
3054,0.0021381001068930053
3055,0.0021380286575123676
3056,0.0021379662239632206
3057,0.002137898496244487
3058,0.002137845404444223
3059,0.002137798312469682
3060,0.0021377456079259057
3061,0.0021377018045675273
3062,0.002137681326052147
3063,0.0021376420450400415
3064,0.0021376168153978744
3065,0.002137599006590879
3066,0.0021375856456743764
3067,0.002137575059830855
3068,0.0021375290584954893
3069,0.0021374876532004963
3070,0.002137457110578845
3071,0.002137432392790499
3072,0.002137412214461463
3073,0.0021373970552054306
3074,0.00213738069196005
3075,0.002137368155539924
3076,0.0021373043629144143
3077,0.0021372489558941815
3078,0.0021371926549311783
3079,0.0021371343363543217
3080,0.002137060039006017
3081,0.002137004753092775
3082,0.0021369520923186958
3083,0.002136903288510902
3084,0.0021368398999976205
3085,0.00213676137091104
3086,0.0021367162783602787
3087,0.0021366679241069443
3088,0.002136629887768163
3089,0.002136589592403403
3090,0.0021365509241187577
3091,0.0021364815352348677
3092,0.002136445076166052
3093,0.0021364034616703593
3094,0.00213633315333374
3095,0.002136330362101348
3096,0.002136290109618976
3097,0.0021362346480027464
3098,0.0021361844917086887
3099,0.0021361090597627193
3100,0.0021360667651356695
3101,0.002135965477713178
3102,0.002135917105697855
3103,0.0021358568699355314
3104,0.00213577381086447
3105,0.002135696521026481
3106,0.0021356442579364377
3107,0.00213560169417483
3108,0.0021355759968286615
3109,0.00213555998798806
3110,0.0021354742827687768
3111,0.002135404334168854
3112,0.0021353280609250637
3113,0.002135287482717776
3114,0.0021352160833091284
3115,0.002135155429855045
3116,0.0021350958969770673
3117,0.0021351077028252995
3118,0.0021350592606795287
3119,0.0021349942020179114
3120,0.0021349577091486706
3121,0.0021349381859787128
3122,0.0021349221053678334
3123,0.002134830057599835
3124,0.002134717638792195
3125,0.0021347039517594997
3126,0.0021346163290410177
3127,0.002134588941299905
3128,0.0021345727570258903
3129,0.002134559403296496
3130,0.0021344872856065597
3131,0.002134384539706583
3132,0.002134416248128289
3133,0.0021343378926997805
3134,0.0021343034380038777
3135,0.0021342870527382173
3136,0.0021342743580080917
3137,0.0021342093099462026
3138,0.002134133939339314
3139,0.0021341469043376585
3140,0.0021341012065369197
3141,0.002134071817241869
3142,0.0021340423098836466
3143,0.0021340251128712994
3144,0.0021340110806113218
3145,0.0021339357403263193
3146,0.0021338465461254634
3147,0.002133763094430445
3148,0.002133696744414478
3149,0.0021336503239059667
3150,0.002133578836240061
3151,0.002133521881162416
3152,0.002133467734844285
3153,0.002133378415424127
3154,0.002133328833171697
3155,0.002133276121838684
3156,0.002133244500469438
3157,0.002133220620456245
3158,0.002133200908498569
3159,0.002133094710583469
3160,0.002132992208627099
3161,0.0021329535439285835
3162,0.0021328652679534895
3163,0.002132831844592191
3164,0.0021328084562668307
3165,0.002132689528640851
3166,0.002132578796355706
3167,0.0021325466722127953
3168,0.0021324931960675533
3169,0.0021324610963143263
3170,0.0021324422681084304
3171,0.002132358363587046
3172,0.0021322626145648432
3173,0.002132202233026845
3174,0.0021321607597177055
3175,0.002132134991943248
3176,0.002132117800571819
3177,0.002132103435057571
3178,0.0021320199408272973
3179,0.002131911421857535
3180,0.002131821425040851
3181,0.0021317795187339055
3182,0.00213173094416863
3183,0.0021316896334557444
3184,0.0021316400437896336
3185,0.002131569939188903
3186,0.002131692798060441
3187,0.00213154039666202
3188,0.002131484294998427
3189,0.002131446613188608
3190,0.002131393301512964
3191,0.0021313327350901932
3192,0.002131272138194203
3193,0.0021312173708852365
3194,0.0021311724646545316
3195,0.00213112086241929
3196,0.0021310594434823128
3197,0.0021310822868037165
3198,0.002131033217722889
3199,0.002131008558133404
3200,0.0021309961641610272
3201,0.0021309855920369426
3202,0.0021309188727637557
3203,0.0021308181689691807
3204,0.0021308199981558305
3205,0.0021307635223440633
3206,0.002130705038800464
3207,0.0021306532204755806
3208,0.0021306106172656746
3209,0.002130567475165225
3210,0.0021305092913883905
3211,0.002130457619714992
3212,0.0021304068404229904
3213,0.0021303759162267636
3214,0.0021303621188010274
3215,0.0021303507828974036
3216,0.0021302826946066025
3217,0.0021301993901170703
3218,0.0021301313435394056
3219,0.002130070223381679
3220,0.0021300079209753383
3221,0.002129932973901985
3222,0.0021298660604736524
3223,0.0021298088189848864
3224,0.002129763989945621
3225,0.0021297103270765134
3226,0.002129637646996657
3227,0.0021295751823673654
3228,0.0021295304657776293
3229,0.0021295051188317707
3230,0.0021294841604572574
3231,0.0021293624645268793
3232,0.00212926453150914
3233,0.0021291836700985194
3234,0.0021291381646093496
3235,0.002129079630404408
3236,0.0021290215132574145
3237,0.0021289582099110254
3238,0.0021288980134505707
3239,0.0021288278002289654
3240,0.0021287601901948793
3241,0.002128713634047177
3242,0.002128682857471273
3243,0.002128665435082606
3244,0.002369415254259387
3245,0.0023591282337125687
3246,0.0023516422330635382
3247,0.002349569689472157
3248,0.0023459834800684427
3249,0.0023426310935816823
3250,0.002337958830995562
3251,0.002333607921254657
3252,0.002330170835316462
3253,0.0023260315164870633
3254,0.0023228577096616487
3255,0.0023176311864126567
3256,0.0023149234927214973
3257,0.002311496576471187
3258,0.0023059111567319546
3259,0.0022991239870933156
3260,0.0022938896706627336
3261,0.0022911893959621883
3262,0.002289125522297775
3263,0.0022867499944500998
3264,0.002281698545637177
3265,0.0022848299930957865
3266,0.002279771863488433
3267,0.0022769948077673114
3268,0.0022746594858489215
3269,0.002271959821037612
3270,0.0022685737613613688
3271,0.0022660627058153494
3272,0.0022628833343084085
3273,0.0022605581508358483
3274,0.0022581509139653934
3275,0.002257668853930513
3276,0.0022531950535353805
3277,0.002251650361634813
3278,0.002249181128138811
3279,0.002245860602072494
3280,0.002240147029512997
3281,0.002242205826916108
3282,0.00223789657165282
3283,0.0022354119719445458
3284,0.002234030221295275
3285,0.0022323084498211613
3286,0.0022305767438191193
3287,0.0022281717907369695
3288,0.0022263890481855632
3289,0.002224893862791005
3290,0.0022230873609845594
3291,0.0022206191167238785
3292,0.00221874352547506
3293,0.002217195951750868
3294,0.0022145569596684
3295,0.0022204095194731134
3296,0.0022136960191303096
3297,0.002212038292992646
3298,0.0022109048663875325
3299,0.002209213288410701
3300,0.0022078609314386322
3301,0.0022067346185066805
3302,0.002205806781861793
3303,0.0022046504169494696
3304,0.0022042054540843837
3305,0.0022033079412411083
3306,0.0022034196006971416
3307,0.0022030035261580297
3308,0.0022026068158201425
3309,0.002202104623679021
3310,0.002201359723751381
3311,0.0022003947195589047
3312,0.0022017815431094536
3313,0.002199967787848099
3314,0.002199340044346927
3315,0.00219883654438613
3316,0.002198224161542585
3317,0.0021972948536557115
3318,0.002199040551652843
3319,0.002196964994995757
3320,0.0021962324467781308
3321,0.0021956242740696643
3322,0.0021946932311769263
3323,0.0021938152620118046
3324,0.002193195744903058
3325,0.0021925419384888328
3326,0.002192070003823407
3327,0.002191507067387567
3328,0.002190246975405208
3329,0.0021930958854580306
3330,0.0021897943640447597
3331,0.0021888480528279974
3332,0.0021881223345935627
3333,0.002187439487739984
3334,0.0021868825233213535
3335,0.0021862569322151125
3336,0.002185614683530975
3337,0.0021851700609325725
3338,0.002184551793740916
3339,0.0021838554190680153
3340,0.0021831609233825774
3341,0.002182508954957967
3342,0.0021820075652060488
3343,0.002181491450921848
3344,0.0021808713914366995
3345,0.0021804810344426347
3346,0.002179395227264975
3347,0.0021804405083775125
3348,0.0021788925394542968
3349,0.002178283557130978
3350,0.002177783721803768
3351,0.00217727208015658
3352,0.002176632595904727
3353,0.002175982680531858
3354,0.0021752540809373807
3355,0.002174724420412219
3356,0.0021740379264234906
3357,0.002173404135154721
3358,0.0021728992540963345
3359,0.0021723999181909397
3360,0.0021720401779759847
3361,0.0021716869106726848
3362,0.0021714212353465723
3363,0.0021711894548375544
3364,0.0021720243775433766
3365,0.002170975917861797
3366,0.002170463609570676
3367,0.0021702030120331786
3368,0.0021697603283242508
3369,0.002169393916164217
3370,0.002168892160842868
3371,0.0021686303438683374
3372,0.0021682551341108956
3373,0.0021677032474457236
3374,0.0021690934075740734
3375,0.0021674702294599496
3376,0.0021669105668598314
3377,0.002166603802299488
3378,0.00216605000771963
3379,0.0021654153117800145
3380,0.0021651092931020263
3381,0.002164314977041322
3382,0.0021641028232441944
3383,0.002163900889914374
3384,0.0021636634345202094
3385,0.0021632098673512617
3386,0.0021627661655806685
3387,0.0021623822371458533
3388,0.002162132447887117
3389,0.0021617949591522362
3390,0.0021614844212150637
3391,0.002161144796662025
3392,0.0021607596025999026
3393,0.0021605454387672194
3394,0.002160000153001026
3395,0.0021599001722696926
3396,0.0021594501957958668
3397,0.00215927061239839
3398,0.002158967099654684
3399,0.0021585457770573837
3400,0.002157747557596142
3401,0.0021601455254146203
3402,0.0021574772580316816
3403,0.0021569755456596353
3404,0.0021566706023890664
3405,0.002156277668514872
3406,0.002155966798824246
3407,0.0021556477494921863
3408,0.00215535724186178
3409,0.0021550997436787828
3410,0.002154706594453349
3411,0.0021543957897008767
3412,0.0021541494159181052
3413,0.002153860682936665
3414,0.0021536097571757196
3415,0.0021534648863450133
3416,0.0021531738644129917
3417,0.002153092824775295
3418,0.0021529723876975615
3419,0.002152695650472568
3420,0.002153561440945203
3421,0.0021525780608058287
3422,0.002152375998506786
3423,0.002152210366138745
3424,0.0021520833813157532
3425,0.00215192282001474
3426,0.002151650770368306
3427,0.0021514727112306306
3428,0.00215127679054094
3429,0.0021510843794350656
3430,0.002150815594215227
3431,0.0021506199693219117
3432,0.0021504023979746043
3433,0.002150109815598934
3434,0.0021497470278069863
3435,0.0021496404649895195
3436,0.002149369844497761
3437,0.002149270962143265
3438,0.002149121335378976
3439,0.0021488767767104035
3440,0.002148663435559618
3441,0.002148290699895154
3442,0.002148142735112473
3443,0.00214801575766385
3444,0.002147921532739682
3445,0.0021477575704726844
3446,0.0021475719574785223
3447,0.0021474576804294924
3448,0.0021471763917352664
3449,0.0021469757136730492
3450,0.0021467742688409557
3451,0.002146638546984379
3452,0.0021464810063278775
3453,0.0021462699462005213
3454,0.0021460961343036282
3455,0.0021458882604107363
3456,0.0021457134951554887
3457,0.0021454970592374484
3458,0.002145308376727635
3459,0.002145147193936755
3460,0.0021449733537513885
3461,0.002144782179230432
3462,0.0021445699963618292
3463,0.0021444330281604187
3464,0.002144245247285575
3465,0.0021440442712992417
3466,0.0021438516214478177
3467,0.0021437108672726344
3468,0.00214358103747026
3469,0.0021437342214436616
3470,0.0021435382400866116
3471,0.00214343935859021
3472,0.0021432737390069717
3473,0.0021431279844009474
3474,0.002143028905275128
3475,0.002142874511171331
3476,0.002142805538492275
3477,0.0021427064392538554
3478,0.002142572153785109
3479,0.0021432333172461742
3480,0.0021424986986998467
3481,0.0021422946769454505
3482,0.002142215457931366
3483,0.0021420732182376207
3484,0.0021421224882576546
3485,0.002142008305738445
3486,0.0021418944184501045
3487,0.0021417706763576187
3488,0.002141607223724002
3489,0.0021413678578139665
3490,0.0021417215626138237
3491,0.0021412925579427913
3492,0.002141138043974975
3493,0.0021410402425063218
3494,0.002140909325096878
3495,0.002140774769354425
3496,0.0021405865191089974
3497,0.002140530682279805
3498,0.0021403366092448317
3499,0.0021402641369226275
3500,0.0021401519818047623
3501,0.0021399854379343234
3502,0.002140179570143484
3503,0.0021398975146245695
3504,0.0021397824822823514
3505,0.002139710888914233
3506,0.0021395982704921017
3507,0.0021394866174697094
3508,0.002139378220035466
3509,0.0021392652485369896
3510,0.0021391862697004685
3511,0.002139101642803403
3512,0.0021389596288704823
3513,0.0021388464138565834
3514,0.0021386012193039435
3515,0.0021388557914943144
3516,0.0021385114820341162
3517,0.002138380630448091
3518,0.002138285034198582
3519,0.0021381900224563596
3520,0.0021380880416565096
3521,0.00213793117927515
3522,0.0021378453577360975
3523,0.0021377554130526636
3524,0.0021376456048032046
3525,0.0021375628884919354
3526,0.002137437889389702
3527,0.0021374219783465986
3528,0.0021372938101667585
3529,0.0021372584923463615
3530,0.0021372182517127186
3531,0.0021371302197270322
3532,0.002138186737814387
3533,0.0021370857634003845
3534,0.002136963041933369
3535,0.002136902849057694
3536,0.0021368709780429937
3537,0.002136811473606842
3538,0.002136759365556948
3539,0.0021367000874295237
3540,0.002136651908504169
3541,0.002136613673744224
3542,0.002136594614592389
3543,0.0021365791380940475
3544,0.00213648485903011
3545,0.002136391038568563
3546,0.002136401604049924
3547,0.00213633613484096
3548,0.0021362778565261
3549,0.002136222478726969
3550,0.002136142104415017
3551,0.0021360383636503544
3552,0.002136006392091158
3553,0.002135910899904554
3554,0.0021358741884520264
3555,0.0021358530601802445
3556,0.0021358354567451664
3557,0.0021357380354945286
3558,0.0021356275448418125
3559,0.0021355329229843577
3560,0.0021354351536815985
3561,0.0021353768739027757
3562,0.0021352558593735406
3563,0.0021351545520554957
3564,0.0021350499198977153
3565,0.002134940701723801
3566,0.00213490268718187
3567,0.0021348255643343686
3568,0.002134764440565336
3569,0.002134706623823055
3570,0.002134614330987633
3571,0.002134722370595468
3572,0.0021345615450102423
3573,0.0021344584429601374
3574,0.002134388953277619
3575,0.0021343104015645294
3576,0.0021342353942918404
3577,0.0021341739061820496
3578,0.002134056393108814
3579,0.0021339458542972887
3580,0.0021340954666377423
3581,0.0021338893234598153
3582,0.002133787359351773
3583,0.002133722461940603
3584,0.0021336207456412477
3585,0.002133549804205276
3586,0.0021334573960382296
3587,0.0021333838944762712
3588,0.002133326678015486
3589,0.0021332807021973675
3590,0.0021332279761648205
3591,0.0021331802486381484
3592,0.0021331282658532446
3593,0.0021330114666202335
3594,0.0021331543792009
3595,0.0021329659757690182
3596,0.002132905381149674
3597,0.0021328637442823606
3598,0.002132830429954073
3599,0.00213281238403576
3600,0.0021327975493316046
3601,0.002132717005217683
3602,0.0021326392287112
3603,0.002132606007719754
3604,0.002132519493975913
3605,0.0021324906486545766
3606,0.00213247334654758
3607,0.0021324588284575637
3608,0.002132446128540884
3609,0.0021324348350135807
3610,0.0021324247584023357
3611,0.0021324158304728735
3612,0.00213240586340747
3613,0.0021323974777658315
3614,0.0021323369906525226
3615,0.002132299738478791
3616,0.002132202686219369
3617,0.0021321661642305268
3618,0.002132132114174468
3619,0.0021321098554734725
3620,0.002132091616374994
3621,0.002131999018382377
3622,0.0021318985759013853
3623,0.002131814084337591
3624,0.0021317538866722384
3625,0.00213171696109663
3626,0.0021316747015845206
3627,0.00213164209097049
3628,0.0021315997367475042
3629,0.002131520153494666
3630,0.0021315150542856117
3631,0.0021314718922910976
3632,0.0021313869617242682
3633,0.002131321854672884
3634,0.0021312549262179235
3635,0.002131175524525034
3636,0.002131155068556606
3637,0.0021310449807867954
3638,0.0021310063205879828
3639,0.0021309483944037455
3640,0.002130889183219149
3641,0.0021308295905426173
3642,0.0021307430346118026
3643,0.002130685835722426
3644,0.0021306049957885145
3645,0.002130520305693692
3646,0.0021304854392472654
3647,0.0021304681314079257
3648,0.0021304544925894306
3649,0.00213038248214139
3650,0.002130314845993154
3651,0.0021303740200476822
3652,0.002130259227471238
3653,0.0021301797043767434
3654,0.002130139793550023
3655,0.0021301119041775146
3656,0.0021300886467616833
3657,0.0021299662528027397
3658,0.002130007083638471
3659,0.0021299180923948606
3660,0.002129871571560489
3661,0.0021298407559868448
3662,0.002129815822124936
3663,0.0021296911210174907
3664,0.002129574367593153
3665,0.002129486161383338
3666,0.0021294183815087782
3667,0.002129371352020098
3668,0.002129333899470643
3669,0.0021292811660893673
3670,0.002129259609415426
3671,0.002129245459066796
3672,0.0021292338315743622
3673,0.0021291730677968396
3674,0.002129107209376907
3675,0.002129026795494765
3676,0.0021290497496267587
3677,0.0021289957282890595
3678,0.002128958010242384
3679,0.002128926080658762
3680,0.002128907805097548
3681,0.002128892540774986
3682,0.002128805138774253
3683,0.002128725247838789
3684,0.0021286582701242895
3685,0.0021286186838758566
3686,0.0021285759675331905
3687,0.0021285579062683226
3688,0.002128497189179414
3689,0.002128464995454052
3690,0.0021284381455611723
3691,0.002128425580059668
3692,0.0021284150831348504
3693,0.0021283531237236354
3694,0.002128347207632529
3695,0.0021282830407572096
3696,0.002128258399964691
3697,0.0021282452694138527
3698,0.0021282350971264974
3699,0.002128189503137643
3700,0.002128124579181156
3701,0.002128050536615218
3702,0.0021280107699605073
3703,0.0021279695614745933
3704,0.002127905719016927
3705,0.002127837037898477
3706,0.0021277731687776406
3707,0.0021277174847572394
3708,0.002127672434075599
3709,0.0021276127938328736
3710,0.0021275379447298986
3711,0.002127447111007097
3712,0.002127367248058192
3713,0.0021273016190105154
3714,0.00212721803711083
3715,0.002127175351662674
3716,0.0021271316483442238
3717,0.002127078377574765
3718,0.0021270310018334728
3719,0.0021270004229943878
3720,0.0021268656476070877
3721,0.0021267874591231247
3722,0.002126689057306691
3723,0.0021267155980099818
3724,0.002126647471362273
3725,0.002126616052980335
3726,0.0021265948486715817
3727,0.002126577684786975
3728,0.0021264937258526884
3729,0.0021264407079632976
3730,0.002126379826529669
3731,0.0021263414309396424
3732,0.0021262942676248914
3733,0.002126246999687687
3734,0.002126189956297128
3735,0.0021261414657303863
3736,0.002126096648816224
3737,0.00212601543264705
3738,0.0021260250557434317
3739,0.0021259727110728792
3740,0.0021259276058200986
3741,0.0021259048669217276
3742,0.002125869078299387
3743,0.002125845848130532
3744,0.0021258300687574793
3745,0.0021258173049641333
3746,0.0021257564643188584
3747,0.00212569580146411
3748,0.0021256718308387797
3749,0.002125595046468874
3750,0.002125570576671329
3751,0.0021255523323619064
3752,0.0021255397793881184
3753,0.0021254821081239665
3754,0.002125449480661726
3755,0.002125407512410542
3756,0.0021253724585412123
3757,0.0021253314424463064
3758,0.002125355290562069
3759,0.0021253159599907098
3760,0.0021252894382602283
3761,0.002125276486648453
3762,0.0021252667366380026
3763,0.002125258771543226
3764,0.002125217808361692
3765,0.002125165610416506
3766,0.0021251027422864418
3767,0.0021250900393616616
3768,0.0021250535675728308
3769,0.0021250283195006817
3770,0.002125016351007361
3771,0.0021250074332688864
3772,0.002125000049307502
3773,0.002124958634326323
3774,0.0021249003030423055
3775,0.0021248578401894215
3776,0.002124826681109383
3777,0.002124789296473751
3778,0.0021247239734198137
3779,0.002124671055590502
3780,0.0021246154077889908
3781,0.002124579106639777
3782,0.002124559509381942
3783,0.0021245436294765035
3784,0.0021244668433088444
3785,0.0021245048975287615
3786,0.0021244372203933597
3787,0.0021244104426425005
3788,0.002124392520500924
3789,0.0021243783205958885
3790,0.0021243120065066383
3791,0.0021242426145631934
3792,0.0021241567874640665
3793,0.00212408907556036
3794,0.0021240262264850766
3795,0.002123959403368056
3796,0.0021239384159804026
3797,0.0021239004943363975
3798,0.002123872336998684
3799,0.0021238577800180305
3800,0.002123846885566731
3801,0.00212383801304817
3802,0.0021237921127640756
3803,0.002123700096976155
3804,0.0021236146812782506
3805,0.002123552648078577
3806,0.0021234887001874304
3807,0.002123445880099098
3808,0.002123411032812604
3809,0.002123391487591547
3810,0.0021233764385033913
3811,0.002123363973274741
3812,0.0021232971873323633
3813,0.00212323168540089
3814,0.0021231924934882436
3815,0.0021231604064888467
3816,0.002123137029615575
3817,0.002123122058245105
3818,0.0021231097314456508
3819,0.0021230460809115097
3820,0.002122978929599126
3821,0.0021229492701408193
3822,0.0021228652780593627
3823,0.0021228444232009925
3824,0.002122830676453747
3825,0.002122766757733384
3826,0.002122712526861661
3827,0.002122743666836384
3828,0.0021226986993610596
3829,0.002122683610754349
3830,0.0021226745493505956
3831,0.0021226671104122496
3832,0.002122627106534797
3833,0.002122582774324162
3834,0.002122528854013501
3835,0.0021225177581786826
3836,0.002122485127489199
3837,0.002122473030369246
3838,0.0021224655531409294
3839,0.002122432545517704
3840,0.002122392255047339
3841,0.0021223549469300525
3842,0.0021223170443197183
3843,0.0021222865651108623
3844,0.0021222671911529474
3845,0.0021222519536854474
3846,0.0021221855213559427
3847,0.002122135470011515
3848,0.002122139497674296
3849,0.0021221184873011466
3850,0.0021220992880739207
3851,0.002122088346697902
3852,0.002122079318121968
3853,0.0021220308325388204
3854,0.0021219990191905713
3855,0.0021219618160767373
3856,0.002121907366510557
3857,0.002121984916238031
3858,0.0021218893118002094
3859,0.0021218567837609907
3860,0.00212182212656963
3861,0.0021218016968975527
3862,0.0021217850672941544
3863,0.0021217075497610574
3864,0.002121820359731389
3865,0.002121684800401629
3866,0.0021216675600778255
3867,0.0021216547739656413
3868,0.0021215956488727077
3869,0.0021215346307720535
3870,0.002121466938317277
3871,0.002121425476220833
3872,0.002121392403273487
3873,0.0021213723913736616
3874,0.0021213563748403476
3875,0.0021212738495305344
3876,0.0021212364477549033
3877,0.0021211698460135305
3878,0.002121129018966261
3879,0.0021210957311717325
3880,0.002121075267258717
3881,0.0021210582681432458
3882,0.0021210433551378033
3883,0.0021210298685499437
3884,0.0021210174372916957
3885,0.0021210058304523814
3886,0.0021209948932836113
3887,0.0021209845158317924
3888,0.0021209746162764846
3889,0.002120965131473632
3890,0.0021209560113049234
3891,0.002120914767495756
3892,0.0021208340076908105
3893,0.0021207839912075793
3894,0.0021207513025997588
3895,0.0021207286858785862
3896,0.002120712010043284
3897,0.0021206989012467472
3898,0.002120642621875486
3899,0.00212057992675486
3900,0.0021205367145964186
3901,0.0021205049188242286
3902,0.0021204877077891085
3903,0.002120464655163062
3904,0.0021204455654882256
3905,0.0021203302783868935
3906,0.0021202871828062174
3907,0.002120255634230067
3908,0.002120223204169248
3909,0.0021202071834019003
3910,0.002120195390070236
3911,0.002120132232197324
3912,0.0021201133479197987
3913,0.0021200341537912564
3914,0.0021200093454997126
3915,0.002119992935196558
3916,0.0021199788631150233
3917,0.002119901421378405
3918,0.0021199046220419775
3919,0.002119860929377528
3920,0.002119832841158544
3921,0.002119814622499864
3922,0.00211980094024467
3923,0.0021197850258255313
3924,0.002119771689152292
3925,0.0021196976581396862
3926,0.0021196387726131545
3927,0.0021195835574744754
3928,0.0021195499236066778
3929,0.0021195096216583267
3930,0.002119465122234122
3931,0.0021194164807767633
3932,0.002119351989568412
3933,0.0021193300511973445
3934,0.002119271688973904
3935,0.002119248985992603
3936,0.0021192383996881817
3937,0.002119231121788754
3938,0.0021192323928054127
3939,0.002119225398320019
3940,0.002119220102511505
3941,0.002119226355655799
3942,0.0021192138948544297
3943,0.0021192081142597575
3944,0.002119209027243261
3945,0.002119203380669009
3946,0.002119198935227776
3947,0.002119204173754397
3948,0.002119193645011405
3949,0.002119188667640543
3950,0.002119189414994624
3951,0.002119184553529182
3952,0.0021191806666963323
3953,0.002119185231776366
3954,0.002119176012071503
3955,0.002119171607166556
3956,0.0021191722454938253
3957,0.0021191679461666337
3958,0.0021191644736757356
3959,0.0021191685411543052
3960,0.002119160297832132
3961,0.0021191563295612087
3962,0.002119156888875746
3963,0.002119153018306223
3964,0.0021191498681513007
3965,0.0021191535499637064
3966,0.0021191460679878447
3967,0.002119142445035723
3968,0.002119142944179304
3969,0.0021191394125049633
3970,0.0021191365206277685
3971,0.0021191398943950514
3972,0.0021191330232667983
3973,0.0021191296802546902
3974,0.0021191301320826147
3975,0.0021191268749551208
3976,0.0021191241945210464
3977,0.0021191273167898766
3978,0.0021191209461779
3979,0.0021191178344409814
3980,0.0021191182481794784
3981,0.002119115217719462
3982,0.0021191127133639315
3983,0.002119115626700812
3984,0.0021191096731593517
3985,0.0021191067554761616
3986,0.0021191071379774405
3987,0.0021191042975843856
3988,0.002119101941966344
3989,0.0021191046791918505
3990,0.0021190990781375686
3991,0.002119096325442733
3992,0.002119096681925327
3993,0.002119094003035898
3994,0.0021190917746195825
3995,0.0021190943615232876
3996,0.0021190890620461085
3997,0.0021190864512559927
3998,0.0021190867857736316
3999,0.002119084245716475
4000,0.002119082127272092
4001,0.002119084584441943
4002,0.002119079545785963
4003,0.0021190770583001547
4004,0.0021190773740539814
4005,0.00211907495457154
4006,0.002119072932125563
4007,0.0021190752762249906
4008,0.002119070465319859
4009,0.0021190680859572548
4010,0.0021190683855116252
4011,0.0021190660717108115
4012,0.0021190641337919544
4013,0.00211906637847492
4014,0.002119061768160332
4015,0.0021190594843864944
4016,0.002119059769821983
4017,0.002119057549412804
4018,0.0021190556864995667
4019,0.0021190578430797637
4020,0.0021190534108028107
4021,0.00211905121215912
4022,0.0021190514851837606
4023,0.002119049347916415
4024,0.0021190475520255513
4025,0.0021190496299735412
4026,0.0021190453568184567
4027,0.0021190432344937817
4028,0.002119043496524718
4029,0.002119041433768007
4030,0.0021190396981439685
4031,0.002119041705461885
4032,0.002119037575416851
4033,0.002119035521922282
4034,0.0021190357741469484
4035,0.002119033778567928
4036,0.002119032097445509
4037,0.002119034040953134
4038,0.0021190300403495523
4039,0.0021190280492681796
4040,0.0021190282926906424
4041,0.002119026358008539
4042,0.002119024726429361
4043,0.002119026611984453
4044,0.00211902272906384
4045,0.002119020794856483
4046,0.0021190210303327073
4047,0.0021190191511279177
4048,0.002119017564797344
4049,0.0021190193974679216
4050,0.002119015622042878
4051,0.0021190137398955124
4052,0.0021190139681609922
4053,0.002119012139724951
4054,0.002119010594898841
4055,0.002119012379098211
4056,0.0021190087022858154
4057,0.002119006867988689
4058,0.002119007089679722
4059,0.0021190053078962157
4060,0.0021190038012911
4061,0.0021190055408860592
4062,0.002119001954894386
4063,0.0021190001647451375
4064,0.0021190003804157924
4065,0.0021189986416658988
4066,0.002118997170386545
4067,0.002118998868783257
4068,0.0021189953667408922
4069,0.002118993617466593
4070,0.0021189938276023105
4071,0.002118992128687504
4072,0.0021189906901683273
4073,0.0021189923503825894
4074,0.0021189889261994887
4075,0.0021189872148929642
4076,0.002118987419921254
4077,0.0021189857580011895
4078,0.0021189843499582564
4079,0.0021189859746726645
4080,0.0021189826229266752
4081,0.002118980946994248
4082,0.002118981147293458
4083,0.002118979519834714
4084,0.002118978140226311
4085,0.00211897973183723
4086,0.0021189764476805396
4087,0.002118974804798905
4088,0.002118975000705403
4089,0.0021189734054392153
4090,0.0021189720524329657
4091,0.0021189736130896386
4092,0.0021189703921709827
4093,0.0021189687802511572
4094,0.0021189689720653043
4095,0.002118967406952097
4096,0.0021189660788976388
4097,0.00211896761053455
4098,0.0021189644489344253
4099,0.0021189628660916353
4100,0.002118963054082657
4101,0.002118961517282599
4102,0.0021189602126883917
4103,0.002118961717052756
4104,0.00211895861122864
4105,0.002118957055756773
4106,0.0021189572401668624
4107,0.0021189557300148225
4108,0.0021189544475287074
4109,0.0021189559262036464
4110,0.0021189528729436387
4111,0.0021189513432936014
4112,0.002118951524341353
4113,0.0021189500393257402
4114,0.002118948777718272
4115,0.0021189502321424165
4116,0.0021189472285258904
4117,0.002118945723287166
4118,0.0021189459011705745
4119,0.002118944439915172
4120,0.0021189431980652667
4121,0.002118944629549728
4122,0.0021189416729134438
4123,0.0021189401907981353
4124,0.002118940365696903
4125,0.002118938926945504
4126,0.0021189377038283615
4127,0.0021189391135711852
4128,0.0021189362014801955
4129,0.002118934741309435
4130,0.002118934913387295
4131,0.002118933495990081
4132,0.002118932290666422
4133,0.002118933679765038
4134,0.0021189308099876865
4135,0.0021189293706797294
4136,0.002118929540086174
4137,0.002118928142988232
4138,0.002118926954595192
4139,0.002118928324057402
4140,0.0021189254945432876
4141,0.0021189240751032018
4142,0.002118924241975009
4143,0.0021189228642063064
4144,0.00211892169194944
4145,0.0021189230427027805
4146,0.0021189202515638655
4147,0.002118918851074503
4148,0.0021189190155372884
4149,0.002118917656203688
4150,0.002118916499349822
4151,0.0021189178322497397
4152,0.0021189150777438585
4153,0.002118913695358047
4154,0.002118913857527289
4155,0.00211891251580296
4156,0.0021189113736741526
4157,0.002118912689511429
4158,0.0021189099700274056
4159,0.0021189086049609182
4160,0.002118908764943096
4161,0.0021189074400636775
4162,0.0021189063120317765
4163,0.0021189076115387877
4164,0.0021189049255837646
4165,0.0021189035771092524
4166,0.0021189037350026864
4167,0.002118902426259361
4168,0.0021189013117412104
4169,0.0021189025955976534
4170,0.002118899941785608
4171,0.002118898609227194
4172,0.0021188987651228944
4173,0.0021188974718570194
4174,0.0021188963703102632
4175,0.0021188976391481066
4176,0.002118895016189834
4177,0.0021188936989182602
4178,0.0021188938529006192
4179,0.0021188925744991868
4180,0.0021188914854183933
4181,0.0021188927398262257
4182,0.0021188901465204447
4183,0.0021188888439489387
4184,0.0021188889960963766
4185,0.0021188877319876813
4186,0.0021188866549011398
4187,0.0021188878954282353
4188,0.002118885330653572
4189,0.002118884042233898
4190,0.0021188841926193737
4191,0.0021188829422694234
4192,0.0021188818767360926
4193,0.0021188831038958635
4194,0.0021188805666037644
4195,0.0021188792918229132
4196,0.002118879440514495
4197,0.0021188782034236167
4198,0.0021188771490304147
4199,0.0021188783633034557
4200,0.002118875852512021
4201,0.002118874590889154
4202,0.002118874737950396
4203,0.0021188735136503265
4204,0.0021188724700098066
4205,0.0021188736718467677
4206,0.002118871186634887
4207,0.0021188699377186542
4208,0.0021188700832090613
4209,0.0021188688712602153
4210,0.0021188678380083805
4211,0.002118869027832549
4212,0.002118866567334848
4213,0.002118865330700868
4214,0.00211886547467615
4215,0.0021188642746653684
4216,0.0021188632514597397
4217,0.0021188644296691707
4218,0.002118861993071511
4219,0.0021188607683202574
4220,0.0021188609108327
4221,0.0021188597223709723
4222,0.002118858708888927
4223,0.002118859875858758
4224,0.002118857462393779
4225,0.0021188562491484893
4226,0.002118856390247256
4227,0.002118855212967876
4228,0.0021188542089049345
4229,0.0021188553649887166
4230,0.0021188529739327704
4231,0.00211885177183779
4232,0.002118851911569187
4233,0.0021188507451258463
4234,0.0021188497501944104
4235,0.0021188508957262877
4236,0.002118848526395397
4237,0.00211884733511443
4238,0.0021188474735220537
4239,0.002118846317587486
4240,0.0021188453315154412
4241,0.0021188464668114404
4242,0.002118844118558519
4243,0.00211884293777324
4244,0.002118843074898254
4245,0.002118841929162647
4246,0.0021188409516922635
4247,0.0021188420770515983
4248,0.002118839749263763
4249,0.0021188385786724538
4250,0.002118838714553828
4251,0.002118837578723513
4252,0.0021188366096103043
4253,0.0021188377253166125
4254,0.0021188354174127
4255,0.0021188342567290187
4256,0.0021188343914035875
4257,0.00211883326519993
4258,0.002118832304211812
4259,0.002118833410534481
4260,0.0021188311219624773
4261,0.0021188299709143823
4262,0.002118830104417004
4263,0.0021188289875753497
4264,0.002118828034491699
4265,0.0021188291316867687
4266,0.0021188268619218658
4267,0.0021188257202506286
4268,0.0021188258526144365
4269,0.002118824744883025
4270,0.002118823799493852
4271,0.0021188248878048505
4272,0.0021188226363477005
4273,0.002118821503806925
4274,0.002118821635063353
4275,0.0021188205362025255
4276,0.0021188195983077767
4277,0.002118820677966696
4278,0.002118818444341539
4279,0.0021188173206963747
4280,0.0021188174508753664
4281,0.0021188163606565905
4282,0.0021188154300655006
4283,0.0021188165012935144
4284,0.0021188142850466335
4285,0.002118813170072985
4286,0.0021188132992030024
4287,0.00211881221740833
4288,0.0021188112939387244
4289,0.0021188123569469332
4290,0.002118810157645195
4291,0.0021188090511290313
4292,0.0021188091792372164
4293,0.0021188081056584458
4294,0.0021188071891363163
4295,0.0021188082441264797
4296,0.0021188060613558423
4297,0.00211880496309254
4298,0.0021188050902048003
4299,0.0021188040246428795
4300,0.0021188031149017208
4301,0.0021188041620666914
4302,0.002118801995431284
4303,0.0021188009052250036
4304,0.0021188010313660756
4305,0.0021187999736305514
4306,0.0021187990705110044
4307,0.0021188001100354
4308,0.002118797959156148
4309,0.002118796876819357
4310,0.0021187970020128686
4311,0.0021187959519213487
4312,0.002118795055270678
4313,0.002118796087331366
4314,0.002118793951845094
4315,0.0021187928771979852
4316,0.002118793001466553
4317,0.002118791958844165
4318,0.0021187910685159456
4319,0.0021187920932826017
4320,0.002118789972840848
4321,0.002118788905710939
4322,0.0021187890290761987
4323,0.0021187879937552326
4324,0.0021187871096088854
4325,0.002118788127244266
4326,0.0021187860215126824
4327,0.002118784961734329
4328,0.002118785084217051
4329,0.0021187840560364297
4330,0.0021187831779369204
4331,0.0021187841885973273
4332,0.0021187820972547685
4333,0.0021187810446688126
4334,0.0021187811662888704
4335,0.0021187801450938673
4336,0.0021187792729113896
4337,0.002118780276747122
4338,0.0021187781994847776
4339,0.002118777153938143
4340,0.0021187772747146673
4341,0.002118776260356455
4342,0.002118775393966134
4343,0.002118776391121684
4344,0.0021187743276425432
4345,0.002118773288987915
4346,0.0021187734089392588
4347,0.002118772401274612
4348,0.0021187715405562393
4349,0.0021187725311707503
4350,0.0021187704811888018
4351,0.0021187694492843306
4352,0.0021187695684281456
4353,0.0021187685673191687
4354,0.00211876771215691
4355,0.002118768696364363
4356,0.002118766659604143
4357,0.002118765634313113
4358,0.0021187657526663952
4359,0.0021187647579801443
4360,0.0021187639082623586
4361,0.0021187648861919527
4362,0.002118762862387807
4363,0.00211876184357838
4364,0.0021187619611574655
4365,0.0021187609727658
4366,0.002118760128384799
4367,0.002118761100161142
4368,0.0021187590890568288
4369,0.0021187580766017606
4370,0.0021187581934224357
4371,0.0021187572112016722
4372,0.002118756372053462
4373,0.002118757337796724
4374,0.0021187553391450197
4375,0.002118754332921495
4376,0.002118754448998981
4377,0.0021187534728296584
4378,0.0021187526388138406
4379,0.0021187535986401987
4380,0.002118751612202173
4381,0.0021187506120914695
4382,0.002118750727440398
4383,0.00211874975720722
4384,0.002118748928226732
4385,0.0021187498822483625
4386,0.0021187479077931955
4387,0.002118746913680606
4388,0.00211874702831513
4389,0.0021187460639065627
4390,0.002118745239867599
4391,0.0021187461881930106
4392,0.002118744225497432
4393,0.002118743237271992
4394,0.002118743351205824
4395,0.0021187423925139756
4396,0.0021187415733257184
4397,0.002118742516059864
4398,0.002118740564907898
4399,0.0021187395824622053
4400,0.0021187396957084957
4401,0.002118738742629072
4402,0.0021187379282036688
4403,0.0021187388654481513
4404,0.0021187369256307036
4405,0.002118735948860778
4406,0.0021187360614323748
4407,0.0021187351138642185
4408,0.002118734304116545
4409,0.002118735235969675
4410,0.002118733307284345
4411,0.002118732336089456
4412,0.0021187324479987287
4413,0.0021187315058439535
4414,0.002118730700691517
4415,0.002118731627248612
4416,0.002118729709499178
4417,0.0021187287437816936
4418,0.0021187288550406054
4419,0.0021187279182043367
4420,0.0021187271175672016
4421,0.0021187280389207085
4422,0.0021187261319168776
4423,0.0021187251715821063
4424,0.0021187252822022287
4425,0.0021187243505925214
4426,0.0021187235543931207
4427,0.0021187244706326555
4428,0.00211872257418994
4429,0.002118721619146018
4430,0.002118721729138567
4431,0.0021187208026661603
4432,0.002118720010829288
4433,0.002118720922041779
4434,0.0021187190359811363
4435,0.0021187180861389505
4436,0.00211871819551486
4437,0.0021187172740930837
4438,0.0021187164865456823
4439,0.0021187173928155496
4440,0.0021187155169631487
4441,0.0021187145722361433
4442,0.0021187146810059425
4443,0.0021187137645507495
4444,0.002118712981221871
4445,0.0021187138826311157
4446,0.0021187120168181164
4447,0.0021187110771221707
4448,0.0021187111852961145
4449,0.002118710273725818
4450,0.0021187094945465217
4451,0.002118710391174734
4452,0.0021187085352371835
4453,0.0021187076004906174
4454,0.002118707708078631
4455,0.002118706801313852
4456,0.002118706026217193
4457,0.002118706918141833
4458,0.0021187050719202022
4459,0.0021187041420435656
4460,0.002118704249055381
4461,0.0021187033470189006
4462,0.002118702575939688
4463,0.002118703463235861
4464,0.0021187016265753165
4465,0.0021187007014913804
4466,0.002118700807936436
4467,0.0021186999105531467
4468,0.0021186991434279678
4469,0.002118700026168766
4470,0.0021186981989186823
4471,0.0021186972785522816
4472,0.0021186973844396903
4473,0.0021186964916365737
4474,0.0021186957284038306
4475,0.0021186966066606195
4476,0.0021186947886740397
4477,0.0021186938729520163
4478,0.0021186939782906512
4479,0.002118693089996674
4480,0.0021186923305963174
4481,0.0021186932044383357
4482,0.0021186913955725437
4483,0.002118690484423691
4484,0.0021186905892221783
4485,0.0021186897053681645
4486,0.0021186889497417567
4487,0.0021186898192364825
4488,0.0021186880193524056
4489,0.0021186871127073697
4490,0.0021186872169741493
4491,0.002118686337492658
4492,0.002118685585583276
4493,0.0021186864507964556
4494,0.002118684659758623
4495,0.0023239170855021796
4496,0.0023152702207337407
4497,0.0023084742431603387
4498,0.0023060773492692833
4499,0.0023002668565921995
4500,0.0022973333563872447
4501,0.0022935449714884537
4502,0.002289880774927498
4503,0.002285466805451187
4504,0.0022815729784768663
4505,0.0022776994789157285
4506,0.002277339643196646
4507,0.0022746057433379136
4508,0.0022707768635492572
4509,0.0022682390408521177
4510,0.002261681300503086
4511,0.002256626404335799
4512,0.0022533109194915026
4513,0.002251079020459677
4514,0.002249301257404785
4515,0.00224707024739821
4516,0.0022423618662004673
4517,0.002240015532816458
4518,0.002234828358578556
4519,0.002232766809104979
4520,0.002230415229127439
4521,0.0022286802765416353
4522,0.0022261508473902605
4523,0.002223593987401846
4524,0.002222224425491686
4525,0.002218822344776329
4526,0.0022176813889047027
4527,0.0022135226100394997
4528,0.0022123113775444846
4529,0.00221033360626873
4530,0.0022091088127141833
4531,0.0022069924480044366
4532,0.002205474505090552
4533,0.0022044186653133423
4534,0.002201898710762094
4535,0.002204621008421916
4536,0.002200794886735842
4537,0.0021991611950220205
4538,0.0021979939154751875
4539,0.0021959668976451164
4540,0.0021953587107665117
4541,0.0021931230239071895
4542,0.0021921302195380683
4543,0.0021910539323801875
4544,0.0021893932300456566
4545,0.0021870984762579044
4546,0.0021857718690787087
4547,0.002184346405913958
4548,0.0021835928843500787
4549,0.0021824296018590783
4550,0.002182095836937491
4551,0.0021800568902514447
4552,0.0021799560306482637
4553,0.0021792908299671375
4554,0.0021790639957572516
4555,0.002178628724242641
4556,0.002177961320048132
4557,0.0021773588496118517
4558,0.002176789060821254
4559,0.0021764928297442043
4560,0.0021761560338932947
4561,0.002175559776714612
4562,0.0021744416292237573
4563,0.0021740221172287452
4564,0.0021735952031447414
4565,0.0021733792830057096
4566,0.0021730022072188066
4567,0.0021723913960410503
4568,0.0021719939042025758
4569,0.0021713251627496306
4570,0.002172493091853869
4571,0.0021709483675021912
4572,0.002170454423745419
4573,0.00217017148280953
4574,0.002169633269635572
4575,0.002169274815555109
4576,0.002168649583744377
4577,0.002168215223942445
4578,0.0021678771619313398
4579,0.002167284171791734
4580,0.0021681502746021776
4581,0.0021670194131172063
4582,0.002166511121303743
4583,0.0021661332611731064
4584,0.002165549241574506
4585,0.002164857853121157
4586,0.0021652475095983903
4587,0.002164435143210483
4588,0.002163849773526158
4589,0.0021634584895104917
4590,0.002163057521589985
4591,0.00216264400375782
4592,0.0021622508850415835
4593,0.0021616730265556143
4594,0.00216127807049158
4595,0.002160835636027174
4596,0.002160368822284454
4597,0.002160029018589145
4598,0.0021597510153424353
4599,0.0021592380857909767
4600,0.0021587930589574097
4601,0.002158255959926951
4602,0.0021578408766062596
4603,0.0021571294093132823
4604,0.002156737905001459
4605,0.0021562061560940335
4606,0.002155801906816651
4607,0.002155841477243673
4608,0.00215564746834968
4609,0.002155450068597193
4610,0.0021551990819995157
4611,0.002154815634806885
4612,0.0021543601099118068
4613,0.0021538510025501997
4614,0.0021541333645737144
4615,0.0021536202619291795
4616,0.0021533919910325557
4617,0.002153122106781791
4618,0.002152974482217569
4619,0.0021527321088143023
4620,0.002152421666939122
4621,0.0021522230995037715
4622,0.002151862372176314
4623,0.0021517011149947544
4624,0.002151460991399812
4625,0.0021512732419006766
4626,0.0021510196330443987
4627,0.0021507327841799625
4628,0.0021512229094179523
4629,0.0021505980282349097
4630,0.0021503997732518756
4631,0.002150287069003131
4632,0.002150094874415432
4633,0.0021498066716348204
4634,0.0021497538983140294
4635,0.0021492583709370803
4636,0.0021490770753321243
4637,0.002148832689336264
4638,0.002148734160760487
4639,0.0021484961471370154
4640,0.002148363109520204
4641,0.0021481999442251884
4642,0.0021479074460508223
4643,0.0021476234674296436
4644,0.0021473582867233437
4645,0.002147162513540938
4646,0.0021469870013563195
4647,0.0021468796735311328
4648,0.0021464431194647476
4649,0.002146315932337465
4650,0.0021461120744768244
4651,0.002145854175357356
4652,0.0021458344722971624
4653,0.002145662090727105
4654,0.0021454516056293423
4655,0.002145290957058456
4656,0.0021450719186209277
4657,0.0021448582523692535
4658,0.002144664190304705
4659,0.002144424888175395
4660,0.0021442751844122695
4661,0.0021440760430721907
4662,0.0021439056208382825
4663,0.0021437576167357996
4664,0.0021438225245343965
4665,0.0021437081236625392
4666,0.002143621183157233
4667,0.00214347026538432
4668,0.0021433615236280405
4669,0.0021431496779273024
4670,0.002143310994334842
4671,0.0021430602980885205
4672,0.002142901029744367
4673,0.0021428030733431714
4674,0.002142649972596311
4675,0.002142469887046605
4676,0.0021424195401886295
4677,0.0021422852767418554
4678,0.002142231678855096
4679,0.0021421555415786528
4680,0.002142011475966621
4681,0.0021419192742398773
4682,0.002141830967537583
4683,0.002141787213776703
4684,0.0021417267220399045
4685,0.002141683132043316
4686,0.002141443496592654
4687,0.002142096270460843
4688,0.002141388492326162
4689,0.002141337061390282
4690,0.0021412154892927492
4691,0.0021410452258949523
4692,0.0021409240927732207
4693,0.002140800435620247
4694,0.0021406433139963556
4695,0.0021405301052541538
4696,0.002140405479854941
4697,0.002140275521976975
4698,0.002140164275501495
4699,0.0021400740200892957
4700,0.0021399139935203513
4701,0.002139711961571871
4702,0.002139764193779196
4703,0.0021395927902937437
4704,0.002139417737057638
4705,0.002139327272142795
4706,0.0021392555869943018
4707,0.002139134241468584
4708,0.0021390303669112628
4709,0.002138889409261905
4710,0.0021387375366208276
4711,0.002138616021565247
4712,0.0021385209450089115
4713,0.0021383633506252284
4714,0.0021382804973712273
4715,0.0021381598534084274
4716,0.0021380055973511296
4717,0.002137828617397061
4718,0.0021377004305748884
4719,0.0021375440484234956
4720,0.0021374177454759904
4721,0.002137662500307678
4722,0.002137345448153464
4723,0.00213723884353872
4724,0.0021371776756252308
4725,0.002137142365600737
4726,0.002137117405672517
4727,0.00213699118535756
4728,0.0021368395431747107
4729,0.0021366877956396652
4730,0.002136712595601655
4731,0.0021366303778826506
4732,0.002136579563393851
4733,0.002136512269710469
4734,0.0021364560804743695
4735,0.002136416493365152
4736,0.002136210733568269
4737,0.002136152066329687
4738,0.0021360451762702163
4739,0.002135998145030342
4740,0.002135953724198635
4741,0.0021358896111109606
4742,0.00213581909312768
4743,0.002135749365328992
4744,0.002135678574319608
4745,0.0021356492403921696
4746,0.002135629521815849
4747,0.002135613201422086
4748,0.002135523985590599
4749,0.0021354319295562294
4750,0.002135270600612523
4751,0.0021352737771010676
4752,0.0021351984549100355
4753,0.0021351322384594233
4754,0.0021350290643697965
4755,0.0021351219276448817
4756,0.0021349847951681435
4757,0.002134915547468173
4758,0.0021347934575029863
4759,0.0021346904931839788
4760,0.002134694960120868
4761,0.0021346123165183065
4762,0.0021344980048161027
4763,0.002134414093960532
4764,0.0021343315721288644
4765,0.0021342450634934114
4766,0.0021341954975293994
4767,0.0021341674209967272
4768,0.0021341463011400647
4769,0.0021341285558372273
4770,0.002134024871085908
4771,0.0021338880679355287
4772,0.002133808811609215
4773,0.0021336434773429683
4774,0.0021335887890920426
4775,0.0021335467697489573
4776,0.0021334425382510255
4777,0.00213339827515143
4778,0.0021333720652778306
4779,0.0021333510904218617
4780,0.0021332444372454216
4781,0.002133109159744799
4782,0.0021330918314152424
4783,0.002133004542667487
4784,0.002132968953983401
4785,0.0021329446618701506
4786,0.002132832225517503
4787,0.002132704563227777
4788,0.0021325945915272276
4789,0.002132542082750241
4790,0.0021324771195596185
4791,0.002132412474613318
4792,0.0021323474933327793
4793,0.002132222866446626
4794,0.00213241227856572
4795,0.0021321826415930454
4796,0.002132119793385062
4797,0.0021321356514552234
4798,0.002132102997725039
4799,0.0021320768446306372
4800,0.0021320640408673346
4801,0.002132053432353177
4802,0.002131994197886985
4803,0.002131911126211233
4804,0.002131897703456133
4805,0.002131840161636903
4806,0.0021317987733987446
4807,0.002131757738040704
4808,0.002131738002585352
4809,0.0021317240923788942
4810,0.0021316559164669246
4811,0.0021315653001673074
4812,0.002131486603587199
4813,0.0021314270258179294
4814,0.0021313745549302915
4815,0.0021313370400486455
4816,0.002131299531618117
4817,0.0021312465237200177
4818,0.002131164469330649
4819,0.0021316706661013984
4820,0.0021311460466440376
4821,0.002131102866054977
4822,0.002131061876033085
4823,0.002131036501616585
4824,0.0021310158359488917
4825,0.0021309096925142355
4826,0.0021308643513686235
4827,0.0021307887371928838
4828,0.0021307446971075713
4829,0.0021306923244553736
4830,0.002130675078273762
4831,0.0021305751316511006
4832,0.002130543050523901
4833,0.0021305272047436137
4834,0.002130515639606635
4835,0.002130505962795949
4836,0.0021304489742487555
4837,0.002130371238624171
4838,0.0021303336763491827
4839,0.002130260517722593
4840,0.002130229853184314
4841,0.0021302122739960162
4842,0.0021301978425031856
4843,0.002130121532533379
4844,0.00213007859661201
4845,0.002130012054203262
4846,0.0021299656960914685
4847,0.0021299239799182444
4848,0.0021298992045147873
4849,0.0021298798346776706
4850,0.0021298636689368105
4851,0.0021298497826254866
4852,0.002129837895634903
4853,0.0021298258273039234
4854,0.002129767024489474
4855,0.002129696376355972
4856,0.0021295613371333753
4857,0.002129528591891238
4858,0.002129461841214639
4859,0.0021294173447960426
4860,0.0021293696311824456
4861,0.002129307317675337
4862,0.0021292342651643395
4863,0.0021291823036452993
4864,0.002129122714651333
4865,0.0021290824776136062
4866,0.0021290345043720703
4867,0.0021290063912977994
4868,0.0021289861009502467
4869,0.002128969693042742
4870,0.002128885177301599
4871,0.0021288082164530333
4872,0.0021286493982598195
4873,0.002128681258142002
4874,0.002128595480870595
4875,0.0021285491885503615
4876,0.0021284876601787377
4877,0.002128461746322154
4878,0.0021283980263413988
4879,0.0021283653303346135
4880,0.002128350223403015
4881,0.0021283395924996495
4882,0.0021283309849044157
4883,0.0021282857052008332
4884,0.002128223209907941
4885,0.002128188277307477
4886,0.0021281428282490813
4887,0.002128117822418395
4888,0.00212808749387379
4889,0.0021280677673458817
4890,0.0021280519798948486
4891,0.002127973979115478
4892,0.0021278683894274597
4893,0.0021277953031710894
4894,0.0021277513666869093
4895,0.0021277034726494377
4896,0.002127669274230502
4897,0.002127619792625895
4898,0.002127589385921085
4899,0.0021275568652061585
4900,0.00212753915973785
4901,0.0021275248625121767
4902,0.0021274536224300806
4903,0.0021274848876638593
4904,0.0021274398526546757
4905,0.0021274225509604573
4906,0.0021274109599925773
4907,0.0021274015521969536
4908,0.0021273539106788715
4909,0.0021273037535806355
4910,0.002127270589728003
4911,0.0021272440033828026
4912,0.002127112948116425
4913,0.002127027889013668
4914,0.002126967837964846
4915,0.002126930996801845
4916,0.0021269072909995772
4917,0.0021268881675832324
4918,0.0021267918246647526
4919,0.0021267056985199467
4920,0.0021266498259600026
4921,0.0021266137114816785
4922,0.002126591757627209
4923,0.002126578232669111
4924,0.0021265127777555545
4925,0.0021264553606854903
4926,0.002126349179160799
4927,0.0021263738549064264
4928,0.0021263136137096247
4929,0.002126270105217786
4930,0.0021262436360557683
4931,0.0021262233308848985
4932,0.002126206604493302
4933,0.0021261188045790884
4934,0.0021260312481702942
4935,0.002125975932791372
4936,0.00212592956933188
4937,0.002125901914551983
4938,0.0021258839565028564
4939,0.0021258693501009693
4940,0.0021257966993154616
4941,0.00212573758231674
4942,0.0021256819898926547
4943,0.0021256505651729143
4944,0.0021256319237990453
4945,0.002125616193909073
4946,0.002125602304719911
4947,0.002125589750361271
4948,0.0021255782312108295
4949,0.0021255675479203043
4950,0.002125557557627975
4951,0.0021255481528342506
4952,0.002125539249896958
4953,0.002125530782179279
4954,0.0021255226956178857
4955,0.002125514945727353
4956,0.0021255074954559913
4957,0.002125500313635025
4958,0.0021254933738005313
4959,0.0021254866533096843
4960,0.0021254801326420305
4961,0.002125473794863716
4962,0.0021254676251905966
4963,0.0021254616106484445
4964,0.002125455739788142
4965,0.0021254500024623104
4966,0.002125444389633217
4967,0.0021254388932213627
4968,0.0021254335059721434
4969,0.0021254282213505563
4970,0.00212542303344629
4971,0.0021254179368988776
4972,0.002125412926828716
4973,0.0021254079987827546
4974,0.002125403148683486
4975,0.002125398372788841
4976,0.0021253936676538963
4977,0.0021253890301008364
4978,0.002125384457189662
4979,0.0021253799461955166
4980,0.0021253754945860597
4981,0.0021253711000039396
4982,0.0021253667602492785
4983,0.002125362473265996
4984,0.0021253582371279236
4985,0.0021253540500282284
4986,0.0021253499102682418
4987,0.0021253458162490955
4988,0.0021253417664628023
4989,0.002125337759485529
4990,0.002125333793970383
4991,0.002125329868641998
4992,0.0021253259822906706
4993,0.0021253221337678737
4994,0.0021253183219814976
4995,0.0021253145458922412
4996,0.002125310804509562
4997,0.0021253070968887317
4998,0.0021252910944911376
4999,0.0021252550295231057
5000,0.002125018212576851
5001,0.0021249327932054045
5002,0.002124892163260746
5003,0.0021248562891477384
5004,0.0021248474878692524
5005,0.0021248395641127716
5006,0.0021247746349640417
5007,0.0021247683567935235
5008,0.0021247330669794894
5009,0.0021246689378814944
5010,0.0021245350405635108
5011,0.0021244833816187474
5012,0.002124429238896446
5013,0.0021244100054139113
5014,0.002124399673599824
5015,0.0021243369609572514
5016,0.0021242231641694304
5017,0.0021242143151258054
5018,0.0021241483760722738
5019,0.002124135123644216
5020,0.0021241258869136113
5021,0.0021240766640517315
5022,0.002124008782158341
5023,0.0021241587251112533
5024,0.002123986802298564
5025,0.0021239508552853494
5026,0.0021239157393336035
5027,0.002123893968937915
5028,0.0021238765536631047
5029,0.0021237947330945348
5030,0.0021237257975505455
5031,0.0021236685696583496
5032,0.0021236179146868327
5033,0.0021235840898286883
5034,0.0021235450087777096
5035,0.0021234882834122214
5036,0.00212344223841673
5037,0.002123390512417574
5038,0.00212335304533362
5039,0.0021232937722349596
5040,0.002123215566101275
5041,0.002123170568695179
5042,0.002123133473426728
5043,0.0021231166181070755
5044,0.002123105833233718
5045,0.00212309667015144
5046,0.002123088521499132
5047,0.0021230810856807895
5048,0.002123074186995983
5049,0.0021230343668720646
5050,0.0021229680170385904
5051,0.002122937126037616
5052,0.002122916494097671
5053,0.0021228996062683933
5054,0.0021228091253237976
5055,0.002122734774908178
5056,0.002122684066337948
5057,0.0021226596985333044
5058,0.0021226438983564418
5059,0.0021225666769969995
5060,0.0021225154760160614
5061,0.0021224752387979445
5062,0.002122440798302914
5063,0.0021224042197431968
5064,0.002122351979227582
5065,0.0021222665205255222
5066,0.0021222281805440136
5067,0.0021221373849210495
5068,0.0021220925996646668
5069,0.002122040836338524
5070,0.0021220194952986503
5071,0.0021219569298167778
5072,0.002121917281825168
5073,0.002121878845298396
5074,0.0021218118495382366
5075,0.002121940548372651
5076,0.002121779102176395
5077,0.0021217131704518435
5078,0.0021216727121214055
5079,0.002121650115625946
5080,0.0021216326470267425
5081,0.002121618832649039
5082,0.0021216107738999523
5083,0.0021215983892499592
5084,0.002121588405184518
5085,0.0021215187107543935
5086,0.002121422514922842
5087,0.002121366321586569
5088,0.0021213118071288
5089,0.0021212691471968973
5090,0.0021212306127894017
5091,0.0021211787610692923
5092,0.0021211249645461602
5093,0.002121062477614879
5094,0.0021210065005851063
5095,0.002121009793124389
5096,0.002120962373312843
5097,0.002120898043678907
5098,0.0021208801300667242
5099,0.0021208456107241263
5100,0.002120816082439322
5101,0.002120801301099448
5102,0.002120789584852283
5103,0.00212073568781562
5104,0.0021206739420649386
5105,0.002120611040940391
5106,0.002120568056191934
5107,0.002120542624579803
5108,0.0021205303188837656
5109,0.0021205201097602576
5110,0.002120465255173859
5111,0.0021204034373716184
5112,0.0021203616055757856
5113,0.0021203253458850313
5114,0.0021203037386359393
5115,0.0021202866988833235
5116,0.002120272332925651
5117,0.0021201978886724185
5118,0.002120252935616105
5119,0.002120169745478468
5120,0.002120148876589695
5121,0.0021201335000156285
5122,0.002120053277903159
5123,0.0021199687632283562
5124,0.002120013218929373
5125,0.0021199283396980814
5126,0.002119887093831581
5127,0.002119859065944582
5128,0.002119822830626105
5129,0.00211978717952995
5130,0.0021197521579487183
5131,0.002119730679794121
5132,0.002119720199837938
5133,0.0021197122058168208
5134,0.002119675124092702
5135,0.0021196373064337553
5136,0.0021196138814655093
5137,0.0021195733724419185
5138,0.0021195476037246513
5139,0.0021195284654767794
5140,0.0021195131880084204
5141,0.0021194424338363146
5142,0.002119372886339972
5143,0.002119527535789775
5144,0.002119344895620449
5145,0.002119306109629865
5146,0.0021192825276727914
5147,0.002119264059682151
5148,0.0021191696383445753
5149,0.002119100935195413
5150,0.002119049989306387
5151,0.0021189997778263397
5152,0.002118914977497596
5153,0.0021188477803073475
5154,0.0021188072454828622
5155,0.0021187589276182744
5156,0.0021187338378281196
5157,0.002118718931684027
5158,0.0021187062176287064
5159,0.002118635198729095
5160,0.0021186767595589113
5161,0.002118600562011807
5162,0.0021185718485659797
5163,0.0021185532323454784
5164,0.0021184716072186593
5165,0.0021183973710596077
5166,0.0021183190086073874
5167,0.002118316274815991
5168,0.0021182847989221184
5169,0.0021182611793172665
5170,0.0021182457792976866
5171,0.002118233720277032
5172,0.0021181771985322125
5173,0.002118113795170581
5174,0.002118091454194881
5175,0.002118027960985673
5176,0.0021180096427674618
5177,0.0021179961430626178
5178,0.002117921368992893
5179,0.002117869625374991
5180,0.002117822409952488
5181,0.0021178063906395414
5182,0.002117796234977625
5183,0.0021177877045190094
5184,0.0021177370212754564
5185,0.002117695683631747
5186,0.002117650702233706
5187,0.0021176265555754633
5188,0.002117611403371827
5189,0.0021175445734861096
5190,0.0021174857952472085
5191,0.002117430700889739
5192,0.0021173905405353806
5193,0.002117392221388692
5194,0.002117380140294612
5195,0.0021174428017564405
5196,0.002117370784189515
5197,0.002117371890044436
5198,0.002117362221735015
5199,0.002117414534304495
5200,0.002117354333440784
5201,0.002117355130748173
5202,0.002117346990529203
5203,0.0021173922155367617
5204,0.002117340124213577
5205,0.0021173407321167723
5206,0.0021173336564529817
5207,0.002117373715168322
5208,0.0021173275439468424
5209,0.002117328027100455
5210,0.002117321735889774
5211,0.0021173578561006065
5212,0.0021173162033251577
5213,0.0021173165996816673
5214,0.002117310911348729
5215,0.002117343924080927
5216,0.0021173058396174644
5217,0.002117306172803043
5218,0.0021173009630432245
5219,0.002117331458178152
5220,0.002117296266745063
5221,0.002117296552250081
5222,0.002117291732003701
5223,0.0021173201450037137
5224,0.0021172873475726254
5225,0.0021172875960258557
5226,0.0021172830990549224
5227,0.002117309761765668
5228,0.0021172789777252525
5229,0.0021172791967087232
5230,0.002117274972238292
5231,0.0021173001440802086
5232,0.0021172710756804216
5233,0.002117271270781898
5234,0.002117267278934601
5235,0.0021172911669128046
5236,0.002117263576427958
5237,0.0021172637518783576
5238,0.0021172599607173588
5239,0.002117282732779961
5240,0.0021172564272467706
5241,0.0021172565863219433
5242,0.0021172529698603644
5243,0.0021172747641386535
5244,0.0021172495847891193
5245,0.002117249730072875
5246,0.002117246266886898
5247,0.0021172671982845497
5248,0.0021172430130042027
5249,0.0021172431465661706
5250,0.0021172398187997935
5251,0.002117259983820021
5252,0.002117236681618889
5253,0.002117236805138526
5254,0.002117233597770712
5255,0.002117253078132815
5256,0.0021172305650003845
5257,0.002117230679855572
5258,0.0021172275801488545
5259,0.002117246445551791
5260,0.0021172246412878093
5261,0.002117224748619815
5262,0.0021172217456971554
5263,0.002117240055967079
5264,0.0021172188917177484
5265,0.0021172189924794763
5266,0.0021172160769948414
5267,0.002117233883777535
5268,0.0021172133000928865
5269,0.002117213395085823
5270,0.0021172105589634784
5271,0.002117227907074905
5272,0.002117207852358063
5273,0.002117207942260656
5274,0.002117205178486783
5275,0.002117222107002734
5276,0.0021172025362584473
5277,0.0021172026216481924
5278,0.0021171999241025616
5279,0.0021172164672458678
5280,0.0021171973410611727
5281,0.0021171974224322024
5282,0.002117194785750829
5283,0.0021172109736194698
5284,0.0021171922573269696
5285,0.002117192335104106
5286,0.00211718975456635
5287,0.002117205613735382
5288,0.00211718727672131
5289,0.002117187351271447
5290,0.0021171848227065013
5291,0.002117200376728703
5292,0.0021171823918574415
5293,0.002117182463498697
5294,0.002117179983207784
5295,0.0021171952530332785
5296,0.0021171775961647665
5297,0.002117177665174052
5298,0.0021171752298652473
5299,0.002117190234193262
5300,0.0021171728837785122
5301,0.0021171729503977094
5302,0.002117170557131088
5303,0.002117185312708698
5304,0.00211716824944617
5305,0.0021171683138873193
5306,0.0021171659600285526
5307,0.0021171804819024712
5308,0.002117163688448392
5309,0.0021171637508980335
5310,0.0021171614340789254
5311,0.0021171757358112364
5312,0.0021171591965314074
5313,0.0021171592571541113
5314,0.0021171569752391497
5315,0.0021171710690909857
5316,0.002117154769849438
5317,0.0021171548287909074
5318,0.002117152579848403
5319,0.0021171664769380235
5320,0.0021171504049150975
5321,0.002117150462304658
5322,0.00211714824458225
5323,0.0021171619550205546
5324,0.002117146098556915
5325,0.0021171461545098176
5326,0.002117143966413067
5327,0.0021171574994209344
5328,0.0021171418478825137
5329,0.00211714190250165
5330,0.002117139742575883
5331,0.002117153106585261
5332,0.0021171376502469317
5333,0.0021171377036244684
5334,0.002117135570538828
5335,0.0021171487732811415
5336,0.002117133503224898
5337,0.0021171335554436223
5338,0.0021171314479772993
5339,0.0021171444965599473
5340,0.00211712940458687
5341,0.002117129455721265
5342,0.0021171273727516554
5343,0.0021171402737246965
5344,0.002117125352278116
5345,0.0021171254023955046
5346,0.0021171233428875203
5347,0.0021171361023020353
5348,0.002117121344400351
5349,0.0021171213935616386
5350,0.0021171193565587424
5351,0.0021171319800180528
5352,0.002117117379195759
5353,0.002117117427456252
5354,0.0021171154120723013
5355,0.0021171279047769898
5356,0.0021171134550327904
5357,0.0021171135024428333
5358,0.002117111507855065
5359,0.0021171238746424633
5360,0.002117109570393836
5361,0.0021171096169992644
5362,0.0021171076424421962
5363,0.0021171198878217707
5364,0.002117105723864177
5365,0.0021171057697069776
5366,0.0021171038144667327
5367,0.0021171159426501764
5368,0.0021171019141223795
5369,0.002117101959241015
5370,0.0021171000226505926
5371,0.0021171120375801837
5372,0.0021170981399316136
5373,0.002117098184361343
5374,0.002117096265796332
5375,0.0021171081711689353
5376,0.002117094400132022
5377,0.0021170944439053286
5378,0.0021170925427800463
5379,0.0021171043420681866
5380,0.00211709069363405
5381,0.002117090736780978
5382,0.002117088852544915
5383,0.002117100549016902
5384,0.002117087019412199
5385,0.0021170870619604456
5386,0.002117085194095506
5387,0.002117096790832375
5388,0.0021170833764997503
5389,0.0021170834184750364
5390,0.002117081566492564
5391,0.0021170930664035133
5392,0.002117079763983834
5393,0.002117079805409974
5394,0.0021170779688485164
5395,0.002117089374685264
5396,0.0021170761810010625
5397,0.0021170762219001925
5398,0.0021170744003232325
5399,0.002117085714691771
5400,0.002117072626733697
5401,0.002117072667126504
5402,0.002117070860120435
5403,0.0021170820854928126
5404,0.0021170691004060308
5405,0.0021170691403117805
5406,0.002117067347484202
5407,0.00211707848620866
5408,0.0021170656012811937
5409,0.0021170656407178694
5410,0.0021170638616960745
5411,0.002117074916005795
5412,0.0021170621286584167
5413,0.002117062167642959
5414,0.0021170604020722393
5415,0.0021170713740941483
5416,0.0021170586818702337
5417,0.0021170587204184833
5418,0.0021170569679610438
5419,0.002117067859723057
5420,0.0021170552602802588
5421,0.002117055298407107
5422,0.002117053558740781
5423,0.002117064372178883
5424,0.0021170518632809307
5425,0.0021170519010003767
5426,0.002117050173817584
5427,0.0021170609107821173
5428,0.0021170484902916197
5429,0.0021170485276168424
5430,0.0021170468126235865
5431,0.0021170574748846107
5432,0.0021170451407567905
5433,0.002117045177700272
5434,0.002117043474615253
5435,0.0021170540638680525
5436,0.0021170418141444334
5437,0.002117041850718024
5438,0.0021170401592716863
5439,0.00211705067714114
5440,0.0021170385099445257
5441,0.0021170385461593685
5442,0.002117036866093353
5443,0.0021170473141390515
5444,0.0021170352276676445
5445,0.002117035263534334
5446,0.0021170335946006417
5447,0.002117043974320263
5448,0.002117031966843713
5449,0.002117032002372267
5450,0.002117030344332777
5451,0.002117040657165991
5452,0.0021170287270209135
5453,0.002117028762220883
5454,0.0021170271148465802
5455,0.00211703736217861
5456,0.002117025507764508
5457,0.002117025542644933
5458,0.002117023905715522
5459,0.0021170340888799527
5460,0.0021170223086559112
5461,0.002117022343225459
5462,0.0021170207165287763
5463,0.002117030836810507
5464,0.002117019129291845
5465,0.002117019163558751
5466,0.002117017546890325
5467,0.002117027605528563
5468,0.0021170159692833735
5469,0.002117016003255467
5470,0.0021170143964181903
5471,0.0021170243946085775
5472,0.002117012828255234
5473,0.0021170128619400503
5474,0.002117011264743605
5475,0.0021170212036406653
5476,0.002117009705845016
5477,0.0021170097392497512
5478,0.002117008151510402
5479,0.002117018032229395
5480,0.0021170066017026376
5481,0.002117006634834184
5482,0.002117005056374338
5483,0.002117014879994005
5484,0.0021170035154895375
5485,0.0021170035483544162
5486,0.002117001979002447
5487,0.002117011746566256
5488,0.002117000446878218
5489,0.0021170004794827373
5490,0.0021169989190725834
5491,0.002117008631590364
5492,0.0021169973955516897
5493,0.0021169974279019324
5494,0.002116995876272763
5495,0.0021170055347226207
5496,0.0021169943612029357
5497,0.0021169943933047075
5498,0.0021169928503008135
5499,0.002117002455630488
5500,0.002116991343534457
5501,0.002116991375393358
5502,0.0021169898408638283
5503,0.002116999393992021
5504,0.002116988342257866
5505,0.0021169883738793114
5506,0.0021169868476777795
5507,0.0021169963494958037
5508,0.0021169853570933606
5509,0.002116985388482531
5510,0.0021169838704670593
5511,0.0021169933218396927
5512,0.002116982387769483
5513,0.0021169824189313617
5514,0.0021169809089642225
5515,0.0021169903107310954
5516,0.0021169794340226526
5517,0.0021169794649620664
5518,0.0021169779629094765
5519,0.0021169873158861895
5520,0.0021169764955968713
5521,0.002116976526318404
5522,0.0021169750320505143
5523,0.002116984337029704
5524,0.00211697357224332
5525,0.0021169736027514714
5526,0.002116972116142048
5527,0.002116981373893943
5528,0.0021169706637202326
5529,0.002116970694019319
5530,0.00211696921494561
5531,0.00211697842621946
5532,0.002116967769792385
5533,0.0021169677998865845
5534,0.002116966328229252
5535,0.0021169754937536496
5536,0.002116964890231048
5537,0.002116964920124398
5538,0.00211696345576731
5539,0.002116972576251707
5540,0.0021169620248135336
5541,0.0021169620545098996
5542,0.0021169605973401073
5543,0.002116969673475032
5544,0.0021169591733230892
5545,0.0021169592028262643
5546,0.002116957752733699
5547,0.0021169667851916774
5548,0.002116956335548596
5549,0.002116956364862199
5550,0.002116954921739782
5551,0.002116963911175741
5552,0.0021169535112844215
5553,0.002116953540412076
5554,0.0021169521041553203
5555,0.0021169610512075457
5556,0.0021169507003301674
5557,0.002116950729275286
5558,0.0021169492997824787
5559,0.002116958205073296
5560,0.002116947902490465
5561,0.002116947931256394
5562,0.0021169465084283482
5563,0.002116955372564529
5564,0.002116945117574828
5565,0.0021169451461647737
5566,0.0021169437299048003
5567,0.002116952553478344
5568,0.0021169423453974456
5569,0.0021169423738144964
5570,0.0021169409640283054
5571,0.002116949747616703
5572,0.002116939585777006
5573,0.002116939614024257
5574,0.0021169382106197726
5575,0.0021169469547864016
5576,0.002116936838536635
5577,0.0021169368666170522
5578,0.0021169354695044313
5579,0.002116944174799355
5580,0.002116934103503613
5581,0.0021169341314201027
5582,0.0021169327405116036
5583,0.00211694140747193
5584,0.0021169313805093166
5585,0.0021169314082645834
5586,0.0021169300234746727
5587,0.0021169386526252794
5588,0.0021169286693890057
5589,0.00211692869698579
5590,0.0021169273182308204
5591,0.0021169359100841182
5592,0.0021169259699818075
5593,0.0021169259974227255
5594,0.002116924624621004
5595,0.0021169331796778083
5596,0.0021169232821304767
5597,0.002116923309418137
5598,0.0021169219424897944
5599,0.0021169304612394576
5600,0.0021169206056813696
5601,0.0021169206328182475
5602,0.002116919271685258
5603,0.002116927754606393
5604,0.0021169179404842463
5605,0.0021169179674727797
5606,0.0021169166120588476
5607,0.0021169250596192396
5608,0.0021169152863922116
5609,0.0021169153132347697
5610,0.0021169139634653173
5611,0.0021169223761226164
5612,0.0021169126432616075
5613,0.002116912669960499
5614,0.002116911325762556
5615,0.00211691970396426
5616,0.0021169100109519026
5617,0.002116910037509423
5618,0.0021169086988115722
5619,0.0021169170429955106
5620,0.0021169073893256177
5621,0.0021169074157439483
5622,0.002116906082476353
5623,0.002116914393071296
5624,0.002116904778248161
5625,0.0021169048045294216
5626,0.002116903476623774
5627,0.0021169117540491686
5628,0.002116902177587834
5629,0.002116902203734098
5630,0.0021169008811235002
5631,0.0021169091257900955
5632,0.0021168995872156942
5633,0.0021168996132290086
5634,0.0021168982958479424
5635,0.0021169065081578036
5636,0.002116897007005489
5637,0.002116897032887782
5638,0.0021168957206721874
5639,0.002116903901019439
5640,0.002116894436833553
5641,0.0021168944625867396
5642,0.0021168931554738104
5643,0.0021169013042441755
5644,0.0021168918765787333
5645,0.002116891902204745
5646,0.002116890600132955
5647,0.002116898717704119
5648,0.002116889326122436
5649,0.002116889351623136
5650,0.0021168880545321452
5651,0.0021168961412745503
5652,0.002116886785348354
5653,0.0021168868107254994
5654,0.0021168855185563153
5655,0.0021168935748329325
5656,0.002116884254142532
5657,0.0021168842793979
5658,0.002116882992092631
5659,0.0021168910182591183
5660,0.002116881732393313
5661,0.002116881757528611
5662,0.0021168804750305065
5663,0.0021168884714357185
5664,0.0021168792199911506
5665,0.00211687924500806
5666,0.0021168779672615114
5667,0.0021168859342472353
5668,0.002116876716828744
5669,0.0021168767417289337
5670,0.0021168754686793577
5671,0.002116883406580944
5672,0.0021168742228007812
5673,0.002116874247585803
5674,0.002116872979179786
5675,0.0021168808883261963
5676,0.002116871737803988
5677,0.0021168717624754406
5678,0.0021168704986604878
5679,0.002116878379374331
5680,0.0021168692617370734
5681,0.0021168692862964856
5682,0.0021168680270211523
5683,0.0021168758796187557
5684,0.0021168667945006994
5685,0.0021168668189495915
5686,0.0021168655641633526
5687,0.002116873388955546
5688,0.0021168643359973163
5689,0.002116864360337115
5690,0.0021168631099904717
5691,0.0021168709072819174
5692,0.0021168618861312316
5693,0.0021168619103633904
5694,0.0021168606644077223
5695,0.0021168684344975595
5696,0.0021168594448085208
5697,0.0021168594689344312
5698,0.0021168582273220315
5699,0.0021168659705039436
5700,0.002116857011936985
5701,0.0021168570359580527
5702,0.0021168557986420435
5703,0.00211686351520419
5704,0.0021168545874261156
5705,0.0021168546113436953
5706,0.002116853378278072
5707,0.002116861068503527
5708,0.0021168521711870244
5709,0.0021168521950024346
5710,0.002116850966142051
5711,0.0021168586303088217
5712,0.002116849763132432
5713,0.002116849786846947
5714,0.002116848562147472
5715,0.002116856200528672
5716,0.0021168473631766054
5717,0.0021168473867914732
5718,0.002116846166209354
5719,0.0021168537790732743
5720,0.002116844971235327
5721,0.002116844994751752
5722,0.002116843778244249
5723,0.002116851365854319
5724,0.0021168425872258733
5725,0.0021168426106451103
5726,0.0021168413981701504
5727,0.0021168489607851257
5728,0.002116840211066968
5729,0.0021168402343902243
5730,0.00211683902590649
5731,0.0021168465637807212
5732,0.0021168378426787513
5733,0.0021168378659072117
5734,0.0021168366613741095
5735,0.0021168441747574616
5736,0.002116835481982736
5737,0.0021168355051175256
5738,0.0021168343044951766
5739,0.0021168417936335013
5740,0.002116833128901771
5741,0.002116833151943989
5742,0.00211683195519322
5743,0.002116839420328068
5744,0.002116830783359999
