optimizer_call,face_rmse_vs_cg
1,0.0025260527184056726
2,0.0025261748094656086
3,0.002526347966987083
4,0.0025265721931459714
5,0.0025268473773098405
6,0.0025271732911172555
7,0.0025275495840785854
8,0.0025279757797991263
9,0.002528451272927061
10,0.0025289753269294047
11,0.0025295470727971165
12,0.0025301655087754255
13,0.002530829501208914
14,0.002531537786579162
15,0.0025322889747999163
16,0.002533081553816819
17,0.002533913895538693
18,0.0025347842631042857
19,0.0025356908194613054
20,0.002536631637208139
21,0.0025376047096176317
22,0.0025386079627338666
23,0.0025396392684025127
24,0.002540696458068782
25,0.0025417773371515418
26,0.002542879699781591
27,0.0025440013436769174
28,0.0025451400849162693
29,0.0025462937723715637
30,0.0025474603015605483
31,0.002548637627694517
32,0.002549823777711947
33,0.002551016861112771
34,0.0025522150794392096
35,0.002553416734280465
36,0.002554620233717288
37,0.002555824097158652
38,0.002557026958563402
39,0.002558227568074304
40,0.002559424792127363
41,0.002560617612129509
42,0.002561805121822656
43,0.002562986523474249
44,0.002564161123046855
45,0.00256532832451212
46,0.0025664876234746756
47,0.0025676386002745355
48,0.002568780912728545
49,0.002569914288664611
50,0.0025710385183900977
51,0.0025721534472222195
52,0.0025732589681935086
53,0.002574355015029832
54,0.002575441555481969
55,0.002576518585076878
56,0.0025775861213399314
57,0.0025786441985256106
58,0.002579692862881374
59,0.002580732168459049
60,0.0025817621734772604
61,0.0025827829372302344
62,0.0025837945175329518
63,0.002584796968682254
64,0.0025857903399142223
65,0.002586774674329164
66,0.0025877500082557327
67,0.002588716371021279
68,0.002589673785094503
69,0.002590622266564898
70,0.002591561825922461
71,0.0025924924690998116
72,0.00259341419873953
73,0.002594327015648578
74,0.002595230920401771
75,0.002596125915056729
76,0.0025970120049434555
77,0.0025978892004923943
78,0.002598757519064904
79,0.002599616986754033
80,0.0026004676401220135
81,0.0026013095278458204
82,0.002602142712242028
83,0.002602967270647563
84,0.0026037832966335954
85,0.0026045909010349528
86,0.002605390212779694
87,0.0026061813795084845
88,0.00260696456797581
89,0.0026077399642307425
90,0.0026085077735765144
91,0.002609268220314038
92,0.0026100215472761677
93,0.0026107680151636215
94,0.0026115079016960337
95,0.0026122415005926064
96,0.0026129691204016866
97,0.0026136910831961063
98,0.0026144077231551707
99,0.002615119385053016
100,0.002615826422672776
101,0.002616529197167876
102,0.0026172280753872013
103,0.0026179234281836746
104,0.0026186156287223076
105,0.00261930505080292
106,0.002619992067211197
107,0.0026206770481101978
108,0.002621360359483433
109,0.002622042361637605
110,0.0026227234077733455
111,0.0026234038426301595
112,0.0026240840012100495
113,0.0026247642075848633
114,0.002625444773789401
115,0.0026261259988030073
116,0.002626808167621887
117,0.0026274915504219385
118,0.0026281764018142007
119,0.0026288629601930675
120,0.0026295514471763536
121,0.002630242067139426
122,0.0026309350068410673
123,0.002631630435143074
124,0.0026323285028217198
125,0.0026330293424723446
126,0.0026337330685055065
127,0.002634439777234746
128,0.0026351495470559256
129,0.0026358624387163338
130,0.002636578495673008
131,0.002637297744538973
132,0.002638020195615193
133,0.002638745843505882
134,0.002639474667815127
135,0.0026402066339204096
136,0.002640941693819785
137,0.002641679787047508
138,0.002642420841653744
139,0.002643164775240614
140,0.002643911496050349
141,0.0026446609040958135
142,0.0026454128923269612
143,0.00264616734782472
144,0.002646924153012119
145,0.002647683186875142
146,0.002648444326182347
147,0.0026492074466931874
148,0.0026499724243468745
149,0.0026507391364198394
150,0.0026515074626438403
151,0.002652277286273949
152,0.0026530484950989842
153,0.0026538209823847485
154,0.0026545946477432546
155,0.002655369397920689
156,0.002656145147497947
157,0.002656921819499257
158,0.0026576993459033367
159,0.002658477668056061
160,0.0026592567369801514
161,0.0026600365135826054
162,0.002660816968759151
163,0.002661598083395729
164,0.0026623798482712704
165,0.0026631622638614142
166,0.0026639453400495346
167,0.002664729095747576
168,0.002665513558432977
169,0.00266629876360638
170,0.0026670847541771857
171,0.0026678715797829934
172,0.002668659296050566
173,0.0026694479638050684
174,0.002670237648235654
175,0.0026710284180246706
176,0.0026718203444488367
177,0.002672613500459267
178,0.002673407959749836
179,0.002674203795818765
180,0.0026750010810339996
181,0.00267579988570736
182,0.002676600277185556
183,0.0026774023189646266
184,0.002678206069833658
185,0.0026790115830551634
186,0.0026798189055855814
187,0.002680628077343865
188,0.002681439130530502
189,0.002682252089002361
190,0.0026830669677079637
191,0.002683883772185399
192,0.0026847024981260727
193,0.00268552313100762
194,0.002686345645796971
195,0.002687170006725592
196,0.002687996167137763
197,0.002688824069412998
198,0.002689653644961629
199,0.0026904848142943797
200,0.0026913174871644506
201,0.00269215156278114
202,0.0026929869300935704
203,0.002693823468141505
204,0.0026946610464722797
205,0.00269549952562032
206,0.0026963387576452347
207,0.002697178586726364
208,0.0026980188498088157
209,0.0026988593772979247
210,0.00269969999379586
211,0.00270054051887727
212,0.002701380767898492
213,0.002702220552834713
214,0.002703059683139948
215,0.002703897966623898
216,0.002704735210341525
217,0.0027055712214870747
218,0.0027064058082888727
219,0.0027072387808986273
220,0.002708069952268538
221,0.002708899139011853
222,0.0027097261622407234
223,0.002710550848376216
224,0.0027113730299250884
225,0.0027121925462192174
226,0.0027130092441121213
227,0.002713822978629355
228,0.002714633613568332
229,0.00271544102204453
230,0.002716245086980702
231,0.002717045701537042
232,0.002717842769479612
233,0.002718636205486013
234,0.002719425935386626
235,0.0027202118963414175
236,0.0027209940369509276
237,0.0027217723173037257
238,0.0027225467089587794
239,0.0027233171948655346
240,0.0027240837692229765
241,0.002724846437279398
242,0.0027256052150750605
243,0.002726360129131517
244,0.0027271112160899428
245,0.0027278585223009786
246,0.002728602103372129
247,0.002729342023673414
248,0.0027300783558082994
249,0.0027308111800516894
250,0.0027315405837604724
251,0.0027322666607607696
252,0.002732989510716065
253,0.0027337092384805825
254,0.002734425953442293
255,0.002735139768859997
256,0.002735850801198134
257,0.0027365591694644017
258,0.002737264994552428
259,0.0027379683985951243
260,0.0027386695043304216
261,0.002739368434484271
262,0.002740065311172962
263,0.002740760255327545
264,0.002741453386144227
265,0.002742144820560914
266,0.002742834672763908
267,0.0027435230537255348
268,0.0027442100707747714
269,0.002744895827200865
270,0.0027455804218926533
271,0.0027462639490135827
272,0.0027469464977121533
273,0.002747628151869494
274,0.0027483089898828633
275,0.0027489890844858695
276,0.0027496685026043195
277,0.002750347305247863
278,0.0027510255474361314
279,0.002751703278158869
280,0.002752380540369522
281,0.0027530573710097097
282,0.002753733801065831
283,0.0027544098556538865
284,0.00275508555413314
285,0.0027557609102461665
286,0.002756435932284337
287,0.0027571106232764024
288,0.00275778498119994
289,0.0027584589992123263
290,0.0027591326659013563
291,0.002759805965552076
292,0.00276047887843012
293,0.0027611513810775136
294,0.0027618234466215592
295,0.0027624950450933767
296,0.0027631661437557548
297,0.00276383670743684
298,0.00276450669887029
299,0.002765176079038207
300,0.0027658448075167865
301,0.0027665128428215244
302,0.0027671801427520703
303,0.002767846664733928
304,0.0027685123661561136
305,0.0027691772047033773
306,0.0027698411386812773
307,0.0027705041273329667
308,0.002771166131146547
309,0.002771827112151974
310,0.0027724870342048886
311,0.002773145863259618
312,0.0027738035676259463
313,0.0027744601182130473
314,0.002775115488756606
315,0.002775769656030281
316,0.002776422600039846
317,0.0027770743041999535
318,0.0027777247554931534
319,0.0027783739446102782
320,0.002779021866072244
321,0.002779668518333075
322,0.0027803139038644225
323,0.002780958029220462
324,0.0027816009050842384
325,0.0027822425462955738
326,0.0027828829718596015
327,0.002783522204938044
328,0.002784160272822158
329,0.00278479720688798
330,0.002785433042534756
331,0.002786067819107684
332,0.0027867015798033663
333,0.0027873343715614537
334,0.0027879662449409124
335,0.002788597253983042
336,0.002789227456061027
337,0.0027898569117180976
338,0.0027904856844928327
339,0.0027911138407359375
340,0.0027917414494156418
341,0.0027923685819148847
342,0.0027929953118216396
343,0.0027936217147102407
344,0.0027942478679187
345,0.002794873850319793
346,0.0027954997420881955
347,0.0027961256244642225
348,0.002796751579515848
349,0.002797377689898373
350,0.0027980040386141112
351,0.002798630708772442
352,0.00279925778335065
353,0.002799885344957178
354,0.002800513475598093
355,0.002801142256446268
356,0.0028017717676160816
357,0.0028024020879426877
358,0.0028030332947678533
359,0.0028036654637320483
360,0.0028042986685740297
361,0.0028049329809385175
362,0.002805568470192699
363,0.0028062052032514673
364,0.0028068432444126024
365,0.0028074826552023815
366,0.0028081234942316825
367,0.002808765817062851
368,0.002809409676088712
369,0.0028100551204227986
370,0.0028107021958016535
371,0.0028113509444994958
372,0.0028120014052554995
373,0.002812653613213381
374,0.002813307599873386
375,0.002813963393057682
376,0.0028146210168877154
377,0.0028152804917742132
378,0.002815941834420411
379,0.0028166050578363948
380,0.0028172701713665305
381,0.0028179371807280657
382,0.002818606088061735
383,0.00281927689199311
384,0.002819949587705285
385,0.002820624167021124
386,0.0028213006184960813
387,0.002821978927520195
388,0.0028226590764285813
389,0.00282334104462112
390,0.0028240248086882627
391,0.0028247103425452914
392,0.0028253976175722302
393,0.002826086602759792
394,0.002826777264860072
395,0.002827469568541713
396,0.0028281634765484807
397,0.0028288589498613446
398,0.0028295559478621604
399,0.0028302544284985014
400,0.0028309543484508434
401,0.002831655663297751
402,0.002832358327681817
403,0.002833062295474225
404,0.0028337675199366975
405,0.002834473953881441
406,0.0028351815498278794
407,0.0028358902601555605
408,0.0028366000372522806
409,0.002837310833658424
410,0.002838022602204653
411,0.002838735296145333
412,0.002839448869284327
413,0.002840163276094834
414,0.0028408784718325386
415,0.0028415944126408085
416,0.002842311055649035
417,0.0028430283590626902
418,0.002843746282245528
419,0.00284446478579362
420,0.0028451838316011424
421,0.0028459033829176055
422,0.002846623404396734
423,0.0028473438621368675
424,0.0028480647237125213
425,0.0028487859581976457
426,0.002849507536180885
427,0.002850229429771568
428,0.002850951612598192
429,0.0028516740597986138
430,0.002852396748001812
431,0.0028531196553030816
432,0.0028538427612302447
433,0.002854566046703552
434,0.0028552894939880015
435,0.0028560130866392562
436,0.002856736809442824
437,0.002857460648346913
438,0.0028581845903900213
439,0.0028589086236219764
440,0.0028596327370211247
441,0.0028603569204054494
442,0.002861081164340257
443,0.0028618054600416396
444,0.002862529799275636
445,0.0028632541742553436
446,0.002863978577534816
447,0.0028647030019001898
448,0.002865427440260209
449,0.002866151885534021
450,0.00286687633053919
451,0.002867600767878466
452,0.0028683251898276884
453,0.0028690495882228825
454,0.002869773954349669
455,0.0028704982788332937
456,0.002871222551531598
457,0.002871946761429116
458,0.002872670896535708
459,0.002873394943787641
460,0.0028741188889528746
461,0.0028748427165405186
462,0.0028755664097154564
463,0.0028762899502178924
464,0.0028770133182884905
465,0.002877736492599469
466,0.0028784594501928347
467,0.002879182166424124
468,0.00287990461491401
469,0.0028806267675070287
470,0.0028813485942378748
471,0.002882070063305698
472,0.002882791141056249
473,0.0028835117919723528
474,0.0028842319786729254
475,0.0028849516619199765
476,0.002885670800634948
477,0.0028863893519228984
478,0.0028871072711056864
479,0.0028878245117635675
480,0.002888541025785441
481,0.00288925676342716
482,0.0028899716733786812
483,0.002890685702838162
484,0.002891398797595207
485,0.0028921109021204277
486,0.0028928219596631483
487,0.0028935319123556485
488,0.0028942407013238147
489,0.0028949482668047355
490,0.0028956545482686806
491,0.0028963594845476726
492,0.002897063013968571
493,0.002897765074489553
494,0.0028984656038420205
495,0.002899164539674142
496,0.0028998618196982794
497,0.002900557381839837
498,0.0029012511643877995
499,0.0029019431061468354
500,0.0029026331465883976
501,0.002903321226003032
502,0.002904007285650874
503,0.0029046912679109374
504,0.002905373116428541
505,0.0029060527762591985
506,0.0029067301940109438
507,0.0029074053179805556
508,0.002908078098287904
509,0.0029087484870028717
510,0.002909416438268495
511,0.002910081908417634
512,0.0029107448560832974
513,0.0029114052423013987
514,0.0029120630306071725
515,0.002912718187123122
516,0.002913370680639323
517,0.002914020482684623
518,0.002914667567589858
519,0.002915311912541745
520,0.002915953497626833
521,0.002916592305867369
522,0.002917228323246357
523,0.0029178615387231844
524,0.002918491944239568
525,0.0029191195347157755
526,0.002919744308036596
527,0.0029203662650273566
528,0.002920985409420724
529,0.002921601747813411
530,0.002922215289613502
531,0.002922826046978454
532,0.0029234340347439394
533,0.0029240392703438413
534,0.002924641773721981
535,0.0029252415672354265
536,0.002925838675549791
537,0.0029264331255274218
538,0.002927024946108623
539,0.0029276141681859364
540,0.0029282008244726323
541,0.002928784949365999
542,0.0029293665788043773
543,0.002929945750121365
544,0.002930522501894553
545,0.002931096873792099
546,0.0029316689064154216
547,0.002932238641140557
548,0.0029328061199578696
549,0.0029333713853096606
550,0.0029339344799289685
551,0.002934495446677532
552,0.0029350543283842836
553,0.002935611167686188
554,0.0029361660068704244
555,0.002936718887718636
556,0.0029372698513545933
557,0.0029378189380957994
558,0.002938366187308062
559,0.0029389116372657447
560,0.002939455325015309
561,0.0029399972862462665
562,0.0029405375551662515
563,0.002941076164382476
564,0.0029416131447906817
565,0.002942148525469505
566,0.0029426823335827043
567,0.0029432145942882553
568,0.002943745330655302
569,0.002944274563588843
570,0.002944802311761466
571,0.002945328591554203
572,0.0029458534170047784
573,0.002946376799764079
574,0.002946898749060873
575,0.002947419271674697
576,0.00294793837191691
577,0.0029484560516197323
578,0.0029489723101337154
579,0.0029494871443328037
580,0.0029500005486272373
581,0.0029505125149843097
582,0.0029510230329565976
583,0.0029515320897177907
584,0.0029520396701049273
585,0.0029525457566685763
586,0.0029530503297290605
587,0.0029535533674391596
588,0.0029540548458531764
589,0.002954554739002175
590,0.0029550530189741886
591,0.0029555496560005785
592,0.002956044618546384
593,0.0029565378734063325
594,0.0029570293858052245
595,0.0029575191195011165
596,0.002958007036893972
597,0.0029584930991361493
598,0.0029589772662472064
599,0.0029594594972298547
600,0.002959939750190211
601,0.002960417982457765
602,0.002960894150708798
603,0.0029613682110899288
604,0.0029618401193432287
605,0.002962309830931023
606,0.0029627773011615607
607,0.002963242485314459
608,0.0029637053387649524
609,0.0029641658171082703
610,0.0029646238762815183
611,0.002965079472685147
612,0.002965532563301775
613,0.002965983105813264
614,0.0029664310587147126
615,0.002966876381426045
616,0.002967319034400509
617,0.002967758979229315
618,0.002968196178742597
619,0.002968630597107047
620,0.0029690621999187623
621,0.0029694909542914098
622,0.0029699168289404718
623,0.0029703397942617967
624,0.0029707598224057346
625,0.0029711768873454574
626,0.002971590964940267
627,0.0029720020329930125
628,0.002972410071302244
629,0.0029728150617079276
630,0.002973216988131849
631,0.0029736158366115875
632,0.0029740115953291327
633,0.0029744042546327554
634,0.0029747938070528775
635,0.002975180247312616
636,0.0029755635723313968
637,0.002975943781223444
638,0.002976320875289115
639,0.0029766948580021075
640,0.0029770657349897623
641,0.0029774335140075143
642,0.0029777982049088896
643,0.002978159819609854
644,0.002978518372047636
645,0.002978873878134921
646,0.0029792263557089724
647,0.002979575824477078
648,0.0029799223059567893
649,0.0029802658234124135
650,0.002980606401787909
651,0.0029809440676360766
652,0.0029812788490440893
653,0.0029816107755572512
654,0.002981939878098442
655,0.002982266188886527
656,0.0029825897413517416
657,0.002982910570049518
658,0.002983228710573334
659,0.0029835441994652385
660,0.0029838570741263087
661,0.0029841673727262342
662,0.0029844751341121176
663,0.0029847803977178598
664,0.0029850832034731315
665,0.002985383591713187
666,0.0029856816030891815
667,0.002985977278479372
668,0.0029862706589017978
669,0.0029865617854279974
670,0.0029868506990988475
671,0.0029871374408416973
672,0.002987422051389773
673,0.0029877045712042513
674,0.0029879850403975393
675,0.002988263498660718
676,0.002988539985192149
677,0.0029888145386296468
678,0.0029890871969857685
679,0.0029893579975851297
680,0.002989626977006527
681,0.002989894171026445
682,0.0029901596145667647
683,0.0029904233416459002
684,0.002990685385332798
685,0.0029909457777047522
686,0.002991204549808357
687,0.0029914617316234063
688,0.0029917173520317194
689,0.0029919714387875622
690,0.0029922240184922424
691,0.0029924751165728205
692,0.0029927247572623505
693,0.0029929729635850104
694,0.002993219757343876
695,0.0029934651591111876
696,0.002993709188223174
697,0.0029939518627765402
698,0.002994193199628463
699,0.00299443321439955
700,0.0029946719214797115
701,0.0029949093340360623
702,0.002995145464024194
703,0.002995380322201811
704,0.002995613918144583
705,0.0029958462602640776
706,0.002996077355828954
707,0.002996307210987455
708,0.002996535830792055
709,0.0029967632192263124
710,0.0029969893792331243
711,0.0029972143127456313
712,0.002997438020718643
713,0.002997660503162129
714,0.002997881759176462
715,0.002998101786988677
716,0.0029983205839893686
717,0.002998538146771847
718,0.0029987544711714918
719,0.0029989695523064052
720,0.002999183384618514
721,0.0029993959619156185
722,0.0029996072774144443
723,0.0029998173237832013
724,0.0030000260931855086
725,0.003000233577324148
726,0.0030004397674849343
727,0.0030006446545812913
728,0.0030008482291981682
729,0.003001050481636228
730,0.003001251401955527
731,0.003001450980019958
732,0.0030016492055395497
733,0.0030018460681144857
734,0.0030020415572765205
735,0.0030022356625312384
736,0.00300242837339934
737,0.003002619679456556
738,0.003002809570373353
739,0.003002998035953487
740,0.0030031850661719115
741,0.0030033706512105044
742,0.0030035547814944675
743,0.0030037374477258996
744,0.003003918640917192
745,0.003004098352422556
746,0.003004276573968189
747,0.0030044532976817397
748,0.0030046285161195157
749,0.00300480222229228
750,0.0030049744096902154
751,0.0030051450723055247
752,0.0030053142046538453
753,0.0030054818017941467
754,0.0030056478593464015
755,0.0030058123735085536
756,0.0030059753410706727
757,0.0030061367594285877
758,0.003006296626594466
759,0.0030064549412076305
760,0.0030066117025410472
761,0.003006766910508878
762,0.0030069205656703896
763,0.0030070726692331177
764,0.0030072232230538747
765,0.003007372229638706
766,0.0030075196921407455
767,0.0030076656143564365
768,0.003007810000721331
769,0.0030079528563019993
770,0.003008094186789513
771,0.003008233998488894
772,0.003008372298308584
773,0.0030085090937482847
774,0.0030086443928854685
775,0.0030087782043604237
776,0.0030089105373605324
777,0.0030090414016030126
778,0.003009170807317212
779,0.003009298765225164
780,0.0030094252865215986
781,0.0030095503828532727
782,0.00300967406629682
783,0.0030097963493367105
784,0.003009917244841966
785,0.0030100367660423535
786,0.003010154926503966
787,0.00301027174010498
788,0.0030103872210097407
789,0.0030105013836437752
790,0.003010614242668083
791,0.0030107258129525357
792,0.00301083610955031
793,0.003010945147671758
794,0.0030110529426573478
795,0.003011159509952563
796,0.0030112648650810645
797,0.0030113690236190675
798,0.003011472001169443
799,0.0030115738133370228
800,0.0030116744757023245
801,0.0030117740037976857
802,0.0030118724130834013
803,0.003011969718922333
804,0.0030120659365585633
805,0.003012161081093409
806,0.0030122551674636724
807,0.003012348210420606
808,0.003012440224508453
809,0.0030125312240448458
810,0.003012621223101583
811,0.0030127102354856987
812,0.003012798274722012
813,0.0030128853540362355
814,0.003012971486338868
815,0.0030130566842098373
816,0.003013140959883892
817,0.003013224325238243
818,0.0030133067917790415
819,0.0030133883706300155
820,0.0030134690725218275
821,0.0030135489077822704
822,0.0030136278863277252
823,0.0030137060176547476
824,0.00301378331083348
825,0.0030138597745016714
826,0.003013935416859247
827,0.003014010245664259
828,0.003014084268230031
829,0.0030141574914222566
830,0.0030142299216576133
831,0.003014301564903776
832,0.003014372426678884
833,0.003014442512053645
834,0.0030145118256522684
835,0.0030145803716563778
836,0.0030146481538080895
837,0.0030147151754143712
838,0.00301478143935254
839,0.003014846948076452
840,0.0030149117036226743
841,0.003014975707618128
842,0.0030150389612884354
843,0.0030151014654659475
844,0.003015163220600243
845,0.0030152242267673063
846,0.00301528448368033
847,0.0030153439907010457
848,0.003015402746850844
849,0.0030154607508238182
850,0.003015518000998722
851,0.0030155744954525224
852,0.0030156302319734626
853,0.0030156852080754828
854,0.0030157394210121873
855,0.003015792867791371
856,0.0030158455451903686
857,0.0030158974497706105
858,0.00301594857789373
859,0.003015998925736627
860,0.0030160484893072895
861,0.0030160972644614533
862,0.0030161452469176183
863,0.003016192432274235
864,0.003016238816025247
865,0.003016284393576563
866,0.003016329160262602
867,0.0030163731113620664
868,0.0030164162421144414
869,0.0030164585477359834
870,0.00301650002343588
871,0.003016540664431703
872,0.003016580465965748
873,0.0030166194233198452
874,0.0030166575318311627
875,0.003016694786906742
876,0.003016731184038821
877,0.0030167667188191385
878,0.00301680138695288
879,0.003016835184272732
880,0.003016868106752641
881,0.0030169001505196322
882,0.0030169313118687414
883,0.0030169615872732147
884,0.003016990973397633
885,0.00301701946710869
886,0.0030170470654866145
887,0.0030170737658354527
888,0.0030170995656927596
889,0.003017124462840211
890,0.0030171484553105908
891,0.003017171541398518
892,0.003017193719666779
893,0.003017214988954465
894,0.0030172353483834432
895,0.003017254797365059
896,0.003017273335605658
897,0.0030172909631116726
898,0.0030173076801947776
899,0.003017323487474979
900,0.0030173383858853953
901,0.003017352376674118
902,0.0030173654614076475
903,0.003017377641971934
904,0.0030173889205737793
905,0.0030173992997426396
906,0.0030174087823292796
907,0.003017417371507083
908,0.003017425070770087
909,0.003017431883932706
910,0.0030174378151271463
911,0.0030174428688015823
912,0.0030174470497174484
913,0.003017450362946418
914,0.0030174528138659884
915,0.00301745440815697
916,0.003017455151797319
917,0.003017455051058883
918,0.003017454112500797
919,0.0030174523429651896
920,0.0030174497495701804
921,0.0030174463397044547
922,0.0030174421210201557
923,0.0030174371014263495
924,0.0030174312890817296
925,0.00301742469238723
926,0.0030174173199787337
927,0.0030174091807186284
928,0.0030174002836884347
929,0.0030173906381800192
930,0.0030173802536879344
931,0.003017369139899744
932,0.0030173573066883757
933,0.0030173447641034046
934,0.0030173315223609846
935,0.003017317591836451
936,0.0030173029830542976
937,0.003017287706679462
938,0.0030172717735087434
939,0.0030172551944607
940,0.003017237980567622
941,0.003017220142965644
942,0.0030172016928871307
943,0.0030171826416498905
944,0.003017163000649868
945,0.0030171427813514826
946,0.0030171219952796623
947,0.0030171006540105657
948,0.0030170787691638037
949,0.0030170563523934705
950,0.0030170334153804754
951,0.0030170099698246097
952,0.003016986027436263
953,0.0030169615999290837
954,0.0030169366990123645
955,0.0030169113363839742
956,0.0030168855237228632
957,0.0030168592726823543
958,0.003016832594884161
959,0.0030168055019103167
960,0.0030167780052987522
961,0.0030167501165362562
962,0.0030167218470529065
963,0.003016693208216731
964,0.0030166642113278177
965,0.0030166348676143808
966,0.0030166051882269066
967,0.0030165751842343457
968,0.003016544866619173
969,0.0030165142462739015
970,0.0030164833339970318
971,0.0030164521404892164
972,0.0030164206763508444
973,0.003016388952078021
974,0.003016356978060444
975,0.0030163247645779065
976,0.003016292321799653
977,0.003016259659780616
978,0.0030162267884604266
979,0.0030161937176617763
980,0.003016160457088646
981,0.0030161270163258157
982,0.0030160934048372333
983,0.003016059631965855
984,0.003016025706932647
985,0.0030159916388371507
986,0.003015957436656056
987,0.0030159231092447484
988,0.003015888665336043
989,0.003015854113542867
990,0.0030158194623563983
991,0.0030157847201483347
992,0.003015749895171989
993,0.0030157149955627746
994,0.0030156800293397877
995,0.0030156450044069205
996,0.0030156099285551328
997,0.003015574809463354
998,0.003015539654700707
999,0.0030155044717279857
1000,0.003015469267900193
1001,0.003015434050468477
1002,0.0030153988265816884
1003,0.003015363603289353
1004,0.0030153283875435275
1005,0.00301529318620152
1006,0.003015258006027677
1007,0.003015222853696306
1008,0.0030151877357939613
1009,0.0030151526588221237
1010,0.0030151176291987095
1011,0.003015082653262076
1012,0.003015047737272239
1013,0.003015012887413664
1014,0.003014978109798109
1015,0.0030149434104660305
1016,0.003014908795389677
1017,0.0030148742704757376
1018,0.003014839841566148
1019,0.0030148055144410563
1020,0.0030147712948215503
1021,0.0030147371883701836
1022,0.0030147032006938453
1023,0.003014669337345394
1024,0.0030146356038249847
1025,0.0030146020055817307
1026,0.0030145685480153657
1027,0.003014535236477254
1028,0.0030145020762717798
1029,0.0030144690726570025
1030,0.003014436230845682
1031,0.0030144035560068076
1032,0.00301437105326443
1033,0.00301433872770002
1034,0.0030143065843510506
1035,0.0030142746282124855
1036,0.0030142428642353164
1037,0.0030142112973277077
1038,0.0030141799323535477
1039,0.0030141487741323814
1040,0.0030141178274386113
1041,0.0030140870970002164
1042,0.003014056587497951
1043,0.0030140263035641195
1044,0.003013996249781199
1045,0.0030139664306797205
1046,0.003013936850737226
1047,0.0030139075143755718
1048,0.0030138784259593596
1049,0.0030138495897937207
1050,0.003013821010121543
1051,0.0030137926911209018
1052,0.0030137646369031486
1053,0.0030137368515090633
1054,0.0030137093389065077
1055,0.0030136821029867014
1056,0.003013655147562269
1057,0.0030136284763626338
1058,0.003013602093031154
1059,0.0030135760011214814
1060,0.0030135502040945037
1061,0.0030135247053133967
1062,0.003013499508041261
1063,0.003013474615436473
1064,0.0030134500305493226
1065,0.0030134257563171236
1066,0.0030134017955616185
1067,0.0030133781509840635
1068,0.003013354825161434
1069,0.0030133318205423777
1070,0.003013309139443712
1071,0.003013286784045526
1072,0.0030132647563879565
1073,0.0030132430583670825
1074,0.0030132216917306497
1075,0.0030132006580747273
1076,0.0030131799588397
1077,0.003013159595306678
1078,0.003013139568593353
1079,0.003013119879651063
1080,0.0030131005292613673
1081,0.003013081518031888
1082,0.0030130628463940815
1083,0.0030130445145997962
1084,0.003013026522717541
1085,0.0030130088706312543
1086,0.0030129915580355124
1087,0.0030129745844353515
1088,0.003012957949141887
1089,0.0030129416512713844
1090,0.003012925689742511
1091,0.0030129100632751336
1092,0.0030128947703880766
1093,0.00301287980939796
1094,0.003012865178418135
1095,0.00301285087535753
1096,0.003012836897919313
1097,0.003012823243601042
1098,0.0030128099096942682
1099,0.00301279689328347
1100,0.003012784191247129
1101,0.0030127718002576583
1102,0.003012759716781967
1103,0.003012747937081762
1104,0.00301273645721573
1105,0.0030127252730397904
1106,0.0030127143802085306
1107,0.003012703774178123
1108,0.003012693450206931
1109,0.0030126834033585535
1110,0.0030126736285040617
1111,0.003012664120325109
1112,0.003012654873316625
1113,0.003012645881789701
1114,0.003012637139876035
1115,0.0030126286415306227
1116,0.0030126203805361223
1117,0.0030126123505080805
1118,0.0030126045448974994
1119,0.0030125969569966132
1120,0.0030125895799441656
1121,0.0030125824067297286
1122,0.0030125754301992876
1123,0.0030125686430615296
1124,0.003012562037892689
1125,0.003012555607143205
1126,0.0030125493431433885
1127,0.003012543238110517
1128,0.0030125372841550073
1129,0.0030125314732875053
1130,0.003012525797425158
1131,0.0030125202483999524
1132,0.003012514817965487
1133,0.0030125094978034144
1134,0.0030125042795329533
1135,0.0030124991547172074
1136,0.003012494114871822
1137,0.0030124891514724758
1138,0.003012484255963296
1139,0.0030124794197654535
1140,0.003012474634284576
1141,0.0030124698909194908
1142,0.003012465181071494
1143,0.003012460496151563
1144,0.003012455827589796
1145,0.003012451166843631
1146,0.0030124465054067076
1147,0.003012441834816917
1148,0.003012437146665997
1149,0.003012432432606737
1150,0.003012427684363096
1151,0.0030124228937372316
1152,0.0030124180526189034
1153,0.003012413152993835
1154,0.003012408186950991
1155,0.0030124031466917593
1156,0.0030123980245378083
1157,0.003012392812938561
1158,0.003012387504479505
1159,0.003012382091889048
1160,0.003012376568047366
1161,0.0030123709259915906
1162,0.0030123651589248025
1163,0.0030123592602216824
1164,0.0030123532234351768
1165,0.003012347042303567
1166,0.003012340710756017
1167,0.0030123342229185306
1168,0.003012327573118968
1169,0.0030123207558933433
1170,0.0030123137659899837
1171,0.0030123065983746864
1172,0.0030122992482343575
1173,0.003012291710981733
1174,0.0030122839822587866
1175,0.0030122760579396252
1176,0.0030122679341345023
1177,0.0030122596071910685
1178,0.0030122510736976986
1179,0.0030122423304846744
1180,0.0030122333746258603
1181,0.0030122242034401475
1182,0.0030122148144919258
1183,0.0030122052055914315
1184,0.003012195374794155
1185,0.003012185320401746
1186,0.0030121750409600667
1187,0.003012164535258471
1188,0.003012153802328088
1189,0.0030121428414404032
1190,0.003012131652104211
1191,0.003012120234063304
1192,0.003012108587293684
1193,0.0030120967120000207
1194,0.003012084608611822
1195,0.0030120722777796827
1196,0.003012059720370857
1197,0.0030120469374641623
1198,0.0030120339303457097
1199,0.003012020700503463
1200,0.0030120072496211603
1201,0.003011993579573143
1202,0.0030119796924179556
1203,0.003011965590392705
1204,0.003011951275905062
1205,0.003011936751528037
1206,0.0030119220199929923
1207,0.0030119070841808275
1208,0.0030118919471170155
1209,0.0030118766119622714
1210,0.0030118610820065125
1211,0.003011845360659512
1212,0.003011829451444982
1213,0.003011813357990808
1214,0.0030117970840231392
1215,0.003011780633355912
1216,0.003011764009885293
1217,0.0030117472175797324
1218,0.003011730260472598
1219,0.0030117131426545506
1220,0.0030116958682641763
1221,0.003011678441481363
1222,0.0030116608665179665
1223,0.003011643147611183
1224,0.0030116252890144642
1225,0.0030116072949905584
1226,0.0030115891698031996
1227,0.0030115709177099344
1228,0.0030115525429545748
1229,0.003011534049759421
1230,0.003011515442318755
1231,0.0030114967247911024
1232,0.0030114779012927703
1233,0.0030114589758906195
1234,0.003011439952596457
1235,0.003011420835359126
1236,0.0030114016280598233
1237,0.0030113823345050243
1238,0.0030113629584212704
1239,0.00301134350344908
1240,0.003011323973138203
1241,0.003011304370941608
1242,0.003011284700211291
1243,0.0030112649641931516
1244,0.0030112451660221484
1245,0.003011225308718666
1246,0.003011205395184359
1247,0.0030111854281973825
1248,0.003011165410410428
1249,0.0030111453443454946
1250,0.0030111252323924407
1251,0.003011105076804679
1252,0.003011084879697233
1253,0.0030110646430444982
1254,0.003011044368677377
1255,0.003011024058281382
1256,0.003011003713395162
1257,0.003010983335409046
1258,0.003010962925562992
1259,0.003010942484946493
1260,0.003010922014496332
1261,0.0030109015149972487
1262,0.003010880987081004
1263,0.0030108604312255242
1264,0.00301083984775501
1265,0.003010819236841075
1266,0.0030107985985015143
1267,0.0030107779326018678
1268,0.00301075723885543
1269,0.0030107365168252093
1270,0.003010715765923023
1271,0.0030106949854128845
1272,0.003010674174410473
1273,0.0030106533318861833
1274,0.0030106324566658432
1275,0.003010611547432809
1276,0.0030105906027300955
1277,0.0030105696209621773
1278,0.0030105486003979883
1279,0.0030105275391720068
1280,0.003010506435288691
1281,0.0030104852866230276
1282,0.003010464090924978
1283,0.0030104428458210984
1284,0.0030104215488188906
1285,0.0030104001973081727
1286,0.0030103787885664194
1287,0.003010357319760227
1288,0.003010335787949072
1289,0.0030103141900902335
1290,0.00301029252304027
1291,0.0030102707835597846
1292,0.0030102489683176406
1293,0.0030102270738931076
1294,0.003010205096781815
1295,0.00301018303339747
1296,0.0030101608800778144
1297,0.0030101386330871993
1298,0.0030101162886217274
1299,0.0030100938428123973
1300,0.003010071291729954
1301,0.003010048631388916
1302,0.003010025857751848
1303,0.003010002966733113
1304,0.0030099799542039965
1305,0.0030099568159964937
1306,0.003009933547907959
1307,0.003009910145704377
1308,0.00300988660512687
1309,0.003009862921893478
1310,0.003009839091705584
1311,0.0030098151102513774
1312,0.003009790973209751
1313,0.0030097666762558075
1314,0.003009742215064292
1315,0.00300971758531408
1316,0.0030096927826929764
1317,0.0030096678029014018
1318,0.0030096426416566986
1319,0.0030096172946975984
1320,0.0030095917577884043
1321,0.003009566026723138
1322,0.0030095400973293674
1323,0.0030095139654727006
1324,0.003009487627060603
1325,0.0030094610780462766
1326,0.0030094343144329272
1327,0.0030094073322771485
1328,0.0030093801276934247
1329,0.0030093526968572705
1330,0.003009325036009069
1331,0.003009297141458318
1332,0.0030092690095859438
1333,0.003009240636849216
1334,0.0030092120197839113
1335,0.0030091831550087948
1336,0.0030091540392281325
1337,0.0030091246692345954
1338,0.0030090950419131637
1339,0.003009065154243975
1340,0.0030090350033048626
1341,0.0030090045862742098
1342,0.0030089739004340904
1343,0.0030089429431724222
1344,0.003008911711985676
1345,0.003008880204481237
1346,0.0030088484183802893
1347,0.0030088163515189863
1348,0.003008784001851346
1349,0.003008751367451259
1350,0.0030087184465136876
1351,0.0030086852373570777
1352,0.00300865173842506
1353,0.0030086179482873713
1354,0.003008583865642033
1355,0.0030085494893158757
1356,0.003008514818266446
1357,0.0030084798515829037
1358,0.0030084445884862774
1359,0.00300840902833149
1360,0.003008373170606892
1361,0.0030083370149354286
1362,0.0030083005610753097
1363,0.0030082638089197916
1364,0.0030082267584976103
1365,0.0030081894099731085
1366,0.0030081517636461282
1367,0.0030081138199520383
1368,0.0030080755794611985
1369,0.003008037042878305
1370,0.0030079982110424726
1371,0.0030079590849262537
1372,0.0030079196656350076
1373,0.0030078799544056975
1374,0.0030078399526060275
1375,0.003007799661733402
1376,0.003007759083414149
1377,0.003007718219400653
1378,0.003007677071571533
1379,0.0030076356419294023
1380,0.003007593932599552
1381,0.003007551945827391
1382,0.0030075096839772
1383,0.003007467149529945
1384,0.003007424345081085
1385,0.00300738127333959
1386,0.0030073379371233066
1387,0.0030072943393590367
1388,0.0030072504830785576
1389,0.003007206371416821
1390,0.0030071620076097846
1391,0.003007117394990465
1392,0.0030070725369872
1393,0.0030070274371209907
1394,0.0030069820990021472
1395,0.00300693652632787
1396,0.003006890722878455
1397,0.0030068446925156636
1398,0.0030067984391785314
1399,0.003006751966881428
1400,0.0030067052797092134
1401,0.0030066583818162563
1402,0.0030066112774217715
1403,0.0030065639708072044
1404,0.0030065164663126893
1405,0.003006468768334985
1406,0.003006420881322593
1407,0.0030063728097743684
1408,0.0030063245582346364
1409,0.0030062761312914755
1410,0.003006227533572638
1411,0.0030061787697425704
1412,0.0030061298444995885
1413,0.003006080762573052
1414,0.0030060315287194013
1415,0.003005982147720203
1416,0.00300593262437781
1417,0.003005882963514604
1418,0.003005833169967817
1419,0.0030057832485886216
1420,0.003005733204237946
1421,0.003005683041784889
1422,0.003005632766103348
1423,0.0030055823820699097
1424,0.0030055318945616328
1425,0.003005481308453257
1426,0.003005430628615142
1427,0.0030053798599106243
1428,0.003005329007194782
1429,0.0030052780753122587
1430,0.003005227069094506
1431,0.003005175993358909
1432,0.003005124852907142
1433,0.0030050736525226818
1434,0.003005022396970772
1435,0.0030049710909957257
1436,0.00300491973932038
1437,0.0030048683466450126
1438,0.003004816917646286
1439,0.00300476545697636
1440,0.0030047139692622117
1441,0.0030046624591048253
1442,0.003004610931078556
1443,0.00300455938973206
1444,0.0030045078395862213
1445,0.0030044562851353723
1446,0.003004404730846318
1447,0.0030043531811599156
1448,0.003004301640489646
1449,0.0030042501132235408
1450,0.003004198603723462
1451,0.0030041471163267663
1452,0.0030040956553464273
1453,0.0030040442250720573
1454,0.003003992829771139
1455,0.0030039414736899896
1456,0.0030038901610553305
1457,0.003003838896074723
1458,0.003003787682939411
1459,0.0030037365258243137
1460,0.0030036854288911516
1461,0.003003634396289479
1462,0.0030035834321586793
1463,0.0030035325406293934
1464,0.0030034817258266138
1465,0.0030034309918707276
1466,0.00300338034288063
1467,0.0030033297829750692
1468,0.0030032793162756755
1469,0.003003228946909498
1470,0.0030031786790097334
1471,0.003003128516720512
1472,0.00300307846419849
1473,0.003003028525614451
1474,0.00300297870515701
1475,0.0030029290070353975
1476,0.003002879435480538
1477,0.0030028299947495946
1478,0.0030027806891271347
1479,0.003002731522928248
1480,0.0030026825005010174
1481,0.0030026336262293004
1482,0.0030025849045356885
1483,0.003002536339882345
1484,0.003002487936775107
1485,0.0030024396997654313
1486,0.0030023916334521233
1487,0.0030023437424845207
1488,0.0030022960315641925
1489,0.0030022485054469724
1490,0.003002201168944624
1491,0.003002154026928284
1492,0.003002107084328428
1493,0.0030020603461374234
1494,0.003002013817411456
1495,0.0030019675032712098
1496,0.00300192140890428
1497,0.0030018755395651467
1498,0.0030018299005769053
1499,0.003001784497332288
1500,0.0030017393352941278
1501,0.0030016944199965016
1502,0.003001649757044564
1503,0.0030016053521149944
1504,0.0030015612109562926
1505,0.003001517339389206
1506,0.0030014737433054005
1507,0.0030014304286679495
1508,0.0030013874015107373
1509,0.0030013446679372684
1510,0.00300130223412051
1511,0.0030012601063006154
1512,0.0030012182907851754
1513,0.003001176793946013
1514,0.003001135622219555
1515,0.003001094782103474
1516,0.0030010542801550306
1517,0.0030010141229895107
1518,0.0030009743172773715
1519,0.00300093486974174
1520,0.003000895787156406
1521,0.0030008570763416778
1522,0.003000818744163055
1523,0.003000780797526828
1524,0.0030007432433773406
1525,0.00300070608869379
1526,0.003000669340485341
1527,0.003000633005789677
1528,0.0030005970916674217
1529,0.003000561605198558
1530,0.0030005265534787267
1531,0.003000491943615169
1532,0.0030004577827218238
1533,0.003000424077915449
1534,0.003000390836311519
1535,0.003000358065018725
1536,0.0030003257711358
1537,0.0030002939617454604
1538,0.0030002626439103114
1539,0.003000231824669379
1540,0.003000201511031023
1541,0.0030001717099698635
1542,0.003000142428421834
1543,0.003000113673278195
1544,0.0030000854513828326
1545,0.003000057769525124
1546,0.0030000306344371438
1547,0.0030000040527878896
1548,0.0029999780311786802
1549,0.0029999525761387545
1550,0.0029999276941206684
1551,0.0029999033914955607
1552,0.002999879674549067
1553,0.002999856549476288
1554,0.002999834022377353
1555,0.002999812099254763
1556,0.0029997907860074037
1557,0.0029997700884274075
1558,0.0029997500121957633
1559,0.0029997305628797024
1560,0.0029997117459271867
1561,0.0029996935666646712
1562,0.002999676030293175
1563,0.0029996591418853333
1564,0.0029996429063817785
1565,0.0029996273285883158
1566,0.0029996124131735696
1567,0.002999598164664974
1568,0.002999584587448141
1569,0.0029995716857626046
1570,0.0029995594637007845
1571,0.00299954792520548
1572,0.0029995370740685165
1573,0.0029995269139277475
1574,0.0029995174482676462
1575,0.0029995086804153214
1576,0.0029995006135420154
1577,0.002999493250660132
1578,0.0029994865946233874
1579,0.002999480648125949
1580,0.00299947541370221
1581,0.0029994708937257277
1582,0.0029994670904104374
1583,0.0029994640058098056
1584,0.0029994616418174726
1585,0.0029994600001675394
1586,0.002999459082435826
1587,0.0029994588900393807
1588,0.0029994594242392612
1589,0.0029994606861407013
1590,0.0029994626766941083
1591,0.0029994653966982517
1592,0.0029994688467998225
1593,0.0029994730274970857
1594,0.002999477939141508
1595,0.0029994835819391963
1596,0.0029994899559544906
1597,0.002999497061112392
1598,0.002999504897199721
1599,0.0029995134638707804
1600,0.0029995227606475928
1601,0.002999532786925208
1602,0.0029995435419738676
1603,0.00299955502494305
1604,0.0029995672348647074
1605,0.0029995801706577596
1606,0.002999593831130606
1607,0.0029996082149876735
1608,0.0029996233208300182
1609,0.0029996391471631832
1610,0.0029996556923989315
1611,0.002999672954861374
1612,0.0029996909327907983
1613,0.0029997096243486207
1614,0.0029997290276222634
1615,0.002999749140629106
1616,0.002999769961323531
1617,0.0029997914875997296
1618,0.0029998137172980825
1619,0.0029998366482099337
1620,0.00299986027808338
1621,0.0029998846046274215
1622,0.0029999096255183128
1623,0.002999935338404831
1624,0.0029999617409130663
1625,0.002999988830652566
1626,0.0030000166052215854
1627,0.003000045062211591
1628,0.003000074199214824
1629,0.003000104013827631
1630,0.0030001345036570876
1631,0.003000165666326332
1632,0.00300019749947964
1633,0.003000230000788046
1634,0.0030002631679546146
1635,0.003000296998719996
1636,0.003000331490867412
1637,0.0030003666422273967
1638,0.0030004024506840024
1639,0.0030004389141795704
1640,0.0030004760307186023
1641,0.0030005137983738143
1642,0.0030005522152908187
1643,0.003000591279692185
1644,0.003000630989882629
1645,0.0030006713442532426
1646,0.0030007123412856694
1647,0.0030007539795562747
1648,0.0030007962577412494
1649,0.0030008391746188783
1650,0.003000882729074361
1651,0.003000926920103563
1652,0.003000971746815792
1653,0.003001017208437899
1654,0.0030010633043165485
1655,0.003001110033922154
1656,0.0030011573968507883
1657,0.0030012053928275945
1658,0.003001254021708423
1659,0.0030013032834830047
1660,0.003001353178275888
1661,0.0030014037063494426
1662,0.0030014548681047758
1663,0.0030015066640832725
1664,0.0030015590949679406
1665,0.003001612161585192
1666,0.003001665864904029
1667,0.00300172020603885
1668,0.003001775186247877
1669,0.003001830806934413
1670,0.003001887069647465
1671,0.0030019439760798476
1672,0.0030020015280701226
1673,0.0030020597275995623
1674,0.0030021185767935368
1675,0.0030021780779191415
1676,0.0030022382333850847
1677,0.0030022990457394417
1678,0.003002360517668522
1679,0.003002422651995191
1680,0.0030024854516775483
1681,0.0030025489198051863
1682,0.0030026130595988644
1683,0.003002677874407292
1684,0.0030027433677039554
1685,0.0030028095430855786
1686,0.0030028764042681648
1687,0.0030029439550846387
1688,0.003003012199481693
1689,0.003003081141515649
1690,0.00300315078535058
1691,0.0030032211352528228
1692,0.003003292195588793
1693,0.003003363970820789
1694,0.0030034364655022287
1695,0.003003509684275416
1696,0.003003583631865594
1697,0.0030036583130780394
1698,0.003003733732793274
1699,0.0030038098959627403
1700,0.0030038868076045335
1701,0.003003964472799094
1702,0.0030040428966842158
1703,0.0030041220844509837
1704,0.0030042020413389653
1705,0.0030042827726318665
1706,0.003004364283652091
1707,0.003004446579757142
1708,0.0030045296663342856
1709,0.0030046135487956306
1710,0.003004698232574492
1711,0.003004783723119399
1712,0.0030048700258907394
1713,0.0030049571463544897
1714,0.0030050450899794683
1715,0.003005133862231073
1716,0.003005223468567767
1717,0.0030053139144359618
1718,0.003005405205266073
1719,0.00300549734646745
1720,0.0030055903434244398
1721,0.0030056842014917476
1722,0.0030057789259908064
1723,0.0030058745222043743
1724,0.00300597099537375
1725,0.003006068350693925
1726,0.003006166593309518
1727,0.0030062657283114616
1728,0.0030063657607328955
1729,0.0030064666955452644
1730,0.003006568537654779
1731,0.003006671291899384
1732,0.003006774963043876
1733,0.0030068795557793115
1734,0.0030069850747161285
1735,0.003007091524384024
1736,0.003007198909227989
1737,0.0030073072336049473
1738,0.003007416501781143
1739,0.003007526717929719
1740,0.0030076378861280274
1741,0.0030077500103554817
1742,0.0030078630944906115
1743,0.0030079771423090155
1744,0.003008092157482364
1745,0.00300820814357443
1746,0.0030083251040408103
1747,0.003008443042226878
1748,0.0030085619613661706
1749,0.003008681864578631
1750,0.0030088027548693195
1751,0.0030089246351282725
1752,0.0030090475081272906
1753,0.0030091713765215155
1754,0.003009296242846416
1755,0.003009422109518967
1756,0.0030095489788350975
1757,0.003009676852971759
1758,0.0030098057339843164
1759,0.0030099356238077707
1760,0.0030100665242560197
1761,0.003010198437022646
1762,0.003010331363680701
1763,0.003010465305682936
1764,0.003010600264362936
1765,0.003010736240934575
1766,0.0030108732364944567
1767,0.003011011252021202
1768,0.003011150288377075
1769,0.003011290346309647
1770,0.0030114314264521338
1771,0.0030115735293251003
1772,0.003011716655338332
1773,0.0030118608047917488
1774,0.0030120059778778454
1775,0.0030121521746828963
1776,0.003012299395189431
1777,0.003012447639277812
1778,0.003012596906729124
1779,0.0030127471972264007
1780,0.0030128985103580093
1781,0.0030130508456196214
1782,0.0030132042024171076
1783,0.0030133585800686704
1784,0.003013513977808313
1785,0.00301367039478823
1786,0.003013827830082061
1787,0.003013986282687737
1788,0.0030141457515305936
1789,0.003014306235466732
1790,0.0030144677332862883
1791,0.0030146302437168643
1792,0.0030147937654261083
1793,0.0030149582970270252
1794,0.003015123837079479
1795,0.003015290384094954
1796,0.003015457936540038
1797,0.003015626492840152
1798,0.0030157960513828874
1799,0.0030159666105223516
1800,0.00301613816858255
1801,0.003016310723861126
1802,0.0030164842746337253
1803,0.0030166588191577926
1804,0.0030168343556761534
1805,0.003017010882420574
1806,0.0030171883976168436
1807,0.0030173668994875826
1808,0.003017546386256563
1809,0.0030177268561525157
1810,0.00301790830741335
1811,0.003018090738289284
1812,0.00301827414704746
1813,0.003018458531974941
1814,0.0030186438913830113
1815,0.0030188302236110747
1816,0.003019017527029422
1817,0.0030192058000433866
1818,0.003019395041097459
1819,0.003019585248677402
1820,0.0030197764213146425
1821,0.0030199685575896815
1822,0.003020161656134692
1823,0.003020355715636766
1824,0.0030205507348417377
1825,0.0030207467125563025
1826,0.0030209436476509167
1827,0.003021141539063506
1828,0.003021340385800823
1829,0.0030215401869421316
1830,0.003021740941640309
1831,0.0030219426491254137
1832,0.0030221453087065637
1833,0.003022348919773186
1834,0.003022553481797484
1835,0.0030227589943364907
1836,0.003022965457033003
1837,0.003023172869617401
1838,0.0030233812319086536
1839,0.0030235905438157186
1840,0.0030238008053387498
1841,0.0030240120165690447
1842,0.0030242241776906645
1843,0.0030244372889802404
1844,0.0030246513508072003
1845,0.0030248663636347076
1846,0.0030250823280184454
1847,0.00302529924460736
1848,0.0030255171141429487
1849,0.0030257359374578304
1850,0.0030259557154761405
1851,0.0030261764492123607
1852,0.0030263981397688367
1853,0.003026620788335859
1854,0.0030268443961896595
1855,0.003027068964690444
1856,0.003027294495280267
1857,0.0030275209894816083
1858,0.003027748448893994
1859,0.003027976875192205
1860,0.0030282062701232062
1861,0.0030284366355031642
1862,0.003028667973214526
1863,0.0030289002852023597
1864,0.003029133573470615
1865,0.0030293678400791853
1866,0.0030296030871390413
1867,0.0030298393168089
1868,0.0030300765312900367
1869,0.0030303147328222106
1870,0.0030305539236791914
1871,0.0030307941061636814
1872,0.0030310352826014154
1873,0.0030312774553372885
1874,0.0030315206267291744
1875,0.0030317647991416783
1876,0.0030320099749420455
1877,0.0030322561564920815
1878,0.0030325033461440667
1879,0.0030327515462326036
1880,0.003033000759069508
1881,0.0030332509869372896
1882,0.0030335022320804993
1883,0.0030337544967014712
1884,0.003034007782951692
1885,0.0030342620929251357
1886,0.003034517428650721
1887,0.0030347737920849447
1888,0.0030350311851054888
1889,0.0030352896095018223
1890,0.003035549066969065
1891,0.0030358095590991923
1892,0.0030360710873739115
1893,0.0030363336531567236
1894,0.0030365972576842397
1895,0.0030368619020591354
1896,0.0030371275872415797
1897,0.0030373943140411543
1898,0.003037662083108999
1899,0.003037930894929751
1900,0.003038200749812947
1901,0.003038471647885905
1902,0.0030387435890843863
1903,0.0030390165731456896
1904,0.003039290599599732
1905,0.0030395656677624076
1906,0.0030398417767265565
1907,0.003040118925354108
1908,0.0030403971122699813
1909,0.0030406763358523953
1910,0.0030409565942269437
1911,0.003041237885258737
1912,0.0030415202065449377
1913,0.003041803555408037
1914,0.003042087928889055
1915,0.003042373323740863
1916,0.003042659736421331
1917,0.0030429471630868624
1918,0.003043235599587183
1919,0.0030435250414589275
1920,0.0030438154839189787
1921,0.003044106921861274
1922,0.0030443993498499196
1923,0.0030446927621143836
1924,0.003044987152546026
1925,0.003045282514692604
1926,0.0030455788417549723
1927,0.0030458761265825716
1928,0.0030461743616713144
1929,0.0030464735391592477
1930,0.0030467736508241992
1931,0.0030470746880820495
1932,0.0030473766419833624
1933,0.003047679503212715
1934,0.0030479832620871547
1935,0.0030482879085546415
1936,0.0030485934321943732
1937,0.0030488998222152615
1938,0.0030492070674574016
1939,0.0030495151563916076
1940,0.003049824077120336
1941,0.0030501338173803093
1942,0.003050444364542111
1943,0.003050755705613395
1944,0.0030510678272411824
1945,0.003051380715714783
1946,0.003051694356968405
1947,0.0030520087365852847
1948,0.0030523238398014133
1949,0.0030526396515100614
1950,0.0030529561562656644
1951,0.0030532733382904174
1952,0.003053591181477813
1953,0.0030539096693996213
1954,0.0030542287853119847
1955,0.00305454851216114
1956,0.0030548688325908856
1957,0.0030551897289488924
1958,0.003055511183295019
1959,0.003055833177408724
1960,0.003056155692796534
1961,0.0030564787107004504
1962,0.003056802212107436
1963,0.003057126177757097
1964,0.0030574505881505623
1965,0.003057775423561888
1966,0.003058100664043945
1967,0.0030584262894416407
1968,0.0030587522793997296
1969,0.00305907861337329
1970,0.003059405270637901
1971,0.0030597322303008256
1972,0.003060059471310442
1973,0.003060386972466974
1974,0.003060714712434144
1975,0.003061042669748596
1976,0.0030613708228315888
1977,0.0030616991500001223
1978,0.0030620276294768024
1979,0.0030623562394023296
1980,0.0030626849578447176
1981,0.0030630137628117893
1982,0.00306334263226123
1983,0.003063671544111409
1984,0.003064000476253254
1985,0.003064329406558855
1986,0.003064658312894977
1987,0.0030649871731305294
1988,0.003065315965149906
1989,0.003065644666860693
1990,0.003065973256205438
1991,0.0030663017111710275
1992,0.00306663000979875
1993,0.003066958130193231
1994,0.0030672860505324456
1995,0.003067613749076557
1996,0.0030679412041772045
1997,0.003068268394285594
1998,0.0030685952979608087
1999,0.003068921893879059
2000,0.0030692481608411313
2001,0.003069574077778396
2002,0.003069899623762178
2003,0.0030702247780104728
2004,0.0030705495198929695
2005,0.003070873828939366
2006,0.0030711976848442997
2007,0.0030715210674730274
2008,0.003071843956868031
2009,0.0030721663332515543
2010,0.0030724881770331576
2011,0.0030728094688121854
2012,0.0030731301893821422
2013,0.0030734503197339842
2014,0.003073769841061254
2015,0.003074088734759682
2016,0.0030744069824329705
2017,0.003074724565893038
2018,0.003075041467162904
2019,0.0030753576684771624
2020,0.0030756731522846134
2021,0.003075987901248139
2022,0.0030763018982444667
2023,0.003076615126366501
2024,0.003076927568921238
2025,0.0030772392094306554
2026,0.0030775500316297913
2027,0.0030778600194664905
2028,0.0030781691571006094
2029,0.0030784774289012344
2030,0.003078784819445073
2031,0.0030790913135160074
2032,0.003079396896100506
2033,0.003079701552386096
2034,0.0030800052677601238
2035,0.0030803080278035723
2036,0.003080609818291248
2037,0.0030809106251872063
2038,0.00308121043464077
2039,0.0030815092329843806
2040,0.0030818070067285845
2041,0.0030821037425599763
2042,0.003082399427336367
2043,0.0030826940480837453
2044,0.0030829875919910384
2045,0.0030832800464084906
2046,0.003083571398842165
2047,0.0030838616369511466
2048,0.003084150748543016
2049,0.0030844387215704892
2050,0.003084725544128883
2051,0.0030850112044512688
2052,0.0030852956909057034
2053,0.003085578991991971
2054,0.0030858610963400155
2055,0.0030861419927031898
2056,0.0030864216699608682
2057,0.0030867001171122686
2058,0.0030869773232757272
2059,0.003087253277686586
2060,0.0030875279696953744
2061,0.003087801388766956
2062,0.0030880735244789774
2063,0.0030883443665219758
2064,0.003088613904697123
2065,0.0030888821289190454
2066,0.003089149029213402
2067,0.0030894145957187113
2068,0.0030896788186883096
2069,0.003089941688489975
2070,0.0030902031956089905
2071,0.003090463330650162
2072,0.003090722084339851
2073,0.0030909794475303272
2074,0.0030912354112013797
2075,0.0030914899664657726
2076,0.0030917431045736294
2077,0.003091994816915613
2078,0.0030922450950292032
2079,0.003092493930604047
2080,0.0030927413154886235
2081,0.0030929872416952434
2082,0.0030932317014077775
2083,0.0030934746869888665
2084,0.0030937161909873365
2085,0.0030939562061456202
2086,0.0030941947254094077
2087,0.003094431741934563
2088,0.0030946672490985783
2089,0.0030949012405073997
2090,0.0030951337100065092
2091,0.003095364651690706
2092,0.0030955940599144203
2093,0.0030958219293018134
2094,0.003096048254757989
2095,0.0030962730314795174
2096,0.003096496254966601
2097,0.0030967179210327194
2098,0.0030969380258177954
2099,0.003097156565798079
2100,0.003097373537799598
2101,0.0030975889390085025
2102,0.003097802766983274
2103,0.003098015019666713
2104,0.0030982256953973665
2105,0.0030984347929206607
2106,0.0030986423114018414
2107,0.0030988482504362403
2108,0.00309905261006003
2109,0.003099255390763707
2110,0.003099456593499164
2111,0.0030996562196937932
2112,0.003099854271258929
2113,0.003100050750599914
2114,0.003100245660625635
2115,0.003100439004758493
2116,0.0031006307869411863
2117,0.0031008210116475264
2118,0.003101009683887947
2119,0.003101196809217274
2120,0.0031013823937427482
2121,0.0031015664441275295
2122,0.003101748967597931
2123,0.0031019299719477677
2124,0.0031021094655416808
2125,0.0031022874573197303
2126,0.003102463956798264
2127,0.0031026389740736347
2128,0.0031028125198215056
2129,0.0031029846052980136
2130,0.0031031552423389955
2131,0.0031033244433592215
2132,0.003103492221348874
2133,0.0031036585898709373
2134,0.0031038235630576117
2135,0.0031039871556053623
2136,0.003104149382767944
2137,0.003104310260351795
2138,0.003104469804706811
2139,0.003104628032719092
2140,0.0031047849618003843
2141,0.0031049406098795336
2142,0.003105094995389749
2143,0.0031052481372587848
2144,0.003105400054894069
2145,0.0031055507681705475
2146,0.0031057002974165964
2147,0.003105848663397596
2148,0.003105995887301666
2149,0.0031061419907224747
2150,0.0031062869956418136
2151,0.003106430924412093
2152,0.0031065737997378706
2153,0.0031067156446568348
2154,0.0031068564825197844
2155,0.003106996336970868
2156,0.0031071352319268918
2157,0.0031072731915567924
2158,0.003107410240259251
2159,0.003107546402641266
2160,0.0031076817034979202
2161,0.003107816167786756
2162,0.0031079498206082684
2163,0.0031080826871814787
2164,0.0031082147928225344
2165,0.00310834616292088
2166,0.0031084768229170294
2167,0.003108606798279482
2168,0.003108736114482608
2169,0.0031088647969832787
2170,0.0031089928711998415
2171,0.0031091203624879866
2172,0.0031092472961211505
2173,0.0031093736972676975
2174,0.003109499590969506
2175,0.003109625002122007
2176,0.003109749955453626
2177,0.0031098744755056937
2178,0.003109998586612918
2179,0.003110122312885511
2180,0.0031102456781896422
2181,0.0031103687061311723
2182,0.0031104914200380325
2183,0.0031106138429438084
2184,0.003110735997572596
2185,0.00311085790632282
2186,0.0031109795912556623
2187,0.00311110107407998
2188,0.003111222376138583
2189,0.003111343518399813
2190,0.003111464521443013
2191,0.003111585405450527
2192,0.0031117061901979634
2193,0.003111826895044914
2194,0.0031119475389282773
2195,0.003112068140354318
2196,0.00311218871739419
2197,0.003112309287677037
2198,0.0031124298683865084
2199,0.00311255047625746
2200,0.003112671127573007
2201,0.0031127918381619176
2202,0.0031129126233986272
2203,0.0031130334982013698
2204,0.0031131544770351153
2205,0.003113275573909611
2206,0.0031133968023836457
2207,0.0031135181755663132
2208,0.003113639706120174
2209,0.003113761406266802
2210,0.003113883287788965
2211,0.0031140053620377422
2212,0.0031141276399365447
2213,0.0031142501319890506
2214,0.003114372848284578
2215,0.003114495798505702
2216,0.00311461899193668
2217,0.0031147424374707187
2218,0.0031148661436181586
2219,0.0031149901185168745
2220,0.003115114369940052
2221,0.003115238905305633
2222,0.0031153637316872324
2223,0.0031154888558227096
2224,0.0031156142841246384
2225,0.0031157400226910813
2226,0.0031158660773147047
2227,0.0031159924534947783
2228,0.003116119156446151
2229,0.003116246191109489
2230,0.003116373562163729
2231,0.003116501274033238
2232,0.0031166293309007925
2233,0.0031167577367150904
2234,0.003116886495202496
2235,0.0031170156098754742
2236,0.0031171450840426778
2237,0.0031172749208168635
2238,0.003117405123124819
2239,0.003117535693714589
2240,0.003117666635164945
2241,0.003117797949891224
2242,0.003117929640154147
2243,0.003118061708065987
2244,0.003118194155596023
2245,0.0031183269845779732
2246,0.0031184601967144143
2247,0.003118593793581368
2248,0.0031187277766335066
2249,0.0031188621472070586
2250,0.003118996906523789
2251,0.0031191320556930493
2252,0.003119267595714705
2253,0.0031194035274802936
2254,0.003119539851773753
2255,0.003119676569273039
2256,0.0031198136805484127
2257,0.003119951186064102
2258,0.0031200890861754474
2259,0.0031202273811271213
2260,0.0031203660710531294
2261,0.0031205051559718587
2262,0.0031206446357846316
2263,0.0031207845102709836
2264,0.003120924779085495
2265,0.0031210654417534013
2266,0.0031212064976652203
2267,0.0031213479460722917
2268,0.003121489786080607
2269,0.003121632016646083
2270,0.0031217746365665546
2271,0.0031219176444779255
2272,0.0031220610388457025
2273,0.003122204817958384
2274,0.0031223489799218035
2275,0.0031224935226498054
2276,0.0031226384438593647
2277,0.0031227837410613634
2278,0.003122929411554445
2279,0.003123075452417424
2280,0.0031232218605008514
2281,0.003123368632421088
2282,0.0031235157645524716
2283,0.0031236632530193507
2284,0.003123811093690285
2285,0.003123959282170082
2286,0.0031241078137945037
2287,0.0031242566836214443
2288,0.0031244058864265223
2289,0.00312455541669645
2290,0.0031247052686234726
2291,0.0031248554360991197
2292,0.003125005912709663
2293,0.0031251566917316993
2294,0.003125307766126302
2295,0.0031254591285368124
2296,0.0031256107712835926
2297,0.0031257626863618426
2298,0.003125914865437305
2299,0.003126067299845718
2300,0.0031262199805897036
2301,0.003126372898337096
2302,0.003126526043420876
2303,0.0031266794058373527
2304,0.0031268329752476617
2305,0.003126986740976532
2306,0.0031271406920139007
2307,0.0031272948170172686
2308,0.003127449104312072
2309,0.0031276035418948025
2310,0.0031277581174364373
2311,0.003127912818285213
2312,0.003128067631471222
2313,0.0031282225437099746
2314,0.003128377541408206
2315,0.0031285326106693287
2316,0.0031286877372996113
2317,0.003128842906813748
2318,0.003128998104442952
2319,0.00312915331514169
2320,0.00312930852359666
2321,0.0031294637142340225
2322,0.003129618871229728
2323,0.0031297739785170363
2324,0.003129929019798772
2325,0.0031300839785561385
2326,0.0031302388380592314
2327,0.0031303935813789584
2328,0.00313054819139869
2329,0.003130702650825676
2330,0.00313085694220395
2331,0.003131011047926952
2332,0.0031311649502502033
2333,0.0031313186313052014
2334,0.0031314720731138086
2335,0.0031316252576004924
2336,0.003131778166609125
2337,0.003131930781915882
2338,0.0031320830852447543
2339,0.0031322350582835604
2340,0.003132386682697518
2341,0.003132537940147094
2342,0.0031326888123017825
2343,0.0031328392808573
2344,0.0031329893275516556
2345,0.0031331389341811215
2346,0.003133288082616185
2347,0.003133436754818367
2348,0.003133584932856851
2349,0.0031337325989247507
2350,0.0031338797353550212
2351,0.003134026324637801
2352,0.0031341723494363177
2353,0.003134317792603227
2354,0.0031344626371962734
2355,0.003134606866495435
2356,0.0031347504640182
2357,0.003134893413533999
2358,0.0031350356990823775
2359,0.0031351773049853237
2360,0.003135318215864734
2361,0.0031354584166547864
2362,0.0031355978926174742
2363,0.003135736629356931
2364,0.0031358746128315055
2365,0.0031360118293677045
2366,0.003136148265673821
2367,0.0031362839088498492
2368,0.003136418746401703
2369,0.0031365527662505703
2370,0.003136685956744753
2371,0.0031368183066689905
2372,0.0031369498052549478
2373,0.003137080442189478
2374,0.0031372102076224332
2375,0.0031373390921761567
2376,0.0031374670869511825
2377,0.003137594183532811
2378,0.003137720373996374
2379,0.0031378456509149255
2380,0.003137970007359517
2381,0.003138093436906406
2382,0.003138215933637993
2383,0.003138337492146375
2384,0.00313845810753368
2385,0.0031385777754134305
2386,0.00313869649191179
2387,0.003138814253665208
2388,0.0031389310578199426
2389,0.0031390469020305847
2390,0.003139161784456338
2391,0.0031392757037585813
2392,0.0031393886590971314
2393,0.0031395006501235352
2394,0.0031396116769790224
2395,0.0031397217402855883
2396,0.003139830841141823
2397,0.0031399389811135004
2398,0.003140046162227976
2399,0.0031401523869654165
2400,0.003140257658249441
2401,0.0031403619794378103
2402,0.0031404653543140753
2403,0.0031405677870760197
2404,0.0031406692823255024
2405,0.0031407698450579826
2406,0.0031408694806506006
2407,0.003140968194850767
2408,0.003141065993764283
2409,0.0031411628838419097
2410,0.003141258871869502
2411,0.00314135396495217
2412,0.00314144817050345
2413,0.0031415414962307664
2414,0.0031416339501244422
2415,0.0031417255404406117
2416,0.003141816275691222
2417,0.0031419061646290607
2418,0.003141995216234359
2419,0.0031420834397000905
2420,0.003142170844421281
2421,0.0031422574399781232
2422,0.0031423432361250276
2423,0.0031424282427761126
2424,0.0031425124699922644
2425,0.003142595927968373
2426,0.0031426786270188477
2427,0.003142760577567178
2428,0.0031428417901318917
2429,0.0031429222753138696
2430,0.0031430020437851784
2431,0.003143081106276721
2432,0.0031431594735659985
2433,0.003143237156467284
2434,0.003143314165818462
2435,0.0031433905124714154
2436,0.0031434662072815285
2437,0.003143541261097017
2438,0.003143615684748903
2439,0.0031436894890422696
2440,0.0031437626847462675
2441,0.003143835282584677
2442,0.003143907293228929
2443,0.0031439787272885367
2444,0.0031440495953034206
2445,0.0031441199077375586
2446,0.0031441896749692206
2447,0.003144258907287056
2448,0.003144327614881996
2449,0.0031443958078409256
2450,0.003144463496141919
2451,0.0031445306896486073
2452,0.0031445973981035205
2453,0.003144663631125736
2454,0.0031447293982055213
2455,0.0031447947086991426
2456,0.003144859571826859
2457,0.0031449239966681863
2458,0.0031449879921599663
2459,0.0031450515670927593
2460,0.003145114730108494
2461,0.0031451774896989948
2462,0.0031452398542027864
2463,0.0031453018318049956
2464,0.0031453634305353643
2465,0.0031454246582674206
2466,0.0031454855227172006
2467,0.0031455460314438782
2468,0.0031456061918485262
2469,0.0031456660111746242
2470,0.003145725496508778
2471,0.003145784654780532
2472,0.0031458434927631065
2473,0.003145902017075141
2474,0.003145960234180911
2475,0.003146018150392549
2476,0.0031460757718714885
2477,0.0031461331046296866
2478,0.0031461901545320903
2479,0.0031462469272984426
2480,0.0031463034285060952
2481,0.0031463596635919406
2482,0.0031464156378553125
2483,0.0031464713564603626
2484,0.0031465268244395984
2485,0.0031465820466961424
2486,0.0031466370280074036
2487,0.0031466917730281507
2488,0.0031467462862938035
2489,0.003146800572223948
2490,0.003146854635125538
2491,0.003146908479197041
2492,0.0031469621085316634
2493,0.0031470155271219927
2494,0.0031470687388623396
2495,0.0031471217475535452
2496,0.0031471745569071506
2497,0.0031472271705486167
2498,0.003147279592021685
2499,0.003147331824792454
2500,0.0031473838722537216
2501,0.0031474357377274417
2502,0.003147487424471781
2503,0.0031475389356816264
2504,0.0031475902744956446
2505,0.0031476414439981005
2506,0.003147692447224928
2507,0.0031477432871664856
2508,0.0031477939667705706
2509,0.0031478444889489164
2510,0.0031478948565790603
2511,0.003147945072508636
2512,0.0031479951395601176
2513,0.003148045060533015
2514,0.0031480948382086545
2515,0.003148144475353942
2516,0.003148193974723751
2517,0.003148243339066258
2518,0.0031482925711236176
2519,0.003148341673638476
2520,0.0031483906493547007
2521,0.003148439501022161
2522,0.003148488231398139
2523,0.0031485368432517774
2524,0.0031485853393664618
2525,0.003148633722541676
2526,0.0031486819955973255
2527,0.0031487301613744912
2528,0.003148778222739719
2529,0.0031488261825848214
2530,0.0031488740438314618
2531,0.0031489218094319367
2532,0.0031489694823710955
2533,0.0031490170656691308
2534,0.0031490645623817345
2535,0.0031491119756024786
2536,0.003149159308465161
2537,0.0031492065641429497
2538,0.003149253745850999
2539,0.003149300856848131
2540,0.003149347900435443
2541,0.0031493948799591227
2542,0.0031494417988110583
2543,0.0031494886604270813
2544,0.00314953546829034
2545,0.003149582225929787
2546,0.003149628936920503
2547,0.0031496756048838533
2548,0.0031497222334876036
2549,0.003149768826445591
2550,0.003149815387516599
2551,0.00314986192050505
2552,0.003149908429259334
2553,0.003149954917672176
2554,0.0031500013896784344
2555,0.0031500478492552412
2556,0.0031500943004208713
2557,0.0031501407472323806
2558,0.0031501871937860016
2559,0.0031502336442148686
2560,0.003150280102687432
2561,0.0031503265734056335
2562,0.003150373060604574
2563,0.003150419568549421
2564,0.0031504661015340192
2565,0.003150512663879065
2566,0.003150559259929415
2567,0.003150605894053593
2568,0.003150652570640432
2569,0.003150699294096181
2570,0.003150746068844105
2571,0.003150792899320626
2572,0.0031508397899735097
2573,0.0031508867452593983
2574,0.003150933769641388
2575,0.0031509808675862696
2576,0.003151028043561735
2577,0.0031510753020345464
2578,0.0031511226474670866
2579,0.003151170084314891
2580,0.003151217617024211
2581,0.0031512652500289974
2582,0.0031513129877476023
2583,0.003151360834582181
2584,0.0031514087949128583
2585,0.0031514568730964115
2586,0.003151505073464707
2587,0.003151553400320003
2588,0.003151601857932514
2589,0.0031516504505386673
2590,0.0031516991823370252
2591,0.003151748057486719
2592,0.003151797080103815
2593,0.003151846254259278
2594,0.0031518955839752887
2595,0.0031519450732242276
2596,0.0031519947259239594
2597,0.0031520445459374013
2598,0.0031520945370682335
2599,0.0031521447030594552
2600,0.003152195047590297
2601,0.003152245574274054
2602,0.003152296286656137
2603,0.0031523471882104535
2604,0.003152398282339155
2605,0.0031524495723682265
2606,0.0031525010615474467
2607,0.003152552753046383
2608,0.0031526046499543506
2609,0.003152656755275686
2610,0.0031527090719322306
2611,0.003152761602756076
2612,0.0031528143504929176
2613,0.0031528673177973325
2614,0.0031529205072322137
2615,0.0031529739212669775
2616,0.0031530275622765804
2617,0.0031530814325408697
2618,0.0031531355342407593
2619,0.003153189869460439
2620,0.003153244440184704
2621,0.0031532992482972656
2622,0.0031533542955815928
2623,0.00315340958371901
2624,0.003153465114289089
2625,0.003153520888767023
2626,0.0031535769085264194
2627,0.003153633174835853
2628,0.003153689688860246
2629,0.003153746451661858
2630,0.003153803464196403
2631,0.0031538607273175123
2632,0.00315391824177397
2633,0.0031539760082120527
2634,0.003154034027173792
2635,0.0031540922990996333
2636,0.0031541508243269
2637,0.0031542096030933546
2638,0.003154268635534467
2639,0.003154327921687265
2640,0.003154387461490151
2641,0.003154447254784017
2642,0.00315450730131442
2643,0.003154567600730915
2644,0.0031546281525904932
2645,0.0031546889563588846
2646,0.003154750011410703
2647,0.003154811317033045
2648,0.003154872872426434
2649,0.0031549346767064806
2650,0.003154996728906656
2651,0.0031550590279794386
2652,0.0031551215727996552
2653,0.003155184362166572
2654,0.003155247394805168
2655,0.003155310669369512
2656,0.0031553741844451313
2657,0.003155437938552061
2658,0.0031555019301464323
2659,0.0031555661576243843
2660,0.0031556306193239515
2661,0.0031556953135280807
2662,0.003155760238468723
2663,0.00315582539232734
2664,0.0031558907732410625
2665,0.0031559563793026957
2666,0.0031560222085663687
2667,0.0031560882590485864
2668,0.003156154528733049
2669,0.0031562210155723623
2670,0.0031562877174933827
2671,0.003156354632397374
2672,0.0031564217581659896
2673,0.0031564890926634743
2674,0.0031565566337395964
2675,0.0031566243792332882
2676,0.003156692326975711
2677,0.0031567604747937796
2678,0.0031568288205132515
2679,0.0031568973619612853
2680,0.0031569660969705897
2681,0.0031570350233821385
2682,0.003157104139047452
2683,0.0031571734418333035
2684,0.003157242929623018
2685,0.0031573126003204555
2686,0.003157382451852382
2687,0.0031574524821712867
2688,0.0031575226892587077
2689,0.0031575930711273295
2690,0.003157663625823153
2691,0.0031577343514297383
2692,0.0031578052460673675
2693,0.003157876307899811
2694,0.003157947535132657
2695,0.003158018926016799
2696,0.003158090478851505
2697,0.003158162191985079
2698,0.0031582340638167906
2699,0.0031583060927996677
2700,0.0031583782774399047
2701,0.00315845061630133
2702,0.0031585231080031527
2703,0.003158595751225304
2704,0.003158668544706146
2705,0.003158741487244457
2706,0.003158814577701777
2707,0.0031588878150014504
2708,0.0031589611981290757
2709,0.0031590347261345373
2710,0.003159108398130987
2711,0.00315918221329603
2712,0.0031592561708704125
2713,0.0031593302701602415
2714,0.003159404510534551
2715,0.0031594788914261177
2716,0.0031595534123312536
2717,0.0031596280728089297
2718,0.003159702872479659
2719,0.0031597778110256185
2720,0.0031598528881896576
2721,0.0031599281037727207
2722,0.0031600034576356045
2723,0.003160078949695189
2724,0.0031601545799238577
2725,0.0031602303483489096
2726,0.0031603062550492997
2727,0.0031603823001559055
2728,0.0031604584838487047
2729,0.003160534806354901
2730,0.0031606112679473776
2731,0.003160687868942284
2732,0.0031607646096978113
2733,0.003160841490610691
2734,0.00316091851211545
2735,0.0031609956746810664
2736,0.003161072978808758
2737,0.0031611504250301393
2738,0.003161228013904356
2739,0.0031613057460152354
2740,0.003161383621969271
2741,0.0031614616423931495
2742,0.003161539807930521
2743,0.0031616181192395025
2744,0.0031616965769903443
2745,0.003161775181862697
2746,0.003161853934542353
2747,0.0031619328357183705
2748,0.0031620118860819866
2749,0.003162091086321693
2750,0.003162170437121698
2751,0.0031622499391589713
2752,0.003162329593100464
2753,0.003162409399600077
2754,0.003162489359296975
2755,0.0031625694728113305
2756,0.003162649740742403
2757,0.0031627301636672246
2758,0.003162810742135192
2759,0.003162891476667423
2760,0.0031629723677546397
2761,0.0031630534158527523
2762,0.0031631346213820254
2763,0.0031632159847237522
2764,0.0031632975062185517
2765,0.003163379186163322
2766,0.003163461024809688
2767,0.003163543022361081
2768,0.003163625178971601
2769,0.0031637074947425407
2770,0.0031637899697220147
2771,0.0031638726039005523
2772,0.0031639553972124877
2773,0.003164038349530598
2774,0.003164121460667534
2775,0.0031642047303724772
2776,0.0031642881583282545
2777,0.0031643717441530287
2778,0.003164455487396
2779,0.0031645393875369267
2780,0.0031646234439856305
2781,0.0031647076560788975
2782,0.003164792023081297
2783,0.003164876544182898
2784,0.0031649612184978942
2785,0.003165046045065033
2786,0.003165131022845613
2787,0.003165216150722612
2788,0.003165301427501168
2789,0.003165386851906757
2790,0.003165472422584582
2791,0.003165558138100509
2792,0.003165643996938348
2793,0.003165729997501802
2794,0.0031658161381135056
2795,0.0031659024170133717
2796,0.0031659888323611646
2797,0.0031660753822340204
2798,0.0031661620646273882
2799,0.0031662488774564295
2800,0.003166335818553728
2801,0.003166422885671613
2802,0.0031665100764815468
2803,0.0031665973885750573
2804,0.003166684819463728
2805,0.003166772366579761
2806,0.0031668600272770813
2807,0.003166947798831935
2808,0.0031670356784424874
2809,0.0031671236632321896
2810,0.003167211750247451
2811,0.0031672999364614532
2812,0.003167388218773558
2813,0.0031674765940104925
2814,0.003167565058927943
2815,0.0031676536102118527
2816,0.0031677422444789786
2817,0.003167830958278568
2818,0.0031679197480944266
2819,0.0031680086103447326
2820,0.003168097541384705
2821,0.0031681865375085094
2822,0.0031682755949494373
2823,0.0031683647098818017
2824,0.0031684538784242816
2825,0.0031685430966396214
2826,0.0031686323605365804
2827,0.003168721666072886
2828,0.0031688110091568824
2829,0.0031689003856475114
2830,0.0031689897913588423
2831,0.0031690792220595582
2832,0.003169168673477595
2833,0.0031692581412994334
2834,0.0031693476211731774
2835,0.0031694371087114545
2836,0.0031695265994925955
2837,0.0031696160890625747
2838,0.003169705572937029
2839,0.0031697950466049833
2840,0.003169884505528102
2841,0.003169973945145509
2842,0.003170063360874801
2843,0.0031701527481142154
2844,0.003170242102244751
2845,0.00317033141863303
2846,0.0031704206926322057
2847,0.0031705099195855216
2848,0.0031705990948277816
2849,0.0031706882136874
2850,0.003170777271489398
2851,0.00317086626355623
2852,0.003170955185211546
2853,0.003171044031780721
2854,0.003171132798594553
2855,0.0031712214809903575
2856,0.0031713100743137727
2857,0.0031713985739221617
2858,0.003171486975185677
2859,0.003171575273489529
2860,0.0031716634642361017
2861,0.00317175154284651
2862,0.003171839504763151
2863,0.0031719273454512177
2864,0.0031720150604007077
2865,0.0031721026451286736
2866,0.003172190095179955
2867,0.0031722774061296705
2868,0.00317236457358555
2869,0.0031724515931886165
2870,0.0031725384606144423
2871,0.003172625171576278
2872,0.0031727117218254028
2873,0.003172798107152936
2874,0.0031728843233919776
2875,0.003172970366416492
2876,0.0031730562321466167
2877,0.0031731419165462993
2878,0.0031732274156262043
2879,0.0031733127254449547
2880,0.0031733978421094986
2881,0.0031734827617766726
2882,0.00317356748065408
2883,0.0031736519950005516
2884,0.00317373630112767
2885,0.0031738203954000963
2886,0.0031739042742366243
2887,0.0031739879341098733
2888,0.003174071371548887
2889,0.00317415458313688
2890,0.003174237565513825
2891,0.0031743203153768566
2892,0.003174402829478843
2893,0.0031744851046293498
2894,0.0031745671376970583
2895,0.003174648925605596
2896,0.0031747304653375044
2897,0.00317481175393267
2898,0.003174892788486666
2899,0.0031749735661549343
2900,0.0031750540841468376
2901,0.0031751343397303294
2902,0.0031752143302289848
2903,0.003175294053022509
2904,0.0031753735055454974
2905,0.003175452685288444
2906,0.0031755315897958815
2907,0.003175610216665114
2908,0.003175688563547887
2909,0.0031757666281479425
2910,0.003175844408220093
2911,0.003175921901570415
2912,0.00317599910605426
2913,0.0031760760195768305
2914,0.00317615264009096
2915,0.003176228965595364
2916,0.0031763049941368688
2917,0.003176380723805381
2918,0.003176456152735285
2919,0.0031765312791034073
2920,0.0031766061011277683
2921,0.0031766806170675393
2922,0.0031767548252194184
2923,0.003176828723918918
2924,0.0031769023115377415
2925,0.003176975586482555
2926,0.003177048547194313
2927,0.0031771211921460068
2928,0.0031771935198417985
2929,0.003177265528815651
2930,0.0031773372176307833
2931,0.003177408584876676
2932,0.0031774796291685462
2933,0.003177550349146935
2934,0.0031776207434745037
2935,0.0031776908108361044
2936,0.0031777605499371574
2937,0.0031778299595014345
2938,0.003177899038271233
2939,0.0031779677850051636
2940,0.0031780361984763096
2941,0.003178104277472556
2942,0.003178172020794451
2943,0.003178239427253732
2944,0.003178306495672444
2945,0.003178373224882388
2946,0.003178439613722639
2947,0.0031785056610403595
2948,0.003178571365687641
2949,0.0031786367265220425
2950,0.0031787017424057128
2951,0.003178766412202745
2952,0.003178830734780524
2953,0.0031788947090078874
2954,0.003178958333753674
2955,0.0031790216078871184
2956,0.003179084530276815
2957,0.003179147099790108
2958,0.003179209315292
2959,0.003179271175645843
2960,0.00317933267971205
2961,0.0031793938263469466
2962,0.0031794546144048932
2963,0.003179515042735308
2964,0.0031795751101841322
2965,0.0031796348155934454
2966,0.0031796941578003616
2967,0.0031797531356392112
2968,0.0031798117479385343
2969,0.0031798699935244724
2970,0.0031799278712188873
2971,0.003179985379839664
2972,0.00318004251820233
2973,0.0031800992851187372
2974,0.003180155679399568
2975,0.0031802116998530545
2976,0.0031802673452861496
2977,0.0031803226145058023
2978,0.0031803775063191818
2979,0.0031804320195342414
2980,0.0031804861529610793
2981,0.003180539905412739
2982,0.0031805932757060546
2983,0.0031806462626625532
2984,0.0031806988651106698
2985,0.003180751081884674
2986,0.0031808029118290775
2987,0.003180854353796667
2988,0.0031809054066526156
2989,0.0031809560692738223
2990,0.003181006340552084
2991,0.003181056219394425
2992,0.0031811057047245786
2993,0.003181154795485663
2994,0.003181203490641991
2995,0.003181251789178643
2996,0.0031812996901058243
2997,0.003181347192459183
2998,0.0031813942953014124
2999,0.00318144099772639
3000,0.003181487298858078
3001,0.0031815331978537636
3002,0.0031815786939070737
3003,0.0031816237862482694
3004,0.0031816684741473077
3005,0.0031817127569154177
3006,0.003181756633906999
3007,0.003181800104522956
3008,0.003181843168211258
3009,0.0031818858244691568
3010,0.003181928072845723
3011,0.003181969912945118
3012,0.0031820113444259598
3013,0.0031820523670057703
3014,0.0031820929804617605
3015,0.0031821331846333036
3016,0.003182172979423586
3017,0.003182212364803082
3018,0.003182251340809471
3019,0.0031822899075507317
3020,0.0031823280652063
3021,0.003182365814030433
3022,0.003182403154353208
3023,0.0031824400865809537
3024,0.0031824766112010495
3025,0.0031825127287797793
3026,0.003182548439968255
3027,0.0031825837455007303
3028,0.0031826186461972094
3029,0.003182653142965238
3030,0.003182687236801051
3031,0.003182720928791001
3032,0.003182754220112485
3033,0.003182787112035354
3034,0.003182819605923722
3035,0.0031828517032355696
3036,0.0031828834055251266
3037,0.0031829147144426828
3038,0.0031829456317361833
3039,0.0031829761592509164
3040,0.0031830062989319616
3041,0.003183036052822207
3042,0.003183065423064915
3043,0.00318309441190263
3044,0.0031831230216786653
3045,0.003183151254835799
3046,0.0031831791139176353
3047,0.0031832066015675944
3048,0.0031832337205294358
3049,0.0031832604736463234
3050,0.0031832868638609815
3051,0.003183312894214928
3052,0.003183338567848375
3053,0.003183363887998346
3054,0.0031833888579997954
3055,0.0031834134812828143
3056,0.0031834377613727005
3057,0.003183461701889418
3058,0.003183485306544576
3059,0.00318350857914227
3060,0.003183531523575935
3061,0.0031835541438285735
3062,0.0031835764439693943
3063,0.0031835984281537067
3064,0.003183620100620903
3065,0.003183641465691594
3066,0.003183662527766988
3067,0.0031836832913266
3068,0.0031837037609253466
3069,0.0031837239411930673
3070,0.0031837438368304788
3071,0.0031837634526085644
3072,0.0031837827933653483
3073,0.0031838018640035037
3074,0.0031838206694882435
3075,0.0031838392148443953
3076,0.003183857505154637
3077,0.003183875545556143
3078,0.003183893341238275
3079,0.0031839108974395505
3080,0.003183928219445492
3081,0.003183945312585857
3082,0.003183962182231104
3083,0.003183978833790023
3084,0.0031839952727074866
3085,0.0031840115044602063
3086,0.0031840275345555325
3087,0.003184043368527475
3088,0.0031840590119337564
3089,0.0031840744703541405
3090,0.003184089749385417
3091,0.0031841048546407827
3092,0.003184119791745744
3093,0.0031841345663351193
3094,0.0031841491840505563
3095,0.0031841636505374814
3096,0.003184177971443052
3097,0.0031841921524122982
3098,0.0031842061990855638
3099,0.003184220117096254
3100,0.0031842339120676582
3101,0.0031842475896106254
3102,0.003184261155320174
3103,0.0031842746147742918
3104,0.0031842879735299884
3105,0.0031843012371208135
3106,0.00318431441105601
3107,0.0031843275008156826
3108,0.0031843405118505614
3109,0.0031843534495784457
3110,0.003184366319381626
3111,0.0031843791266064963
3112,0.003184391876559196
3113,0.003184404574504981
3114,0.003184417225665418
3115,0.00318442983521684
3116,0.0031844424082878918
3117,0.003184454949958197
3118,0.0031844674652566456
3119,0.0031844799591590717
3120,0.003184492436587315
3121,0.0031845049024065964
3122,0.003184517361424541
3123,0.0031845298183906293
3124,0.003184542277993401
3125,0.003184554744859179
3126,0.003184567223551931
3127,0.003184579718571256
3128,0.003184592234350968
3129,0.0031846047752588495
3130,0.0031846173455953243
3131,0.0031846299495918305
3132,0.0031846425914111433
3133,0.0031846552751456287
3134,0.0031846680048172957
3135,0.003184680784375863
3136,0.0031846936176999105
3137,0.003184706508594683
3138,0.003184719460792157
3139,0.003184732477951771
3140,0.0031847455636578813
3141,0.0031847587214210225
3142,0.003184771954677679
3143,0.0031847852667891844
3144,0.0031847986610417326
3145,0.0031848121406481567
3146,0.003184825708743955
3147,0.003184839368392237
3148,0.0031848531225797064
3149,0.0031848669742192684
3150,0.003184880926148923
3151,0.003184894981132951
3152,0.0031849091418610837
3153,0.0031849234109499087
3154,0.0031849377909429055
3155,0.00318495228431068
3156,0.0031849668934517262
3157,0.0031849816206920524
3158,0.0031849964682875986
3159,0.0031850114384222835
3160,0.0031850265332116394
3161,0.00318504175470084
3162,0.0031850571048665363
3163,0.003185072585618049
3164,0.0031850881987976563
3165,0.0031851039461802456
3166,0.003185119829476821
3167,0.003185135850333475
3168,0.0031851520103322083
3169,0.0031851683109926222
3170,0.0031851847537725754
3171,0.003185201340069545
3172,0.0031852180712213718
3173,0.0031852349485065553
3174,0.0031852519731469285
3175,0.0031852691463075456
3176,0.0031852864690977245
3177,0.0031853039425728926
3178,0.0031853215677354243
3179,0.003185339345535792
3180,0.00318535727687396
3181,0.0031853753625992014
3182,0.0031853936035144757
3183,0.0031854120003742916
3184,0.0031854305538866145
3185,0.0031854492647170264
3186,0.003185468133486147
3187,0.003185487160772327
3188,0.0031855063471145084
3189,0.003185525693011419
3190,0.0031855451989232252
3191,0.0031855648652737963
3192,0.003185584692450818
3193,0.0031856046808083826
3194,0.003185624830667858
3195,0.0031856451423174976
3196,0.003185665616016852
3197,0.0031856862519950655
3198,0.0031857070504555324
3199,0.0031857280115734302
3200,0.003185749135499541
3201,0.00318577042236093
3202,0.003185791872261978
3203,0.003185813485286835
3204,0.0031858352614986055
3205,0.003185857200942632
3206,0.003185879303647011
3207,0.0031859015696229227
3208,0.003185923998868108
3209,0.00318594659136594
3210,0.003185969347088026
3211,0.003185992265995031
3212,0.00318601534803737
3213,0.0031860385931571263
3214,0.003186062001289835
3215,0.00318608557236357
3216,0.003186109306302224
3217,0.003186133203025879
3218,0.0031861572624513317
3219,0.00318618148449461
3220,0.003186205869071085
3221,0.0031862304160959138
3222,0.003186255125487008
3223,0.0031862799971645378
3224,0.0031863050310524015
3225,0.003186330227079456
3226,0.0031863555851806735
3227,0.003186381105297173
3228,0.0031864067873774316
3229,0.003186432631379947
3230,0.003186458637271418
3231,0.003186484805029454
3232,0.0031865111346429512
3233,0.0031865376261135787
3234,0.0031865642794537377
3235,0.003186591094691808
3236,0.0031866180718698126
3237,0.00318664521104482
3238,0.003186672512289095
3239,0.003186699975693136
3240,0.003186727601363289
3241,0.0031867553894235593
3242,0.0031867833400173844
3243,0.003186811453306811
3244,0.0031868397294732903
3245,0.003186868168718076
3246,0.0031868967712633447
3247,0.0031869255373522458
3248,0.003186954467249295
3249,0.00318698356124069
3250,0.003187012819635003
3251,0.0031870422427633903
3252,0.0031870718309796394
3253,0.0031871015846607936
3254,0.0031871315042073245
3255,0.003187161590043918
3256,0.0031871918426175853
3257,0.0031872222624016507
3258,0.0031872528498909664
3259,0.0031872836056073012
3260,0.0031873145300945938
3261,0.0031873456239225875
3262,0.0031873768876854473
3263,0.0031874083220009633
3264,0.003187439927512364
3265,0.003187471704886893
3266,0.0031875036548163426
3267,0.0031875357780166208
3268,0.003187568075227965
3269,0.003187600547213998
3270,0.0031876331947639515
3271,0.0031876660186885755
3272,0.003187699019823395
3273,0.0031877321990264776
3274,0.0031877655571797138
3275,0.003187799095186679
3276,0.003187832813973475
3277,0.0031878667144889282
3278,0.0031879007977029545
3279,0.0031879350646064593
3280,0.0031879695162123738
3281,0.003188004153553046
3282,0.0031880389776809443
3283,0.0031880739896692715
3284,0.0031881091906089355
3285,0.003188144581610668
3286,0.0031881801638027614
3287,0.003188215938331341
3288,0.003188251906359567
3289,0.0031882880690675616
3290,0.0031883244276508906
3291,0.0031883609833216514
3292,0.003188397737304855
3293,0.0031884346908426183
3294,0.003188471845188052
3295,0.0031885092016087466
3296,0.0031885467613845847
3297,0.003188584525807319
3298,0.0031886224961792365
3299,0.003188660673814343
3300,0.0031886990600353176
3301,0.003188737656174415
3302,0.0031887764635723454
3303,0.003188815483578276
3304,0.003188854717547553
3305,0.003188894166843049
3306,0.0031889338328322603
3307,0.0031889737168888255
3308,0.003189013820389742
3309,0.0031890541447169526
3310,0.003189094691254302
3311,0.003189135461388553
3312,0.0031891764565078057
3313,0.003189217678000505
3314,0.0031892591272572124
3315,0.0031893008056653573
3316,0.0031893427146136404
3317,0.00318938485548706
3318,0.003189427229668847
3319,0.003189469838538706
3320,0.00318951268347314
3321,0.003189555765843421
3322,0.00318959908701513
3323,0.00318964264834858
3324,0.003189686451197916
3325,0.003189730496908436
3326,0.0031897747868195317
3327,0.003189819322260958
3328,0.0031898641045526414
3329,0.003189909135006485
3330,0.0031899544149222754
3331,0.003189999945589922
3332,0.0031900457282879593
3333,0.003190091764281204
3334,0.003190138054823523
3335,0.003190184601153665
3336,0.0031902314044986112
3337,0.0031902784660691585
3338,0.0031903257870621485
3339,0.0031903733686583524
3340,0.0031904212120228855
3341,0.0031904693183037952
3342,0.0031905176886333412
3343,0.0031905663241252797
3344,0.0031906152258759546
3345,0.0031906643949632563
3346,0.003190713832446285
3347,0.0031907635393645206
3348,0.0031908135167381044
3349,0.0031908637655673573
3350,0.0031909142868323877
3351,0.0031909650814916
3352,0.0031910161504824287
3353,0.0031910674947216726
3354,0.0031911191151036272
3355,0.003191171012500147
3356,0.0031912231877616027
3357,0.0031912756417141926
3358,0.0031913283751624087
3359,0.003191381388886808
3360,0.003191434683644397
3361,0.0031914882601692027
3362,0.003191542119168916
3363,0.003191596261330113
3364,0.0031916506873130523
3365,0.003191705397753106
3366,0.0031917603932625676
3367,0.003191815674427081
3368,0.0031918712418085044
3369,0.003191927095942701
3370,0.0031919832373404483
3371,0.0031920396664875477
3372,0.0031920963838433076
3373,0.0031921533898428204
3374,0.00319221068489483
3375,0.0031922682693820282
3376,0.003192326143662106
3377,0.0031923843080665093
3378,0.0031924427629023244
3379,0.0031925015084488142
3380,0.0031925605449610057
3381,0.0031926198726681928
3382,0.003192679491773414
3383,0.0031927394024547483
3384,0.0031927996048642083
3385,0.0031928600991294664
3386,0.003192920885351838
3387,0.0031929819636076157
3388,0.0031930433339486313
3389,0.003193104996401034
3390,0.0031931669509668013
3391,0.0031932291976228644
3392,0.00319329173632195
3393,0.0031933545669920117
3394,0.00319341768953731
3395,0.003193481103838344
3396,0.003193544809750893
3397,0.0031936088071082692
3398,0.003193673095720512
3399,0.0031937376753731063
3400,0.0031938025458310357
3401,0.0031938677068352388
3402,0.0031939331581043087
3403,0.003193998899335253
3404,0.003194064930203646
3405,0.003194131250362232
3406,0.003194197859445244
3407,0.0031942647570630043
3408,0.0031943319428075646
3409,0.0031943994162489126
3410,0.0031944671769388545
3411,0.0031945352244089377
3412,0.003194603558170912
3413,0.003194672177718678
3414,0.003194741082526658
3415,0.003194810272051953
3416,0.0031948797457328404
3417,0.0031949495029914145
3418,0.0031950195432312724
3419,0.003195089865840829
3420,0.0031951604701907577
3421,0.0031952313556368184
3422,0.003195302521518718
3423,0.00319537396716125
3424,0.0031954456918745224
3425,0.0031955176949530315
3426,0.0031955899756797965
3427,0.003195662533321808
3428,0.003195735367134546
3429,0.0031958084763598024
3430,0.003195881860227836
3431,0.0031959555179559254
3432,0.003196029448750546
3433,0.0031961036518068477
3434,0.003196178126309352
3435,0.0031962528714320577
3436,0.0031963278863396116
3437,0.003196403170186419
3438,0.003196478722117803
3439,0.003196554541271856
3440,0.003196630626776154
3441,0.0031967069777522547
3442,0.0031967835933126632
3443,0.003196860472564483
3444,0.0031969376146064868
3445,0.0031970150185324417
3446,0.0031970926834290737
3447,0.0031971706083782905
3448,0.0031972487924568737
3449,0.0031973272347361483
3450,0.0031974059342830988
3451,0.0031974848901612615
3452,0.0031975641014302517
3453,0.0031976435671457358
3454,0.003197723286360663
3455,0.0031978032581252247
3456,0.0031978834814880156
3457,0.0031979639554940483
3458,0.0031980446791878385
3459,0.0031981256516119385
3460,0.0031982068718080514
3461,0.0031982883388167725
3462,0.0031983700516784726
3463,0.0031984520094326
3464,0.003198534211119408
3465,0.0031986166557793666
3466,0.0031986993424523596
3467,0.0031987822701802643
3468,0.0031988654380057176
3469,0.0031989488449719024
3470,0.0031990324901240708
3471,0.0031991163725086725
3472,0.0031992004911751584
3473,0.003199284845172669
3474,0.003199369433554462
3475,0.003199454255375847
3476,0.003199539309694532
3477,0.0031996245955701525
3478,0.0031997101120658728
3479,0.0031997958582477525
3480,0.0031998818331846284
3481,0.003199968035949045
3482,0.0032000544656157195
3483,0.0032001411212631992
3484,0.0032002280019737157
3485,0.0032003151068326326
3486,0.003200402434929027
3487,0.0032004899853548437
3488,0.0032005777572061186
3489,0.0032006657495826877
3490,0.0032007539615873854
3491,0.003200842392327058
3492,0.0032009310409116284
3493,0.0032010199064547275
3494,0.0032011089880739367
3495,0.0032011982848903797
3496,0.0032012877960273045
3497,0.0032013775206125783
3498,0.0032014674577767565
3499,0.0032015576066533814
3500,0.003201647966380228
3501,0.003201738536096496
3502,0.003201829314944935
3503,0.00320192030207161
3504,0.003202011496623954
3505,0.0032021028977531644
3506,0.003202194504611936
3507,0.0032022863163554747
3508,0.0032023783321407004
3509,0.003202470551126387
3510,0.003202562972473502
3511,0.0032026555953436884
3512,0.0032027484189005866
3513,0.0032028414423084586
3514,0.003202934664732263
3515,0.0032030280853385085
3516,0.003203121703292405
3517,0.0032032155177615824
3518,0.0032033095279118398
3519,0.0032034037329097985
3520,0.0032034981319207837
3521,0.003203592724109646
3522,0.003203687508640164
3523,0.0032037824846753893
3524,0.003203877651376029
3525,0.0032039730079016764
3526,0.0032040685534090643
3527,0.0032041642870534125
3528,0.0032042602079874385
3529,0.003204356315359608
3530,0.0032044526083166193
3531,0.003204549086001081
3532,0.003204645747551893
3533,0.0032047425921047546
3534,0.0032048396187899096
3535,0.0032049368267335517
3536,0.0032050342150573355
3537,0.003205131782877127
3538,0.003205229529304195
3539,0.0032053274534436125
3540,0.00320542555439376
3541,0.0032055238312485215
3542,0.0032056222830931765
3543,0.0032057209090083677
3544,0.0032058197080655298
3545,0.0032059186793302642
3546,0.003206017821860197
3547,0.0032061171347040345
3548,0.003206216616904212
3549,0.0032063162674928034
3550,0.003206416085494749
3551,0.0032065160699252734
3552,0.0032066162197903025
3553,0.0032067165340867888
3554,0.003206817011801939
3555,0.0032069176519129807
3556,0.0032070184533874607
3557,0.003207119415181341
3558,0.003207220536242018
3559,0.0032073218155043584
3560,0.0032074232518935065
3561,0.0032075248443221875
3562,0.0032076265916930295
3563,0.003207728492896512
3564,0.003207830546812226
3565,0.0032079327523064135
3566,0.0032080351082349177
3567,0.0032081376134399132
3568,0.0032082402667526107
3569,0.0032083430669907777
3570,0.0032084460129606853
3571,0.0032085491034540936
3572,0.0032086523372522172
3573,0.0032087557131222828
3574,0.003208859229818054
3575,0.003208962886081366
3576,0.0032090666806391488
3577,0.003209170612207145
3578,0.0032092746794870784
3579,0.0032093788811668254
3580,0.0032094832159217353
3581,0.003209587682413282
3582,0.0032096922792893895
3583,0.003209797005184882
3584,0.00320990185872183
3585,0.0032100068385075933
3586,0.0032101119431377817
3587,0.003210217171192789
3588,0.003210322521241743
3589,0.003210427991839379
3590,0.003210533581527482
3591,0.0032106392888344845
3592,0.0032107451122767206
3593,0.003210851050357147
3594,0.0032109571015660303
3595,0.0032110632643807266
3596,0.003211169537266085
3597,0.0032112759186749837
3598,0.0032113824070479856
3599,0.003211489000812983
3600,0.0032115956983870117
3601,0.003211702498174097
3602,0.003211809398568048
3603,0.0032119163979506898
3604,0.003212023494692494
3605,0.0032121306871536882
3606,0.0032122379736829734
3607,0.0032123453526196216
3608,0.003212452822291861
3609,0.0032125603810186382
3610,0.003212668027108743
3611,0.003212775758862193
3612,0.003212883574569312
3613,0.0032129914725124746
3614,0.003213099450964438
3615,0.003213207508190898
3616,0.003213315642448878
3617,0.003213423851988756
3618,0.0032135321350532237
3619,0.003213640489877756
3620,0.0032137489146927723
3621,0.003213857407721357
3622,0.0032139659671805644
3623,0.0032140745912844115
3624,0.00321418327823921
3625,0.003214292026248666
3626,0.003214400833511258
3627,0.00321450969822301
3628,0.0032146186185750673
3629,0.0032147275927565297
3630,0.0032148366189547455
3631,0.0032149456953540967
3632,0.003215054820137651
3633,0.0032151639914871064
3634,0.003215273207584586
3635,0.0032153824666103486
3636,0.0032154917667467087
3637,0.0032156011061752884
3638,0.0032157104830792867
3639,0.0032158198956444293
3640,0.0032159293420574173
3641,0.003216038820508432
3642,0.0032161483291903137
3643,0.003216257866299487
3644,0.0032163674300367527
3645,0.0032164770186073315
3646,0.0032165866302217047
3647,0.003216696263095996
3648,0.0032168059154511646
3649,0.0032169155855169235
3650,0.0032170252715279977
3651,0.00321713497172835
3652,0.003217244684367954
3653,0.003217354407707466
3654,0.0032174641400150835
3655,0.0032175738795688687
3656,0.0032176836246577607
3657,0.0032177933735791807
3658,0.0032179031246441633
3659,0.003218012876172977
3660,0.0032181226264984732
3661,0.0032182323739662452
3662,0.003218342116934998
3663,0.0032184518537758037
3664,0.003218561582874341
3665,0.0032186713026297505
3666,0.003218781011456553
3667,0.003218890707784383
3668,0.0032190003900582037
3669,0.0032191100567389086
3670,0.003219219706303312
3671,0.003219329337246763
3672,0.003219438948080045
3673,0.0032195485373326554
3674,0.0032196581035513223
3675,0.003219767645302285
3676,0.0032198771611698855
3677,0.003219986649756956
3678,0.0032200961096872094
3679,0.003220205539603981
3680,0.003220314938170023
3681,0.00322042430406879
3682,0.003220533636005555
3683,0.003220642932705099
3684,0.003220752192915377
3685,0.0032208614154051163
3686,0.0032209705989656766
3687,0.0032210797424092226
3688,0.0032211888445725077
3689,0.0032212979043130755
3690,0.0032214069205127407
3691,0.0032215158920760323
3692,0.0032216248179313253
3693,0.0032217336970295322
3694,0.003221842528345941
3695,0.0032219513108798893
3696,0.003222060043654943
3697,0.0032221687257173925
3698,0.0032222773561396915
3699,0.003222385934017034
3700,0.00322249445847068
3701,0.0032226029286450994
3702,0.003222711343709932
3703,0.0032228197028593844
3704,0.0032229280053121725
3705,0.0032230362503117655
3706,0.0032231444371266793
3707,0.003223252565050064
3708,0.003223360633399141
3709,0.003223468641516065
3710,0.0032235765887673757
3711,0.00322368447454537
3712,0.003223792298265018
3713,0.003223900059366363
3714,0.0032240077573128106
3715,0.0032241153915943755
3716,0.003224222961722255
3717,0.0032243304672324156
3718,0.003224437907684717
3719,0.003224545282662445
3720,0.0032246525917721475
3721,0.0032247598346430385
3722,0.0032248670109269587
3723,0.0032249741202993397
3724,0.003225081162457298
3725,0.003225188137120319
3726,0.0032252950440294884
3727,0.00322540188294761
3728,0.00322550865365911
3729,0.0032256153559687846
3730,0.0032257219897024432
3731,0.003225828554705561
3732,0.0032259350508452487
3733,0.0032260414780071376
3734,0.0032261478360953682
3735,0.0032262541250348566
3736,0.0032263603447681122
3737,0.003226466495255939
3738,0.0032265725764763892
3739,0.003226678588426242
3740,0.003226784531118361
3741,0.003226890404582602
3742,0.0032269962088640686
3743,0.0032271019440249784
3744,0.0032272076101418305
3745,0.0032273132073068413
3746,0.0032274187356257813
3747,0.0032275241952186094
3748,0.0032276295862194355
3749,0.0032277349087747103
3750,0.003227840163043321
3751,0.0032279453491971806
3752,0.003228050467418924
3753,0.0032281555179023854
3754,0.0032282605008532427
3755,0.003228365416484724
3756,0.003228470265023539
3757,0.0032285750467020325
3758,0.003228679761762819
3759,0.0032287844104574126
3760,0.0032288889930434314
3761,0.003228993509787133
3762,0.0032290979609595895
3763,0.003229202346840708
3764,0.0032293066677141894
3765,0.0032294109238691195
3766,0.003229515115600085
3767,0.0032296192432056618
3768,0.003229723306987411
3769,0.0032298273072509454
3770,0.003229931244304197
3771,0.003230035118457608
3772,0.003230138930023317
3773,0.0032302426793148022
3774,0.0032303463666454742
3775,0.003230449992330747
3776,0.0032305535566847015
3777,0.003230657060020633
3778,0.003230760502650863
3779,0.0032308638848877885
3780,0.0032309672070391046
3781,0.003231070469411683
3782,0.003231173672310015
3783,0.0032312768160326515
3784,0.003231379900877342
3785,0.0032314829271356212
3786,0.0032315858950953797
3787,0.0032316888050389794
3788,0.003231791657243306
3789,0.0032318944519796377
3790,0.0032319971895119694
3791,0.003232099870099039
3792,0.003232202493991152
3793,0.0032323050614322365
3794,0.003232407572656885
3795,0.0032325100278933314
3796,0.003232612427359679
3797,0.003232714771265595
3798,0.003232817059811726
3799,0.0032329192931883446
3800,0.003233021471576689
3801,0.003233123595146825
3802,0.0032332256640579178
3803,0.003233327678460124
3804,0.0032334296384901803
3805,0.0032335315442737107
3806,0.0032336333959259137
3807,0.003233735193547883
3808,0.0032338369372300053
3809,0.0032339386270488894
3810,0.0032340402630688784
3811,0.0032341418453403262
3812,0.0032342433739012974
3813,0.0032343448487758275
3814,0.003234446269973683
3815,0.0032345476374902003
3816,0.003234648951308579
3817,0.0032347502113948805
3818,0.003234851417701989
3819,0.003234952570167014
3820,0.003235053668713749
3821,0.003235154713248629
3822,0.0032352557036645427
3823,0.003235356639837726
3824,0.0032354575216283783
3825,0.003235558348883019
3826,0.0032356591214297158
3827,0.0032357598390822763
3828,0.003235860501637557
3829,0.0032359611088761927
3830,0.0032360616605631057
3831,0.003236162156445946
3832,0.003236262596256123
3833,0.00323636297970862
3834,0.003236463306501773
3835,0.003236563576317288
3836,0.003236663788819478
3837,0.003236763943656669
3838,0.0032368640404596533
3839,0.0032369640788434215
3840,0.003237064058404802
3841,0.00323716397872473
3842,0.003237263839365969
3843,0.003237363639876164
3844,0.0032374633797846403
3845,0.0032375630586040254
3846,0.0032376626758311025
3847,0.0032377622309446128
3848,0.003237861723407253
3849,0.003237961152664839
3850,0.003238060518146082
3851,0.0032381598192637033
3852,0.003238259055412858
3853,0.0032383582259737772
3854,0.0032384573303088373
3855,0.0032385563677644886
3856,0.0032386553376712317
3857,0.003238754239342891
3858,0.003238853072078089
3859,0.0032389518351581656
3860,0.003239050527850064
3861,0.0032391491494036576
3862,0.0032392476990545566
3863,0.0032393461760218977
3864,0.0032394445795098704
3865,0.003239542908707487
3866,0.0032396411627882435
3867,0.003239739340911717
3868,0.0032398374422221454
3869,0.003239935465849482
3870,0.003240033410908747
3871,0.0032401312765011955
3872,0.0032402290617135608
3873,0.003240326765619983
3874,0.0032404243872791675
3875,0.0032405219257378814
3876,0.0032406193800288527
3877,0.003240716749171543
3878,0.0032408140321733376
3879,0.0032409112280284815
3880,0.003241008335718982
3881,0.003241105354214304
3882,0.0032412022824718804
3883,0.0032412991194385402
3884,0.003241395864048192
3885,0.0032414925152241584
3886,0.003241589071878864
3887,0.003241685532913377
3888,0.0032417818972192403
3889,0.0032418781636762237
3890,0.0032419743311556857
3891,0.003242070398518541
3892,0.003242166364616224
3893,0.0032422622282904196
3894,0.0032423579883744747
3895,0.003242453643694077
3896,0.003242549193064541
3897,0.003242644635294141
3898,0.003242739969183419
3899,0.0032428351935248653
3900,0.003242930307105189
3901,0.0032430253087014703
3902,0.0032431201970871564
3903,0.003243214971027235
3904,0.00324330962928121
3905,0.00324340417060318
3906,0.0032434985937419337
3907,0.003243592897440277
3908,0.0032436870804371217
3909,0.003243781141466574
3910,0.0032438750792587816
3911,0.0032439688925385768
3912,0.0032440625800296843
3913,0.0032441561404504197
3914,0.003244249572517487
3915,0.0032443428749444362
3916,0.0032444360464426543
3917,0.0032445290857216194
3918,0.0032446219914890446
3919,0.0032447147624514463
3920,0.0032448073973143894
3921,0.0032448998947826164
3922,0.0032449922535611082
3923,0.00324508447235357
3924,0.003245176549865252
3925,0.0032452684848019472
3926,0.003245360275869844
3927,0.0032454519217765105
3928,0.003245543421231727
3929,0.0032456347729465738
3930,0.003245725975634717
3931,0.003245817028012664
3932,0.0032459079287988813
3933,0.0032459986767164935
3934,0.003246089270490538
3935,0.0032461797088520154
3936,0.00324626999053397
3937,0.0032463601142754812
3938,0.00324645007882006
3939,0.0032465398829158343
3940,0.0032466295253170386
3941,0.003246719004783063
3942,0.0032468083200806928
3943,0.0032468974699814118
3944,0.0032469864532644224
3945,0.0032470752687154512
3946,0.003247163915127462
3947,0.0032472523913025827
3948,0.003247340696048073
3949,0.003247428828181237
3950,0.003247516786527925
3951,0.003247604569921146
3952,0.0032476921772051164
3953,0.0032477796072315295
3954,0.0032478668588621917
3955,0.0032479539309692882
3956,0.0032480408224342147
3957,0.0032481275321503593
3958,0.0032482140590192176
3959,0.0032483004019553466
3960,0.003248386559883008
3961,0.0032484725317387278
3962,0.0032485583164707336
3963,0.003248643913038687
3964,0.0032487293204136905
3965,0.0032488145375807746
3966,0.0032488995635354375
3967,0.003248984397288251
3968,0.0032490690378603727
3969,0.003249153484288354
3970,0.0032492377356201745
3971,0.003249321790919287
3972,0.003249405649260612
3973,0.003249489309734882
3974,0.0032495727714465035
3975,0.0032496560335142435
3976,0.003249739095070019
3977,0.003249821955262342
3978,0.0032499046132532703
3979,0.0032499870682200054
3980,0.003250069319355094
3981,0.0032501513658660364
3982,0.0032502332069757676
3983,0.0032503148419231746
3984,0.0032503962699609867
3985,0.0032504774903603286
3986,0.003250558502406285
3987,0.003250639305399826
3988,0.0032507198986589194
3989,0.0032508002815170747
3990,0.0032508804533237976
3991,0.003250960413445016
3992,0.003251040161264095
3993,0.003251119696178255
3994,0.003251199017604114
3995,0.0032512781249722372
3996,0.003251357017731668
3997,0.0032514356953466774
3998,0.003251514157298855
3999,0.003251592403086673
4000,0.003251670432224701
4001,0.003251748244244446
4002,0.0032518258386933364
4003,0.003251903215137374
4004,0.0032519803731577744
4005,0.0032520573123516216
4006,0.0032521340323349466
4007,0.0032522105327388814
4008,0.0032522868132113416
4009,0.003252362873416354
4010,0.00325243871303575
4011,0.003252514331766473
4012,0.0032525897293231524
4013,0.003252664905435476
4014,0.0032527398598497428
4015,0.00325281459232968
4016,0.003252889102653105
4017,0.003252963390615749
4018,0.0032530374560281565
4019,0.003253111298716544
4020,0.0032531849185244185
4021,0.0032532583153090378
4022,0.003253331488943991
4023,0.0032534044393192547
4024,0.0032534771663380977
4025,0.0032535496699208277
4026,0.0032536219500014446
4027,0.003253694006529376
4028,0.0032537658394699905
4029,0.0032538374488011064
4030,0.0032539088345157384
4031,0.003253979996622151
4032,0.0032540509351421127
4033,0.0032541216501109035
4034,0.00325419214157883
4035,0.0032542624096086785
4036,0.0032543324542772434
4037,0.0032544022756747382
4038,0.0032544718739037
4039,0.00325454124908083
4040,0.0032546104013348627
4041,0.0032546793308067946
4042,0.00325474803765098
4043,0.0032548165220330494
4044,0.003254884784130355
4045,0.003254952824132748
4046,0.0032550206422423704
4047,0.003255088238670619
4048,0.0032551556136412325
4049,0.0032552227673892276
4050,0.0032552897001596683
4051,0.003255356412207995
4052,0.0032554229038008085
4053,0.0032554891752133597
4054,0.0032555552267326884
4055,0.003255621058653037
4056,0.0032556866712802686
4057,0.0032557520649277557
4058,0.0032558172399192744
4059,0.0032558821965853724
4060,0.0032559469352666675
4061,0.0032560114563120485
4062,0.003256075760076799
4063,0.0032561398469260925
4064,0.003256203717230827
4065,0.0032562673713710027
4066,0.003256330809731474
4067,0.003256394032706206
4068,0.0032564570406942296
4069,0.003256519834102013
4070,0.0032565824133409704
4071,0.0032566447788296925
4072,0.0032567069309925242
4073,0.0032567688702578044
4074,0.003256830597060614
4075,0.0032568921118403013
4076,0.0032569534150422136
4077,0.0032570145071135065
4078,0.003257075388509163
4079,0.003257136059685854
4080,0.003257196521105372
4081,0.0032572567732328107
4082,0.0032573168165366067
4083,0.0032573766514891584
4084,0.0032574362785651465
4085,0.003257495698242426
4086,0.00325755491100197
4087,0.003257613917326033
4088,0.0032576727177007435
4089,0.0032577313126128608
4090,0.0032577897025518887
4091,0.0032578478880079093
4092,0.003257905869474346
4093,0.0032579636474445828
4094,0.003258021222413295
4095,0.0032580785948759694
4096,0.0032581357653290637
4097,0.0032581927342701412
4098,0.003258249502195442
4099,0.0032583060696039817
4100,0.0032583624369922812
4101,0.003258418604859455
4102,0.003258474573701271
4103,0.003258530344015855
4104,0.003258585916299037
4105,0.0032586412910473933
4106,0.0032586964687550397
4107,0.003258751449915923
4108,0.0032588062350233952
4109,0.0032588608245685113
4110,0.003258915219042217
4111,0.003258969418932269
4112,0.0032590234247269955
4113,0.003259077236910763
4114,0.0032591308559676525
4115,0.0032591842823794788
4116,0.003259237516625448
4117,0.0032592905591833973
4118,0.0032593434105284247
4119,0.0032593960711337173
4120,0.0032594485414692152
4121,0.003259500822004016
4122,0.0032595529132032645
4123,0.003259604815529348
4124,0.0032596565294433504
4125,0.0032597080554024205
4126,0.003259759393861039
4127,0.0032598105452716682
4128,0.0032598615100832245
4129,0.003259912288741058
4130,0.003259962881689457
4131,0.003260013289367536
4132,0.0032600635122127576
4133,0.0032601135506591
4134,0.0032601634051379054
4135,0.0032602130760766295
4136,0.003260262563900038
4137,0.0032603118690296314
4138,0.003260360991884415
4139,0.0032604099328797293
4140,0.003260458692428115
4141,0.0032605072709387317
4142,0.003260555668817744
4143,0.0032606038864691025
4144,0.003260651924292449
4145,0.0032606997826851863
4146,0.0032607474620417625
4147,0.003260794962753718
4148,0.0032608422852092845
4149,0.0032608894297952106
4150,0.003260936396893793
4151,0.003260983186886059
4152,0.0032610298001486794
4153,0.0032610762370585676
4154,0.0032611224979875305
4155,0.0032611685833057263
4156,0.0032612144933814625
4157,0.003261260228580694
4158,0.0032613057892671433
4159,0.0032613511758018666
4160,0.0032613963885449607
4161,0.0032614414278534713
4162,0.0032614862940840536
4163,0.00326153098759061
4164,0.003261575508725758
4165,0.0032616198578409978
4166,0.0032616640352860255
4167,0.003261708041409555
4168,0.0032617518765595886
4169,0.003261795541082041
4170,0.0032618390353233826
4171,0.0032618823596279978
4172,0.0032619255143406145
4173,0.003261968499806138
4174,0.0032620113163673945
4175,0.0032620539643681587
4176,0.0032620964441520445
4177,0.003262138756063146
4178,0.003262180900444941
4179,0.003262222877642323
4180,0.0032622646880003576
4181,0.0032623063318645558
4182,0.0032623478095822945
4183,0.003262389121500367
4184,0.003262430267968597
4185,0.0032624712493373323
4186,0.0032625120659580957
4187,0.003262552718184928
4188,0.003262593206373339
4189,0.0032626335308811746
4190,0.003262673692067599
4191,0.0032627136902958634
4192,0.0032627535259305207
4193,0.0032627931993389403
4194,0.0032628327108921345
4195,0.0032628720609636287
4196,0.0032629112499299594
4197,0.0032629502781720463
4198,0.0032629891460742417
4199,0.00326302785402338
4200,0.0032630664024121984
4201,0.003263104791635943
4202,0.0032631430220951374
4203,0.0032631810941955754
4204,0.0032632190083455486
4205,0.0032632567649598454
4206,0.0032632943644579078
4207,0.003263331807264533
4208,0.0032633690938097606
4209,0.003263406224528994
4210,0.0032634431998633277
4211,0.00326348002026069
4212,0.003263516686173227
4213,0.003263553198061585
4214,0.00326358955639084
4215,0.003263625761634153
4216,0.0032636618142700483
4217,0.003263697714784807
4218,0.003263733463672185
4219,0.003263769061431673
4220,0.0032638045085709878
4221,0.0032638398056057372
4222,0.0032638749530582182
4223,0.0032639099514600593
4224,0.003263944801349118
4225,0.0032639795032716763
4226,0.0032640140577836073
4227,0.0032640484654479604
4228,0.0032640827268357432
4229,0.003264116842528527
4230,0.003264150813114867
4231,0.003264184639192824
4232,0.0032642183213697474
4233,0.003264251860261595
4234,0.003264285256494047
4235,0.0032643185107017387
4236,0.0032643516235292343
4237,0.0032643845956301857
4238,0.0032644174276682675
4239,0.0032644501203164993
4240,0.0032644826742579337
4241,0.003264515090186976
4242,0.0032645473688046856
4243,0.003264579510825774
4244,0.0032646115169734334
4245,0.0032646433879807823
4246,0.0032646751245926126
4247,0.0032647067275630693
4248,0.0032647381976576456
4249,0.0032647695356509106
4250,0.003264800742329443
4251,0.003264831818489798
4252,0.0032648627649392776
4253,0.003264893582495836
4254,0.0032649242719885057
4255,0.003264954834257123
4256,0.003264985270151391
4257,0.0032650155805330496
4258,0.0032650457662739907
4259,0.0032650758282570117
4260,0.003265105767376289
4261,0.0032651355845361714
4262,0.0032651652806522627
4263,0.003265194856651075
4264,0.0032652243134701827
4265,0.0032652536520577915
4266,0.003265282873371829
4267,0.0032653119783834002
4268,0.0032653409680723678
4269,0.0032653698434305383
4270,0.003265398605460193
4271,0.003265427255173714
4272,0.003265455793594141
4273,0.003265484221757357
4274,0.0032655125407057336
4275,0.003265540751495988
4276,0.0032655688551933514
4277,0.0032655968528729905
4278,0.003265624745622187
4279,0.0032656525345372673
4280,0.003265680220724505
4281,0.0032657078053010603
4282,0.0032657352893944195
4283,0.0032657626741399146
4284,0.003265789960685195
4285,0.003265817150185797
4286,0.0032658442438091564
4287,0.003265871242729115
4288,0.003265898148132019
4289,0.0032659249612117408
4290,0.003265951683171477
4291,0.0032659783152246156
4292,0.003266004858592826
4293,0.0032660313145063723
4294,0.0032660576842053228
4295,0.0032660839689371635
4296,0.0032661101699589666
4297,0.003266136288535541
4298,0.0032661623259398584
4299,0.003266188283454175
4300,0.003266214162367766
4301,0.0032662399639770364
4302,0.003266265689588221
4303,0.0032662913405131036
4304,0.0032663169180719917
4305,0.003266342423592941
4306,0.003266367858409116
4307,0.0032663932238633383
4308,0.003266418521302717
4309,0.003266443752083263
4310,0.0032664689175657836
4311,0.0032664940191183957
4312,0.0032665190581160322
4313,0.0032665440359379524
4314,0.0032665689539710142
4315,0.003266593813606747
4316,0.003266618616242623
4317,0.003266643363281345
4318,0.0032666680561313707
4319,0.003266692696205938
4320,0.003266717284923077
4321,0.0032667418237058935
4322,0.0032667663139821167
4323,0.003266790757183609
4324,0.0032668151547459636
4325,0.00326683950811024
4326,0.0032668638187207735
4327,0.0032668880880250047
4328,0.0032669123174756272
4329,0.0032669365085272787
4330,0.003266960662637764
4331,0.0032669847812693015
4332,0.00326700886588621
4333,0.0032670329179559764
4334,0.003267056938947682
4335,0.003267080930334437
4336,0.0032671048935909606
4337,0.0032671288301930213
4338,0.0032671527416200837
4339,0.0032671766293524774
4340,0.003267200494872181
4341,0.00326722433966323
4342,0.003267248165210355
4343,0.003267271973000048
4344,0.0032672957645187985
4345,0.0032673195412556448
4346,0.003267343304698573
4347,0.0032673670563374275
4348,0.003267390797661533
4349,0.003267414530161444
4350,0.0032674382553270088
4351,0.0032674619746486514
4352,0.003267485689616105
4353,0.003267509401719333
4354,0.0032675331124471445
4355,0.0032675568232884687
4356,0.003267580535731808
4357,0.003267604251263444
4358,0.0032676279713694085
4359,0.003267651697535866
4360,0.0032676754312449493
4361,0.0032676991739806734
4362,0.0032677229272223595
4363,0.003267746692450714
4364,0.003267770471142413
4365,0.003267794264773413
4366,0.003267818074816932
4367,0.0032678419027455594
4368,0.0032678657500281095
4369,0.0032678896181317398
4370,0.0032679135085211795
4371,0.0032679374226587104
4372,0.0032679613620039314
4373,0.003267985328013848
4374,0.0032680093221422544
4375,0.003268033345840068
4376,0.003268057400555859
4377,0.0032680814877346577
4378,0.0032681056088178766
4379,0.0032681297652440455
4380,0.003268153958449215
4381,0.0032681781898638985
4382,0.00326820246091708
4383,0.003268226773033557
4384,0.0032682511276342745
4385,0.0032682755261357857
4386,0.003268299969952078
4387,0.003268324460492733
4388,0.0032683489991636363
4389,0.003268373587366011
4390,0.0032683982264974324
4391,0.0032684229179516236
4392,0.0032684476631176544
4393,0.0032684724633807137
4394,0.003268497320121428
4395,0.0032685222347164926
4396,0.0032685472085382276
4397,0.0032685722429540145
4398,0.0032685973393272233
4399,0.0032686224990164736
4400,0.0032686477233767404
4401,0.0032686730137572763
4402,0.0032686983715027465
4403,0.003268723797955316
4404,0.0032687492944493443
4405,0.0032687748623169443
4406,0.0032688005028840995
4407,0.0032688262174738305
4408,0.003268852007402687
4409,0.0032688778739835317
4410,0.003268903818524085
4411,0.0032689298423269402
4412,0.0032689559466909765
4413,0.0032689821329101596
4414,0.0032690084022725294
4415,0.0032690347560632546
4416,0.0032690611955603845
4417,0.0032690877220400115
4418,0.0032691143367712928
4419,0.003269141041019601
4420,0.0032691678360451965
4421,0.0032691947231044158
4422,0.003269221703448684
4423,0.003269248778323387
4424,0.0032692759489715124
4425,0.00326930321662962
4426,0.0032693305825313404
4427,0.003269358047903673
4428,0.0032693856139711145
4429,0.003269413281951826
4430,0.0032694410530617387
4431,0.0032694689285102368
4432,0.0032694969095032125
4433,0.003269524997242126
4434,0.003269553192924367
4435,0.003269581497742762
4436,0.003269609912885951
4437,0.003269638439537813
4438,0.0032696670788797053
4439,0.0032696958320869245
4440,0.0032697247003321615
4441,0.0032697536847834945
4442,0.0032697827866055044
4443,0.003269812006957725
4444,0.0032698413469982772
4445,0.003269870807878428
4446,0.003269900390747608
4447,0.0032699300967521834
4448,0.0032699599270333084
4449,0.0032699898827292405
4450,0.0032700199649757624
4451,0.003270050174903247
4452,0.0032700805136408285
4453,0.003270110982313106
4454,0.0032701415820424154
4455,0.00327017231394699
4456,0.0032702031791428487
4457,0.0032702341787423568
4458,0.003270265313856342
4459,0.0032702965855906426
4460,0.0032703279950506807
4461,0.003270359543337579
4462,0.003270391231550996
4463,0.003270423060786999
4464,0.0032704550321404962
4465,0.00327048714670287
4466,0.0032705194055644765
4467,0.0032705518098124033
4468,0.003270584360532268
4469,0.003270617058807516
4470,0.0032706499057195333
4471,0.003270682902349328
4472,0.003270716049773526
4473,0.003270749349069431
4474,0.0032707828013114693
4475,0.0032708164075732097
4476,0.0032708501689269493
4477,0.0032708840864427617
4478,0.003270918161190896
4479,0.003270952394239963
4480,0.003270986786656843
4481,0.0032710213395079337
4482,0.0032710560538590987
4483,0.0032710909307750355
4484,0.0032711259713209115
4485,0.0032711611765588247
4486,0.0032711965475529727
4487,0.003271232085366105
4488,0.0032712677910605773
4489,0.003271303665698356
4490,0.003271339710342153
4491,0.0032713759260533173
4492,0.0032714123138943155
4493,0.0032714488749273625
4494,0.0032714856102151637
4495,0.0032715225208204478
4496,0.0032715596078062782
4497,0.0032715968722360797
4498,0.0032716343151749203
4499,0.0032716719376870537
4500,0.003271709740838017
4501,0.0032717477256946808
4502,0.0032717858933241557
4503,0.003271824244794562
4504,0.003271862781175526
4505,0.0032719015035381437
4506,0.0032719404129530165
4507,0.003271979510494012
4508,0.003272018797235614
4509,0.003272058274253065
4510,0.003272097942624348
4511,0.00327213780342806
4512,0.003272177857745871
4513,0.0032722181066587334
4514,0.00327225855125203
4515,0.00327229919261118
4516,0.003272340031824887
4517,0.0032723810699832935
4518,0.003272422308177556
4519,0.0032724637475029855
4520,0.003272505389056209
4521,0.0032725472339351887
4522,0.0032725892832419774
4523,0.0032726315380794974
4524,0.0032726739995539993
4525,0.0032727166687740493
4526,0.0032727595468497817
4527,0.003272802634895842
4528,0.0032728459340282743
4529,0.0032728894453655415
4530,0.00327293317003013
4531,0.0032729771091457955
4532,0.003273021263839731
4533,0.0032730656352430642
4534,0.003273110224487809
4535,0.0032731550327108794
4536,0.0032732000610499216
4537,0.0032732453106482993
4538,0.003273290782651269
4539,0.0032733364782052566
4540,0.0032733823984632026
4541,0.0032734285445785473
4542,0.003273474917708363
4543,0.0032735215190144574
4544,0.0032735683496600224
4545,0.0032736154108121045
4546,0.0032736627036410245
4547,0.0032737102293204433
4548,0.0032737579890263426
4549,0.00327380598393992
4550,0.003273854215243751
4551,0.003273902684123849
4552,0.0032739513917710503
4553,0.0032740003393775777
4554,0.0032740495281401295
4555,0.003274098959257769
4556,0.0032741486339336835
4557,0.003274198553374135
4558,0.0032742487187878487
4559,0.0032742991313882168
4560,0.0032743497923899373
4561,0.003274400703012563
4562,0.0032744518644781144
4563,0.0032745032780117484
4564,0.0032745549448414415
4565,0.003274606866200025
4566,0.003274659043320142
4567,0.003274711477440858
4568,0.003274764169802796
4569,0.003274817121648736
4570,0.0032748703342260397
4571,0.0032749238087834134
4572,0.0032749775465739464
4573,0.003275031548853065
4574,0.003275085816877588
4575,0.0032751403519094015
4576,0.0032751951552115847
4577,0.0032752502280497175
4578,0.0032753055716935884
4579,0.0032753611874136055
4580,0.0032754170764835518
4581,0.003275473240179763
4582,0.003275529679781155
4583,0.003275586396568093
4584,0.0032756433918243516
4585,0.003275700666834199
4586,0.003275758222885987
4587,0.0032758160612685844
4588,0.0032758741832737614
4589,0.003275932590195166
4590,0.0032759912833273974
4591,0.00327605026396821
4592,0.0032761095334159513
4593,0.003276169092970642
4594,0.00327622894393473
4595,0.00327628908761117
4596,0.003276349525304516
4597,0.0032764102583208413
4598,0.003276471287967252
4599,0.0032765326155528105
4600,0.003276594242385184
4601,0.003276656169776371
4602,0.003276718399036302
4603,0.003276780931476945
4604,0.003276843768411097
4605,0.0032769069111518207
4606,0.003276970361012147
4607,0.003277034119306777
4608,0.0032770981873490412
4609,0.0032771625664538844
4610,0.00327722725793532
4611,0.0032772922631076158
4612,0.0032773575832853986
4613,0.003277423219782287
4614,0.003277489173911664
4615,0.0032775554469873605
4616,0.003277622040321069
4617,0.003277688955225691
4618,0.00327775619301115
4619,0.0032778237549889767
4620,0.0032778916424668096
4621,0.003277959856754126
4622,0.003278028399157316
4623,0.003278097270981252
4624,0.003278166473530787
4625,0.0032782360081075644
4626,0.0032783058760126136
4627,0.003278376078545359
4628,0.0032784466170018294
4629,0.00327851749267757
4630,0.003278588706865397
4631,0.0032786602608556327
4632,0.0032787321559356246
4633,0.0032788043933917365
4634,0.0032788769745065232
4635,0.0032789499005595763
4636,0.0032790231728289923
4637,0.003279096792588176
4638,0.0032791707611078756
4639,0.0032792450796566897
4640,0.0032793197494982488
4641,0.0032793947718938476
4642,0.003279470148100472
4643,0.0032795458793711857
4644,0.0032796219669558473
4645,0.003279698412100145
4646,0.003279775216045034
4647,0.003279852380027959
4648,0.003279929905281509
4649,0.0032800077930335175
4650,0.0032800860445080546
4651,0.0032801646609239184
4652,0.0032802436434949257
4653,0.0032803229934297642
4654,0.0032804027119331678
4655,0.003280482800202388
4656,0.0032805632594314306
4657,0.003280644090807799
4658,0.0032807252955141626
4659,0.0032808068747251155
4660,0.003280888829612389
4661,0.0032809711613409945
4662,0.003281053871068106
4663,0.0032811369599461465
4664,0.0032812204291209155
4665,0.00328130427973214
4666,0.003281388512911964
4667,0.003281473129786755
4668,0.0032815581314753384
4669,0.003281643519090282
4670,0.0032817292937366094
4671,0.003281815456512259
4672,0.0032819020085080946
4673,0.0032819889508071344
4674,0.003282076284486122
4675,0.0032821640106117885
4676,0.0032822521302456774
4677,0.0032823406444394475
4678,0.003282429554239119
4679,0.003282518860679865
4680,0.00328260856479114
4681,0.0032826986675921024
4682,0.0032827891700946917
4683,0.0032828800733029993
4684,0.003282971378210511
4685,0.003283063085804413
4686,0.0032831551970602065
4687,0.0032832477129483935
4688,0.0032833406344260803
4689,0.0032834339624444385
4690,0.00328352769794507
4691,0.0032836218418586345
4692,0.0032837163951078153
4693,0.003283811358606726
4694,0.003283906733257441
4695,0.0032840025199539907
4696,0.0032840987195804257
4697,0.00328419533301179
4698,0.003284292361111509
4699,0.0032843898047340545
4700,0.003284487664724949
4701,0.0032845859419170275
4702,0.0032846846371355153
4703,0.0032847837511939056
4704,0.003284883284895538
4705,0.0032849832390336032
4706,0.0032850836143907968
4707,0.0032851844117391077
4708,0.0032852856318404734
4709,0.0032853872754450594
4710,0.0032854893432940923
4711,0.003285591836116154
4712,0.003285694754629444
4713,0.0032857980995428904
4714,0.003285901871552256
4715,0.0032860060713437874
4716,0.003286110699591747
4717,0.003286215756960363
4718,0.003286321244101974
4719,0.0032864271616585127
4720,0.003286533510259684
4721,0.003286640290524353
4722,0.003286747503061148
4723,0.0032868551484661157
4724,0.0032869632273243264
4725,0.0032870717402099163
4726,0.003287180687685545
4727,0.0032872900703018984
4728,0.003287399888599646
4729,0.003287510143106756
4730,0.003287620834339787
4731,0.0032877319628053497
4732,0.0032878435289964533
4733,0.0032879555333968098
4734,0.0032880679764768534
4735,0.003288180858697011
4736,0.0032882941805058193
4737,0.003288407942339944
4738,0.003288522144625273
4739,0.003288636787775826
4740,0.003288751872194363
4741,0.0032888673982729285
4742,0.0032889833663913856
4743,0.0032890997769179204
4744,0.003289216630211127
4745,0.003289333926616406
4746,0.003289451666469076
4747,0.003289569850092979
4748,0.003289688477800908
4749,0.0032898075498937365
4750,0.0032899270666631045
4751,0.003290047028386867
4752,0.0032901674353349205
4753,0.0032902882877636984
4754,0.00329040958592025
4755,0.003290531330039784
4756,0.003290653520347724
4757,0.003290776157057834
4758,0.003290899240374222
4759,0.0032910227704893544
4760,0.003291146747586024
4761,0.003291271171836
4762,0.0032913960434008635
4763,0.003291521362431493
4764,0.0032916471290697974
4765,0.0032917733434461205
4766,0.003291900005681057
4767,0.0032920271158857614
4768,0.003292154674161344
4769,0.003292282680598299
4770,0.003292411135278199
4771,0.003292540038273165
4772,0.003292669389644915
4773,0.0032927991894470335
4774,0.0032929294377220656
4775,0.003293060134504682
4776,0.003293191279819711
4777,0.003293322873683109
4778,0.003293454916102832
4779,0.0032935874070760306
4780,0.003293720346592982
4781,0.003293853734634663
4782,0.0032939875711733542
4783,0.003294121856174221
4784,0.0032942565895916695
4785,0.0032943917713746124
4786,0.003294527401462759
4787,0.003294663479787772
4788,0.0032948000062738097
4789,0.0032949369808377513
4790,0.0032950744033884627
4791,0.003295212273827431
4792,0.0032953505920491756
4793,0.0032954893579414603
4794,0.0032956285713841736
4795,0.0032957682322501797
4796,0.0032959083404072555
4797,0.0032960488957145106
4798,0.0032961898980260126
4799,0.003296331347188762
4800,0.0032964732430444546
4801,0.0032966155854269583
4802,0.0032967583741659572
4803,0.003296901609084755
4804,0.0032970452900008516
4805,0.003297189416725689
4806,0.003297333989066302
4807,0.0032974790068241145
4808,0.0032976244697949576
4809,0.003297770377770295
4810,0.0032979167305362093
4811,0.003298063527874188
4812,0.0032982107695612483
4813,0.0032983584553697657
4814,0.003298506585068106
4815,0.0032986551584195923
4816,0.0032988041751850065
4817,0.0032989536351187994
4818,0.0032991035379741343
4819,0.003299253883499207
4820,0.0032994046714378282
4821,0.003299555901531819
4822,0.003299707573519712
4823,0.003299859687134742
4824,0.0033000122421098267
4825,0.0033001652381728828
4826,0.003300318675050002
4827,0.003300472552463973
4828,0.003300626870135237
4829,0.0033007816277816977
4830,0.003300936825118951
4831,0.0033010924618590847
4832,0.0033012485377142634
4833,0.003301405052393003
4834,0.0033015620056013337
4835,0.003301719397045375
4836,0.0033018772264271795
4837,0.0033020354934486266
4838,0.0033021941978091073
4839,0.003302353339207226
4840,0.003302512917339325
4841,0.0033026729319008703
4842,0.0033028333825858122
4843,0.0033029942690875917
4844,0.003303155591097657
4845,0.0033033173483062624
4846,0.00330347954040374
4847,0.003303642167078038
4848,0.003303805228017238
4849,0.0033039687229087745
4850,0.0033041326514384804
4851,0.00330429701329184
4852,0.003304461808153819
4853,0.003304627035708958
4854,0.0033047926956406267
4855,0.0033049587876322188
4856,0.003305125311365759
4857,0.0033052922665245195
4858,0.003305459652789281
4859,0.0033056274698415977
4860,0.003305795717363039
4861,0.0033059643950337455
4862,0.0033061335025331945
4863,0.0033063030395425203
4864,0.003306473005740141
4865,0.0033066434008066766
4866,0.0033068142244195137
4867,0.0033069854762578653
4868,0.003307157155999957
4869,0.003307329263323819
4870,0.0033075017979058863
4871,0.0033076747594247015
4872,0.0033078481475555402
4873,0.003308021961975813
4874,0.0033081962023608284
4875,0.0033083708683859805
4876,0.0033085459597257923
4877,0.0033087214760549343
4878,0.003308897417046907
4879,0.003309073782374445
4880,0.0033092505717103515
4881,0.0033094277847259615
4882,0.00330960542109242
4883,0.0033097834804789797
4884,0.003309961962555459
4885,0.0033101408669893528
4886,0.0033103201934481935
4887,0.0033104999415976195
4888,0.0033106801111025957
4889,0.0033108607016265933
4890,0.0033110417128318186
4891,0.003311223144379211
4892,0.0033114049959281164
4893,0.0033115872671366873
4894,0.0033117699576600927
4895,0.003311953067153345
4896,0.003312136595269346
4897,0.0033123205416583012
4898,0.0033125049059690203
4899,0.003312689687848164
4900,0.003312874886940102
4901,0.003313060502886574
4902,0.0033132465353273165
4903,0.003313432983899959
4904,0.003313619848238692
4905,0.0033138071279753853
4906,0.003313994822738766
4907,0.0033141829321552975
4908,0.0033143714558482016
4909,0.003314560393436897
4910,0.0033147497445386604
4911,0.0033149395087664125
4912,0.0033151296857299845
4913,0.0033153202750362564
4914,0.0033155112762866218
4915,0.0033157026890814666
4916,0.0033158945130143573
4917,0.0033160867476770056
4918,0.0033162793926559807
4919,0.003316472447533812
4920,0.003316665911888904
4921,0.003316859785295211
4922,0.003317054067321507
4923,0.0033172487575323577
4924,0.0033174438554883457
4925,0.0033176393607438188
4926,0.0033178352728490687
4927,0.003318031591348911
4928,0.003318228315783445
4929,0.0033184254456871793
4930,0.003318622980589841
4931,0.0033188209200139497
4932,0.003319019263479618
4933,0.0033192180104982738
4934,0.0033194171605776335
4935,0.0033196167132188087
4936,0.0033198166679172737
4937,0.0033200170241626634
4938,0.00332021778143826
4939,0.0033204189392224558
4940,0.003320620496985229
4941,0.0033208224541937618
4942,0.0033210248103054825
4943,0.0033212275647737538
4944,0.0033214307170452723
4945,0.0033216342665596636
4946,0.0033218382127510604
4947,0.0033220425550462267
4948,0.0033222472928661627
4949,0.0033224524256249477
4950,0.003322657952730206
4951,0.00332286387358307
4952,0.0033230701875787807
4953,0.0033232768941048054
4954,0.0033234839925430745
4955,0.0033236914822680273
4956,0.003323899362648241
4957,0.0033241076330456725
4958,0.003324316292815993
4959,0.0033245253413073934
4960,0.003324734777862323
4961,0.003324944601817508
4962,0.003325154812502077
4963,0.0033253654092390036
4964,0.0033255763913458154
4965,0.0033257877581329316
4966,0.003325999508905236
4967,0.0033262116429614986
4968,0.0033264241595938222
4969,0.00332663705808916
4970,0.0033268503377287565
4971,0.0033270639977875474
4972,0.003327278037534398
4973,0.00332749245623414
4974,0.0033277072531455185
4975,0.003327922427521828
4976,0.0033281379786111826
4977,0.0033283539056573456
4978,0.003328570207898059
4979,0.003328786884568528
4980,0.0033290039348963163
4981,0.003329221358107925
4982,0.0033294391534236015
4983,0.0033296573200596643
4984,0.0033298758572292996
4985,0.0033300947641422217
4986,0.0033303140400036185
4987,0.003330533684016548
4988,0.0033307536953805133
4989,0.0033309740732923063
4990,0.003331194816946125
4991,0.0033314159255334883
4992,0.0033316373982444822
4993,0.003331859234267096
4994,0.003332081432786839
4995,0.0033323039929889493
4996,0.003332526914057217
4997,0.0033327501951743986
4998,0.003332973835522352
4999,0.00333319783428375
5000,0.0033334221906393853
5001,0.0033336469037721626
5002,0.00333387197286509
5003,0.003334097397100133
5004,0.0033343231756634466
5005,0.0033345493077401966
5006,0.0033347757925189336
5007,0.0033350026291886297
5008,0.0033352298169421844
5009,0.003335457354974112
5010,0.003335685242482186
5011,0.003335913478668452
5012,0.0033361420627373737
5013,0.0033363709938981547
5014,0.003336600271363543
5015,0.00333682989435231
5016,0.0033370598620869616
5017,0.0033372901737963446
5018,0.0033375208287139677
5019,0.0033377518260812367
5020,0.003337983165143427
5021,0.0033382148451551207
5022,0.0033384468653763566
5023,0.003338679225075128
5024,0.00333891192352725
5025,0.0033391449600173565
5026,0.0033393783338376976
5027,0.003339612044289463
5028,0.0033398460906838667
5029,0.003340080472341177
5030,0.003340315188591486
5031,0.00334055023877559
5032,0.003340785622245251
5033,0.0033410213383620307
5034,0.003341257386499887
5035,0.0033414937660445365
5036,0.003341730476392476
5037,0.003341967516953791
5038,0.003342204887151215
5039,0.003342442586419665
5040,0.003342680614208016
5041,0.003342918969979
5042,0.0033431576532089577
5043,0.003343396663388638
5044,0.0033436360000229193
5045,0.0033438756626322677
5046,0.003344115650752896
5047,0.0033443559639346416
5048,0.0033445966017442577
5049,0.0033448375637651177
5050,0.0033450788495954205
5051,0.0033453204588513165
5052,0.0033455623911651626
5053,0.0033458046461865933
5054,0.0033460472235812082
5055,0.003346290123035007
5056,0.003346533344248882
5057,0.00334677688694317
5058,0.00334702075085624
5059,0.0033472649357442212
5060,0.0033475094413828884
5061,0.003347754267565657
5062,0.0033479994141053693
5063,0.00334824488083367
5064,0.0033484906676012356
5065,0.0033487367742785243
5066,0.0033489832007553106
5067,0.003349229946940895
5068,0.0033494770127637037
5069,0.0033497243981723
5070,0.0033499721031351277
5071,0.0033502201276409027
5072,0.003350468471696513
5073,0.003350717135331162
5074,0.003350966118592431
5075,0.003351215421548413
5076,0.0033514650442871374
5077,0.0033517149869166643
5078,0.0033519652495648464
5079,0.003352215832379068
5080,0.003352466735527554
5081,0.003352717959197733
5082,0.0033529695035972844
5083,0.0033532213689523526
5084,0.003353473555509589
5085,0.003353726063535182
5086,0.0033539788933136996
5087,0.003354232045149951
5088,0.0033544855193670528
5089,0.0033547393163063633
5090,0.0033549934363297385
5091,0.0033552478798157446
5092,0.003355502647161685
5093,0.003355757738783408
5094,0.003356013155114091
5095,0.0033562688966045856
5096,0.0033565249637224253
5097,0.003356781356953332
5098,0.0033570380767984505
5099,0.003357295123776534
5100,0.003357552498422156
5101,0.0033578102012856562
5102,0.003358068232931854
5103,0.003358326593941894
5104,0.003358585284912148
5105,0.003358844306451825
5106,0.0033591036591855456
5107,0.0033593633437514433
5108,0.003359623360800089
5109,0.00335988371099547
5110,0.0033601443950142585
5111,0.0033604054135446117
5112,0.0033606667672871075
5113,0.0033609284569524936
5114,0.0033611904832628577
5115,0.0033614528469508532
5116,0.003361715548757544
5117,0.003361978589435474
5118,0.0033622419697438115
5119,0.0033625056904514404
5120,0.0033627697523343743
5121,0.003363034156176635
5122,0.0033632989027687805
5123,0.0033635639929071727
5124,0.00336382942739504
5125,0.0033640952070401703
5126,0.003364361332655501
5127,0.003364627805057401
5128,0.0033648946250664654
5129,0.003365161793507433
5130,0.003365429311205361
5131,0.0033656971789895137
5132,0.0033659653976900986
5133,0.0033662339681373734
5134,0.0033665028911628796
5135,0.0033667721675984517
5136,0.0033670417982739056
5137,0.0033673117840189995
5138,0.0033675821256611226
5139,0.00336785282402591
5140,0.00336812387993488
5141,0.0033683952942077156
5142,0.003368667067658906
5143,0.0033689392010994587
5144,0.0033692116953340334
5145,0.0033694845511629498
5146,0.003369757769379041
5147,0.003370031350770461
5148,0.0033703052961162
5149,0.003370579606188434
5150,0.003370854281750872
5151,0.0033711293235588586
5152,0.003371404732357805
5153,0.0033716805088845874
5154,0.003371956653863821
5155,0.0033722331680117474
5156,0.0033725100520313567
5157,0.003372787306615297
5158,0.003373064932442675
5159,0.0033733429301815755
5160,0.0033736213004864277
5161,0.0033739000439969645
5162,0.0033741791613412448
5163,0.0033744586531303947
5164,0.0033747385199626974
5165,0.003375018762420283
5166,0.0033752993810696494
5167,0.00337558037646234
5168,0.0033758617491320892
5169,0.003376143499596292
5170,0.003376425628356651
5171,0.003376708135895394
5172,0.0033769910226786604
5173,0.003377274289152779
5174,0.003377557935747356
5175,0.003377841962872833
5176,0.003378126370919997
5177,0.0033784111602614534
5178,0.0033786963312495743
5179,0.003378981884217044
5180,0.00337926781947692
5181,0.003379554137321739
5182,0.003379840838024524
5183,0.0033801279218362164
5184,0.003380415388988197
5185,0.0033807032396900717
5186,0.0033809914741319107
5187,0.0033812800924797872
5188,0.0033815690948815263
5189,0.003381858481461875
5190,0.0033821482523239818
5191,0.0033824384075498938
5192,0.003382728947199447
5193,0.003383019871311497
5194,0.0033833111799025962
5195,0.003383602872967495
5196,0.003383894950479543
5197,0.0033841874123897307
5198,0.003384480258627571
5199,0.003384773489101142
5200,0.0033850671036962884
5201,0.003385361102277651
5202,0.0033856554846883233
5203,0.0033859502507492703
5204,0.0033862454002614793
5205,0.0033865409330034804
5206,0.00338683684873309
5207,0.0033871331471875287
5208,0.003387429828083086
5209,0.0033877268911147247
5210,0.003388024335958888
5211,0.0033883221622698877
5212,0.0033886203696829177
5213,0.003388918957814166
5214,0.0033892179262583364
5215,0.0033895172745933683
5216,0.0033898170023768976
5217,0.0033901171091476985
5218,0.003390417594427232
5219,0.0033907184577179586
5220,0.003391019698505568
5221,0.0033913213162573403
5222,0.0033916233104241866
5223,0.003391925680440374
5224,0.0033922284257236245
5225,0.003392531545676331
5226,0.003392835039684671
5227,0.003393138907120142
5228,0.0033934431473395805
5229,0.0033937477596854416
5230,0.003394052743486218
5231,0.003394358098057914
5232,0.0033946638227020896
5233,0.0033949699167095605
5234,0.003395276379357397
5235,0.003395583209913296
5236,0.00339589040763211
5237,0.003396197971758856
5238,0.0033965059015292546
5239,0.0033968141961678187
5240,0.003397122854892652
5241,0.0033974318769104564
5242,0.003397741261422132
5243,0.003398051007620444
5244,0.0033983611146921637
5245,0.003398671581815919
5246,0.0033989824081666147
5247,0.003399293592911871
5248,0.003399605135216857
5249,0.0033999170342414718
5250,0.0034002292891416766
5251,0.003400541899071373
5252,0.003400854863181807
5253,0.0034011681806216296
5254,0.003401481850539386
5255,0.0034017958720821023
5256,0.003402110244396161
5257,0.0034024249666296607
5258,0.0034027400379310303
5259,0.0034030554574494844
5260,0.0034033712243371583
5261,0.0034036873377485143
5262,0.0034040037968413217
5263,0.0034043206007765697
5264,0.003404637748719441
5265,0.0034049552398403666
5266,0.0034052730733146325
5267,0.0034055912483233926
5268,0.0034059097640546983
5269,0.0034062286197018314
5270,0.003406547814466955
5271,0.003406867347559362
5272,0.0034071872181956945
5273,0.0034075074256033
5274,0.00340782796901641
5275,0.003408148847680801
5276,0.0034084700608510566
5277,0.003408791607792873
5278,0.0034091134877814195
5279,0.003409435700105746
5280,0.0034097582440641315
5281,0.003410081118967843
5282,0.003410404324141045
5283,0.0034107278589192986
5284,0.0034110517226519812
5285,0.0034113759147016494
5286,0.003411700434445623
5287,0.0034120252812734047
5288,0.003412350454589049
5289,0.003412675953812236
5290,0.0034130017783759806
5291,0.00341332792772913
5292,0.0034136544013351065
5293,0.0034139811986729014
5294,0.0034143083192363635
5295,0.0034146357625357312
5296,0.00341496352809599
5297,0.0034152916154594477
5298,0.003415620024182119
5299,0.00341594875383791
5300,0.0034162778040154173
5301,0.003416607174319855
5302,0.003416936864372342
5303,0.003417266873809737
5304,0.0034175972022856874
5305,0.0034179278494681563
5306,0.0034182588150427377
5307,0.0034185900987094113
5308,0.00341892170018411
5309,0.003419253619198586
5310,0.0034195858554992996
5311,0.003419918408848809
5312,0.0034202512790227533
5313,0.003420584465812661
5314,0.0034209179690253733
5315,0.0034212517884802955
5316,0.0034215859240108084
5317,0.003421920375465344
5318,0.003422255142703344
5319,0.0034225902255992126
5320,0.003422925624038801
5321,0.0034232613379200803
5322,0.0034235973671534374
5323,0.00342393371165936
5324,0.003424270371369963
5325,0.0034246073462279964
5326,0.003424944636185689
5327,0.0034252822412043555
5328,0.0034256201612547646
5329,0.003425958396315714
5330,0.0034262969463739264
5331,0.0034266358114232336
5332,0.003426974991463753
5333,0.0034273144865021154
5334,0.003427654296550328
5335,0.003427994421624715
5336,0.0034283348617458963
5337,0.003428675616938477
5338,0.0034290166872286178
5339,0.003429358072645403
5340,0.0034296997732194802
5341,0.003430041788981448
5342,0.003430384119962489
5343,0.0034307267661919808
5344,0.003431069727698451
5345,0.0034314130045080228
5346,0.0034317565966440634
5347,0.003432100504124874
5348,0.003432444726965118
5349,0.0034327892651734282
5350,0.0034331341187525833
5351,0.003433479287697558
5352,0.003433824771996415
5353,0.003434170571627704
5354,0.003434516686560137
5355,0.003434863116753125
5356,0.003435209862153596
5357,0.003435556922697128
5358,0.003435904298306098
5359,0.0034362519888894777
5360,0.003436599994341114
5361,0.0034369483145393785
5362,0.003437296949346897
5363,0.0034376458986086615
5364,0.0034379951621514838
5365,0.003438344739784006
5366,0.0034386946312942295
5367,0.003439044836450399
5368,0.0034393953549998026
5369,0.003439746186665998
5370,0.0034400973311504855
5371,0.0034404487881311463
5372,0.003440800557260561
5373,0.0034411526381666765
5374,0.003441505030450259
5375,0.0034418577336861275
5376,0.0034422107474197435
5377,0.00344256407116923
5378,0.003442917704423614
5379,0.003443271646639917
5380,0.003443625897246837
5381,0.0034439804556394395
5382,0.003444335321181061
5383,0.003444690493203274
5384,0.0034450459710019077
5385,0.0034454017538399096
5386,0.0034457578409445053
5387,0.003446114231507591
5388,0.003446470924684624
5389,0.0034468279195939487
5390,0.003447185215316543
5391,0.003447542810895929
5392,0.003447900705335174
5393,0.0034482588975996973
5394,0.0034486173866151775
5395,0.003448976171265592
5396,0.0034493352503955224
5397,0.003449694622808405
5398,0.0034500542872644116
5399,0.0034504142424834306
5400,0.0034507744871414524
5401,0.0034511350198726414
5402,0.0034514958392673233
5403,0.0034518569438718952
5404,0.0034522183321892648
5405,0.0034525800026784575
5406,0.0034529419537527722
5407,0.0034533041837814856
5408,0.003453666691089113
5409,0.003454029473954965
5410,0.003454392530612171
5411,0.0034547558592481157
5412,0.0034551194580066413
5413,0.003455483324983726
5414,0.003455847458230035
5415,0.0034562118557504304
5416,0.0034565765155036465
5417,0.003456941435402753
5418,0.0034573066133146853
5419,0.00345767204706098
5420,0.0034580377344165876
5421,0.003458403673111425
5422,0.0034587698608298037
5423,0.0034591362952098837
5424,0.0034595029738459307
5425,0.0034598698942865424
5426,0.0034602370540349576
5427,0.003460604450551143
5428,0.0034609720812501317
5429,0.003461339943503448
5430,0.003461708034638588
5431,0.0034620763519407683
5432,0.0034624448926517132
5433,0.0034628136539712954
5434,0.00346318263305812
5435,0.003463551827028469
5436,0.0034639212329578488
5437,0.0034642908478827615
5438,0.0034646606687982616
5439,0.0034650306926620324
5440,0.00346540091639194
5441,0.0034657713368691457
5442,0.0034661419509373717
5443,0.0034665127554026572
5444,0.0034668837470374796
5445,0.003467254922577742
5446,0.003467626278725843
5447,0.0034679978121510005
5448,0.003468369519489772
5449,0.003468741397346704
5450,0.0034691134422958907
5451,0.0034694856508813896
5452,0.003469858019617827
5453,0.0034702305449932666
5454,0.003470603223467441
5455,0.003470976051473974
5456,0.003471349025422612
5457,0.003471722141697393
5458,0.003472095396660283
5459,0.0034724687866518546
5460,0.003472842307990821
5461,0.0034732159569768745
5462,0.0034735897298906354
5463,0.003473963622995358
5464,0.0034743376325388525
5465,0.003474711754752366
5466,0.003475085985854266
5467,0.0034754603220493157
5468,0.0034758347595314092
5469,0.0034762092944839707
5470,0.0034765839230809655
5471,0.0034769586414889067
5472,0.0034773334458680113
5473,0.0034777083323719576
5474,0.003478083297151926
5475,0.0034784583363545274
5476,0.003478833446126752
5477,0.0034792086226139237
5478,0.0034795838619634343
5479,0.003479959160324437
5480,0.003480334513850074
5481,0.003480709918698193
5482,0.0034810853710333443
5483,0.0034814608670273436
5484,0.003481836402861073
5485,0.0034822119747248974
5486,0.003482587578822833
5487,0.003482963211368665
5488,0.0034833388685923043
5489,0.003483714546738855
5490,0.003484090242068749
5491,0.003484465950862056
5492,0.003484841669416927
5493,0.0034852173940523447
5494,0.003485593121108356
5495,0.003485968846948926
5496,0.0034863445679610213
5497,0.0034867202805577216
5498,0.003487095981178072
5499,0.0034874716662895303
5500,0.003487847332386723
5501,0.003488222975996361
5502,0.003488598593675071
5503,0.003488974182011317
5504,0.003489349737627143
5505,0.0034897252571800966
5506,0.003490100737361116
5507,0.0034904761748988525
5508,0.0034908515665594254
5509,0.003491226909145908
5510,0.003491602199502143
5511,0.003491977434512262
5512,0.0034923526111002834
5513,0.0034927277262329914
5514,0.0034931027769200527
5515,0.003493477760215342
5516,0.0034938526732156377
5517,0.003494227513065143
5518,0.0034946022769519348
5519,0.0034949769621119477
5520,0.003495351565827877
5521,0.003495726085431796
5522,0.0034961005183016354
5523,0.00349647486186805
5524,0.003496849113608556
5525,0.003497223271052454
5526,0.0034975973317793417
5527,0.00349797129342007
5528,0.0034983451536570397
5529,0.0034987189102251848
5530,0.0034990925609111934
5531,0.003499466103555024
5532,0.003499839536049232
5533,0.003500212856340218
5534,0.0035005860624278433
5535,0.003500959152364817
5536,0.0035013321242587333
5537,0.003501704976270688
5538,0.0035020777066161655
5539,0.003502450313564861
5540,0.003502822795440545
5541,0.003503195150621627
5542,0.0035035673775399394
5543,0.0035039394746823093
5544,0.003504311440588577
5545,0.0035046832738543565
5546,0.0035050549731265386
5547,0.0035054265371084153
5548,0.0035057979645546156
5549,0.0035061692542737144
5550,0.0035065404051265454
5551,0.0035069114160278443
5552,0.003507282285943637
5553,0.003507653013892059
5554,0.0035080235989427603
5555,0.0035083940402171193
5556,0.0035087643368864586
5557,0.003509134488173069
5558,0.003509504493348203
5559,0.0035098743517330624
5560,0.003510244062697851
5561,0.003510613625659707
5562,0.003510983040085425
5563,0.0035113523054865906
5564,0.0035117214214236457
5565,0.0035120903875008195
5566,0.0035124592033683663
5567,0.003512827868721413
5568,0.003513196383298681
5569,0.0035135647468816566
5570,0.0035139329592942734
5571,0.003514301020402729
5572,0.00351466893011322
5573,0.003515036688373405
5574,0.003515404295169107
5575,0.0035157717505257097
5576,0.0035161390545055907
5577,0.0035165062072089843
5578,0.0035168732087712284
5579,0.0035172400593641464
5580,0.003517606759193761
5581,0.0035179733084989896
5582,0.0035183397075531095
5583,0.00351870595665995
5584,0.003519072056154742
5585,0.0035194380064040996
5586,0.003519803807802426
5587,0.0035201694607736407
5588,0.0035205349657686474
5589,0.003520900323266127
5590,0.0035212655337691187
5591,0.0035216305978066666
5592,0.0035219955159320783
5593,0.003522360288721262
5594,0.003522724916772518
5595,0.00352308940070606
5596,0.003523453741161955
5597,0.0035238179388005775
5598,0.0035241819943007424
5599,0.003524545908359636
5600,0.0035249096816912275
5601,0.003525273315026145
5602,0.0035256368091096412
5603,0.003526000164701996
5604,0.0035263633825778746
5605,0.003526726463523517
5606,0.00352708940833796
5607,0.0035274522178316892
5608,0.0035278148928251573
5609,0.0035281774341488366
5610,0.003528539842641779
5611,0.003528902119151704
5612,0.0035292642645332038
5613,0.0035296262796472135
5614,0.0035299881653613257
5615,0.003530349922547568
5616,0.00353071155208253
5617,0.0035310730548470466
5618,0.0035314344317249114
5619,0.003531795683601124
5620,0.0035321568113632898
5621,0.0035325178159003423
5622,0.0035328786981013442
5623,0.0035332394588543483
5624,0.0035336000990482167
5625,0.003533960619568737
5626,0.0035343210213008213
5627,0.003534681305126454
5628,0.0035350414719247315
5629,0.003535401522570702
5630,0.0035357614579362372
5631,0.0035361212788876163
5632,0.0035364809862861776
5633,0.003536840580988618
5634,0.003537200063844241
5635,0.003537559435697269
5636,0.0035379186973840985
5637,0.0035382778497348244
5638,0.0035386368935706727
5639,0.003538995829706526
5640,0.003539354658947769
5641,0.003539713382091531
5642,0.0035400719999260145
5643,0.003540430513230623
5644,0.0035407889227739267
5645,0.003541147229316805
5646,0.003541505433608325
5647,0.0035418635363881723
5648,0.003542221538385603
5649,0.0035425794403191753
5650,0.003542937242896749
5651,0.003543294946815183
5652,0.003543652552760514
5653,0.003544010061407151
5654,0.0035443674734184382
5655,0.0035447247894468442
5656,0.003545082010132744
5657,0.003545439136105575
5658,0.003545796167982531
5659,0.0035461531063702358
5660,0.003546509951862739
5661,0.003546866705044027
5662,0.0035472233664846785
5663,0.0035475799367459676
5664,0.003547936416375921
5665,0.0035482928059123713
5666,0.003548649105881494
5667,0.0035490053167984486
5668,0.0035493614391676107
5669,0.0035497174734816918
5670,0.003550073420224472
5671,0.003550429279866342
5672,0.0035507850528707792
5673,0.0035511407396879064
5674,0.0035514963407600702
5675,0.003551851856518608
5676,0.0035522072873859223
5677,0.003552562633774406
5678,0.0035529178960881204
5679,0.003553273074722086
5680,0.0035536281700627352
5681,0.003553983182488218
5682,0.0035543381123684173
5683,0.0035546929600669026
5684,0.003555047725937886
5685,0.003555402410329791
5686,0.003555757013584059
5687,0.003556111536035931
5688,0.0035564659780147664
5689,0.0035568203398429516
5690,0.003557174621839616
5691,0.003557528824317372
5692,0.0035578829475853132
5693,0.003558236991947297
5694,0.0035585909577042257
5695,0.0035589448451533493
5696,0.0035592986545884206
5697,0.0035596523863015927
5698,0.003560006040581792
5699,0.003560359617716892
5700,0.003560713117992888
5701,0.0035610665416948165
5702,0.0035614198891077494
5703,0.003561773160515797
5704,0.003562126356203979
5705,0.003562479476457616
5706,0.003562832521563431
5707,0.00356318549180941
5708,0.0035635383874856315
5709,0.003563891208884909
5710,0.003564243956302091
5711,0.003564596630036214
5712,0.003564949230388746
5713,0.0035653017576667495
5714,0.003565654212179829
5715,0.003566006594244594
5716,0.0035663589041815867
5717,0.0035667111423170472
5718,0.0035670633089835944
5719,0.0035674154045205533
5720,0.0035677674292736525
5721,0.0035681193835963273
5722,0.003568471267848958
5723,0.0035688230824003427
5724,0.003569174827628533
5725,0.003569526503917946
5726,0.003569878111664571
5727,0.0035702296512720765
5728,0.003570581123154891
5729,0.0035709325277372772
5730,0.003571283865452779
5731,0.0035716351367475895
5732,0.0035719863420773297
5733,0.0035723374819098394
5734,0.0035726885567236412
5735,0.003573039567009963
5736,0.0035733905132716635
5737,0.0035737413960239255
5738,0.003574092215794636
5739,0.0035744429731246322
5740,0.00357479366856779
5741,0.0035751443026908985
5742,0.003575494876074524
5743,0.003575845389312566
5744,0.0035761958430127107
5745,0.0035765462377979804
5746,0.0035768965743032655
5747,0.003577246853179391
5748,0.0035775970750904617
5749,0.00357794724071626
5750,0.0035782973507503895
5751,0.003578647405901269
5752,0.0035789974068924325
5753,0.0035793473544620093
5754,0.00357969724936246
5755,0.0035800470923625077
5756,0.003580396884244894
5757,0.0035807466258072963
5758,0.0035810963178630247
5759,0.0035814459612400545
5760,0.0035817955567810245
5761,0.003582145105344351
5762,0.003582494607802173
5763,0.003582844065042839
5764,0.003583193477967706
5765,0.0035835428474951785
5766,0.003583892174556019
5767,0.0035842414600968588
5768,0.0035845907050781984
5769,0.0035849399104747916
5770,0.003585289077275283
5771,0.0035856382064838013
5772,0.0035859872991163898
5773,0.0035863363562033054
5774,0.0035866853787883384
5775,0.0035870343679296
5776,0.003587383324696102
5777,0.003587732250172031
5778,0.0035880811454524464
5779,0.0035884300116460557
5780,0.0035887788498729575
5781,0.003589127661265404
5782,0.003589476446967211
5783,0.00358982520813434
5784,0.0035901739459327383
5785,0.0035905226615398638
5786,0.003590871356143418
5787,0.0035912200309423568
5788,0.0035915686871439726
5789,0.0035919173259662636
5790,0.003592265948636486
5791,0.003592614556390834
5792,0.0035929631504731463
5793,0.0035933117321380794
5794,0.0035936603026452455
5795,0.00359400886326418
5796,0.0035943574152704732
5797,0.003594705959947323
5798,0.0035950544985840147
5799,0.0035954030324763134
5800,0.003595751562925969
5801,0.003596100091239694
5802,0.003596448618729438
5803,0.0035967971467119313
5804,0.0035971456765083215
5805,0.0035974942094433677
5806,0.0035978427468459757
5807,0.003598191290047517
5808,0.0035985398403823882
5809,0.0035988883991873934
5810,0.003599236967801178
5811,0.0035995855475634653
5812,0.003599934139816642
5813,0.003600282745902244
5814,0.0036006313671631276
5815,0.0036009800049422334
5816,0.003601328660581003
5817,0.003601677335421135
5818,0.0036020260308026143
5819,0.003602374748064171
5820,0.0036027234885425883
5821,0.003603072253571662
5822,0.003603421044482953
5823,0.003603769862605031
5824,0.00360411870926224
5825,0.003604467585776041
5826,0.0036048164934624097
5827,0.003605165433633772
5828,0.0036055144075967755
5829,0.0036058634166532466
5830,0.003606212462098567
5831,0.0036065615452227323
5832,0.0036069106673091316
5833,0.003607259829633796
5834,0.0036076090334660324
5835,0.0036079582800680123
5836,0.0036083075706932035
5837,0.0036086569065880065
5838,0.0036090062889883472
5839,0.0036093557191247735
5840,0.003609705198215058
5841,0.0036100547274699113
5842,0.0036104043080894153
5843,0.0036107539412635133
5844,0.003611103628172679
5845,0.00361145336998624
5846,0.0036118031678621988
5847,0.0036121530229480687
5848,0.0036125029363800075
5849,0.003612852909282259
5850,0.003613202942766853
5851,0.0036135530379352025
5852,0.003613903195873957
5853,0.0036142534176586997
5854,0.003614603704352602
5855,0.0036149540570043805
5856,0.003615304476650568
5857,0.003615654964314082
5858,0.0036160055210040813
5859,0.003616356147715624
5860,0.003616706845430185
5861,0.00361705761511561
5862,0.0036174084577243254
5863,0.003617759374194931
5864,0.003618110365451846
5865,0.0036184614324037
5866,0.0036188125759451352
5867,0.0036191637969564317
5868,0.003619515096300957
5869,0.0036198664748281237
5870,0.003620217933372284
5871,0.0036205694727519224
5872,0.003620921093770396
5873,0.003621272797215729
5874,0.003621624583859409
5875,0.0036219764544588987
5876,0.0036223284097545586
5877,0.0036226804504727594
5878,0.003623032577322261
5879,0.003623384790997653
5880,0.003623737092177169
5881,0.003624089481523475
5882,0.003624441959683599
5883,0.0036247945272884323
5884,0.003625147184953825
5885,0.003625499933280031
5886,0.0036258527728509
5887,0.003626205704235935
5888,0.0036265587279881648
5889,0.003626911844645797
5890,0.0036272650547316265
5891,0.0036276183587522996
5892,0.0036279717572010196
5893,0.0036283252505548698
5894,0.003628678839275523
5895,0.003629032523810711
5896,0.0036293863045931338
5897,0.0036297401820404676
5898,0.0036300941565565866
5899,0.0036304482285302014
5900,0.0036308023983367805
5901,0.0036311566663369305
5902,0.0036315110328775956
5903,0.0036318654982922098
5904,0.0036322200629007833
5905,0.003632574727008626
5906,0.0036329294909101667
5907,0.0036332843548848933
5908,0.0036336393191996785
5909,0.0036339943841101657
5910,0.003634349549857732
5911,0.003634704816672903
5912,0.003635060184773822
5913,0.0036354156543667144
5914,0.0036357712256463587
5915,0.003636126898795992
5916,0.0036364826739882293
5917,0.0036368385513849753
5918,0.0036371945311365057
5919,0.0036375506133841154
5920,0.0036379067982575315
5921,0.003638263085878105
5922,0.0036386194763569687
5923,0.0036389759697953755
5924,0.00363933256628601
5925,0.003639689265913086
5926,0.0036400460687521455
5927,0.0036404029748701525
5928,0.0036407599843257506
5929,0.003641117097170849
5930,0.003641474313449132
5931,0.003641831633197526
5932,0.0036421890564461838
5933,0.0036425465832176395
5934,0.0036429042135299396
5935,0.0036432619473930096
5936,0.0036436197848127815
5937,0.0036439777257882885
5938,0.0036443357703148135
5939,0.0036446939183809994
5940,0.00364505216997214
5941,0.0036454105250689575
5942,0.003645768983647782
5943,0.0036461275456815545
5944,0.0036464862111389284
5945,0.0036468449799856683
5946,0.0036472038521850846
5947,0.003647562827697116
5948,0.0036479219064792815
5949,0.003648281088487278
5950,0.003648640373675001
5951,0.0036489997619935247
5952,0.0036493592533937075
5953,0.003649718847825403
5954,0.0036500785452362756
5955,0.0036504383455742144
5956,0.003650798248786921
5957,0.0036511582548208843
5958,0.003651518363623601
5959,0.003651878575142957
5960,0.003652238889325877
5961,0.003652599306121469
5962,0.003652959825479866
5963,0.0036533204473504573
5964,0.003653681171685862
5965,0.0036540419984402665
5966,0.0036544029275681765
5967,0.0036547639590264877
5968,0.003655125092774847
5969,0.00365548632877478
5970,0.003655847666990168
5971,0.0036562091073872273
5972,0.0036565706499349948
5973,0.00365693229460581
5974,0.003657294041375329
5975,0.003657655890220927
5976,0.0036580178411243468
5977,0.0036583798940710947
5978,0.003658742049048874
5979,0.0036591043060498363
5980,0.0036594666650699445
5981,0.0036598291261085575
5982,0.003660191689169127
5983,0.0036605543542589623
5984,0.003660917121390164
5985,0.003661279990577495
5986,0.0036616429618400426
5987,0.0036620060352029493
5988,0.0036623692106931534
5989,0.003662732488343495
5990,0.003663095868190042
5991,0.0036634593502741643
5992,0.0036638229346405084
5993,0.0036641866213384293
5994,0.0036645504104219034
5995,0.0036649143019481163
5996,0.0036652782959802855
5997,0.0036656423925840375
5998,0.003666006591829998
5999,0.0036663708937931323
6000,0.0036667352985516794
6001,0.0036670998061885027
6002,0.003667464416790163
6003,0.003667829130447737
6004,0.0036681939472546824
6005,0.0036685588673098825
6006,0.003668923890714322
6007,0.0036692890175732337
6008,0.00366965424799552
6009,0.003670019582092997
6010,0.0036703850199803433
6011,0.003670750561775631
6012,0.003671116207599803
6013,0.003671481957576395
6014,0.0036718478118320285
6015,0.0036722137704955624
6016,0.003672579833698182
6017,0.003672946001572922
6018,0.0036733122742556735
6019,0.0036736786518830966
6020,0.003674045134594512
6021,0.0036744117225299367
6022,0.0036747784158315485
6023,0.003675145214642047
6024,0.003675512119105172
6025,0.0036758791293655104
6026,0.0036762462455680856
6027,0.0036766134678587743
6028,0.0036769807963830284
6029,0.003677348231287037
6030,0.0036777157727155597
6031,0.003678083420814174
6032,0.0036784511757269917
6033,0.003678819037598422
6034,0.003679187006570353
6035,0.0036795550827838177
6036,0.003679923266379255
6037,0.003680291557494022
6038,0.0036806599562658744
6039,0.003681028462827012
6040,0.003681397077311086
6041,0.0036817657998464595
6042,0.0036821346305601554
6043,0.003682503569575198
6044,0.0036828726170128603
6045,0.0036832417729898495
6046,0.0036836110376200107
6047,0.0036839804110129176
6048,0.0036843498932748993
6049,0.0036847194845072047
6050,0.0036850891848074475
6051,0.00368545899426829
6052,0.0036858289129782346
6053,0.0036861989410202065
6054,0.0036865690784721964
6055,0.003686939325407122
6056,0.0036873096818926996
6057,0.0036876801479903566
6058,0.003688050723755501
6059,0.0036884214092393936
6060,0.0036887922044850797
6061,0.0036891631095305297
6062,0.003689534124407292
6063,0.0036899052491395578
6064,0.0036902764837460924
6065,0.0036906478282378364
6066,0.003691019282619882
6067,0.0036913908468892086
6068,0.0036917625210362882
6069,0.0036921343050442253
6070,0.0036925061988884364
6071,0.0036928782025388803
6072,0.003693250315954786
6073,0.0036936225390907717
6074,0.0036939948718926583
6075,0.003694367314297653
6076,0.0036947398662378183
6077,0.003695112527635358
6078,0.00369548529840509
6079,0.0036958581784549463
6080,0.003696231167683719
6081,0.003696604265983824
6082,0.0036969774732394946
6083,0.003697350789326596
6084,0.003697724214113399
6085,0.003698097747462039
6086,0.003698471389224648
6087,0.0036988451392471053
6088,0.0036992189973674462
6089,0.0036995929634173015
6090,0.0036999670372188306
6091,0.0037003412185887476
6092,0.003700715507336113
6093,0.00370108990326245
6094,0.003701464406162961
6095,0.0037018390158253347
6096,0.0037022137320319552
6097,0.003702588554557616
6098,0.00370296348317049
6099,0.0037033385176336977
6100,0.0037037136577038133
6101,0.0037040889031314398
6102,0.0037044642536620816
6103,0.0037048397090350704
6104,0.0037052152689863948
6105,0.003705590933245119
6106,0.0037059667015365088
6107,0.003706342573581394
6108,0.003706718549096519
6109,0.0037070946277947842
6110,0.0037074708093855152
6111,0.0037078470935746803
6112,0.0037082234800649514
6113,0.003708599968556875
6114,0.0037089765587480085
6115,0.003709353250334446
6116,0.0037097300430105036
6117,0.0037101069364687852
6118,0.003710483930400914
6119,0.0037108610244984087
6120,0.003711238218451629
6121,0.003711615511951543
6122,0.0037119929046898143
6123,0.0037123703963582253
6124,0.003712747986650535
6125,0.0037131256752618597
6126,0.003713503461889087
6127,0.003713881346232122
6128,0.003714259327994123
6129,0.0037146374068802073
6130,0.00371501558259998
6131,0.0037153938548678284
6132,0.0037157722234019935
6133,0.003716150687925436
6134,0.0037165292481684113
6135,0.0037169079038653807
6136,0.00371728665475762
6137,0.003717665500593846
6138,0.003718044441130531
6139,0.003718423476130474
6140,0.003718802605365942
6141,0.003719181828617567
6142,0.0037195611456756848
6143,0.0037199405563399057
6144,0.0037203200604201004
6145,0.0037206996577367393
6146,0.0037210793481220906
6147,0.003721459131419284
6148,0.0037218390074836697
6149,0.0037222189761835747
6150,0.0037225990373997743
6151,0.003722979191027264
6152,0.003723359436974638
6153,0.0037237397751650634
6154,0.0037241202055361415
6155,0.0037245007280411716
6156,0.0037248813426498098
6157,0.003725262049346918
6158,0.003725642848135291
6159,0.0037260237390333946
6160,0.00372640472207823
6161,0.0037267857973256463
6162,0.0037271669648475305
6163,0.003727548224736779
6164,0.0037279295771051515
6165,0.003728311022083176
6166,0.0037286925598215876
6167,0.0037290741904928305
6168,0.003729455914288663
6169,0.0037298377314231176
6170,0.003730219642130634
6171,0.0037306016466688006
6172,0.003730983745316316
6173,0.0037313659383750126
6174,0.003731748226169441
6175,0.0037321306090477065
6176,0.003732513087380704
6177,0.0037328956615633783
6178,0.0037332783320148805
6179,0.0037336610991779693
6180,0.003734043963521422
6181,0.0037344269255369135
6182,0.003734809985741994
6183,0.0037351931446795296
6184,0.003735576402917722
6185,0.0037359597610499636
6186,0.003736343219695273
6187,0.003736726779498963
6188,0.003737110441132214
6189,0.0037374942052921796
6190,0.0037378780727027436
6191,0.003738262044112267
6192,0.003738646120298974
6193,0.0037390303020631787
6194,0.003739414590235321
6195,0.0037397989856703933
6196,0.0037401834892505904
6197,0.0037405681018843596
6198,0.0037409528245064454
6199,0.003741337658078527
6200,0.003741722603588099
6201,0.003742107662049773
6202,0.0037424928345033523
6203,0.0037428781220154193
6204,0.0037432635256784285
6205,0.0037436490466107464
6206,0.0037440346859565223
6207,0.0037444204448845095
6208,0.003744806324590445
6209,0.0037451923262936363
6210,0.0037455784512400274
6211,0.0037459647006978024
6212,0.003746351075961812
6213,0.0037467375783503216
6214,0.003747124209205302
6215,0.003747510969892129
6216,0.0037478978618001664
6217,0.003748284886340563
6218,0.0037486720449487272
6219,0.003749059339080405
6220,0.0037494467702147657
6221,0.0037498343398512544
6222,0.0037502220495115317
6223,0.0037506099007364162
6224,0.0037509978950889893
6225,0.0037513860341499995
6226,0.003751774319520848
6227,0.003752162752820827
6228,0.003752551335688622
6229,0.0037529400697801055
6230,0.003753328956768303
6231,0.0037537179983438544
6232,0.0037541071962129517
6233,0.003754496552097831
6234,0.003754886067735715
6235,0.003755275744879775
6236,0.003755665585294909
6237,0.003756055590760882
6238,0.003756445763071059
6239,0.003756836104029648
6240,0.003757226615453528
6241,0.0037576172991697562
6242,0.003758008157016876
6243,0.003758399190842723
6244,0.0037587904025041113
6245,0.0037591817938673125
6246,0.003759573366805701
6247,0.003759965123199588
6248,0.0037603570649372598
6249,0.003760749193911759
6250,0.0037611415120217197
6251,0.0037615340211708164
6252,0.003761926723265889
6253,0.003762319620218257
6254,0.0037627127139409247
6255,0.003763106006348775
6256,0.003763499499358696
6257,0.0037638931948877847
6258,0.0037642870948531863
6259,0.003764681201170927
6260,0.0037650755157567217
6261,0.0037654700405231555
6262,0.0037658647773803873
6263,0.00376625972823551
6264,0.0037666548949917052
6265,0.0037670502795465583
6266,0.003767445883793771
6267,0.0037678417096199098
6268,0.0037682377589052947
6269,0.00376863403352359
6270,0.00376903053534017
6271,0.0037694272662116388
6272,0.003769824227986724
6273,0.003770221422502898
6274,0.003770618851588674
6275,0.0037710165170611208
6276,0.0037714144207269267
6277,0.003771812564379518
6278,0.003772210949800641
6279,0.0037726095787585165
6280,0.0037730084530086232
6281,0.0037734075742920726
6282,0.0037738069443352673
6283,0.003774206564849402
6284,0.0037746064375303924
6285,0.00377500656405851
6286,0.003775406946097354
6287,0.003775807585293676
6288,0.0037762084832770053
6289,0.003776609641659057
6290,0.0037770110620332195
6291,0.0037774127459755903
6292,0.0037778146950424012
6293,0.0037782169107716547
6294,0.0037786193946808457
6295,0.0037790221482688763
6296,0.0037794251730135517
6297,0.0037798284703733235
6298,0.0037802320417852243
6299,0.003780635888666655
6300,0.0037810400124133337
6301,0.0037814444143986978
6302,0.003781849095977241
6303,0.0037822540584797016
6304,0.00378265930321676
6305,0.0037830648314758795
6306,0.003783470644523335
6307,0.003783876743603684
6308,0.003784283129938941
6309,0.0037846898047289496
6310,0.0037850967691520645
6311,0.0037855040243636624
6312,0.0037859115714971086
6313,0.00378631941166455
6314,0.0037867275459547312
6315,0.0037871359754355315
6316,0.0037875447011512953
6317,0.003787953724127086
6318,0.0037883630453638913
6319,0.00378877266584256
6320,0.0037891825865218258
6321,0.003789592808339639
6322,0.003790003332211712
6323,0.0037904141590352986
6324,0.003790825289684653
6325,0.003791236725015463
6326,0.0037916484658619266
6327,0.0037920605130396124
6328,0.0037924728673433524
6329,0.0037928855295505113
6330,0.0037932985004176544
6331,0.0037937117806840412
6332,0.0037941253710705365
6333,0.0037945392722802695
6334,0.003794953484998536
6335,0.0037953680098941896
6336,0.0037957828476193243
6337,0.0037961979988098463
6338,0.0037966134640854605
6339,0.003797029244051702
6340,0.003797445339298133
6341,0.0037978617504004076
6342,0.003798278477921039
6343,0.003798695522408526
6344,0.0037991128843981228
6345,0.0037995305644134836
6346,0.0037999485629662023
6347,0.003800366880556484
6348,0.00380078551767407
6349,0.0038012044747977643
6350,0.003801623752397566
6351,0.003802043350933971
6352,0.0038024632708588
6353,0.0038028835126157914
6354,0.0038033040766420377
6355,0.003803724963366625
6356,0.0038041461732127592
6357,0.0038045677065983454
6358,0.0038049895639352877
6359,0.0038054117456319853
6360,0.00380583425209106
6361,0.003806257083713556
6362,0.00380668024089655
6363,0.003807103724034486
6364,0.003807527533520687
6365,0.0038079516697466912
6366,0.003808376133103896
6367,0.0038088009239825756
6368,0.0038092260427744933
6369,0.003809651489871424
6370,0.003810077265666694
6371,0.003810503370555963
6372,0.003810929804936484
6373,0.00381135656920913
6374,0.0038117836637779788
6375,0.0038122110890504842
6376,0.003812638845439119
6377,0.003813066933360232
6378,0.0038134953532363773
6379,0.0038139241054951675
6380,0.0038143531905696433
6381,0.003814782608900369
6382,0.0038152123609339244
6383,0.0038156424471242267
6384,0.0038160728679329
6385,0.0038165036238289544
6386,0.0038169347152903115
6387,0.003817366142802056
6388,0.003817797906859187
6389,0.003818230007965301
6390,0.003818662446633522
6391,0.0038190952233852367
6392,0.0038195283387533253
6393,0.0038199617932791904
6394,0.0038203955875152295
6395,0.0038208297220231357
6396,0.003821264197375472
6397,0.003821699014155398
6398,0.0038221341729565263
6399,0.0038225696743832928
6400,0.003823005519049731
6401,0.003823441707582453
6402,0.0038238782406174996
6403,0.0038243151188028035
6404,0.0038247523427956454
6405,0.0038251899132648623
6406,0.003825627830890438
6407,0.003826066096361847
6408,0.0038265047103799178
6409,0.0038269436736554936
6410,0.0038273829869098926
6411,0.003827822650874906
6412,0.003828262666291184
6413,0.0038287030339100836
6414,0.003829143754492389
6415,0.003829584828808079
6416,0.0038300262576360508
6417,0.0038304680417641608
6418,0.0038309101819894646
6419,0.0038313526791166775
6420,0.0038317955339581067
6421,0.0038322387473353
6422,0.003832682320075672
6423,0.0038331262530140486
6424,0.0038335705469926705
6425,0.0038340152028586796
6426,0.0038344602214665144
6427,0.0038349056036751906
6428,0.003835351350350357
6429,0.0038357974623599474
6430,0.003836243940578321
6431,0.003836690785882806
6432,0.003837137999154227
6433,0.0038375855812764945
6434,0.003838033533137128
6435,0.003838481855623283
6436,0.0038389305496254254
6437,0.00383937961603579
6438,0.0038398290557464998
6439,0.0038402788696492553
6440,0.0038407290586368248
6441,0.0038411796236002263
6442,0.00384163056543029
6443,0.003842081885015453
6444,0.003842533583242528
6445,0.0038429856609951915
6446,0.003843438119154699
6447,0.0038438909585984987
6448,0.0038443441801999656
6449,0.0038447977848286847
6450,0.0038452517733489704
6451,0.0038457061466194687
6452,0.0038461609054940755
6453,0.003846616050819921
6454,0.0038470715834376954
6455,0.0038475275041818966
6456,0.0038479838138780844
6457,0.003848440513346744
6458,0.0038488976033978044
6459,0.003849355084834117
6460,0.003849812958449805
6461,0.003850271225029828
6462,0.003850729885350229
6463,0.0038511889401770566
6464,0.0038516483902664078
6465,0.003852108236365971
6466,0.003852568479210328
6467,0.003853029119525877
6468,0.0038534901580277534
6469,0.0038539515954200496
6470,0.0038544134323962895
6471,0.0038548756696383884
6472,0.0038553383078185144
6473,0.0038558013475955763
6474,0.0038562647896192453
6475,0.0038567286345268384
6476,0.003857192882944427
6477,0.0038576575354877887
6478,0.003858122592760507
6479,0.003858588055355814
6480,0.0038590539238556568
6481,0.003859520198831949
6482,0.003859986880844662
6483,0.0038604539704448116
6484,0.003860921468172348
6485,0.0038613893745576824
6486,0.0038618576901208687
6487,0.0038623264153740075
6488,0.003862795550819098
6489,0.0038632650969503027
6490,0.0038637350542524815
6491,0.003864205423204176
6492,0.003864676204275373
6493,0.0038651473979297883
6494,0.0038656190046248394
6495,0.0038660910248119137
6496,0.003866563458937419
6497,0.0038670363074432045
6498,0.0038675095707666044
6499,0.003867983249341835
6500,0.0038684573436012604
6501,0.003868931853974537
6502,0.0038694067808897827
6503,0.0038698821247748773
6504,0.003870357886058627
6505,0.0038708340651702846
6506,0.003871310662540987
6507,0.003871787678605345
6508,0.0038722651138006297
6509,0.0038727429685693295
6510,0.0038732212433593275
6511,0.0038736999386247022
6512,0.0038741790548272722
6513,0.003874658592436793
6514,0.00387513855193184
6515,0.003875618933803063
6516,0.0038760997385499816
6517,0.0038765809666862537
6518,0.0038770626187391226
6519,0.003877544695249154
6520,0.003878027196772851
6521,0.003878510123883549
6522,0.0038789934771725713
6523,0.0038794772572500187
6524,0.0038799614647446285
6525,0.0038804461003084873
6526,0.003880931164614271
6527,0.003881416658358303
6528,0.003881902582261502
6529,0.0038823889370700492
6530,0.003882875723557364
6531,0.0038833629425245363
6532,0.0038838505948007307
6533,0.003884338681246678
6534,0.0038848272027529997
6535,0.0038853161602438397
6536,0.003885805554675814
6537,0.003886295387040218
6538,0.003886785658363705
6539,0.0038872763697101478
6540,0.0038877675221812924
6541,0.003888259116916959
6542,0.003888751155097331
6543,0.0038892436379429855
6544,0.003889736566717005
6545,0.0038902299427242414
6546,0.003890723767314623
6547,0.0038912180418818974
6548,0.0038917127678656893
6549,0.003892207946752386
6550,0.0038927035800753107
6551,0.0038931996694168635
6552,0.0038936962164080034
6553,0.003894193222729496
6554,0.0038946906901133433
6555,0.003895188620342647
6556,0.0038956870152525875
6557,0.0038961858767311694
6558,0.0038966852067207265
6559,0.0038971850072155208
6560,0.003897685280267424
6561,0.003898186027981831
6562,0.0038986872525194564
6563,0.003899188956098819
6564,0.003899691140993775
6565,0.0039001938095359944
6566,0.0039006969641149514
6567,0.0039012006071776186
6568,0.0039017047412285887
6569,0.0039022093688313585
6570,0.0039027144926088
6571,0.0039032201152411224
6572,0.00390372623946885
6573,0.0039042328680905904
6574,0.0039047400039653097
6575,0.0039052476500099098
6576,0.0039057558092014132
6577,0.003906264484575997
6578,0.003906773679228089
6579,0.0039072833963125966
6580,0.003907793639041274
6581,0.0039083044106852285
6582,0.003908815714575593
6583,0.0039093275540992645
6584,0.003909839932702183
6585,0.003910352853887427
6586,0.003910866321214905
6587,0.0039113803383013885
6588,0.003911894908819735
6589,0.003912410036498168
6590,0.003912925725120922
6591,0.0039134419785252705
6592,0.003913958800603569
6593,0.0039144761953017445
6594,0.003914994166616889
6595,0.00391551271859935
6596,0.003916031855350001
6597,0.003916551581020227
6598,0.003917071899810944
6599,0.0039175928159722
6600,0.0039181143338016195
6601,0.003918636457643575
6602,0.003919159191889373
6603,0.003919682540974599
6604,0.00392020650937948
6605,0.003920731101627744
6606,0.003921256322284864
6607,0.003921782175957874
6608,0.0039223086672929355
6609,0.003922835800976649
6610,0.003923363581732954
6611,0.003923892014322064
6612,0.003924421103540764
6613,0.003924950854219919
6614,0.003925481271224225
6615,0.00392601235945002
6616,0.003926544123824372
6617,0.003927076569305838
6618,0.003927609700879787
6619,0.0039281435235599274
6620,0.003928678042385864
6621,0.003929213262422385
6622,0.003929749188757577
6623,0.003930285826502366
6624,0.003930823180788885
6625,0.003931361256768928
6626,0.00393190005961303
6627,0.003932439594509481
6628,0.003932979866662895
6629,0.003933520881291591
6630,0.003934062643629373
6631,0.003934605158921905
6632,0.0039351484324247725
6633,0.003935692469405599
6634,0.0039362372751389554
6635,0.003936782854907981
6636,0.0039373292140022515
6637,0.003937876357715561
6638,0.003938424291346263
6639,0.003938973020195581
6640,0.003939522549565617
6641,0.003940072884759598
6642,0.003940624031079551
6643,0.003941175993825876
6644,0.003941728778296092
6645,0.003942282389783379
6646,0.003942836833576177
6647,0.0039433921149559115
6648,0.003943948239197591
6649,0.003944505211568208
6650,0.003945063037324041
6651,0.003945621721712476
6652,0.003946181269969354
6653,0.003946741687317814
6654,0.003947302978968602
6655,0.003947865150118406
6656,0.003948428205948387
6657,0.003948992151625257
6658,0.003949556992297536
6659,0.003950122733097644
6660,0.003950689379139897
6661,0.003951256935519292
6662,0.003951825407310412
6663,0.003952394799569982
6664,0.003952965117331072
6665,0.003953536365606955
6666,0.003954108549388153
6667,0.003954681673641616
6668,0.003955255743311594
6669,0.00395583076331818
6670,0.003956406738556963
6671,0.00395698367389893
6672,0.003957561574188024
6673,0.003958140444245161
6674,0.003958720288861845
6675,0.003959301112804892
6676,0.003959882920812694
6677,0.0039604657175971
6678,0.003961049507841892
6679,0.003961634296202962
6680,0.003962220087307226
6681,0.003962806885754256
6682,0.00396339469611381
6683,0.003963983522926589
6684,0.0039645733707048885
6685,0.003965164243930901
6686,0.003965756147058538
6687,0.0039663490845102695
6688,0.003966943060680997
6689,0.003967538079934794
6690,0.0039681341466060605
6691,0.003968731264999719
6692,0.003969329439390602
6693,0.003969928674024588
6694,0.003970528973117208
6695,0.003971130340853927
6696,0.003971732781391428
6697,0.003972336298857275
6698,0.003972940897348884
6699,0.003973546580934168
6700,0.003974153353653173
6701,0.003974761219515869
6702,0.003975370182503415
6703,0.003975980246569713
6704,0.003976591415638466
6705,0.003977203693607179
6706,0.003977817084343278
6707,0.003978431591687513
6708,0.003979047219453719
6709,0.003979663971427429
6710,0.003980281851367158
6711,0.003980900863005297
6712,0.003981521010047964
6713,0.003982142296174243
6714,0.00398276472503771
6715,0.003983388300266453
6716,0.003984013025463357
6717,0.0039846389042052
6718,0.003985265940045998
6719,0.003985894136513301
6720,0.003986523497111908
6721,0.003987154025322604
6722,0.0039877857246027205
6723,0.003988418598385555
6724,0.003989052650082424
6725,0.003989687883082283
6726,0.003990324300750978
6727,0.003990961906433475
6728,0.003991600703452749
6729,0.003992240695109289
6730,0.003992881884684324
6731,0.003993524275437753
6732,0.0039941678706088
6733,0.003994812673416421
6734,0.003995458687060551
6735,0.003996105914720749
6736,0.0039967543595577915
6737,0.003997404024712862
6738,0.0039980549133094906
6739,0.003998707028451366
6740,0.003999360373224613
6741,0.004000014950697855
6742,0.004000670763921019
6743,0.004001327815926579
6744,0.00400198610973018
6745,0.004002645648330187
6746,0.004003306434708247
6747,0.004003968471828149
6748,0.004004631762638783
6749,0.004005296310071739
6750,0.004005962117042347
6751,0.0040066291864504075
6752,0.004007297521179313
6753,0.004007967124096994
6754,0.004008637998055679
6755,0.004009310145892269
6756,0.004009983570427794
6757,0.004010658274468882
6758,0.00401133426080573
6759,0.004012011532214652
6760,0.004012690091456627
6761,0.00401336994127689
6762,0.004014051084406906
6763,0.0040147335235626155
6764,0.004015417261445078
6765,0.004016102300740993
6766,0.0040167886441223625
6767,0.004017476294246462
6768,0.004018165253754836
6769,0.004018855525276298
6770,0.004019547111422373
6771,0.0040202400147929486
6772,0.004020934237970665
6773,0.004021629783524557
6774,0.004022326654008448
6775,0.004023024851961852
6776,0.004023724379908784
6777,0.004024425240358779
6778,0.004025127435806324
6779,0.004025830968731372
6780,0.004026535841597752
6781,0.00402724205685481
6782,0.004027949616936603
6783,0.004028658524262385
6784,0.004029368781235488
6785,0.00403008039024285
6786,0.004030793353658125
6787,0.00403150767383838
6788,0.004032223353123955
6789,0.004032940393840707
6790,0.004033658798298173
6791,0.004034378568790124
6792,0.0040350997075945215
6793,0.004035822216972443
6794,0.004036546099168941
6795,0.004037271356413449
6796,0.004037997990918667
6797,0.004038726004880641
6798,0.004039455400478643
6799,0.004040186179875746
6800,0.004040918345218391
6801,0.004041651898635313
6802,0.004042386842239526
6803,0.004043123178125553
6804,0.004043860908373011
6805,0.004044600035042586
6806,0.004045340560178068
6807,0.004046082485806818
6808,0.0040468258139376425
6809,0.004047570546563396
6810,0.004048316685657722
6811,0.004049064233178647
6812,0.004049813191064538
6813,0.004050563561238875
6814,0.004051315345605347
6815,0.004052068546050284
6816,0.0040528231644434256
6817,0.004053579202635633
6818,0.004054336662460097
6819,0.004055095545733191
6820,0.004055855854252943
6821,0.004056617589799343
6822,0.004057380754135395
6823,0.004058145349005066
6824,0.0040589113761362984
6825,0.004059678837238047
6826,0.00406044773400126
6827,0.0040612180681008645
6828,0.004061989841192619
6829,0.004062763054915187
6830,0.004063537710889718
6831,0.00406431381072003
6832,0.00406509135599136
6833,0.004065870348273541
6834,0.004066650789117384
6835,0.004067432680056588
6836,0.004068216022608235
6837,0.004069000818272321
6838,0.004069787068530531
6839,0.004070574774849759
6840,0.004071363938677835
6841,0.004072154561447001
6842,0.004072946644572501
6843,0.004073740189452492
6844,0.004074535197469633
6845,0.004075331669989239
6846,0.004076129608360844
6847,0.004076929013917377
6848,0.004077729887975928
6849,0.004078532231837724
6850,0.00407933604678792
6851,0.0040801413340956
6852,0.004080948095014563
6853,0.004081756330783715
6854,0.0040825660426255395
6855,0.004083377231747454
6856,0.004084189899342092
6857,0.004085004046586513
6858,0.004085819674642856
6859,0.004086636784659675
6860,0.004087455377769111
6861,0.004088275455089326
6862,0.004089097017724034
6863,0.004089920066762886
6864,0.004090744603280854
6865,0.004091570628339179
6866,0.004092398142984179
6867,0.004093227148249398
6868,0.004094057645153709
6869,0.004094889634701907
6870,0.004095723117886307
6871,0.00409655809568403
6872,0.004097394569060559
6873,0.0040982325389660864
6874,0.004099072006338704
6875,0.004099912972102658
6876,0.004100755437169265
6877,0.004101599402435948
6878,0.0041024448687882
6879,0.004103291837097
6880,0.004104140308221153
6881,0.0041049902830063755
6882,0.004105841762285471
6883,0.00410669474687805
6884,0.004107549237590558
6885,0.004108405235217117
6886,0.004109262740538027
6887,0.004110121754321517
6888,0.004110982277322464
6889,0.004111844310282034
6890,0.00411270785393019
6891,0.0041135729089816254
6892,0.004114439476139658
6893,0.004115307556094153
6894,0.004116177149520648
6895,0.004117048257082545
6896,0.004117920879429989
6897,0.004118795017198843
6898,0.004119670671011915
6899,0.004120547841479189
6900,0.0041214265291949345
6901,0.004122306734742351
6902,0.004123188458688455
6903,0.004124071701587166
6904,0.004124956463978883
6905,0.004125842746387937
6906,0.004126730549326086
6907,0.004127619873289198
6908,0.004128510718760116
6909,0.0041294030862048135
6910,0.004130296976075094
6911,0.004131192388808214
6912,0.00413208932482487
6913,0.004132987784531523
6914,0.0041338877683178375
6915,0.004134789276557766
6916,0.0041356923096100145
6917,0.004136596867815821
6918,0.004137502951500536
6919,0.004138410560973397
6920,0.004139319696525991
6921,0.0041402303584330185
6922,0.004141142546951847
6923,0.004142056262322709
6924,0.004142971504767642
6925,0.004143888274491167
6926,0.004144806571679774
6927,0.004145726396501075
6928,0.004146647749105048
6929,0.004147570629622351
6930,0.0041484950381646445
6931,0.004149420974825036
6932,0.004150348439676163
6933,0.004151277432772664
6934,0.004152207954148102
6935,0.004153140003816574
6936,0.004154073581772251
6937,0.004155008687988819
6938,0.004155945322419039
6939,0.004156883484995808
6940,0.004157823175629997
6941,0.004158764394212928
6942,0.004159707140613279
6943,0.004160651414679119
6944,0.004161597216237112
6945,0.004162544545091542
6946,0.004163493401024972
6947,0.004164443783798913
6948,0.004165395693151981
6949,0.004166349128799984
6950,0.004167304090438076
6951,0.004168260577737388
6952,0.004169218590347475
6953,0.004170178127894968
6954,0.004171139189983034
6955,0.004172101776193668
6956,0.004173065886085208
6957,0.004174031519191988
6958,0.004174998675027471
6959,0.0041759673530810445
6960,0.0041769375528186445
6961,0.00417790927368429
6962,0.004178882515098526
6963,0.0041798572764588215
6964,0.004180833557139875
6965,0.004181811356493186
6966,0.00418279067384864
6967,0.004183771508511379
6968,0.004184753859764919
6969,0.0041857377268698336
6970,0.004186723109064774
6971,0.004187710005565021
6972,0.004188698415564059
6973,0.004189688338233168
6974,0.004190679772721197
6975,0.004191672718155297
6976,0.004192667173641372
6977,0.004193663138262812
6978,0.004194660611082454
6979,0.004195659591141192
6980,0.004196660077460297
6981,0.00419766206903825
6982,0.004198665564855664
6983,0.004199670563870033
6984,0.004200677065021487
6985,0.004201685067228598
6986,0.004202694569391163
6987,0.004203705570390243
6988,0.004204718069087783
6989,0.0042057320643271055
6990,0.004206747554932943
6991,0.004207764539713992
6992,0.00420878301745947
6993,0.004209802986941918
6994,0.0042108244469180245
6995,0.004211847396128049
6996,0.004212871833294945
6997,0.004213897757127623
6998,0.0042149251663187465
6999,0.004215954059547898
7000,0.004216984435478154
7001,0.004218016292760651
7002,0.004219049630032018
7003,0.00422008444591685
7004,0.004221120739026669
7005,0.004222158507960744
7006,0.004223197751308333
7007,0.004224238467645747
7008,0.004225280655540079
7009,0.004226324313548081
7010,0.004227369440217439
7011,0.004228416034085877
7012,0.004229464093683799
7013,0.004230513617533404
7014,0.00423156460414914
7015,0.004232617052038802
7016,0.004233670959704513
7017,0.004234726325642153
7018,0.004235783148343013
7019,0.004236841426293
7020,0.004237901157974313
7021,0.004238962341866337
7022,0.004240024976445433
7023,0.004241089060184855
7024,0.004242154591557436
7025,0.004243221569034138
7026,0.004244289991086151
7027,0.004245359856183875
7028,0.004246431162798866
7029,0.004247503909404687
7030,0.004248578094475468
7031,0.004249653716489466
7032,0.004250730773926448
7033,0.004251809265271469
7034,0.004252889189012881
7035,0.004253970543644522
7036,0.004255053327665632
7037,0.004256137539581714
7038,0.004257223177904788
7039,0.0042583102411552255
7040,0.0042593987278604474
7041,0.004260488636556878
7042,0.004261579965790558
7043,0.0042626727141162135
7044,0.004263766880101004
7045,0.0042648624623218365
7046,0.004265959459367158
7047,0.004267057869837948
7048,0.004268157692348923
7049,0.004269258925527079
7050,0.004270361568014735
7051,0.0042714656184675275
7052,0.004272571075557537
7053,0.00427367793797313
7054,0.004274786204416959
7055,0.004275895873610781
7056,0.0042770069442937255
7057,0.004278119415222212
7058,0.004279233285172436
7059,0.004280348552939763
7060,0.004281465217339122
7061,0.0042825832772062054
7062,0.004283702731397793
7063,0.004284823578792838
7064,0.004285945818291583
7065,0.004287069448817404
7066,0.004288194469317392
7067,0.00428932087876215
7068,0.00429044867614581
7069,0.004291577860489599
7070,0.004292708430838073
7071,0.004293840386262438
7072,0.0042949737258611825
7073,0.0042961084487587045
7074,0.004297244554107926
7075,0.004298382041088974
7076,0.004299520908911382
7077,0.004300661156812615
7078,0.004301802784060984
7079,0.0043029457899536735
7080,0.004304090173819379
7081,0.0043052359350173675
7082,0.0043063830729381785
7083,0.004307531587004863
7084,0.004308681476672294
7085,0.004309832741429127
7086,0.004310985380795826
7087,0.004312139394328717
7088,0.004313294781616659
7089,0.004314451542284433
7090,0.00431560967599026
7091,0.0043167691824304855
7092,0.004317930061335732
7093,0.004319092312472493
7094,0.004320255935646762
7095,0.004321420930698246
7096,0.004322587297507513
7097,0.00432375503599143
7098,0.004324924146106313
7099,0.004326094627846773
7100,0.0043272664812468815
7101,0.004328439706380706
7102,0.0043296143033624765
7103,0.004330790272346108
7104,0.00433196761352658
7105,0.004333146327141654
7106,0.004334326413468826
7107,0.004335507872828488
7108,0.0043366907055830866
7109,0.004337874912137474
7110,0.004339060492940565
7111,0.00434024744848464
7112,0.004341435779304432
7113,0.004342625485979848
7114,0.00434381656913505
7115,0.004345009029439031
7116,0.0043462028676064714
7117,0.004347398084396777
7118,0.00434859468061512
7119,0.004349792657114322
7120,0.004350992014790848
7121,0.004352192754590525
7122,0.004353394877505891
7123,0.004354598384575779
7124,0.004355803276887617
7125,0.0043570095555772355
7126,0.004358217221828114
7127,0.004359426276872208
7128,0.004360636721991295
7129,0.0043618485585159815
7130,0.004363061787826596
7131,0.004364276411352446
7132,0.004365492430574581
7133,0.00436670984702343
7134,0.004367928662280163
7135,0.004369148877977261
7136,0.004370370495798014
7137,0.004371593517477926
7138,0.004372817944803309
7139,0.0043740437796134166
7140,0.00437527102380035
7141,0.004376499679306771
7142,0.0043777297481297816
7143,0.0043789612323196815
7144,0.004380194133979106
7145,0.004381428455265292
7146,0.004382664198388761
7147,0.004383901365613903
7148,0.0043851399592599125
7149,0.004386379981700421
7150,0.004387621435363642
7151,0.004388864322732583
7152,0.004390108646346195
7153,0.004391354408798432
7154,0.004392601612737908
7155,0.004393850260871355
7156,0.00439510035595968
7157,0.004396351900820758
7158,0.0043976048983283035
7159,0.004398859351413341
7160,0.004400115263064239
7161,0.004401372636324713
7162,0.004402631474297118
7163,0.004403891780140681
7164,0.004405153557072448
7165,0.004406416808366782
7166,0.004407681537356341
7167,0.0044089477474306814
7168,0.0044102154420396595
7169,0.004411484624689398
7170,0.0044127552989461204
7171,0.00441402746843321
7172,0.004415301136833989
7173,0.004416576307890275
7174,0.004417852985402791
7175,0.004419131173231189
7176,0.004420410875294982
7177,0.004421692095572939
7178,0.0044229748381034014
7179,0.004424259106983304
7180,0.004425544906370388
7181,0.004426832240482665
7182,0.004428121113595393
7183,0.004429411530047173
7184,0.004430703494234924
7185,0.00443199701061608
7186,0.004433292083706592
7187,0.00443458871808587
7188,0.00443588691839134
7189,0.0044371866893217204
7190,0.004438488035635843
7191,0.004439790962153305
7192,0.004441095473754158
7193,0.004442401575378531
7194,0.004443709272028452
7195,0.004445018568766055
7196,0.004446329470713131
7197,0.004447641983054301
7198,0.004448956111033438
7199,0.00445027185995564
7200,0.004451589235187584
7201,0.004452908242154583
7202,0.004454228886345388
7203,0.004455551173309461
7204,0.004456875108654916
7205,0.004458200698053232
7206,0.004459527947235531
7207,0.004460856861993753
7208,0.00446218744818242
7209,0.00446351971171383
7210,0.004464853658565328
7211,0.004466189294771416
7212,0.00446752662643032
7213,0.004468865659699376
7214,0.004470206400797762
7215,0.004471548856005328
7216,0.004472893031662762
7217,0.004474238934172232
7218,0.004475586569996635
7219,0.0044769359456584305
7220,0.004478287067743095
7221,0.004479639942896122
7222,0.004480994577823938
7223,0.00448235097929232
7224,0.0044837091541313125
7225,0.004485069109228848
7226,0.004486430851535394
7227,0.004487794388061334
7228,0.00448915972587838
7229,0.0044905268721199005
7230,0.0044918958339784125
7231,0.004493266618709307
7232,0.00449463923362748
7233,0.004496013686109672
7234,0.004497389983592813
7235,0.004498768133576183
7236,0.004500148143617856
7237,0.004501530021338823
7238,0.004502913774420697
7239,0.0045042994106062806
7240,0.004505686937698401
7241,0.004507076363562381
7242,0.004508467696124221
7243,0.004509860943371277
7244,0.004511256113352294
7245,0.004512653214177298
7246,0.0045140522540178295
7247,0.004515453241105912
7248,0.004516856183737087
7249,0.004518261090266304
7250,0.00451966796911214
7251,0.00452107682875401
7252,0.004522487677733064
7253,0.004523900524652014
7254,0.004525315378177684
7255,0.004526732247035863
7256,0.004528151140017
7257,0.004529572065972685
7258,0.004530995033818606
7259,0.0045324200525302056
7260,0.0045338471311474485
7261,0.004535276278773763
7262,0.004536707504573156
7263,0.004538140817774942
7264,0.004539576227670589
7265,0.004541013743614515
7266,0.004542453375025921
7267,0.00454389513138616
7268,0.004545339022241466
7269,0.004546785057200919
7270,0.0045482332459393475
7271,0.004549683598193513
7272,0.004551136123766519
7273,0.0045525908325251396
7274,0.004554047734401339
7275,0.0045555068393919864
7276,0.004556968157558149
7277,0.004558431699027077
7278,0.004559897473991288
7279,0.0045613654927093225
7280,0.004562835765504386
7281,0.00456430830276689
7282,0.004565783114953056
7283,0.0045672602125854025
7284,0.004568739606252942
7285,0.004570221306611443
7286,0.00457170532438412
7287,0.004573191670360766
7288,0.004574680355398854
7289,0.00457617139042351
7290,0.0045776647864271105
7291,0.0045791605544700095
7292,0.004580658705681709
7293,0.004582159251258908
7294,0.004583662202466722
7295,0.004585167570639948
7296,0.004586675367181063
7297,0.004588185603561708
7298,0.004589698291324447
7299,0.004591213442078601
7300,0.0045927310675059
7301,0.004594251179354875
7302,0.004595773789445761
7303,0.004597298909668386
7304,0.004598826551982957
7305,0.0046003567284194575
7306,0.0046018894510785465
7307,0.004603424732131474
7308,0.004604962583820674
7309,0.00460650301845899
7310,0.00460804604842998
7311,0.004609591686188392
7312,0.0046111399442600835
7313,0.004612690835242695
7314,0.004614244371804193
7315,0.004615800566684257
7316,0.004617359432694893
7317,0.004618920982717382
7318,0.004620485229706807
7319,0.004622052186688844
7320,0.004623621866760448
7321,0.004625194283090161
7322,0.0046267694489179655
7323,0.004628347377555547
7324,0.0046299280823860626
7325,0.004631511576864519
7326,0.004633097874515915
7327,0.004634686988938055
7328,0.00463627893379778
7329,0.004637873722835893
7330,0.004639471369860854
7331,0.0046410718887545535
7332,0.004642675293468273
7333,0.0046442815980240705
7334,0.004645890816513977
7335,0.004647502963099858
7336,0.004649118052014675
7337,0.004650736097558741
7338,0.004652357114103099
7339,0.00465398111608856
7340,0.0046556081180229615
7341,0.004657238134483265
7342,0.004658871180115363
7343,0.004660507269631141
7344,0.004662146417810563
7345,0.0046637886395009065
7346,0.004665433949616058
7347,0.004667082363135823
7348,0.00466873389510356
7349,0.004670388560631172
7350,0.004672046374893663
7351,0.004673707353128901
7352,0.004675371510639976
7353,0.00467703886279182
7354,0.004678709425012588
7355,0.004680383212791312
7356,0.004682060241679028
7357,0.00468374052728572
7358,0.004685424085283337
7359,0.004687110931400015
7360,0.00468880108142501
7361,0.004690494551202751
7362,0.004692191356634893
7363,0.004693891513680306
7364,0.004695595038351366
7365,0.004697301946715049
7366,0.004699012254892087
7367,0.004700725979054618
7368,0.004702443135426581
7369,0.00470416374028403
7370,0.004705887809949644
7371,0.004707615360795692
7372,0.0047093464092420835
7373,0.004711080971755197
7374,0.004712819064845864
7375,0.004714560705069546
7376,0.004716305909024385
7377,0.004718054693350315
7378,0.004719807074728149
7379,0.004721563069876232
7380,0.00472332269555471
7381,0.004725085968555495
7382,0.004726852905709853
7383,0.004728623523882035
7384,0.0047303978399678955
7385,0.004732175870896561
7386,0.004733957633624443
7387,0.004735743145139874
7388,0.004737532422453648
7389,0.004739325482607272
7390,0.004741122342661891
7391,0.004742923019703969
7392,0.0047447275308383505
7393,0.004746535893190945
7394,0.004748348123904247
7395,0.004750164240137624
7396,0.004751984259063822
7397,0.004753808197868354
7398,0.0047556360737477195
7399,0.0047574679039069515
7400,0.004759303705559644
7401,0.004761143495923189
7402,0.004762987292219768
7403,0.004764835111672592
7404,0.004766686971505923
7405,0.004768542888940379
7406,0.004770402881193403
7407,0.004772266965477331
7408,0.004774135158995332
7409,0.004776007478940539
7410,0.004777883942496457
7411,0.0047797645668297565
7412,0.004781649369092176
7413,0.00478353836641867
7414,0.004785431575921056
7415,0.004787329014692512
7416,0.004789230699798197
7417,0.0047911366482785095
7418,0.004793046877144386
7419,0.00479496140337614
7420,0.004796880243920144
7421,0.004798803415687169
7422,0.0048007309355505776
7423,0.004802662820343194
7424,0.004804599086855573
7425,0.0048065397518329755
7426,0.0048084848319744165
7427,0.004810434343928947
7428,0.004812388304293414
7429,0.004814346729610357
7430,0.004816309636366241
7431,0.00481827704098765
7432,0.004820248959840311
7433,0.004822225409226128
7434,0.004824206405379225
7435,0.004826191964465952
7436,0.004828182102581105
7437,0.004830176835745117
7438,0.004832176179901993
7439,0.004834180150917349
7440,0.004836188764574381
7441,0.004838202036573424
7442,0.004840219982527567
7443,0.004842242617960374
7444,0.004844269958304265
7445,0.004846302018898116
7446,0.004848338814982455
7447,0.004850380361698851
7448,0.004852426674088097
7449,0.004854477767085114
7450,0.00485653365551808
7451,0.004858594354105197
7452,0.004860659877452812
7453,0.004862730240052488
7454,0.0048648054562774375
7455,0.004866885540381783
7456,0.004868970506496177
7457,0.0048710603686263195
7458,0.004873155140650954
7459,0.004875254836316698
7460,0.004877359469239183
7461,0.004879469052896348
7462,0.004881583600630386
7463,0.004883703125641756
7464,0.0048858276409874885
7465,0.004887957159578996
7466,0.0048900916941803695
7467,0.004892231257404386
7468,0.004894375861710358
7469,0.004896525519403919
7470,0.004898680242629249
7471,0.004900840043373632
7472,0.004903004933458085
7473,0.0049051749245408015
7474,0.00490735002811117
7475,0.004909530255488137
7476,0.004911715617819484
7477,0.004913906126076728
7478,0.004916101791054257
7479,0.004918302623368484
7480,0.004920508633453034
7481,0.004922719831557134
7482,0.004924936227745224
7483,0.004927157831892793
7484,0.004929384653684438
7485,0.004931616702612473
7486,0.004933853987973772
7487,0.004936096518870056
7488,0.004938344304201763
7489,0.00494059735267057
7490,0.004942855672774323
7491,0.004945119272804821
7492,0.004947388160849538
7493,0.0049496623447843925
7494,0.004951941832277265
7495,0.004954226630781769
7496,0.004956516747537398
7497,0.004958812189569208
7498,0.004961112963681776
7499,0.004963419076463493
7500,0.004965730534278444
7501,0.004968047343269037
7502,0.004970369509355432
7503,0.004972697038228633
7504,0.004975029935353662
7505,0.0049773682059663284
7506,0.004979711855072384
7507,0.004982060887445131
7508,0.004984415307625386
7509,0.004986775119918717
7510,0.004989140328395088
7511,0.004991510936886247
7512,0.004993886948988248
7513,0.004996268368054533
7514,0.004998655197198776
7515,0.005001047439293348
7516,0.005003445096966859
7517,0.005005848172604439
7518,0.005008256668344515
7519,0.005010670586080655
7520,0.005013089927459861
7521,0.005015514693879515
7522,0.005017944886488533
7523,0.005020380506185568
7524,0.005022821553619144
7525,0.005025268029186321
7526,0.005027719933030122
7527,0.0050301772650425715
7528,0.005032640024859469
7529,0.005035108211864336
7530,0.005037581825182975
7531,0.0050400608636870904
7532,0.005042545325989291
7533,0.005045035210447002
7534,0.005047530515159316
7535,0.00505003123796419
7536,0.005052537376443474
7537,0.005055048927917463
7538,0.005057565889446183
7539,0.005060088257828421
7540,0.005062616029602351
7541,0.005065149201043665
7542,0.005067687768164513
7543,0.00507023172671459
7544,0.005072781072180959
7545,0.005075335799783217
7546,0.005077895904480318
7547,0.005080461380963057
7548,0.005083032223656928
7549,0.005085608426722105
7550,0.005088189984050397
7551,0.0050907768892679995
7552,0.00509336913573117
7553,0.005095966716529351
7554,0.005098569624481897
7555,0.00510117785213924
7556,0.005103791391780204
7557,0.005106410235414623
7558,0.005109034374780462
7559,0.005111663801342777
7560,0.005114298506293937
7561,0.005116938480553799
7562,0.005119583714768928
7563,0.005122234199309402
7564,0.0051248899242706016
7565,0.005127550879473014
7566,0.005130217054458505
7567,0.0051328884384927356
7568,0.005135565020562661
7569,0.005138246789376396
7570,0.005140933733361433
7571,0.005143625840665302
7572,0.005146323099153904
7573,0.005149025496410441
7574,0.00515173301973601
7575,0.005154445656145909
7576,0.005157163392371815
7577,0.005159886214858539
7578,0.005162614109766003
7579,0.005165347062964698
7580,0.005168085060036949
7581,0.005170828086275984
7582,0.0051735761266845995
7583,0.005176329165974805
7584,0.005179087188565421
7585,0.005181850178582483
7586,0.005184618119858692
7587,0.005187390995931598
7588,0.005190168790043227
7589,0.005192951485138073
7590,0.0051957390638645295
7591,0.005198531508573022
7592,0.005201328801314277
7593,0.0052041309238395035
7594,0.005206937857599321
7595,0.005209749583744165
7596,0.0052125660831238525
7597,0.005215387336283435
7598,0.0052182133234681604
7599,0.005221044024618617
7600,0.005223879419373163
7601,0.0052267194870666755
7602,0.005229564206728891
7603,0.0052324135570873615
7604,0.005235267516564939
7605,0.005238126063280873
7606,0.005240989175051428
7607,0.0052438568293878985
7608,0.005246729003500986
7609,0.0052496056742968
7610,0.005252486818381753
7611,0.005255372412059728
7612,0.0052582624313356145
7613,0.005261156851915282
7614,0.00526405564920557
7615,0.005266958798319315
7616,0.005269866274072339
7617,0.005272778050987885
7618,0.0052756941032994385
7619,0.005278614404948992
7620,0.005281538929593076
7621,0.00528446765060344
7622,0.005287400541069093
7623,0.00529033757380129
7624,0.005293278721334664
7625,0.0052962239559295665
7626,0.005299173249579965
7627,0.005302126574010986
7628,0.005305083900688922
7629,0.005308045200819481
7630,0.005311010445356199
7631,0.005313979605004991
7632,0.005316952650226407
7633,0.005319929551242346
7634,0.005322910278041128
7635,0.005325894800383779
7636,0.0053288830878084024
7637,0.005331875109636815
7638,0.005334870834981676
7639,0.005337870232750061
7640,0.005340873271656414
7641,0.005343879920221253
7642,0.005346890146785194
7643,0.0053499039195128014
7644,0.005352921206403334
7645,0.005355941975295289
7646,0.005358966193875974
7647,0.005361993829692014
7648,0.005365024850155276
7649,0.0053680592225523625
7650,0.005371096914053759
7651,0.005374137891725454
7652,0.005377182122534202
7653,0.005380229573362699
7654,0.005383280211012404
7655,0.005386334002221901
7656,0.005389390913669971
7657,0.005392450911989918
7658,0.005395513963779366
7659,0.005398580035612602
7660,0.005401649094048452
7661,0.00540472110564221
7662,0.005407796036958988
7663,0.005410873854582641
7664,0.005413954525128375
7665,0.0054170380152536775
7666,0.005420124291669858
7667,0.005423213321154417
7668,0.005426305070561645
7669,0.005429399506835175
7670,0.005432496597018964
7671,0.005435596308269679
7672,0.005438698607867696
7673,0.005441803463231123
7674,0.005444910841922033
7675,0.005448020711666286
7676,0.005451133040356731
7677,0.005454247796071536
7678,0.005457364947079395
7679,0.005460484461857008
7680,0.005463606309096274
7681,0.005466730457716333
7682,0.005469856876873871
7683,0.005472985535976611
7684,0.0054761164046905385
7685,0.005479249452952708
7686,0.0054823846509794265
7687,0.005485521969277154
7688,0.005488661378654927
7689,0.005491802850228935
7690,0.005494946355436336
7691,0.005498091866040258
7692,0.0055012393541439605
7693,0.005504388792193122
7694,0.005507540152988547
7695,0.005510693409693915
7696,0.0055138485358405525
7697,0.005517005505336154
7698,0.005520164292475042
7699,0.005523324871938442
7700,0.00552648721880616
7701,0.005529651308561279
7702,0.005532817117094295
7703,0.005535984620710751
7704,0.005539153796133499
7705,0.005542324620511081
7706,0.005545497071417799
7707,0.00554867112686131
7708,0.0055518467652829135
7709,0.005555023965564403
7710,0.005558202707028823
7711,0.005561382969442232
7712,0.00556456473301833
7713,0.00556774797841659
7714,0.005570932686750255
7715,0.0055741188395786005
7716,0.005577306418916366
7717,0.005580495407229239
7718,0.005583685787434085
7719,0.005586877542903363
7720,0.0055900706574575675
7721,0.005593265115371723
7722,0.005596460901370151
7723,0.005599658000626573
7724,0.005602856398762188
7725,0.0056060560818439725
7726,0.005609257036383845
7727,0.005612459249335059
7728,0.005615662708091051
7729,0.00561886740048085
7730,0.00562207331476916
7731,0.005625280439650624
7732,0.005628488764250202
7733,0.005631698278115573
7734,0.005634908971216986
7735,0.005638120833943153
7736,0.00564133385709683
7737,0.005644548031891751
7738,0.005647763349949128
7739,0.005650979803294369
7740,0.005654197384350782
7741,0.005657416085939188
7742,0.005660635901271148
7743,0.005663856823947416
7744,0.005667078847953244
7745,0.005670301967653152
7746,0.005673526177790031
7747,0.005676751473478888
7748,0.005679977850205133
7749,0.005683205303819978
7750,0.0056864338305357255
7751,0.005689663426928657
7752,0.005692894089924435
7753,0.005696125816807507
7754,0.005699358605210717
7755,0.005702592453113161
7756,0.005705827358840629
7757,0.005709063321058886
7758,0.005712300338775651
7759,0.005715538411336268
7760,0.005718777538422025
7761,0.005722017720047743
7762,0.005725258956561303
7763,0.005728501248642709
7764,0.005731744597300077
7765,0.005734989003872973
7766,0.00573823447002936
7767,0.005741480997761299
7768,0.005744728589393012
7769,0.005747977247573179
7770,0.005751226975278672
7771,0.005754477775811821
7772,0.005757729652805545
7773,0.005760982610217292
7774,0.0057642366523363185
7775,0.005767491783779512
7776,0.005770748009494907
7777,0.005774005334761485
7778,0.005777263765192218
7779,0.005780523306732143
7780,0.005783783965662802
7781,0.0057870457486019974
7782,0.005790308662506533
7783,0.0057935727146734076
7784,0.00579683791273886
7785,0.005800104264684848
7786,0.005803371778837935
7787,0.005806640463867938
7788,0.005809910328797269
7789,0.005813181382994888
7790,0.005816453636181384
7791,0.005819727098429634
7792,0.005823001780165792
7793,0.005826277692172838
7794,0.005829554845586699
7795,0.005832833251900076
7796,0.0058361129229648175
7797,0.005839393870987106
7798,0.005842676108534509
7799,0.005845959648529682
7800,0.00584924450425116
7801,0.005852530689337394
7802,0.0058558182177783765
7803,0.005859107103921181
7804,0.005862397362464733
7805,0.005865689008456303
7806,0.005868982057293155
7807,0.0058722765247164665
7808,0.005875572426808811
7809,0.005878869779991046
7810,0.005882168601017028
7811,0.005885468906970904
7812,0.00588877071525753
7813,0.00589207404360301
7814,0.005895378910042729
7815,0.005898685332918028
7816,0.005901993330867901
7817,0.0059053029228204445
7818,0.005908614127985233
7819,0.005911926965842793
7820,0.005915241456138346
7821,0.005918557618867995
7822,0.005921875474270558
7823,0.00592519504281345
7824,0.005928516345182908
7825,0.0059318394022716625
7826,0.005935164235164356
7827,0.005938490865123222
7828,0.005941819313576909
7829,0.005945149602101895
7830,0.005948481752407947
7831,0.0059518157863238845
7832,0.005955151725779299
7833,0.0059584895927861006
7834,0.00596182940942412
7835,0.005965171197819062
7836,0.005968514980125203
7837,0.00597186077850725
7838,0.0059752086151185465
7839,0.005978558512081089
7840,0.005981910491464074
7841,0.0059852645752658225
7842,0.005988620785387065
7843,0.005991979143610702
7844,0.0059953396715819
7845,0.005998702390781615
7846,0.00600206732250459
7847,0.006005434487834789
7848,0.006008803907623031
7849,0.006012175602461398
7850,0.006015549592658957
7851,0.00601892589821759
7852,0.00602230453880367
7853,0.0060256855337296415
7854,0.006029068901921471
7855,0.006032454661895749
7856,0.006035842831735167
7857,0.006039233429061463
7858,0.0060426264710100935
7859,0.006046021974202807
7860,0.006049419954722755
7861,0.006052820428089707
7862,0.0060562234092321355
7863,0.006059628912460529
7864,0.006063036951444281
7865,0.006066447539184019
7866,0.006069860687986306
7867,0.0060732764094367135
7868,0.006076694714377993
7869,0.0060801156128806625
7870,0.006083539114220123
7871,0.006086965226850671
7872,0.006090393958381442
7873,0.006093825315552733
7874,0.0060972593042102965
7875,0.006100695929280602
7876,0.006104135194750492
7877,0.006107577103640979
7878,0.006111021657984655
7879,0.006114468858802809
7880,0.0061179187060833645
7881,0.006121371198758813
7882,0.006124826334683662
7883,0.006128284110614182
7884,0.006131744522184391
7885,0.006135207563888069
7886,0.0061386732290567726
7887,0.006142141509841203
7888,0.006145612397190122
7889,0.006149085880828324
7890,0.006152561949243332
7891,0.006156040589661452
7892,0.006159521788030815
7893,0.006163005529003918
7894,0.006166491795919576
7895,0.006169980570783392
7896,0.006173471834251695
7897,0.0061769655656176235
7898,0.006180461742786628
7899,0.006183960342268521
7900,0.006187461339155987
7901,0.006190964707108421
7902,0.006194470418339652
7903,0.006197978443599518
7904,0.006201488752159472
7905,0.006205001311796394
7906,0.006208516088779738
7907,0.006212033047854282
7908,0.006215552152227215
7909,0.00621907336355176
7910,0.0062225966419157674
7911,0.006226121945824641
7912,0.006229649232188059
7913,0.006233178456306944
7914,0.0062367095718584694
7915,0.006240242530883483
7916,0.006243777283771466
7917,0.006247313779247483
7918,0.006250851964359655
7919,0.006254391784465996
7920,0.0062579331832185855
7921,0.006261476102554106
7922,0.006265020482677714
7923,0.006268566262054836
7924,0.006272113377393021
7925,0.006275661763632624
7926,0.00627921135393586
7927,0.006282762079673211
7928,0.006286313870410646
7929,0.006289866653901716
7930,0.00629342035607234
7931,0.006296974901014215
7932,0.006300530210971583
7933,0.006304086206333888
7934,0.0063076428056236915
7935,0.006311199925490913
7936,0.006314757480701187
7937,0.006318315384133194
7938,0.006321873546766565
7939,0.00632543187767875
7940,0.006328990284040954
7941,0.006332548671111042
7942,0.006336106942231792
7943,0.006339664998827374
7944,0.006343222740404713
7945,0.00634678006455032
7946,0.006350336866934031
7947,0.006353893041309522
7948,0.006357448479521888
7949,0.0063610030715085
7950,0.006364556705308544
7951,0.0063681092670744115
7952,0.0063716606410768525
7953,0.006375210709721714
7954,0.006378759353562
7955,0.006382306451316172
7956,0.006385851879884516
7957,0.006389395514372844
7958,0.0063929372281109455
7959,0.006396476892681379
7960,0.006400014377946648
7961,0.006403549552076652
7962,0.0064070822815862245
7963,0.006410612431364905
7964,0.006414139864719138
7965,0.006417664443409654
7966,0.006421186027697245
7967,0.006424704476388336
7968,0.006428219646882255
7969,0.006431731395225195
7970,0.006435239576164463
7971,0.006438744043205592
7972,0.006442244648672244
7973,0.006445741243771238
7974,0.0064492336786578595
7975,0.00645272180250748
7976,0.006456205463580887
7977,0.006459684509308124
7978,0.006463158786359974
7979,0.006466628140729889
7980,0.006470092417818829
7981,0.0064735514625178315
7982,0.0064770051192988435
7983,0.006480453232303965
7984,0.006483895645437165
7985,0.006487332202463377
7986,0.006490762747101103
7987,0.00649418712312211
7988,0.006497605174458342
7989,0.00650101674529337
7990,0.006504421680177416
7991,0.006507819824127171
7992,0.0065112110227335705
7993,0.006514595122268316
7994,0.006517971969794791
7995,0.006521341413274598
7996,0.006524703301679056
7997,0.006528057485098185
7998,0.0065314038148494465
7999,0.006534742143589448
8000,0.006538072325421158
8001,0.00654139421600515
8002,0.006544707672664803
8003,0.006548012554493518
8004,0.006551308722462266
8005,0.006554596039520322
8006,0.006557874370703318
8007,0.006561143583227393
8008,0.006564403546589789
8009,0.0065676541326702845
8010,0.006570895215815722
8011,0.00657412667293967
8012,0.006577348383603411
8013,0.006580560230108475
8014,0.006583762097572009
8015,0.006586953874009103
8016,0.006590135450407027
8017,0.006593306720795901
8018,0.006596467582318066
8019,0.006599617935289517
8020,0.0066027576832619
8021,0.006605886733075341
8022,0.006609004994911745
8023,0.0066121123823407214
8024,0.00661520881236362
8025,0.006618294205448054
8026,0.006621368485565891
8027,0.006624431580218129
8028,0.006627483420464129
8029,0.006630523940936947
8030,0.006633553079859117
8031,0.006636570779059282
8032,0.006639576983969864
8033,0.006642571643635573
8034,0.006645554710708412
8035,0.0066485261414409285
8036,0.006651485895673426
8037,0.006654433936823128
8038,0.006657370231860476
8039,0.00666029475128543
8040,0.006663207469103258
8041,0.00666610836279186
8042,0.0066689974132650995
8043,0.006671874604839219
8044,0.0066747399251850205
8045,0.006677593365286748
8046,0.006680434919393626
8047,0.006683264584969103
8048,0.006686082362635677
8049,0.006688888256117877
8050,0.00669168227218863
8051,0.0066944644206017485
8052,0.006697234714031294
8053,0.006699993168007903
8054,0.006702739800852002
8055,0.006705474633600815
8056,0.006708197689943446
8057,0.006710908996149129
8058,0.006713608580991443
8059,0.00671629647567993
8060,0.006718972713782087
8061,0.006721637331152374
8062,0.006724290365854407
8063,0.006726931858086725
8064,0.006729561850108896
8065,0.006732180386163406
8066,0.006734787512402386
8067,0.0067373832768132065
8068,0.0067399677291409416
8069,0.006742540920818319
8070,0.0067451029048897
8071,0.006747653735938216
8072,0.0067501934700158455
8073,0.006752722164572138
8074,0.006755239878383901
8075,0.006757746671486317
8076,0.006760242605107535
8077,0.006762727741600291
8078,0.006765202144378499
8079,0.0067676658778552164
8080,0.006770119007377745
8081,0.006772561599169766
8082,0.0067749937202756
8083,0.006777415438495389
8084,0.00677982682233866
8085,0.006782227940964208
8086,0.006784618864131286
8087,0.006786999662151007
8088,0.006789370405834085
8089,0.006791731166445595
8090,0.006794082015664843
8091,0.006796423025532798
8092,0.006798754268420571
8093,0.0068010758169840015
8094,0.006803387744127293
8095,0.006805690122967447
8096,0.0068079830267997665
8097,0.006810266529063766
8098,0.006812540703314248
8099,0.006814805623190127
8100,0.00681706136238637
8101,0.006819307994629732
8102,0.006821545593650949
8103,0.006823774233163737
8104,0.006825993986842392
8105,0.00682820492829922
8106,0.006830407131066932
8107,0.006832600668582147
8108,0.006834785614165072
8109,0.006836962041006353
8110,0.006839130022152555
8111,0.006841289630493731
8112,0.006843440938747383
8113,0.006845584019451792
8114,0.00684771894495466
8115,0.006849845787400936
8116,0.006851964618727444
8117,0.006854075510654976
8118,0.0068561785346798665
8119,0.006858273762068071
8120,0.006860361263852482
8121,0.006862441110823366
8122,0.006864513373528348
8123,0.006866578122266816
8124,0.006868635427085029
8125,0.006870685357779015
8126,0.006872727983885566
8127,0.006874763374684372
8128,0.006876791599194919
8129,0.006878812726176333
8130,0.006880826824125235
8131,0.006882833961276463
8132,0.006884834205601765
8133,0.006886827624808302
8134,0.006888814286342865
8135,0.006890794257384106
8136,0.006892767604851142
8137,0.006894734395398994
8138,0.0068966946954204
8139,0.006898648571043424
8140,0.006900596088136833
8141,0.006902537312306735
8142,0.006904472308897016
8143,0.006906401142992779
8144,0.006908323879416374
8145,0.006910240582729747
8146,0.0069121513172362165
8147,0.006914056146977729
8148,0.006915955135737968
8149,0.006917848347037636
8150,0.006919735844139862
8151,0.006921617690046423
8152,0.006923493947498094
8153,0.0069253646789754035
8154,0.006927229946695616
8155,0.006929089812614874
8156,0.006930944338425623
8157,0.006932793585555621
8158,0.00693463761516859
8159,0.006936476488160538
8160,0.006938310265161453
8161,0.006940139006529751
8162,0.006941962772356444
8163,0.006943781622458815
8164,0.006945595616380487
8165,0.006947404813389114
8166,0.006949209272474531
8167,0.006951009052348253
8168,0.0069528042114396695
8169,0.006954594807892953
8170,0.0069563808995671125
8171,0.00695816254403345
8172,0.006959939798570255
8173,0.006961712720164565
8174,0.006963481365504608
8175,0.006965245790983199
8176,0.006967006052689572
8177,0.006968762206409062
8178,0.006970514307621541
8179,0.00697226241149588
8180,0.006974006572890406
8181,0.006975746846345311
8182,0.006977483286086303
8183,0.006979215946015576
8184,0.0069809448797120725
8185,0.006982670140429697
8186,0.006984391781090952
8187,0.006986109854286952
8188,0.006987824412273371
8189,0.006989535506968111
8190,0.0069912431899479864
8191,0.006992947512447251
8192,0.006994648525351941
8193,0.006996346279201955
8194,0.006998040824183307
8195,0.0069997322101295265
8196,0.007001420486513771
8197,0.00700310570245545
8198,0.007004787906708066
8199,0.0070064671476619475
8200,0.007008143473341853
8201,0.007009816931402233
8202,0.007011487569127441
8203,0.007013155433428794
8204,0.007014820570842109
8205,0.007016483027524995
8206,0.007018142849256748
8207,0.007019800081435421
8208,0.007021454769076168
8209,0.007023106956809355
8210,0.007024756688878171
8211,0.007026404009138524
8212,0.007028048961056972
8213,0.007029691587709783
8214,0.007031331931779314
8215,0.007032970035555306
8216,0.007034605940933469
8217,0.007036239689412075
8218,0.007037871322094217
8219,0.007039500879684387
8220,0.007041128402488379
8221,0.007042753930410643
8222,0.0070443775029594554
8223,0.007045999159238874
8224,0.007047618937951773
8225,0.007049236877400627
8226,0.007050853015483538
8227,0.007052467389697516
8228,0.007054080037135231
8229,0.007055690994486236
8230,0.007057300298037669
8231,0.00705890798367137
8232,0.007060514086867754
8233,0.007062118642701983
8234,0.007063721685846902
8235,0.007065323250571228
8236,0.0070669233707423736
8237,0.0070685220798227
8238,0.0070701194108751635
8239,0.007071715396559549
8240,0.0070733100691335645
8241,0.007074903460455388
8242,0.007076495601982973
8243,0.007078086524773648
8244,0.0070796762594885045
8245,0.0070812648363883825
8246,0.007082852285336266
8247,0.00708443863580219
8248,0.007086023916856809
8249,0.0070876081571799665
8250,0.007089191385054891
8251,0.007090773628375839
8252,0.007092354914642021
8253,0.007093935270965625
8254,0.007095514724068096
8255,0.0070970933002833065
8256,0.007098671025560438
8257,0.00710024792546119
8258,0.007101824025162754
8259,0.0071033993494641805
8260,0.0071049739227783725
8261,0.007106547769142433
8262,0.007108120912211767
8263,0.0071096933752687426
8264,0.007111265181216449
8265,0.007112836352589271
8266,0.007114406911544447
8267,0.00711597687987327
8268,0.007117546278995358
8269,0.007119115129964094
8270,0.00712068345346749
8271,0.0071222512698315196
8272,0.007123818599016989
8273,0.007125385460627307
8274,0.007126951873905887
8275,0.007128517857740933
8276,0.007130083430665968
8277,0.007131648610859817
8278,0.0071332134161538035
8279,0.007134777864027255
8280,0.007136341971613612
8281,0.00713790575570067
8282,0.0071394692327348755
8283,0.00714103241881921
8284,0.007142595329719869
8285,0.007144157980864525
8286,0.007145720387345696
8287,0.007147282563924155
8288,0.0071488445250294606
8289,0.0071504062847624695
8290,0.007151967856896397
8291,0.007153529254882286
8292,0.007155090491846723
8293,0.007156651580598892
8294,0.0071582125336263494
8295,0.007159773363105532
8296,0.007161334080895207
8297,0.0071628946985464025
8298,0.00716445522729965
8299,0.007166015678089644
8300,0.00716757606154646
8301,0.007169136387998205
8302,0.0071706966674733325
8303,0.007172256909704043
8304,0.007173817124126986
8305,0.007175377319887164
8306,0.00717693750583851
8307,0.007178497690547871
8308,0.007180057882297652
8309,0.0071816180890860596
8310,0.007183178318633421
8311,0.007184738578380369
8312,0.007186298875493197
8313,0.007187859216866112
8314,0.0071894196091225595
8315,0.0071909800586176095
8316,0.007192540571443502
8317,0.0071941011534287615
8318,0.007195661810142019
8319,0.007197222546896446
8320,0.007198783368748379
8321,0.007200344280503974
8322,0.007201905286719181
8323,0.007203466391705212
8324,0.007205027599526264
8325,0.007206588914009802
8326,0.007208150338741464
8327,0.007209711877071777
8328,0.0072112735321215185
8329,0.007212835306777207
8330,0.0072143972037004905
8331,0.007215959225326394
8332,0.0072175213738715814
8333,0.0072190836513320224
8334,0.007220646059486208
8335,0.00722220859990233
8336,0.007223771273935286
8337,0.007225334082735057
8338,0.0072268970272457225
8339,0.007228460108209781
8340,0.007230023326170193
8341,0.007231586681475946
8342,0.007233150174281044
8343,0.00723471380455142
8344,0.0072362775720636275
8345,0.007237841476411724
8346,0.007239405517007191
8347,0.007240969693085194
8348,0.0072425340037043685
8349,0.00724409844775114
8350,0.0072456630239431975
8351,0.007247227730830138
8352,0.00724879256680098
8353,0.007250357530082789
8354,0.007251922618745088
8355,0.007253487830704188
8356,0.007255053163724126
8357,0.007256618615422584
8358,0.007258184183268783
8359,0.007259749864593241
8360,0.007261315656585985
8361,0.007262881556299995
8362,0.007264447560656505
8363,0.007266013666446732
8364,0.007267579870334293
8365,0.0072691461688597706
8366,0.007270712558441564
8367,0.007272279035382346
8368,0.007273845595867437
8369,0.0072754122359724935
8370,0.00727697895166466
8371,0.007278545738804651
8372,0.0072801125931491574
8373,0.0072816795103592905
8374,0.007283246485996253
8375,0.007284813515528156
8376,0.007286380594335523
8377,0.007287947717707465
8378,0.007289514880852478
8379,0.007291082078894863
8380,0.007292649306882818
8381,0.007294216559787891
8382,0.007295783832509536
8383,0.007297351119878149
8384,0.007298918416657351
8385,0.007300485717548911
8386,0.007302053017193348
8387,0.007303620310172916
8388,0.007305187591016382
8389,0.0073067548542008025
8390,0.0073083220941549225
8391,0.007309889305263019
8392,0.007311456481864449
8393,0.007313023618261102
8394,0.007314590708715805
8395,0.007316157747458743
8396,0.00731772472868993
8397,0.007319291646580347
8398,0.007320858495274561
8399,0.007322425268896612
8400,0.007323991961549527
8401,0.007325558567320529
8402,0.007327125080282756
8403,0.0073286914944978845
8404,0.007330257804018737
8405,0.0073318240028939
8406,0.0073333900851687474
8407,0.007334956044887658
8408,0.007336521876097866
8409,0.007338087572852797
8410,0.007339653129214806
8411,0.007341218539253744
8412,0.007342783797055691
8413,0.007344348896723414
8414,0.007345913832374962
8415,0.0073474785981543925
8416,0.007349043188224854
8417,0.00735060759677988
8418,0.0073521718180404
8419,0.00735373584626011
8420,0.007355299675725559
8421,0.007356863300760176
8422,0.007358426715729028
8423,0.007359989915034898
8424,0.007361552893127461
8425,0.007363115644503625
8426,0.007364678163707277
8427,0.007366240445334134
8428,0.007367802484035057
8429,0.007369364274516063
8430,0.007370925811541124
8431,0.007372487089937937
8432,0.007374048104591399
8433,0.007375608850458775
8434,0.007377169322560657
8435,0.007378729515986962
8436,0.007380289425903034
8437,0.007381849047545792
8438,0.007383408376227878
8439,0.007384967407343547
8440,0.00738652613636433
8441,0.007388084558846365
8442,0.0073896426704289945
8443,0.007391200466839986
8444,0.007392757943894165
8445,0.007394315097496526
8446,0.007395871923646553
8447,0.007397428418437333
8448,0.007398984578056661
8449,0.00740054039879302
8450,0.007402095877032618
8451,0.007403651009265249
8452,0.007405205792081604
8453,0.007406760222178792
8454,0.007408314296363505
8455,0.007409868011545924
8456,0.00741142136474973
8457,0.007412974353108545
8458,0.007414526973869497
8459,0.007416079224395361
8460,0.007417631102164025
8461,0.007419182604771762
8462,0.007420733729932934
8463,0.007422284475481822
8464,0.0074238348393754075
8465,0.007425384819693943
8466,0.007426934414641065
8467,0.00742848362254461
8468,0.007430032441860656
8469,0.007431580871172875
8470,0.007433128909193215
8471,0.007434676554762666
8472,0.007436223806852236
8473,0.007437770664567958
8474,0.007439317127144817
8475,0.007440863193952877
8476,0.00744240886449735
8477,0.007443954138414967
8478,0.007445499015482552
8479,0.007447043495609847
8480,0.007448587578846465
8481,0.007450131265375408
8482,0.007451674555522484
8483,0.007453217449749354
8484,0.007454759948657285
8485,0.007456302052987438
8486,0.0074578437636196905
8487,0.0074593850815747546
8488,0.0074609260080133535
8489,0.007462466544235177
8490,0.007464006691684269
8491,0.007465546451941037
8492,0.007467085826728851
8493,0.007468624817911064
8494,0.007470163427491866
8495,0.007471701657614556
8496,0.007473239510563994
8497,0.007474776988764874
8498,0.007476314094781768
8499,0.007477850831316293
8500,0.007479387201211548
8501,0.007480923207447672
8502,0.007482458853142242
8503,0.007483994141551504
8504,0.0074855290760666715
8505,0.007487063660217047
8506,0.007488597897664763
8507,0.0074901317922065865
8508,0.007491665347774507
8509,0.007493198568432019
8510,0.0074947314583731165
8511,0.007496264021923836
8512,0.007497796263539062
8513,0.00749932818780157
8514,0.0075008597994220706
8515,0.007502391103235958
8516,0.00750392210420441
8517,0.0075054528074094415
8518,0.007506983218056559
8519,0.007508513341471472
8520,0.007510043183096761
8521,0.007511572748492871
8522,0.007513102043336929
8523,0.0075146310734165
8524,0.007516159844632815
8525,0.007517688362996846
8526,0.00751921663462746
8527,0.00752074466574978
8528,0.007522272462691471
8529,0.007523800031883706
8530,0.007525327379856977
8531,0.00752685451323878
8532,0.007528381438754004
8533,0.007529908163217974
8534,0.007531434693539103
8535,0.007532961036712256
8536,0.007534487199820091
8537,0.007536013190027483
8538,0.007537539014580699
8539,0.007539064680804943
8540,0.007540590196100306
8541,0.00754211556793949
8542,0.0075436408038671915
8543,0.007545165911495275
8544,0.007546690898498564
8545,0.007548215772615625
8546,0.0075497405416432555
8547,0.007551265213435983
8548,0.007552789795897761
8549,0.007554314296985084
8550,0.00755583872470184
8551,0.007557363087094643
8552,0.007558887392250735
8553,0.007560411648296035
8554,0.00756193586338864
8555,0.007563460045720074
8556,0.007564984203509235
8557,0.007566508344997375
8558,0.007568032478450153
8559,0.0075695566121478965
8560,0.007571080754388465
8561,0.0075726049134771335
8562,0.007574129097730012
8563,0.007575653315465144
8564,0.007577177575002326
8565,0.007578701884658805
8566,0.0075802262527444216
8567,0.007581750687558334
8568,0.007583275197387626
8569,0.007584799790502953
8570,0.007586324475152676
8571,0.007587849259562608
8572,0.007589374151927877
8573,0.007590899160415524
8574,0.007592424293156524
8575,0.007593949558242052
8576,0.007595474963722756
8577,0.007597000517601726
8578,0.007598526227834783
8579,0.00760005210232257
8580,0.007601578148911839
8581,0.007603104375385639
8582,0.007604630789466328
8583,0.007606157398806967
8584,0.007607684210991732
8585,0.007609211233527572
8586,0.007610738473846717
8587,0.007612265939297623
8588,0.007613793637145189
8589,0.0076153215745637815
8590,0.007616849758639896
8591,0.007618378196360983
8592,0.007619906894618319
8593,0.0076214358601991525
8594,0.007622965099788445
8595,0.007624494619958725
8596,0.007626024427173849
8597,0.0076275545277814305
8598,0.007629084928010065
8599,0.007630615633968784
8600,0.00763214665164056
8601,0.007633677986879892
8602,0.0076352096454142615
8603,0.007636741632833588
8604,0.0076382739545936456
8605,0.007639806616009162
8606,0.007641339622253708
8607,0.007642872978355123
8608,0.007644406689193677
8609,0.007645940759499393
8610,0.007647475193847274
8611,0.007649009996659277
8612,0.007650545172195983
8613,0.007652080724560598
8614,0.007653616657689627
8615,0.007655152975355798
8616,0.007656689681163482
8617,0.007658226778547344
8618,0.007659764270768358
8619,0.007661302160914518
8620,0.007662840451894818
8621,0.007664379146442253
8622,0.007665918247107801
8623,0.007667457756260275
8624,0.007668997676083807
8625,0.007670538008577802
8626,0.007672078755551278
8627,0.007673619918626539
8628,0.007675161499232349
8629,0.0076767034986070775
8630,0.007678245917795852
8631,0.007679788757644195
8632,0.007681332018805681
8633,0.00768287570173278
8634,0.007684419806681135
8635,0.007685964333705335
8636,0.007687509282657407
8637,0.007689054653189688
8638,0.007690600444748728
8639,0.007692146656577916
8640,0.007693693287717174
8641,0.007695240337000152
8642,0.007696787803052418
8643,0.00769833568429433
8644,0.007699883978937524
8645,0.00770143268498858
8646,0.007702981800242702
8647,0.00770453132228701
8648,0.00770608124850162
8649,0.007707631576054397
8650,0.007709182301905718
8651,0.00771073342280387
8652,0.007712284935292238
8653,0.0077138368356992025
8654,0.007715389120146734
8655,0.007716941784546185
8656,0.007718494824598795
8657,0.007720048235798888
8658,0.0077216020134281815
8659,0.00772315615256357
8660,0.007724710648071575
8661,0.0077262654946112005
8662,0.007727820686633048
8663,0.007729376218382052
8664,0.00773093208389695
8665,0.007732488277010656
8666,0.0077340447913495074
8667,0.007735601620338178
8668,0.007737158757194615
8669,0.007738716194937391
8670,0.0077402739263790115
8671,0.007741831944136232
8672,0.007743390240620222
8673,0.0077449488080463735
8674,0.007746507638432338
8675,0.00774806672359654
8676,0.00774962605516264
8677,0.007751185624559771
8678,0.0077527454230229605
8679,0.007754305441595412
8680,0.007755865671128741
8681,0.007757426102286612
8682,0.007758986725541151
8683,0.007760547531180385
8684,0.007762108509305673
8685,0.00776366964983368
8686,0.007765230942500609
8687,0.00776679237686046
8688,0.007768353942286383
8689,0.0077699156279763355
8690,0.007771477422950148
8691,0.007773039316056035
8692,0.0077746012959662636
8693,0.007776163351183992
8694,0.007777725470044133
8695,0.007779287640711811
8696,0.007780849851190523
8697,0.007782412089316689
8698,0.0077839743427682495
8699,0.007785536599062017
8700,0.007787098845558465
8701,0.007788661069461825
8702,0.007790223257824554
8703,0.007791785397546271
8704,0.007793347475380024
8705,0.007794909477929899
8706,0.007796471391656899
8707,0.007798033202880532
8708,0.007799594897779066
8709,0.007801156462394283
8710,0.007802717882633375
8711,0.0078042791442703464
8712,0.007805840232949041
8713,0.007807401134186219
8714,0.00780896183337384
8715,0.007810522315779918
8716,0.0078120825665558245
8717,0.007813642570732424
8718,0.00781520231322681
8719,0.007816761778846642
8720,0.007818320952287981
8721,0.007819879818141688
8722,0.007821438360896242
8723,0.007822996564936643
8724,0.007824554414554178
8725,0.007826111893942092
8726,0.007827668987204113
8727,0.007829225678353709
8728,0.007830781951319829
8729,0.007832337789947779
8730,0.00783389317800356
8731,0.00783544809917746
8732,0.007837002537084739
8733,0.007838556475272283
8734,0.00784010989721902
8735,0.007841662786339696
8736,0.007843215125989069
8737,0.00784476689946565
8738,0.007846318090012318
8739,0.007847868680820992
8740,0.007849418655038897
8741,0.007850967995765876
8742,0.00785251668606425
8743,0.007854064708956509
8744,0.007855612047433645
8745,0.007857158684453951
8746,0.007858704602951308
8747,0.00786024978583352
8748,0.007861794215990637
8749,0.007863337876294113
8750,0.007864880749603592
8751,0.007866422818768223
8752,0.007867964066631105
8753,0.00786950447603312
8754,0.00787104402981536
8755,0.007872582710824135
8756,0.007874120501911398
8757,0.007875657385941849
8758,0.007877193345793978
8759,0.007878728364364491
8760,0.007880262424572158
8761,0.007881795509359744
8762,0.007883327601698022
8763,0.007884858684590703
8764,0.007886388741073854
8765,0.007887917754225288
8766,0.007889445707161555
8767,0.00789097258304564
8768,0.007892498365086644
8769,0.007894023036546566
8770,0.007895546580741944
8771,0.007897068981046836
8772,0.007898590220893292
8773,0.007900110283781556
8774,0.007901629153274352
8775,0.007903146813007357
8776,0.00790466324668628
8777,0.00790617843809358
8778,0.007907692371090338
8779,0.007909205029616492
8780,0.007910716397698537
8781,0.007912226459447735
8782,0.007913735199063743
8783,0.007915242600838597
8784,0.007916748649158369
8785,0.007918253328503681
8786,0.007919756623457237
8787,0.00792125851869768
8788,0.007922758999010016
8789,0.007924258049285454
8790,0.007925755654517846
8791,0.007927251799814676
8792,0.007928746470392642
8793,0.00793023965157964
8794,0.007931731328821292
8795,0.007933221487676596
8796,0.007934710113824508
8797,0.007936197193061309
8798,0.007937682711304905
8799,0.007939166654594782
8800,0.007940649009095082
8801,0.007942129761091838
8802,0.007943608896997368
8803,0.007945086403352565
8804,0.007946562266821654
8805,0.00794803647420093
8806,0.007949509012412377
8807,0.007950979868509895
8808,0.007952449029675785
8809,0.007953916483224592
8810,0.007955382216598956
8811,0.0079568462173759
8812,0.007958308473262204
8813,0.007959768972097195
8814,0.007961227701850702
8815,0.007962684650624257
8816,0.007964139806653068
8817,0.00796559315830189
8818,0.007967044694066826
8819,0.007968494402574982
8820,0.007969942272583616
8821,0.007971388292981508
8822,0.007972832452784353
8823,0.007974274741139271
8824,0.007975715147318565
8825,0.007977153660725551
8826,0.007978590270887213
8827,0.007980024967456492
8828,0.00798145774021277
8829,0.007982888579057735
8830,0.007984317474016702
8831,0.007985744415235448
8832,0.00798716939298014
8833,0.007988592397639311
8834,0.0079900134197149
8835,0.007991432449829
8836,0.007992849478715935
8837,0.00799426449722817
8838,0.007995677496325784
8839,0.00799708846708455
8840,0.007998497400686432
8841,0.007999904288422932
8842,0.008001309121691669
8843,0.008002711891995383
8844,0.008004112590940334
8845,0.008005511210233664
8846,0.00800690774168379
8847,0.00800830217719576
8848,0.008009694508773643
8849,0.008011084728515252
8850,0.008012472828611563
8851,0.008013858801345957
8852,0.00801524263909118
8853,0.008016624334309672
8854,0.00801800387954889
8855,0.00801938126744234
8856,0.008020756490707062
8857,0.008022129542140804
8858,0.008023500414622197
8859,0.008024869101106938
8860,0.00802623559463017
8861,0.008027599888300605
8862,0.008028961975300243
8863,0.00803032184888434
8864,0.008031679502377124
8865,0.008033034929174296
8866,0.008034388122738137
8867,0.008035739076596757
8868,0.008037087784343757
8869,0.00803843423963727
8870,0.00803977843619531
8871,0.008041120367799266
8872,0.008042460028289495
8873,0.008043797411565195
8874,0.008045132511582584
8875,0.008046465322354635
8876,0.008047795837949751
8877,0.008049124052491948
8878,0.008050449960156322
8879,0.008051773555173123
8880,0.008053094831823145
8881,0.008054413784437825
8882,0.008055730407399903
8883,0.008057044695142623
8884,0.008058356642145914
8885,0.008059666242940161
8886,0.008060973492103317
8887,0.008062278384261113
8888,0.008063580914086675
8889,0.00806488107629949
8890,0.008066178865666141
8891,0.00806747427700102
8892,0.008068767305162854
8893,0.008070057945058029
8894,0.008071346191638603
8895,0.008072632039905079
8896,0.008073915484902251
8897,0.008075196521720798
8898,0.008076475145502178
8899,0.008077751351431833
8900,0.008079025134743846
8901,0.008080296490720475
8902,0.008081565414692146
8903,0.008082831902038004
8904,0.008084095948187094
8905,0.008085357548619047
8906,0.008086616698863488
8907,0.008087873394501522
8908,0.008089127631168062
8909,0.008090379404550072
8910,0.008091628710387233
8911,0.008092875544476729
8912,0.008094119902670994
8913,0.008095361780878316
8914,0.008096601175064418
8915,0.008097838081257537
8916,0.008099072495542682
8917,0.00810030441406757
8918,0.00810153383304217
8919,0.008102760748740516
8920,0.00810398515750239
8921,0.008105207055731574
8922,0.00810642643990379
8923,0.008107643306560476
8924,0.008108857652314156
8925,0.00811006947384974
8926,0.008111278767924798
8927,0.008112485531374084
8928,0.008113689761105188
8929,0.0081148914541061
8930,0.008116090607442452
8931,0.008117287218261623
8932,0.008118481283792897
8933,0.008119672801349734
8934,0.00812086176833042
8935,0.008122048182220667
8936,0.008123232040594518
8937,0.008124413341116677
8938,0.008125592081541991
8939,0.008126768259719213
8940,0.00812794187359281
8941,0.008129112921201604
8942,0.00813028140068435
8943,0.00813144731027551
8944,0.008132610648314586
8945,0.008133771413240773
8946,0.008134929603597432
8947,0.008136085218033148
8948,0.008137238255303473
8949,0.008138388714272322
8950,0.008139536593911164
8951,0.008140681893305197
8952,0.008141824611648243
8953,0.008142964748251798
8954,0.008144102302538618
8955,0.008145237274049123
8956,0.008146369662440022
8957,0.008147499467487607
8958,0.00814862668908692
8959,0.008149751327254671
8960,0.008150873382128415
8961,0.008151992853969416
8962,0.008153109743161163
8963,0.008154224050213467
8964,0.008155335775762449
8965,0.008156444920569349
8966,0.00815755148552349
8967,0.008158655471642977
8968,0.00815975688007409
8969,0.008160855712093159
8970,0.008161951969107444
8971,0.00816304565265433
8972,0.008164136764404247
8973,0.008165225306157644
8974,0.008166311279849346
8975,0.008167394687546084
8976,0.008168475531447183
8977,0.008169553813889292
8978,0.008170629537337699
8979,0.008171702704396008
8980,0.008172773317799554
8981,0.008173841380419641
8982,0.008174906895261019
8983,0.00817596986546294
8984,0.008177030294300383
8985,0.008178088185180503
8986,0.00817914354164633
8987,0.008180196367373693
8988,0.008181246666173059
8989,0.008182294441986761
8990,0.008183339698891718
8991,0.008184382441097081
8992,0.0081854226729439
8993,0.008186460398904052
8994,0.008187495623581913
8995,0.008188528351712314
8996,0.008189558588157904
8997,0.008190586337912158
8998,0.008191611606096608
8999,0.008192634397961031
9000,0.00819365471887994
9001,0.008194672574354156
9002,0.008195687970012274
9003,0.008196700911602168
9004,0.008197711404998117
9005,0.00819871945619411
9006,0.008199725071306245
9007,0.008200728256568741
9008,0.008201729018334963
9009,0.008202727363076423
9010,0.00820372329737727
9011,0.008204716827939157
9012,0.008205707961576372
9013,0.008206696705213507
9014,0.008207683065887452
9015,0.008208667050742245
9016,0.008209648667029945
9017,0.008210627922110617
9018,0.008211604823444246
9019,0.008212579378599311
9020,0.00821355159523915
9021,0.008214521481132504
9022,0.008215489044142547
9023,0.00821645429222994
9024,0.008217417233448975
9025,0.008218377875948625
9026,0.008219336227966927
9027,0.00822029229783232
9028,0.008221246093960894
9029,0.008222197624854327
9030,0.00822314689909651
9031,0.008224093925357018
9032,0.0082250387123821
9033,0.008225981268998228
9034,0.00822692160410779
9035,0.008227859726687962
9036,0.008228795645789207
9037,0.00822972937053179
9038,0.008230660910103988
9039,0.008231590273763585
9040,0.008232517470831324
9041,0.008233442510691543
9042,0.008234365402790525
9043,0.008235286156632209
9044,0.008236204781778595
9045,0.008237121287846726
9046,0.008238035684507181
9047,0.008238947981481752
9048,0.008239858188541555
9049,0.008240766315506553
9050,0.008241672372239207
9051,0.008242576368648136
9052,0.008243478314682988
9053,0.00824437822033311
9054,0.008245276095624254
9055,0.0082461719506203
9056,0.008247065795419015
9057,0.008247957640147236
9058,0.008248847494965102
9059,0.008249735370060365
9060,0.008250621275646786
9061,0.008251505221961775
9062,0.008252387219268057
9063,0.008253267277846428
9064,0.008254145407999127
9065,0.00825502162004378
9066,0.008255895924315398
9067,0.008256768331160796
9068,0.008257638850940005
9069,0.0082585074940241
9070,0.008259374270790088
9071,0.008260239191624311
9072,0.008261102266917002
9073,0.008261963507062828
9074,0.008262822922455917
9075,0.008263680523494302
9076,0.008264536320571276
9077,0.008265390324079807
9078,0.008266242544406374
9079,0.00826709299193165
9080,0.008267941677029749
9081,0.008268788610064031
9082,0.008269633801389101
9083,0.00827047726134726
9084,0.00827131900026439
9085,0.008272159028456016
9086,0.008272997356217449
9087,0.008273833993829012
9088,0.008274668951549777
9089,0.008275502239621469
9090,0.008276333868260656
9091,0.008277163847663258
9092,0.008277992188001074
9093,0.008278818899418498
9094,0.008279643992036269
9095,0.008280467475945201
9096,0.00828128936120783
9097,0.008282109657856605
9098,0.008282928375892732
9099,0.008283745525286011
9100,0.00828456111597151
9101,0.008285375157850817
9102,0.008286187660790383
9103,0.008286998634619984
9104,0.008287808089131465
9105,0.008288616034079719
9106,0.008289422479179355
9107,0.00829022743410566
9108,0.008291030908493044
9109,0.008291832911933795
9110,0.008292633453978212
9111,0.008293432544131576
9112,0.00829423019185698
9113,0.008295026406572165
9114,0.008295821197648295
9115,0.008296614574411613
9116,0.008297406546140957
9117,0.008298197122065209
9118,0.008298986311369869
9119,0.00829977412318565
9120,0.008300560566598107
9121,0.008301345650642007
9122,0.008302129384299924
9123,0.00830291177650431
9124,0.00830369283613546
9125,0.008304472572022312
9126,0.00830525099293968
9127,0.008306028107611985
9128,0.008306803924707477
9129,0.008307578452841403
9130,0.008308351700574949
9131,0.008309123676415436
9132,0.008309894388812689
9133,0.008310663846164508
9134,0.00831143205681015
9135,0.008312199029034469
9136,0.008312964771065355
9137,0.008313729291075777
9138,0.008314492597179955
9139,0.008315254697436835
9140,0.008316015599846616
9141,0.008316775312353872
9142,0.008317533842843906
9143,0.008318291199146764
9144,0.008319047389032688
9145,0.008319802420214222
9146,0.008320556300346855
9147,0.008321309037026962
9148,0.008322060637794103
9149,0.008322811110127896
9150,0.00832356046145119
9151,0.008324308699127276
9152,0.008325055830462627
9153,0.008325801862702424
9154,0.008326546803037694
9155,0.00832729065859807
9156,0.008328033436455553
9157,0.008328775143624583
9158,0.008329515787059764
9159,0.008330255373660812
9160,0.008330993910265913
9161,0.008331731403657255
9162,0.008332467860557706
9163,0.008333203287634832
9164,0.008333937691496951
9165,0.008334671078694152
9166,0.008335403455721615
9167,0.008336134829013766
9168,0.008336865204952172
9169,0.008337594589859066
9170,0.008338322990000084
9171,0.008339050411584498
9172,0.008339776860766819
9173,0.008340502343643898
9174,0.008341226866257377
9175,0.008341950434592776
9176,0.008342673054580665
9177,0.00834339473209752
9178,0.008344115472962625
9179,0.008344835282942937
9180,0.008345554167748787
9181,0.008346272133038424
9182,0.008346989184414922
9183,0.00834770532742971
9184,0.008348420567578568
9185,0.008349134910305723
9186,0.008349848361002356
9187,0.008350560925007185
9188,0.008351272607606989
9189,0.008351983414037164
9190,0.008352693349481763
9191,0.008353402419072425
9192,0.008354110627892219
9193,0.008354817980970885
9194,0.008355524483289361
9195,0.008356230139782372
9196,0.008356934955328913
9197,0.008357638934763024
9198,0.008358342082869329
9199,0.00835904440438304
9200,0.008359745903992032
9201,0.008360446586337354
9202,0.008361146456011595
9203,0.008361845517559903
9204,0.008362543775482493
9205,0.008363241234233466
9206,0.008363937898218446
9207,0.008364633771800122
9208,0.008365328859294946
9209,0.008366023164976292
9210,0.008366716693070493
9211,0.008367409447762592
9212,0.008368101433192297
9213,0.008368792653456369
9214,0.008369483112609735
9215,0.008370172814664107
9216,0.008370861763588536
9217,0.008371549963312491
9218,0.008372237417721508
9219,0.008372924130662415
9220,0.008373610105940394
9221,0.008374295347321113
9222,0.00837497985852917
9223,0.00837566364325254
9224,0.008376346705136995
9225,0.008377029047792394
9226,0.008377710674788286
9227,0.008378391589657891
9228,0.008379071795895952
9229,0.008379751296961604
9230,0.008380430096275952
9231,0.008381108197225103
9232,0.008381785603157001
9233,0.00838246231738666
9234,0.008383138343192072
9235,0.00838381368381756
9236,0.008384488342474223
9237,0.008385162322335304
9238,0.008385835626544727
9239,0.008386508258210051
9240,0.008387180220408397
9241,0.008387851516181948
9242,0.008388522148542575
9243,0.008389192120469575
9244,0.008389861434911041
9245,0.008390530094784422
9246,0.00839119810297627
9247,0.008391865462341327
9248,0.008392532175707575
9249,0.008393198245869994
9250,0.0083938636755967
9251,0.008394528467625699
9252,0.008395192624667445
9253,0.008395856149403426
9254,0.008396519044487532
9255,0.00839718131254585
9256,0.008397842956178321
9257,0.008398503977956924
9258,0.008399164380427364
9259,0.008399824166110759
9260,0.008400483337500172
9261,0.008401141897065301
9262,0.008401799847248348
9263,0.008402457190469238
9264,0.008403113929122519
9265,0.00840377006557755
9266,0.008404425602181366
9267,0.008405080541256995
9268,0.008405734885103454
9269,0.008406388635998649
9270,0.008407041796196751
9271,0.00840769436792915
9272,0.008408346353406648
9273,0.008408997754818548
9274,0.008409648574330849
9275,0.008410298814091189
9276,0.008410948476225007
9277,0.008411597562836581
9278,0.008412246076011994
9279,0.008412894017816235
9280,0.008413541390295123
9281,0.00841418819547539
9282,0.008414834435364586
9283,0.008415480111950644
9284,0.008416125227206101
9285,0.008416769783081389
9286,0.008417413781511736
9287,0.008418057224414886
9288,0.008418700113689254
9289,0.008419342451219088
9290,0.00841998423886863
9291,0.00842062547848786
9292,0.008421266171910604
9293,0.008421906320953413
9294,0.008422545927418071
9295,0.008423184993090551
9296,0.008423823519741143
9297,0.008424461509126204
9298,0.00842509896298638
9299,0.008425735883048822
9300,0.00842637227102578
9301,0.008427008128614634
9302,0.008427643457501232
9303,0.00842827825935622
9304,0.008428912535837408
9305,0.008429546288588559
9306,0.008430179519243755
9307,0.008430812229420069
9308,0.008431444420726025
9309,0.008432076094755204
9310,0.008432707253090803
9311,0.00843333789730394
9312,0.00843396802895427
9313,0.008434597649590111
9314,0.008435226760747778
9315,0.008435855363954588
9316,0.008436483460725213
9317,0.008437111052566094
9318,0.008437738140970819
9319,0.008438364727424251
9320,0.008438990813401635
9321,0.008439616400368945
9322,0.008440241489780355
9323,0.008440866083083242
9324,0.00844149018171456
9325,0.00844211378710339
9326,0.008442736900668251
9327,0.008443359523821435
9328,0.008443981657964951
9329,0.008444603304493103
9330,0.008445224464793085
9331,0.008445845140243264
9332,0.008446465332214676
9333,0.008447085042070267
9334,0.008447704271166928
9335,0.008448323020853531
9336,0.008448941292471594
9337,0.008449559087356489
9338,0.008450176406837522
9339,0.008450793252235272
9340,0.00845140962486624
9341,0.008452025526038848
9342,0.008452640957057314
9343,0.008453255919218264
9344,0.008453870413814428
9345,0.008454484442130171
9346,0.008455098005448032
9347,0.00845571110504222
9348,0.008456323742182185
9349,0.008456935918133603
9350,0.00845754763415721
9351,0.008458158891507002
9352,0.008458769691434468
9353,0.008459380035185768
9354,0.008459989924002998
9355,0.008460599359123445
9356,0.00846120834178044
9357,0.00846181687320335
9358,0.008462424954618197
9359,0.008463032587247113
9360,0.008463639772307636
9361,0.008464246511015204
9362,0.00846485280458167
9363,0.008465458654213517
9364,0.008466064061117351
9365,0.008466669026493269
9366,0.008467273551542271
9367,0.008467877637459532
9368,0.008468481285438513
9369,0.008469084496669952
9370,0.008469687272341993
9371,0.008470289613641435
9372,0.008470891521750474
9373,0.008471492997851656
9374,0.00847209404312386
9375,0.008472694658744007
9376,0.008473294845887018
9377,0.0084738946057278
9378,0.008474493939437472
9379,0.008475092848184826
9380,0.008475691333139686
9381,0.008476289395469048
9382,0.00847688703633706
9383,0.008477484256910417
9384,0.008478081058350063
9385,0.008478677441819045
9386,0.008479273408476526
9387,0.008479868959484224
9388,0.008480464096000541
9389,0.008481058819182576
9390,0.008481653130188147
9391,0.00848224703017365
9392,0.00848284052029488
9393,0.008483433601706773
9394,0.008484026275564062
9395,0.008484618543021976
9396,0.008485210405232826
9397,0.008485801863351706
9398,0.008486392918530644
9399,0.008486983571922764
9400,0.00848757382468132
9401,0.00848816367795983
9402,0.008488753132909206
9403,0.008489342190683147
9404,0.00848993085243479
9405,0.008490519119316252
9406,0.008491106992480546
9407,0.00849169447308119
9408,0.008492281562271407
9409,0.008492868261205468
9410,0.008493454571036656
9411,0.008494040492918884
9412,0.008494626028008646
9413,0.008495211177458795
9414,0.008495795942427458
9415,0.008496380324069332
9416,0.008496964323541467
9417,0.008497547942000904
9418,0.008498131180606374
9419,0.008498714040515436
9420,0.00849929652288782
9421,0.008499878628882941
9422,0.008500460359662114
9423,0.008501041716386028
9424,0.00850162270021795
9425,0.00850220331231896
9426,0.008502783553854268
9427,0.008503363425988036
9428,0.008503942929885327
9429,0.008504522066712462
9430,0.00850510083763689
9431,0.008505679243826314
9432,0.008506257286450002
9433,0.008506834966676473
9434,0.008507412285677782
9435,0.008507989244625975
9436,0.008508565844692086
9437,0.008509142087050977
9438,0.008509717972877086
9439,0.008510293503345142
9440,0.008510868679632723
9441,0.008511443502916327
9442,0.00851201797437507
9443,0.008512592095187956
9444,0.008513165866535024
9445,0.00851373928959844
9446,0.008514312365560259
9447,0.008514885095603266
9448,0.008515457480911636
9449,0.008516029522671095
9450,0.008516601222068482
9451,0.008517172580289743
9452,0.008517743598523088
9453,0.008518314277957257
9454,0.008518884619782998
9455,0.008519454625190602
9456,0.008520024295371489
9457,0.008520593631519201
9458,0.008521162634825703
9459,0.008521731306486466
9460,0.008522299647695634
9461,0.008522867659649977
9462,0.008523435343546099
9463,0.008524002700581497
9464,0.008524569731953717
9465,0.008525136438862952
9466,0.008525702822507909
9467,0.008526268884090282
9468,0.00852683462480996
9469,0.008527400045869472
9470,0.008527965148470772
9471,0.008528529933817388
9472,0.008529094403113169
9473,0.008529658557561659
9474,0.008530222398367813
9475,0.008530785926737209
9476,0.008531349143876028
9477,0.00853191205098896
9478,0.008532474649283615
9479,0.008533036939966984
9480,0.008533598924246573
9481,0.008534160603329698
9482,0.008534721978424883
9483,0.008535283050739726
9484,0.00853584382148347
9485,0.00853640429186488
9486,0.008536964463091792
9487,0.008537524336374733
9488,0.008538083912921978
9489,0.008538643193943303
9490,0.00853920218064717
9491,0.008539760874244044
9492,0.008540319275942034
9493,0.008540877386951324
9494,0.008541435208480183
9495,0.00854199274173739
9496,0.008542549987932762
9497,0.00854310694827406
9498,0.008543663623969674
9499,0.008544220016228028
9500,0.008544776126256598
9501,0.008545331955261599
9502,0.0085458875044512
9503,0.008546442775031757
9504,0.008546997768208166
9505,0.008547552485186976
9506,0.008548106927172176
9507,0.008548661095368554
9508,0.008549214990978977
9509,0.008549768615206245
9510,0.008550321969253353
9511,0.00855087505432128
9512,0.008551427871610374
9513,0.008551980422319319
9514,0.00855253270764882
9515,0.008553084728794787
9516,0.008553636486955648
9517,0.008554187983325945
9518,0.008554739219100283
9519,0.00855529019547347
9520,0.008555840913636203
9521,0.008556391374781364
9522,0.008556941580097777
9523,0.008557491530774375
9524,0.008558041227999282
9525,0.008558590672956662
9526,0.00855913986683267
9527,0.00855968881081
9528,0.00856023750607017
9529,0.00856078595379192
9530,0.00856133415515525
9531,0.00856188211133657
9532,0.008562429823510454
9533,0.008562977292851005
9534,0.008563524520529445
9535,0.008564071507715126
9536,0.00856461825557642
9537,0.00856516476528025
9538,0.008565711037988612
9539,0.00856625707486529
9540,0.008566802877070156
9541,0.008567348445761024
9542,0.008567893782093595
9543,0.00856843888722185
9544,0.008568983762297798
9545,0.00856952840847001
9546,0.00857007282688553
9547,0.008570617018689814
9548,0.008571160985024969
9549,0.008571704727030286
9550,0.008572248245844346
9551,0.008572791542601071
9552,0.008573334618434323
9553,0.008573877474472118
9554,0.008574420111843305
9555,0.008574962531672281
9556,0.008575504735080121
9557,0.00857604672318728
9558,0.008576588497108985
9559,0.008577130057960266
9560,0.008577671406850795
9561,0.008578212544887956
9562,0.008578753473178003
9563,0.008579294192821909
9564,0.008579834704919027
9565,0.008580375010565277
9566,0.008580915110852991
9567,0.008581455006871798
9568,0.008581994699708821
9569,0.00858253419044606
9570,0.008583073480164901
9571,0.008583612569941345
9572,0.00858415146084892
9573,0.008584690153957086
9574,0.00858522865033336
9575,0.00858576695103988
9576,0.008586305057136841
9577,0.008586842969680073
9578,0.008587380689723012
9579,0.00858791821831336
9580,0.008588455556497782
9581,0.008588992705317057
9582,0.008589529665809526
9583,0.008590066439009681
9584,0.008590603025947463
9585,0.008591139427649615
9586,0.00859167564513986
9587,0.008592211679436022
9588,0.008592747531553847
9589,0.008593283202504192
9590,0.00859381869329488
9591,0.00859435400492686
9592,0.008594889138402053
9593,0.00859542409471294
9594,0.00859595887485216
9595,0.008596493479805851
9596,0.00859702791055657
9597,0.008597562168081406
9598,0.008598096253356231
9599,0.0085986301673497
9600,0.008599163911027932
9601,0.00859969748535145
9602,0.008600230891277004
9603,0.008600764129756666
9604,0.008601297201738764
9605,0.008601830108167449
9606,0.008602362849979398
9607,0.008602895428110867
9608,0.00860342784349044
9609,0.008603960097044724
9610,0.008604492189692541
9611,0.008605024122350266
9612,0.008605555895929448
9613,0.00860608751133686
9614,0.008606618969472969
9615,0.008607150271234734
9616,0.008607681417515596
9617,0.008608212409202216
9618,0.008608743247176458
9619,0.00860927393231654
9620,0.00860980446549373
9621,0.00861033484757717
9622,0.008610865079429018
9623,0.00861139516190654
9624,0.008611925095861919
9625,0.008612454882143666
9626,0.008612984521593127
9627,0.008613514015047466
9628,0.008614043363341027
9629,0.008614572567297705
9630,0.008615101627741335
9631,0.008615630545487417
9632,0.008616159321347109
9633,0.008616687956126802
9634,0.00861721645062774
9635,0.008617744805644093
9636,0.008618273021966832
9637,0.00861880110037903
9638,0.008619329041661145
9639,0.008619856846587007
9640,0.008620384515923753
9641,0.008620912050434781
9642,0.00862143945087767
9643,0.008621966718003604
9644,0.00862249385255907
9645,0.008623020855283983
9646,0.008623547726914798
9647,0.008624074468179596
9648,0.008624601079802
9649,0.008625127562500582
9650,0.008625653916987308
9651,0.008626180143969018
9652,0.008626706244146567
9653,0.008627232218215236
9654,0.008627758066863778
9655,0.008628283790775687
9656,0.008628809390628742
9657,0.00862933486709535
9658,0.008629860220840599
9659,0.008630385452525422
9660,0.008630910562802704
9661,0.008631435552321515
9662,0.008631960421723851
9663,0.008632485171646376
9664,0.008633009802718151
9665,0.008633534315564751
9666,0.00863405871080394
9667,0.008634582989048418
9668,0.008635107150903097
9669,0.008635631196968349
9670,0.008636155127838854
9671,0.008636678944101988
9672,0.008637202646339564
9673,0.008637726235125962
9674,0.008638249711032216
9675,0.008638773074620049
9676,0.00863929632644684
9677,0.008639819467064356
9678,0.008640342497015467
9679,0.008640865416838544
9680,0.008641388227067347
9681,0.008641910928225131
9682,0.008642433520833166
9683,0.008642956005403452
9684,0.008643478382442437
9685,0.00864400065245181
9686,0.00864452281592397
9687,0.008645044873348695
9688,0.008645566825204901
9689,0.008646088671969896
9690,0.008646610414110053
9691,0.008647132052089166
9692,0.008647653586361832
9693,0.008648175017377179
9694,0.008648696345578808
9695,0.008649217571402997
9696,0.008649738695279102
9697,0.00865025971763059
9698,0.00865078063887538
9699,0.008651301459422864
9700,0.008651822179677797
9701,0.00865234280003654
9702,0.00865286332089008
9703,0.008653383742624707
9704,0.008653904065616688
9705,0.008654424290237227
9706,0.008654944416851811
9707,0.00865546444581869
9708,0.00865598437748942
9709,0.008656504212209459
9710,0.008657023950316332
9711,0.00865754359214374
9712,0.008658063138015882
9713,0.008658582588252726
9714,0.00865910194316572
9715,0.008659621203061603
9716,0.00866014036823811
9717,0.00866065943898955
9718,0.008661178415600787
9719,0.008661697298352316
9720,0.008662216087516062
9721,0.008662734783358909
9722,0.008663253386140378
9723,0.00866377189611482
9724,0.008664290313527034
9725,0.008664808638618503
9726,0.008665326871622176
9727,0.008665845012764779
9728,0.008666363062267124
9729,0.008666881020342486
9730,0.008667398887198901
9731,0.008667916663036374
9732,0.008668434348050223
9733,0.008668951942426735
9734,0.00866946944634727
9735,0.008669986859988054
9736,0.008670504183514992
9737,0.008671021417090793
9738,0.008671538560870934
9739,0.008672055615003735
9740,0.008672572579630437
9741,0.008673089454888221
9742,0.008673606240904868
9743,0.00867412293780436
9744,0.008674639545702488
9745,0.008675156064708443
9746,0.008675672494927362
9747,0.0086761888364552
9748,0.008676705089383242
9749,0.008677221253795091
9750,0.008677737329769437
9751,0.008678253317377057
9752,0.008678769216684385
9753,0.008679285027749598
9754,0.008679800750625275
9755,0.008680316385358565
9756,0.00868083193198907
9757,0.00868134739055016
9758,0.008681862761070726
9759,0.008682378043570835
9760,0.008682893238066824
9761,0.008683408344566995
9762,0.00868392336307404
9763,0.008684438293585737
9764,0.008684953136092246
9765,0.008685467890577123
9766,0.008685982557020015
9767,0.008686497135392579
9768,0.008687011625661357
9769,0.008687526027786401
9770,0.008688040341722289
9771,0.008688554567418042
9772,0.008689068704813459
9773,0.008689582753848304
9774,0.008690096714450915
9775,0.008690610586546542
9776,0.008691124370054114
9777,0.00869163806488707
9778,0.008692151670951265
9779,0.008692665188149862
9780,0.008693178616377013
9781,0.008693691955522814
9782,0.008694205205472195
9783,0.008694718366103242
9784,0.008695231437288418
9785,0.008695744418895725
9786,0.008696257310786697
9787,0.008696770112816587
9788,0.008697282824837733
9789,0.008697795446693433
9790,0.008698307978223626
9791,0.008698820419263457
9792,0.008699332769640827
9793,0.008699845029179058
9794,0.008700357197696604
9795,0.008700869275005541
9796,0.008701381260913304
9797,0.00870189315522305
9798,0.008702404957730113
9799,0.008702916668226788
9800,0.008703428286499441
9801,0.008703939812329808
9802,0.00870445124549416
9803,0.00870496258576307
9804,0.008705473832902868
9805,0.008705984986674551
9806,0.008706496046834933
9807,0.008707007013134399
9808,0.008707517885319913
9809,0.008708028663132352
9810,0.008708539346308436
9811,0.008709049934580024
9812,0.008709560427674358
9813,0.008710070825313004
9814,0.008710581127214507
9815,0.008711091333090289
9816,0.008711601442650197
9817,0.008712111455597728
9818,0.008712621371630322
9819,0.00871313119044324
9820,0.00871364091172855
9821,0.008714150535168923
9822,0.008714660060447873
9823,0.008715169487240595
9824,0.008715678815220214
9825,0.008716188044055242
9826,0.008716697173408613
9827,0.008717206202940796
9828,0.008717715132306991
9829,0.008718223961158166
9830,0.008718732689141728
9831,0.008719241315900229
9832,0.008719749841073734
9833,0.008720258264295956
9834,0.008720766585198374
9835,0.008721274803408046
9836,0.008721782918547888
9837,0.008722290930237273
9838,0.008722798838091112
9839,0.008723306641722753
9840,0.008723814340737424
9841,0.00872432193474104
9842,0.008724829423332999
9843,0.008725336806110975
9844,0.008725844082667737
9845,0.008726351252591852
9846,0.008726858315470676
9847,0.008727365270886241
9848,0.008727872118418047
9849,0.008728378857641113
9850,0.008728885488127362
9851,0.008729392009446436
9852,0.008729898421163632
9853,0.008730404722841745
9854,0.008730910914038218
9855,0.0087314169943106
9856,0.008731922963210825
9857,0.00873242882028876
9858,0.008732934565090293
9859,0.00873344019715897
9860,0.008733945716036437
9861,0.008734451121257676
9862,0.008734956412358568
9863,0.008735461588871514
9864,0.00873596665032344
9865,0.008736471596240922
9866,0.00873697642614743
9867,0.008737481139562743
9868,0.0087379857360052
9869,0.008738490214988074
9870,0.008738994576025371
9871,0.008739498818625699
9872,0.008740002942296711
9873,0.008740506946543164
9874,0.008741010830866057
9875,0.00874151459476625
9876,0.008742018237739908
9877,0.00874252175928225
9878,0.008743025158885843
9879,0.008743528436040935
9880,0.008744031590235294
9881,0.008744534620954168
9882,0.008745037527681557
9883,0.008745540309897652
9884,0.008746042967083823
9885,0.008746545498715478
9886,0.008747047904268189
9887,0.008747550183214646
9888,0.008748052335026341
9889,0.008748554359171752
9890,0.008749056255119639
9891,0.008749558022333282
9892,0.008750059660277846
9893,0.008750561168414326
9894,0.008751062546203581
9895,0.00875156379310346
9896,0.00875206490857025
9897,0.008752565892059756
9898,0.008753066743024883
9899,0.0087535674609174
9900,0.00875406804518849
9901,0.008754568495286448
9902,0.008755068810658533
9903,0.00875556899075054
9904,0.008756069035008562
9905,0.008756568942874738
9906,0.008757068713791092
9907,0.00875756834719933
9908,0.008758067842538332
9909,0.008758567199246732
9910,0.008759066416761815
9911,0.00875956549451905
9912,0.008760064431955471
9913,0.008760563228503406
9914,0.00876106188359716
9915,0.008761560396668113
9916,0.00876205876714812
9917,0.008762556994467312
9918,0.008763055078055243
9919,0.00876355301734061
9920,0.008764050811752463
9921,0.008764548460716627
9922,0.008765045963661027
9923,0.00876554332001125
9924,0.008766040529193359
9925,0.008766537590631849
9926,0.008767034503750272
9927,0.008767531267974752
9928,0.008768027882727686
9929,0.008768524347431422
9930,0.008769020661509912
9931,0.008769516824385344
9932,0.008770012835480043
9933,0.008770508694215647
9934,0.008771004400014857
9935,0.00877149995229901
9936,0.008771995350489626
9937,0.008772490594008526
9938,0.008772985682276715
9939,0.0087734806147169
9940,0.008773975390749686
9941,0.008774470009796718
9942,0.008774964471281298
9943,0.008775458774624045
9944,0.008775952919248018
9945,0.008776446904575661
9946,0.008776940730030339
9947,0.008777434395035814
9948,0.008777927899014215
9949,0.008778421241390768
9950,0.008778914421590766
9951,0.00877940743903916
9952,0.008779900293161594
9953,0.008780392983383942
9954,0.008780885509134327
9955,0.008781377869840274
9956,0.008781870064930352
9957,0.00878236209383415
9958,0.008782853955982054
9959,0.008783345650805572
9960,0.008783837177735425
9961,0.008784328536206365
9962,0.008784819725652076
9963,0.008785310745507873
9964,0.008785801595209993
9965,0.00878629227419581
9966,0.008786782781904593
9967,0.008787273117776
9968,0.008787763281251965
9969,0.008788253271774345
9970,0.008788743088788385
9971,0.00878923273173909
9972,0.008789722200072528
9973,0.008790211493238966
9974,0.008790700610688712
9975,0.008791189551871696
9976,0.008791678316243282
9977,0.008792166903257912
9978,0.008792655312373457
9979,0.008793143543047803
9980,0.008793631594742491
9981,0.008794119466919822
9982,0.008794607159045066
9983,0.008795094670584092
9984,0.008795582001005811
9985,0.008796069149782633
9986,0.008796556116385827
9987,0.008797042900292177
9988,0.008797529500977046
9989,0.008798015917922461
9990,0.00879850215060974
9991,0.008798988198524788
9992,0.008799474061152482
9993,0.008799959737984307
9994,0.008800445228512003
9995,0.008800930532229911
9996,0.008801415648636523
9997,0.008801900577230487
9998,0.008802385317516448
9999,0.008802869868999315
10000,0.008803354231187565
